2026-09-28 20:15:11,256 - freqtrade - INFO - freqtrade 2026.8
2026-09-28 20:15:11,592 - numexpr.utils - INFO - NumExpr defaulting to 12 threads.
2026-09-28 20:15:12,596 - freqtrade.configuration.load_config - INFO - Using config: user_data/config.json ...
2026-09-28 20:15:12,597 - freqtrade.loggers - INFO - Enabling colorized output.
2026-09-28 20:15:12,597 - freqtrade.loggers - INFO - Logfile configured
2026-09-28 20:15:12,598 - freqtrade.loggers - INFO - Verbosity set to 0
2026-09-28 20:15:12,598 - freqtrade.configuration.configuration - INFO - Parameter -i/--timeframe detected ... Using timeframe: 4h ...
2026-09-28 20:15:12,598 - freqtrade.configuration.configuration - INFO - Using max_open_trades: 5 ...
2026-09-28 20:15:12,598 - freqtrade.configuration.configuration - INFO - Parameter --fee detected, setting fee to: 0.001 ...
2026-09-28 20:15:12,598 - freqtrade.configuration.configuration - INFO - Parameter --timerange detected: 20240101-20250701 ...
2026-09-28 20:15:12,609 - freqtrade.configuration.configuration - INFO - Using user-data directory: /freqtrade/user_data ...
2026-09-28 20:15:12,609 - freqtrade.configuration.configuration - INFO - Using data directory: /freqtrade/user_data/data/binance ...
2026-09-28 20:15:12,609 - freqtrade.configuration.configuration - INFO - Parameter --epochs detected ... Will run Hyperopt with for 100 epochs ...
2026-09-28 20:15:12,609 - freqtrade.configuration.configuration - INFO - Parameter -s/--spaces detected: ['buy', 'sell']
2026-09-28 20:15:12,609 - freqtrade.configuration.configuration - INFO - Parameter -j/--job-workers detected: -1
2026-09-28 20:15:12,610 - freqtrade.configuration.configuration - INFO - Parameter --random-state detected: 2007
2026-09-28 20:15:12,610 - freqtrade.configuration.configuration - INFO - Parameter --min-trades detected: 1
2026-09-28 20:15:12,610 - freqtrade.configuration.configuration - INFO - Using Hyperopt loss class name: SharpeHyperOptLoss
2026-09-28 20:15:12,610 - freqtrade.configuration.configuration - INFO - Filter trades by timerange: 20240101-20250701
2026-09-28 20:15:12,611 - freqtrade.exchange.check_exchange - INFO - Checking exchange...
2026-09-28 20:15:12,617 - freqtrade.exchange.check_exchange - INFO - Exchange "binance" is officially supported by the Freqtrade development team.
2026-09-28 20:15:12,617 - freqtrade.configuration.configuration - INFO - Using pairlist from configuration.
2026-09-28 20:15:12,617 - freqtrade.configuration.config_validation - INFO - Validating configuration ...
2026-09-28 20:15:12,619 - freqtrade.commands.optimize_commands - INFO - Starting freqtrade in Hyperopt mode
2026-09-28 20:15:12,620 - freqtrade.optimize.hyperopt.hyperopt - INFO - Removing `/freqtrade/user_data/hyperopt_results/hyperopt_tickerdata.pkl`.
2026-09-28 20:15:12,627 - freqtrade.exchange.exchange - INFO - Instance is running with dry_run enabled
2026-09-28 20:15:12,627 - freqtrade.exchange.exchange - INFO - Using CCXT 4.5.76
2026-09-28 20:15:12,628 - freqtrade.exchange.exchange - INFO - Applying additional ccxt config: {'enableRateLimit': True}
2026-09-28 20:15:12,632 - freqtrade.exchange.exchange - INFO - Applying additional ccxt config: {'enableRateLimit': True}
2026-09-28 20:15:12,636 - freqtrade.exchange.exchange - INFO - Using Exchange "Binance"
2026-09-28 20:15:14,384 - freqtrade.resolvers.exchange_resolver - INFO - Using resolved exchange class 'Binance' ...
2026-09-28 20:15:14,392 - freqtrade.resolvers.iresolver - INFO - Using resolved strategy TrendVolTarget from '/freqtrade/user_data/strategies/TrendVolTarget.py'...
2026-09-28 20:15:14,393 - freqtrade.strategy.hyper - INFO - Found no parameter file.
2026-09-28 20:15:14,393 - freqtrade.resolvers.strategy_resolver - INFO - Override strategy 'timeframe' with value from the configuration: 4h.
2026-09-28 20:15:14,393 - freqtrade.resolvers.strategy_resolver - INFO - Override strategy 'stoploss' with value from the configuration: -0.1.
2026-09-28 20:15:14,394 - freqtrade.resolvers.strategy_resolver - INFO - Override strategy 'stake_currency' with value from the configuration: USDT.
2026-09-28 20:15:14,394 - freqtrade.resolvers.strategy_resolver - INFO - Override strategy 'stake_amount' with value from the configuration: 100.
2026-09-28 20:15:14,394 - freqtrade.resolvers.strategy_resolver - INFO - Override strategy 'unfilledtimeout' with value from the configuration: {'entry': 10, 'exit': 30, 'exit_timeout_count': 0, 
'unit': 'minutes'}.
2026-09-28 20:15:14,394 - freqtrade.resolvers.strategy_resolver - INFO - Override strategy 'use_exit_signal' with value from the configuration: True.
2026-09-28 20:15:14,394 - freqtrade.resolvers.strategy_resolver - INFO - Override strategy 'exit_profit_only' with value from the configuration: False.
2026-09-28 20:15:14,395 - freqtrade.resolvers.strategy_resolver - INFO - Override strategy 'ignore_roi_if_entry_signal' with value from the configuration: False.
2026-09-28 20:15:14,395 - freqtrade.resolvers.strategy_resolver - INFO - Override strategy 'max_open_trades' with value from the configuration: 5.
2026-09-28 20:15:14,395 - freqtrade.resolvers.strategy_resolver - INFO - Strategy using minimal_roi: {'0': 100}
2026-09-28 20:15:14,395 - freqtrade.resolvers.strategy_resolver - INFO - Strategy using timeframe: 4h
2026-09-28 20:15:14,395 - freqtrade.resolvers.strategy_resolver - INFO - Strategy using stoploss: -0.1
2026-09-28 20:15:14,396 - freqtrade.resolvers.strategy_resolver - INFO - Strategy using trailing_stop: False
2026-09-28 20:15:14,396 - freqtrade.resolvers.strategy_resolver - INFO - Strategy using trailing_stop_positive_offset: 0.0
2026-09-28 20:15:14,396 - freqtrade.resolvers.strategy_resolver - INFO - Strategy using trailing_only_offset_is_reached: False
2026-09-28 20:15:14,396 - freqtrade.resolvers.strategy_resolver - INFO - Strategy using use_custom_stoploss: True
2026-09-28 20:15:14,396 - freqtrade.resolvers.strategy_resolver - INFO - Strategy using process_only_new_candles: True
2026-09-28 20:15:14,396 - freqtrade.resolvers.strategy_resolver - INFO - Strategy using order_types: {'entry': 'limit', 'exit': 'limit', 'stoploss': 'limit', 'stoploss_on_exchange': False, 
'stoploss_on_exchange_interval': 60}
2026-09-28 20:15:14,397 - freqtrade.resolvers.strategy_resolver - INFO - Strategy using order_time_in_force: {'entry': 'GTC', 'exit': 'GTC'}
2026-09-28 20:15:14,397 - freqtrade.resolvers.strategy_resolver - INFO - Strategy using stake_currency: USDT
2026-09-28 20:15:14,397 - freqtrade.resolvers.strategy_resolver - INFO - Strategy using stake_amount: 100
2026-09-28 20:15:14,397 - freqtrade.resolvers.strategy_resolver - INFO - Strategy using startup_candle_count: 300
2026-09-28 20:15:14,397 - freqtrade.resolvers.strategy_resolver - INFO - Strategy using unfilledtimeout: {'entry': 10, 'exit': 30, 'exit_timeout_count': 0, 'unit': 'minutes'}
2026-09-28 20:15:14,397 - freqtrade.resolvers.strategy_resolver - INFO - Strategy using use_exit_signal: True
2026-09-28 20:15:14,398 - freqtrade.resolvers.strategy_resolver - INFO - Strategy using exit_profit_only: False
2026-09-28 20:15:14,398 - freqtrade.resolvers.strategy_resolver - INFO - Strategy using ignore_roi_if_entry_signal: False
2026-09-28 20:15:14,398 - freqtrade.resolvers.strategy_resolver - INFO - Strategy using exit_profit_offset: 0.0
2026-09-28 20:15:14,398 - freqtrade.resolvers.strategy_resolver - INFO - Strategy using disable_dataframe_checks: False
2026-09-28 20:15:14,398 - freqtrade.resolvers.strategy_resolver - INFO - Strategy using ignore_buying_expired_candle_after: 0
2026-09-28 20:15:14,398 - freqtrade.resolvers.strategy_resolver - INFO - Strategy using position_adjustment_enable: False
2026-09-28 20:15:14,399 - freqtrade.resolvers.strategy_resolver - INFO - Strategy using max_entry_position_adjustment: -1
2026-09-28 20:15:14,399 - freqtrade.resolvers.strategy_resolver - INFO - Strategy using max_open_trades: 5
2026-09-28 20:15:14,399 - freqtrade.configuration.config_validation - INFO - Validating configuration ...
2026-09-28 20:15:14,402 - freqtrade.resolvers.iresolver - INFO - Using resolved pairlist StaticPairList from '/freqtrade/freqtrade/plugins/pairlist/StaticPairList.py'...
2026-09-28 20:15:14,412 - freqtrade.optimize.backtesting - INFO - Using fee 0.1000% from config.
2026-09-28 20:15:14,412 - freqtrade.strategy.hyper - INFO - No params for sell found, using default values.
2026-09-28 20:15:14,412 - freqtrade.strategy.hyper - INFO - Strategy Parameter(default): atr_stop = 3.5
2026-09-28 20:15:14,413 - freqtrade.strategy.hyper - INFO - No params for buy found, using default values.
2026-09-28 20:15:14,413 - freqtrade.strategy.hyper - INFO - Strategy Parameter(default): entry_len = 120
2026-09-28 20:15:14,413 - freqtrade.strategy.hyper - INFO - Strategy Parameter(default): vol_floor = 0.012
2026-09-28 20:15:14,415 - freqtrade.resolvers.iresolver - INFO - Using resolved hyperoptloss SharpeHyperOptLoss from '/freqtrade/freqtrade/optimize/hyperopt_loss/hyperopt_loss_sharpe.py'...
2026-09-28 20:15:14,722 - freqtrade.optimize.hyperopt.hyperopt_optimizer - INFO - manager queue <class 'multiprocessing.managers.AutoProxy[Queue]'>
2026-09-28 20:15:14,722 - freqtrade.optimize.hyperopt.hyperopt - INFO - Using optimizer random state: 2007
2026-09-28 20:15:14,867 - freqtrade.optimize.backtesting - INFO - Loading data from 2023-11-12 00:00:00 up to 2025-07-01 00:00:00 (597 days).
2026-09-28 20:15:15,184 - freqtrade.optimize.hyperopt.hyperopt_optimizer - INFO - Dataload complete. Calculating indicators
/freqtrade/user_data/strategies/TrendVolTarget.py:50: PerformanceWarning: DataFrame is highly fragmented.  This is usually the result of calling `frame.insert` many times, which has poor performance.  Consider joining all columns at once using pd.concat(axis=1) instead. To get a de-fragmented frame, use `newframe = frame.copy()`
  dataframe[f"dc_hi_{n}"] = dataframe["high"].rolling(n).max().shift(1)
/freqtrade/user_data/strategies/TrendVolTarget.py:50: PerformanceWarning: DataFrame is highly fragmented.  This is usually the result of calling `frame.insert` many times, which has poor performance.  Consider joining all columns at once using pd.concat(axis=1) instead. To get a de-fragmented frame, use `newframe = frame.copy()`
  dataframe[f"dc_hi_{n}"] = dataframe["high"].rolling(n).max().shift(1)
/freqtrade/user_data/strategies/TrendVolTarget.py:50: PerformanceWarning: DataFrame is highly fragmented.  This is usually the result of calling `frame.insert` many times, which has poor performance.  Consider joining all columns at once using pd.concat(axis=1) instead. To get a de-fragmented frame, use `newframe = frame.copy()`
  dataframe[f"dc_hi_{n}"] = dataframe["high"].rolling(n).max().shift(1)
/freqtrade/user_data/strategies/TrendVolTarget.py:50: PerformanceWarning: DataFrame is highly fragmented.  This is usually the result of calling `frame.insert` many times, which has poor performance.  Consider joining all columns at once using pd.concat(axis=1) instead. To get a de-fragmented frame, use `newframe = frame.copy()`
  dataframe[f"dc_hi_{n}"] = dataframe["high"].rolling(n).max().shift(1)
/freqtrade/user_data/strategies/TrendVolTarget.py:50: PerformanceWarning: DataFrame is highly fragmented.  This is usually the result of calling `frame.insert` many times, which has poor performance.  Consider joining all columns at once using pd.concat(axis=1) instead. To get a de-fragmented frame, use `newframe = frame.copy()`
  dataframe[f"dc_hi_{n}"] = dataframe["high"].rolling(n).max().shift(1)
/freqtrade/user_data/strategies/TrendVolTarget.py:50: PerformanceWarning: DataFrame is highly fragmented.  This is usually the result of calling `frame.insert` many times, which has poor performance.  Consider joining all columns at once using pd.concat(axis=1) instead. To get a de-fragmented frame, use `newframe = frame.copy()`
  dataframe[f"dc_hi_{n}"] = dataframe["high"].rolling(n).max().shift(1)
/freqtrade/user_data/strategies/TrendVolTarget.py:50: PerformanceWarning: DataFrame is highly fragmented.  This is usually the result of calling `frame.insert` many times, which has poor performance.  Consider joining all columns at once using pd.concat(axis=1) instead. To get a de-fragmented frame, use `newframe = frame.copy()`
  dataframe[f"dc_hi_{n}"] = dataframe["high"].rolling(n).max().shift(1)
/freqtrade/user_data/strategies/TrendVolTarget.py:50: PerformanceWarning: DataFrame is highly fragmented.  This is usually the result of calling `frame.insert` many times, which has poor performance.  Consider joining all columns at once using pd.concat(axis=1) instead. To get a de-fragmented frame, use `newframe = frame.copy()`
  dataframe[f"dc_hi_{n}"] = dataframe["high"].rolling(n).max().shift(1)
/freqtrade/user_data/strategies/TrendVolTarget.py:50: PerformanceWarning: DataFrame is highly fragmented.  This is usually the result of calling `frame.insert` many times, which has poor performance.  Consider joining all columns at once using pd.concat(axis=1) instead. To get a de-fragmented frame, use `newframe = frame.copy()`
  dataframe[f"dc_hi_{n}"] = dataframe["high"].rolling(n).max().shift(1)
/freqtrade/user_data/strategies/TrendVolTarget.py:50: PerformanceWarning: DataFrame is highly fragmented.  This is usually the result of calling `frame.insert` many times, which has poor performance.  Consider joining all columns at once using pd.concat(axis=1) instead. To get a de-fragmented frame, use `newframe = frame.copy()`
  dataframe[f"dc_hi_{n}"] = dataframe["high"].rolling(n).max().shift(1)
/freqtrade/user_data/strategies/TrendVolTarget.py:50: PerformanceWarning: DataFrame is highly fragmented.  This is usually the result of calling `frame.insert` many times, which has poor performance.  Consider joining all columns at once using pd.concat(axis=1) instead. To get a de-fragmented frame, use `newframe = frame.copy()`
  dataframe[f"dc_hi_{n}"] = dataframe["high"].rolling(n).max().shift(1)
/freqtrade/user_data/strategies/TrendVolTarget.py:50: PerformanceWarning: DataFrame is highly fragmented.  This is usually the result of calling `frame.insert` many times, which has poor performance.  Consider joining all columns at once using pd.concat(axis=1) instead. To get a de-fragmented frame, use `newframe = frame.copy()`
  dataframe[f"dc_hi_{n}"] = dataframe["high"].rolling(n).max().shift(1)
/freqtrade/user_data/strategies/TrendVolTarget.py:50: PerformanceWarning: DataFrame is highly fragmented.  This is usually the result of calling `frame.insert` many times, which has poor performance.  Consider joining all columns at once using pd.concat(axis=1) instead. To get a de-fragmented frame, use `newframe = frame.copy()`
  dataframe[f"dc_hi_{n}"] = dataframe["high"].rolling(n).max().shift(1)
/freqtrade/user_data/strategies/TrendVolTarget.py:50: PerformanceWarning: DataFrame is highly fragmented.  This is usually the result of calling `frame.insert` many times, which has poor performance.  Consider joining all columns at once using pd.concat(axis=1) instead. To get a de-fragmented frame, use `newframe = frame.copy()`
  dataframe[f"dc_hi_{n}"] = dataframe["high"].rolling(n).max().shift(1)
/freqtrade/user_data/strategies/TrendVolTarget.py:50: PerformanceWarning: DataFrame is highly fragmented.  This is usually the result of calling `frame.insert` many times, which has poor performance.  Consider joining all columns at once using pd.concat(axis=1) instead. To get a de-fragmented frame, use `newframe = frame.copy()`
  dataframe[f"dc_hi_{n}"] = dataframe["high"].rolling(n).max().shift(1)
/freqtrade/user_data/strategies/TrendVolTarget.py:50: PerformanceWarning: DataFrame is highly fragmented.  This is usually the result of calling `frame.insert` many times, which has poor performance.  Consider joining all columns at once using pd.concat(axis=1) instead. To get a de-fragmented frame, use `newframe = frame.copy()`
  dataframe[f"dc_hi_{n}"] = dataframe["high"].rolling(n).max().shift(1)
/freqtrade/user_data/strategies/TrendVolTarget.py:50: PerformanceWarning: DataFrame is highly fragmented.  This is usually the result of calling `frame.insert` many times, which has poor performance.  Consider joining all columns at once using pd.concat(axis=1) instead. To get a de-fragmented frame, use `newframe = frame.copy()`
  dataframe[f"dc_hi_{n}"] = dataframe["high"].rolling(n).max().shift(1)
/freqtrade/user_data/strategies/TrendVolTarget.py:50: PerformanceWarning: DataFrame is highly fragmented.  This is usually the result of calling `frame.insert` many times, which has poor performance.  Consider joining all columns at once using pd.concat(axis=1) instead. To get a de-fragmented frame, use `newframe = frame.copy()`
  dataframe[f"dc_hi_{n}"] = dataframe["high"].rolling(n).max().shift(1)
/freqtrade/user_data/strategies/TrendVolTarget.py:50: PerformanceWarning: DataFrame is highly fragmented.  This is usually the result of calling `frame.insert` many times, which has poor performance.  Consider joining all columns at once using pd.concat(axis=1) instead. To get a de-fragmented frame, use `newframe = frame.copy()`
  dataframe[f"dc_hi_{n}"] = dataframe["high"].rolling(n).max().shift(1)
/freqtrade/user_data/strategies/TrendVolTarget.py:50: PerformanceWarning: DataFrame is highly fragmented.  This is usually the result of calling `frame.insert` many times, which has poor performance.  Consider joining all columns at once using pd.concat(axis=1) instead. To get a de-fragmented frame, use `newframe = frame.copy()`
  dataframe[f"dc_hi_{n}"] = dataframe["high"].rolling(n).max().shift(1)
/freqtrade/user_data/strategies/TrendVolTarget.py:50: PerformanceWarning: DataFrame is highly fragmented.  This is usually the result of calling `frame.insert` many times, which has poor performance.  Consider joining all columns at once using pd.concat(axis=1) instead. To get a de-fragmented frame, use `newframe = frame.copy()`
  dataframe[f"dc_hi_{n}"] = dataframe["high"].rolling(n).max().shift(1)
/freqtrade/user_data/strategies/TrendVolTarget.py:50: PerformanceWarning: DataFrame is highly fragmented.  This is usually the result of calling `frame.insert` many times, which has poor performance.  Consider joining all columns at once using pd.concat(axis=1) instead. To get a de-fragmented frame, use `newframe = frame.copy()`
  dataframe[f"dc_hi_{n}"] = dataframe["high"].rolling(n).max().shift(1)
/freqtrade/user_data/strategies/TrendVolTarget.py:50: PerformanceWarning: DataFrame is highly fragmented.  This is usually the result of calling `frame.insert` many times, which has poor performance.  Consider joining all columns at once using pd.concat(axis=1) instead. To get a de-fragmented frame, use `newframe = frame.copy()`
  dataframe[f"dc_hi_{n}"] = dataframe["high"].rolling(n).max().shift(1)
/freqtrade/user_data/strategies/TrendVolTarget.py:50: PerformanceWarning: DataFrame is highly fragmented.  This is usually the result of calling `frame.insert` many times, which has poor performance.  Consider joining all columns at once using pd.concat(axis=1) instead. To get a de-fragmented frame, use `newframe = frame.copy()`
  dataframe[f"dc_hi_{n}"] = dataframe["high"].rolling(n).max().shift(1)
/freqtrade/user_data/strategies/TrendVolTarget.py:50: PerformanceWarning: DataFrame is highly fragmented.  This is usually the result of calling `frame.insert` many times, which has poor performance.  Consider joining all columns at once using pd.concat(axis=1) instead. To get a de-fragmented frame, use `newframe = frame.copy()`
  dataframe[f"dc_hi_{n}"] = dataframe["high"].rolling(n).max().shift(1)
/freqtrade/user_data/strategies/TrendVolTarget.py:50: PerformanceWarning: DataFrame is highly fragmented.  This is usually the result of calling `frame.insert` many times, which has poor performance.  Consider joining all columns at once using pd.concat(axis=1) instead. To get a de-fragmented frame, use `newframe = frame.copy()`
  dataframe[f"dc_hi_{n}"] = dataframe["high"].rolling(n).max().shift(1)
/freqtrade/user_data/strategies/TrendVolTarget.py:50: PerformanceWarning: DataFrame is highly fragmented.  This is usually the result of calling `frame.insert` many times, which has poor performance.  Consider joining all columns at once using pd.concat(axis=1) instead. To get a de-fragmented frame, use `newframe = frame.copy()`
  dataframe[f"dc_hi_{n}"] = dataframe["high"].rolling(n).max().shift(1)
/freqtrade/user_data/strategies/TrendVolTarget.py:50: PerformanceWarning: DataFrame is highly fragmented.  This is usually the result of calling `frame.insert` many times, which has poor performance.  Consider joining all columns at once using pd.concat(axis=1) instead. To get a de-fragmented frame, use `newframe = frame.copy()`
  dataframe[f"dc_hi_{n}"] = dataframe["high"].rolling(n).max().shift(1)
/freqtrade/user_data/strategies/TrendVolTarget.py:50: PerformanceWarning: DataFrame is highly fragmented.  This is usually the result of calling `frame.insert` many times, which has poor performance.  Consider joining all columns at once using pd.concat(axis=1) instead. To get a de-fragmented frame, use `newframe = frame.copy()`
  dataframe[f"dc_hi_{n}"] = dataframe["high"].rolling(n).max().shift(1)
/freqtrade/user_data/strategies/TrendVolTarget.py:50: PerformanceWarning: DataFrame is highly fragmented.  This is usually the result of calling `frame.insert` many times, which has poor performance.  Consider joining all columns at once using pd.concat(axis=1) instead. To get a de-fragmented frame, use `newframe = frame.copy()`
  dataframe[f"dc_hi_{n}"] = dataframe["high"].rolling(n).max().shift(1)
/freqtrade/user_data/strategies/TrendVolTarget.py:50: PerformanceWarning: DataFrame is highly fragmented.  This is usually the result of calling `frame.insert` many times, which has poor performance.  Consider joining all columns at once using pd.concat(axis=1) instead. To get a de-fragmented frame, use `newframe = frame.copy()`
  dataframe[f"dc_hi_{n}"] = dataframe["high"].rolling(n).max().shift(1)
/freqtrade/user_data/strategies/TrendVolTarget.py:50: PerformanceWarning: DataFrame is highly fragmented.  This is usually the result of calling `frame.insert` many times, which has poor performance.  Consider joining all columns at once using pd.concat(axis=1) instead. To get a de-fragmented frame, use `newframe = frame.copy()`
  dataframe[f"dc_hi_{n}"] = dataframe["high"].rolling(n).max().shift(1)
/freqtrade/user_data/strategies/TrendVolTarget.py:50: PerformanceWarning: DataFrame is highly fragmented.  This is usually the result of calling `frame.insert` many times, which has poor performance.  Consider joining all columns at once using pd.concat(axis=1) instead. To get a de-fragmented frame, use `newframe = frame.copy()`
  dataframe[f"dc_hi_{n}"] = dataframe["high"].rolling(n).max().shift(1)
/freqtrade/user_data/strategies/TrendVolTarget.py:50: PerformanceWarning: DataFrame is highly fragmented.  This is usually the result of calling `frame.insert` many times, which has poor performance.  Consider joining all columns at once using pd.concat(axis=1) instead. To get a de-fragmented frame, use `newframe = frame.copy()`
  dataframe[f"dc_hi_{n}"] = dataframe["high"].rolling(n).max().shift(1)
/freqtrade/user_data/strategies/TrendVolTarget.py:50: PerformanceWarning: DataFrame is highly fragmented.  This is usually the result of calling `frame.insert` many times, which has poor performance.  Consider joining all columns at once using pd.concat(axis=1) instead. To get a de-fragmented frame, use `newframe = frame.copy()`
  dataframe[f"dc_hi_{n}"] = dataframe["high"].rolling(n).max().shift(1)
/freqtrade/user_data/strategies/TrendVolTarget.py:50: PerformanceWarning: DataFrame is highly fragmented.  This is usually the result of calling `frame.insert` many times, which has poor performance.  Consider joining all columns at once using pd.concat(axis=1) instead. To get a de-fragmented frame, use `newframe = frame.copy()`
  dataframe[f"dc_hi_{n}"] = dataframe["high"].rolling(n).max().shift(1)
/freqtrade/user_data/strategies/TrendVolTarget.py:50: PerformanceWarning: DataFrame is highly fragmented.  This is usually the result of calling `frame.insert` many times, which has poor performance.  Consider joining all columns at once using pd.concat(axis=1) instead. To get a de-fragmented frame, use `newframe = frame.copy()`
  dataframe[f"dc_hi_{n}"] = dataframe["high"].rolling(n).max().shift(1)
/freqtrade/user_data/strategies/TrendVolTarget.py:50: PerformanceWarning: DataFrame is highly fragmented.  This is usually the result of calling `frame.insert` many times, which has poor performance.  Consider joining all columns at once using pd.concat(axis=1) instead. To get a de-fragmented frame, use `newframe = frame.copy()`
  dataframe[f"dc_hi_{n}"] = dataframe["high"].rolling(n).max().shift(1)
/freqtrade/user_data/strategies/TrendVolTarget.py:50: PerformanceWarning: DataFrame is highly fragmented.  This is usually the result of calling `frame.insert` many times, which has poor performance.  Consider joining all columns at once using pd.concat(axis=1) instead. To get a de-fragmented frame, use `newframe = frame.copy()`
  dataframe[f"dc_hi_{n}"] = dataframe["high"].rolling(n).max().shift(1)
/freqtrade/user_data/strategies/TrendVolTarget.py:50: PerformanceWarning: DataFrame is highly fragmented.  This is usually the result of calling `frame.insert` many times, which has poor performance.  Consider joining all columns at once using pd.concat(axis=1) instead. To get a de-fragmented frame, use `newframe = frame.copy()`
  dataframe[f"dc_hi_{n}"] = dataframe["high"].rolling(n).max().shift(1)
/freqtrade/user_data/strategies/TrendVolTarget.py:50: PerformanceWarning: DataFrame is highly fragmented.  This is usually the result of calling `frame.insert` many times, which has poor performance.  Consider joining all columns at once using pd.concat(axis=1) instead. To get a de-fragmented frame, use `newframe = frame.copy()`
  dataframe[f"dc_hi_{n}"] = dataframe["high"].rolling(n).max().shift(1)
/freqtrade/user_data/strategies/TrendVolTarget.py:50: PerformanceWarning: DataFrame is highly fragmented.  This is usually the result of calling `frame.insert` many times, which has poor performance.  Consider joining all columns at once using pd.concat(axis=1) instead. To get a de-fragmented frame, use `newframe = frame.copy()`
  dataframe[f"dc_hi_{n}"] = dataframe["high"].rolling(n).max().shift(1)
/freqtrade/user_data/strategies/TrendVolTarget.py:50: PerformanceWarning: DataFrame is highly fragmented.  This is usually the result of calling `frame.insert` many times, which has poor performance.  Consider joining all columns at once using pd.concat(axis=1) instead. To get a de-fragmented frame, use `newframe = frame.copy()`
  dataframe[f"dc_hi_{n}"] = dataframe["high"].rolling(n).max().shift(1)
/freqtrade/user_data/strategies/TrendVolTarget.py:50: PerformanceWarning: DataFrame is highly fragmented.  This is usually the result of calling `frame.insert` many times, which has poor performance.  Consider joining all columns at once using pd.concat(axis=1) instead. To get a de-fragmented frame, use `newframe = frame.copy()`
  dataframe[f"dc_hi_{n}"] = dataframe["high"].rolling(n).max().shift(1)
/freqtrade/user_data/strategies/TrendVolTarget.py:50: PerformanceWarning: DataFrame is highly fragmented.  This is usually the result of calling `frame.insert` many times, which has poor performance.  Consider joining all columns at once using pd.concat(axis=1) instead. To get a de-fragmented frame, use `newframe = frame.copy()`
  dataframe[f"dc_hi_{n}"] = dataframe["high"].rolling(n).max().shift(1)
/freqtrade/user_data/strategies/TrendVolTarget.py:50: PerformanceWarning: DataFrame is highly fragmented.  This is usually the result of calling `frame.insert` many times, which has poor performance.  Consider joining all columns at once using pd.concat(axis=1) instead. To get a de-fragmented frame, use `newframe = frame.copy()`
  dataframe[f"dc_hi_{n}"] = dataframe["high"].rolling(n).max().shift(1)
/freqtrade/user_data/strategies/TrendVolTarget.py:50: PerformanceWarning: DataFrame is highly fragmented.  This is usually the result of calling `frame.insert` many times, which has poor performance.  Consider joining all columns at once using pd.concat(axis=1) instead. To get a de-fragmented frame, use `newframe = frame.copy()`
  dataframe[f"dc_hi_{n}"] = dataframe["high"].rolling(n).max().shift(1)
/freqtrade/user_data/strategies/TrendVolTarget.py:50: PerformanceWarning: DataFrame is highly fragmented.  This is usually the result of calling `frame.insert` many times, which has poor performance.  Consider joining all columns at once using pd.concat(axis=1) instead. To get a de-fragmented frame, use `newframe = frame.copy()`
  dataframe[f"dc_hi_{n}"] = dataframe["high"].rolling(n).max().shift(1)
/freqtrade/user_data/strategies/TrendVolTarget.py:50: PerformanceWarning: DataFrame is highly fragmented.  This is usually the result of calling `frame.insert` many times, which has poor performance.  Consider joining all columns at once using pd.concat(axis=1) instead. To get a de-fragmented frame, use `newframe = frame.copy()`
  dataframe[f"dc_hi_{n}"] = dataframe["high"].rolling(n).max().shift(1)
/freqtrade/user_data/strategies/TrendVolTarget.py:50: PerformanceWarning: DataFrame is highly fragmented.  This is usually the result of calling `frame.insert` many times, which has poor performance.  Consider joining all columns at once using pd.concat(axis=1) instead. To get a de-fragmented frame, use `newframe = frame.copy()`
  dataframe[f"dc_hi_{n}"] = dataframe["high"].rolling(n).max().shift(1)
/freqtrade/user_data/strategies/TrendVolTarget.py:50: PerformanceWarning: DataFrame is highly fragmented.  This is usually the result of calling `frame.insert` many times, which has poor performance.  Consider joining all columns at once using pd.concat(axis=1) instead. To get a de-fragmented frame, use `newframe = frame.copy()`
  dataframe[f"dc_hi_{n}"] = dataframe["high"].rolling(n).max().shift(1)
/freqtrade/user_data/strategies/TrendVolTarget.py:50: PerformanceWarning: DataFrame is highly fragmented.  This is usually the result of calling `frame.insert` many times, which has poor performance.  Consider joining all columns at once using pd.concat(axis=1) instead. To get a de-fragmented frame, use `newframe = frame.copy()`
  dataframe[f"dc_hi_{n}"] = dataframe["high"].rolling(n).max().shift(1)
/freqtrade/user_data/strategies/TrendVolTarget.py:50: PerformanceWarning: DataFrame is highly fragmented.  This is usually the result of calling `frame.insert` many times, which has poor performance.  Consider joining all columns at once using pd.concat(axis=1) instead. To get a de-fragmented frame, use `newframe = frame.copy()`
  dataframe[f"dc_hi_{n}"] = dataframe["high"].rolling(n).max().shift(1)
/freqtrade/user_data/strategies/TrendVolTarget.py:50: PerformanceWarning: DataFrame is highly fragmented.  This is usually the result of calling `frame.insert` many times, which has poor performance.  Consider joining all columns at once using pd.concat(axis=1) instead. To get a de-fragmented frame, use `newframe = frame.copy()`
  dataframe[f"dc_hi_{n}"] = dataframe["high"].rolling(n).max().shift(1)
/freqtrade/user_data/strategies/TrendVolTarget.py:50: PerformanceWarning: DataFrame is highly fragmented.  This is usually the result of calling `frame.insert` many times, which has poor performance.  Consider joining all columns at once using pd.concat(axis=1) instead. To get a de-fragmented frame, use `newframe = frame.copy()`
  dataframe[f"dc_hi_{n}"] = dataframe["high"].rolling(n).max().shift(1)
/freqtrade/user_data/strategies/TrendVolTarget.py:50: PerformanceWarning: DataFrame is highly fragmented.  This is usually the result of calling `frame.insert` many times, which has poor performance.  Consider joining all columns at once using pd.concat(axis=1) instead. To get a de-fragmented frame, use `newframe = frame.copy()`
  dataframe[f"dc_hi_{n}"] = dataframe["high"].rolling(n).max().shift(1)
/freqtrade/user_data/strategies/TrendVolTarget.py:50: PerformanceWarning: DataFrame is highly fragmented.  This is usually the result of calling `frame.insert` many times, which has poor performance.  Consider joining all columns at once using pd.concat(axis=1) instead. To get a de-fragmented frame, use `newframe = frame.copy()`
  dataframe[f"dc_hi_{n}"] = dataframe["high"].rolling(n).max().shift(1)
/freqtrade/user_data/strategies/TrendVolTarget.py:50: PerformanceWarning: DataFrame is highly fragmented.  This is usually the result of calling `frame.insert` many times, which has poor performance.  Consider joining all columns at once using pd.concat(axis=1) instead. To get a de-fragmented frame, use `newframe = frame.copy()`
  dataframe[f"dc_hi_{n}"] = dataframe["high"].rolling(n).max().shift(1)
/freqtrade/user_data/strategies/TrendVolTarget.py:50: PerformanceWarning: DataFrame is highly fragmented.  This is usually the result of calling `frame.insert` many times, which has poor performance.  Consider joining all columns at once using pd.concat(axis=1) instead. To get a de-fragmented frame, use `newframe = frame.copy()`
  dataframe[f"dc_hi_{n}"] = dataframe["high"].rolling(n).max().shift(1)
/freqtrade/user_data/strategies/TrendVolTarget.py:50: PerformanceWarning: DataFrame is highly fragmented.  This is usually the result of calling `frame.insert` many times, which has poor performance.  Consider joining all columns at once using pd.concat(axis=1) instead. To get a de-fragmented frame, use `newframe = frame.copy()`
  dataframe[f"dc_hi_{n}"] = dataframe["high"].rolling(n).max().shift(1)
/freqtrade/user_data/strategies/TrendVolTarget.py:50: PerformanceWarning: DataFrame is highly fragmented.  This is usually the result of calling `frame.insert` many times, which has poor performance.  Consider joining all columns at once using pd.concat(axis=1) instead. To get a de-fragmented frame, use `newframe = frame.copy()`
  dataframe[f"dc_hi_{n}"] = dataframe["high"].rolling(n).max().shift(1)
/freqtrade/user_data/strategies/TrendVolTarget.py:50: PerformanceWarning: DataFrame is highly fragmented.  This is usually the result of calling `frame.insert` many times, which has poor performance.  Consider joining all columns at once using pd.concat(axis=1) instead. To get a de-fragmented frame, use `newframe = frame.copy()`
  dataframe[f"dc_hi_{n}"] = dataframe["high"].rolling(n).max().shift(1)
/freqtrade/user_data/strategies/TrendVolTarget.py:50: PerformanceWarning: DataFrame is highly fragmented.  This is usually the result of calling `frame.insert` many times, which has poor performance.  Consider joining all columns at once using pd.concat(axis=1) instead. To get a de-fragmented frame, use `newframe = frame.copy()`
  dataframe[f"dc_hi_{n}"] = dataframe["high"].rolling(n).max().shift(1)
/freqtrade/user_data/strategies/TrendVolTarget.py:50: PerformanceWarning: DataFrame is highly fragmented.  This is usually the result of calling `frame.insert` many times, which has poor performance.  Consider joining all columns at once using pd.concat(axis=1) instead. To get a de-fragmented frame, use `newframe = frame.copy()`
  dataframe[f"dc_hi_{n}"] = dataframe["high"].rolling(n).max().shift(1)
/freqtrade/user_data/strategies/TrendVolTarget.py:50: PerformanceWarning: DataFrame is highly fragmented.  This is usually the result of calling `frame.insert` many times, which has poor performance.  Consider joining all columns at once using pd.concat(axis=1) instead. To get a de-fragmented frame, use `newframe = frame.copy()`
  dataframe[f"dc_hi_{n}"] = dataframe["high"].rolling(n).max().shift(1)
/freqtrade/user_data/strategies/TrendVolTarget.py:50: PerformanceWarning: DataFrame is highly fragmented.  This is usually the result of calling `frame.insert` many times, which has poor performance.  Consider joining all columns at once using pd.concat(axis=1) instead. To get a de-fragmented frame, use `newframe = frame.copy()`
  dataframe[f"dc_hi_{n}"] = dataframe["high"].rolling(n).max().shift(1)
/freqtrade/user_data/strategies/TrendVolTarget.py:50: PerformanceWarning: DataFrame is highly fragmented.  This is usually the result of calling `frame.insert` many times, which has poor performance.  Consider joining all columns at once using pd.concat(axis=1) instead. To get a de-fragmented frame, use `newframe = frame.copy()`
  dataframe[f"dc_hi_{n}"] = dataframe["high"].rolling(n).max().shift(1)
/freqtrade/user_data/strategies/TrendVolTarget.py:50: PerformanceWarning: DataFrame is highly fragmented.  This is usually the result of calling `frame.insert` many times, which has poor performance.  Consider joining all columns at once using pd.concat(axis=1) instead. To get a de-fragmented frame, use `newframe = frame.copy()`
  dataframe[f"dc_hi_{n}"] = dataframe["high"].rolling(n).max().shift(1)
/freqtrade/user_data/strategies/TrendVolTarget.py:50: PerformanceWarning: DataFrame is highly fragmented.  This is usually the result of calling `frame.insert` many times, which has poor performance.  Consider joining all columns at once using pd.concat(axis=1) instead. To get a de-fragmented frame, use `newframe = frame.copy()`
  dataframe[f"dc_hi_{n}"] = dataframe["high"].rolling(n).max().shift(1)
/freqtrade/user_data/strategies/TrendVolTarget.py:50: PerformanceWarning: DataFrame is highly fragmented.  This is usually the result of calling `frame.insert` many times, which has poor performance.  Consider joining all columns at once using pd.concat(axis=1) instead. To get a de-fragmented frame, use `newframe = frame.copy()`
  dataframe[f"dc_hi_{n}"] = dataframe["high"].rolling(n).max().shift(1)
/freqtrade/user_data/strategies/TrendVolTarget.py:50: PerformanceWarning: DataFrame is highly fragmented.  This is usually the result of calling `frame.insert` many times, which has poor performance.  Consider joining all columns at once using pd.concat(axis=1) instead. To get a de-fragmented frame, use `newframe = frame.copy()`
  dataframe[f"dc_hi_{n}"] = dataframe["high"].rolling(n).max().shift(1)
/freqtrade/user_data/strategies/TrendVolTarget.py:50: PerformanceWarning: DataFrame is highly fragmented.  This is usually the result of calling `frame.insert` many times, which has poor performance.  Consider joining all columns at once using pd.concat(axis=1) instead. To get a de-fragmented frame, use `newframe = frame.copy()`
  dataframe[f"dc_hi_{n}"] = dataframe["high"].rolling(n).max().shift(1)
/freqtrade/user_data/strategies/TrendVolTarget.py:50: PerformanceWarning: DataFrame is highly fragmented.  This is usually the result of calling `frame.insert` many times, which has poor performance.  Consider joining all columns at once using pd.concat(axis=1) instead. To get a de-fragmented frame, use `newframe = frame.copy()`
  dataframe[f"dc_hi_{n}"] = dataframe["high"].rolling(n).max().shift(1)
/freqtrade/user_data/strategies/TrendVolTarget.py:50: PerformanceWarning: DataFrame is highly fragmented.  This is usually the result of calling `frame.insert` many times, which has poor performance.  Consider joining all columns at once using pd.concat(axis=1) instead. To get a de-fragmented frame, use `newframe = frame.copy()`
  dataframe[f"dc_hi_{n}"] = dataframe["high"].rolling(n).max().shift(1)
/freqtrade/user_data/strategies/TrendVolTarget.py:50: PerformanceWarning: DataFrame is highly fragmented.  This is usually the result of calling `frame.insert` many times, which has poor performance.  Consider joining all columns at once using pd.concat(axis=1) instead. To get a de-fragmented frame, use `newframe = frame.copy()`
  dataframe[f"dc_hi_{n}"] = dataframe["high"].rolling(n).max().shift(1)
/freqtrade/user_data/strategies/TrendVolTarget.py:50: PerformanceWarning: DataFrame is highly fragmented.  This is usually the result of calling `frame.insert` many times, which has poor performance.  Consider joining all columns at once using pd.concat(axis=1) instead. To get a de-fragmented frame, use `newframe = frame.copy()`
  dataframe[f"dc_hi_{n}"] = dataframe["high"].rolling(n).max().shift(1)
/freqtrade/user_data/strategies/TrendVolTarget.py:50: PerformanceWarning: DataFrame is highly fragmented.  This is usually the result of calling `frame.insert` many times, which has poor performance.  Consider joining all columns at once using pd.concat(axis=1) instead. To get a de-fragmented frame, use `newframe = frame.copy()`
  dataframe[f"dc_hi_{n}"] = dataframe["high"].rolling(n).max().shift(1)
/freqtrade/user_data/strategies/TrendVolTarget.py:50: PerformanceWarning: DataFrame is highly fragmented.  This is usually the result of calling `frame.insert` many times, which has poor performance.  Consider joining all columns at once using pd.concat(axis=1) instead. To get a de-fragmented frame, use `newframe = frame.copy()`
  dataframe[f"dc_hi_{n}"] = dataframe["high"].rolling(n).max().shift(1)
/freqtrade/user_data/strategies/TrendVolTarget.py:50: PerformanceWarning: DataFrame is highly fragmented.  This is usually the result of calling `frame.insert` many times, which has poor performance.  Consider joining all columns at once using pd.concat(axis=1) instead. To get a de-fragmented frame, use `newframe = frame.copy()`
  dataframe[f"dc_hi_{n}"] = dataframe["high"].rolling(n).max().shift(1)
/freqtrade/user_data/strategies/TrendVolTarget.py:50: PerformanceWarning: DataFrame is highly fragmented.  This is usually the result of calling `frame.insert` many times, which has poor performance.  Consider joining all columns at once using pd.concat(axis=1) instead. To get a de-fragmented frame, use `newframe = frame.copy()`
  dataframe[f"dc_hi_{n}"] = dataframe["high"].rolling(n).max().shift(1)
/freqtrade/user_data/strategies/TrendVolTarget.py:50: PerformanceWarning: DataFrame is highly fragmented.  This is usually the result of calling `frame.insert` many times, which has poor performance.  Consider joining all columns at once using pd.concat(axis=1) instead. To get a de-fragmented frame, use `newframe = frame.copy()`
  dataframe[f"dc_hi_{n}"] = dataframe["high"].rolling(n).max().shift(1)
/freqtrade/user_data/strategies/TrendVolTarget.py:50: PerformanceWarning: DataFrame is highly fragmented.  This is usually the result of calling `frame.insert` many times, which has poor performance.  Consider joining all columns at once using pd.concat(axis=1) instead. To get a de-fragmented frame, use `newframe = frame.copy()`
  dataframe[f"dc_hi_{n}"] = dataframe["high"].rolling(n).max().shift(1)
/freqtrade/user_data/strategies/TrendVolTarget.py:50: PerformanceWarning: DataFrame is highly fragmented.  This is usually the result of calling `frame.insert` many times, which has poor performance.  Consider joining all columns at once using pd.concat(axis=1) instead. To get a de-fragmented frame, use `newframe = frame.copy()`
  dataframe[f"dc_hi_{n}"] = dataframe["high"].rolling(n).max().shift(1)
/freqtrade/user_data/strategies/TrendVolTarget.py:50: PerformanceWarning: DataFrame is highly fragmented.  This is usually the result of calling `frame.insert` many times, which has poor performance.  Consider joining all columns at once using pd.concat(axis=1) instead. To get a de-fragmented frame, use `newframe = frame.copy()`
  dataframe[f"dc_hi_{n}"] = dataframe["high"].rolling(n).max().shift(1)
/freqtrade/user_data/strategies/TrendVolTarget.py:53: PerformanceWarning: DataFrame is highly fragmented.  This is usually the result of calling `frame.insert` many times, which has poor performance.  Consider joining all columns at once using pd.concat(axis=1) instead. To get a de-fragmented frame, use `newframe = frame.copy()`
  dataframe["sma_f"] = ta.SMA(dataframe, timeperiod=60)
/freqtrade/user_data/strategies/TrendVolTarget.py:54: PerformanceWarning: DataFrame is highly fragmented.  This is usually the result of calling `frame.insert` many times, which has poor performance.  Consider joining all columns at once using pd.concat(axis=1) instead. To get a de-fragmented frame, use `newframe = frame.copy()`
  dataframe["sma_s"] = ta.SMA(dataframe, timeperiod=240)
/freqtrade/user_data/strategies/TrendVolTarget.py:56: PerformanceWarning: DataFrame is highly fragmented.  This is usually the result of calling `frame.insert` many times, which has poor performance.  Consider joining all columns at once using pd.concat(axis=1) instead. To get a de-fragmented frame, use `newframe = frame.copy()`
  dataframe["rvol"] = dataframe["close"].pct_change().rolling(90).std() * np.sqrt(6 * 365)
/freqtrade/user_data/strategies/TrendVolTarget.py:50: PerformanceWarning: DataFrame is highly fragmented.  This is usually the result of calling `frame.insert` many times, which has poor performance.  Consider joining all columns at once using pd.concat(axis=1) instead. To get a de-fragmented frame, use `newframe = frame.copy()`
  dataframe[f"dc_hi_{n}"] = dataframe["high"].rolling(n).max().shift(1)
/freqtrade/user_data/strategies/TrendVolTarget.py:50: PerformanceWarning: DataFrame is highly fragmented.  This is usually the result of calling `frame.insert` many times, which has poor performance.  Consider joining all columns at once using pd.concat(axis=1) instead. To get a de-fragmented frame, use `newframe = frame.copy()`
  dataframe[f"dc_hi_{n}"] = dataframe["high"].rolling(n).max().shift(1)
/freqtrade/user_data/strategies/TrendVolTarget.py:50: PerformanceWarning: DataFrame is highly fragmented.  This is usually the result of calling `frame.insert` many times, which has poor performance.  Consider joining all columns at once using pd.concat(axis=1) instead. To get a de-fragmented frame, use `newframe = frame.copy()`
  dataframe[f"dc_hi_{n}"] = dataframe["high"].rolling(n).max().shift(1)
/freqtrade/user_data/strategies/TrendVolTarget.py:50: PerformanceWarning: DataFrame is highly fragmented.  This is usually the result of calling `frame.insert` many times, which has poor performance.  Consider joining all columns at once using pd.concat(axis=1) instead. To get a de-fragmented frame, use `newframe = frame.copy()`
  dataframe[f"dc_hi_{n}"] = dataframe["high"].rolling(n).max().shift(1)
/freqtrade/user_data/strategies/TrendVolTarget.py:50: PerformanceWarning: DataFrame is highly fragmented.  This is usually the result of calling `frame.insert` many times, which has poor performance.  Consider joining all columns at once using pd.concat(axis=1) instead. To get a de-fragmented frame, use `newframe = frame.copy()`
  dataframe[f"dc_hi_{n}"] = dataframe["high"].rolling(n).max().shift(1)
/freqtrade/user_data/strategies/TrendVolTarget.py:50: PerformanceWarning: DataFrame is highly fragmented.  This is usually the result of calling `frame.insert` many times, which has poor performance.  Consider joining all columns at once using pd.concat(axis=1) instead. To get a de-fragmented frame, use `newframe = frame.copy()`
  dataframe[f"dc_hi_{n}"] = dataframe["high"].rolling(n).max().shift(1)
/freqtrade/user_data/strategies/TrendVolTarget.py:50: PerformanceWarning: DataFrame is highly fragmented.  This is usually the result of calling `frame.insert` many times, which has poor performance.  Consider joining all columns at once using pd.concat(axis=1) instead. To get a de-fragmented frame, use `newframe = frame.copy()`
  dataframe[f"dc_hi_{n}"] = dataframe["high"].rolling(n).max().shift(1)
/freqtrade/user_data/strategies/TrendVolTarget.py:50: PerformanceWarning: DataFrame is highly fragmented.  This is usually the result of calling `frame.insert` many times, which has poor performance.  Consider joining all columns at once using pd.concat(axis=1) instead. To get a de-fragmented frame, use `newframe = frame.copy()`
  dataframe[f"dc_hi_{n}"] = dataframe["high"].rolling(n).max().shift(1)
/freqtrade/user_data/strategies/TrendVolTarget.py:50: PerformanceWarning: DataFrame is highly fragmented.  This is usually the result of calling `frame.insert` many times, which has poor performance.  Consider joining all columns at once using pd.concat(axis=1) instead. To get a de-fragmented frame, use `newframe = frame.copy()`
  dataframe[f"dc_hi_{n}"] = dataframe["high"].rolling(n).max().shift(1)
/freqtrade/user_data/strategies/TrendVolTarget.py:50: PerformanceWarning: DataFrame is highly fragmented.  This is usually the result of calling `frame.insert` many times, which has poor performance.  Consider joining all columns at once using pd.concat(axis=1) instead. To get a de-fragmented frame, use `newframe = frame.copy()`
  dataframe[f"dc_hi_{n}"] = dataframe["high"].rolling(n).max().shift(1)
/freqtrade/user_data/strategies/TrendVolTarget.py:50: PerformanceWarning: DataFrame is highly fragmented.  This is usually the result of calling `frame.insert` many times, which has poor performance.  Consider joining all columns at once using pd.concat(axis=1) instead. To get a de-fragmented frame, use `newframe = frame.copy()`
  dataframe[f"dc_hi_{n}"] = dataframe["high"].rolling(n).max().shift(1)
/freqtrade/user_data/strategies/TrendVolTarget.py:50: PerformanceWarning: DataFrame is highly fragmented.  This is usually the result of calling `frame.insert` many times, which has poor performance.  Consider joining all columns at once using pd.concat(axis=1) instead. To get a de-fragmented frame, use `newframe = frame.copy()`
  dataframe[f"dc_hi_{n}"] = dataframe["high"].rolling(n).max().shift(1)
/freqtrade/user_data/strategies/TrendVolTarget.py:50: PerformanceWarning: DataFrame is highly fragmented.  This is usually the result of calling `frame.insert` many times, which has poor performance.  Consider joining all columns at once using pd.concat(axis=1) instead. To get a de-fragmented frame, use `newframe = frame.copy()`
  dataframe[f"dc_hi_{n}"] = dataframe["high"].rolling(n).max().shift(1)
/freqtrade/user_data/strategies/TrendVolTarget.py:50: PerformanceWarning: DataFrame is highly fragmented.  This is usually the result of calling `frame.insert` many times, which has poor performance.  Consider joining all columns at once using pd.concat(axis=1) instead. To get a de-fragmented frame, use `newframe = frame.copy()`
  dataframe[f"dc_hi_{n}"] = dataframe["high"].rolling(n).max().shift(1)
/freqtrade/user_data/strategies/TrendVolTarget.py:50: PerformanceWarning: DataFrame is highly fragmented.  This is usually the result of calling `frame.insert` many times, which has poor performance.  Consider joining all columns at once using pd.concat(axis=1) instead. To get a de-fragmented frame, use `newframe = frame.copy()`
  dataframe[f"dc_hi_{n}"] = dataframe["high"].rolling(n).max().shift(1)
/freqtrade/user_data/strategies/TrendVolTarget.py:50: PerformanceWarning: DataFrame is highly fragmented.  This is usually the result of calling `frame.insert` many times, which has poor performance.  Consider joining all columns at once using pd.concat(axis=1) instead. To get a de-fragmented frame, use `newframe = frame.copy()`
  dataframe[f"dc_hi_{n}"] = dataframe["high"].rolling(n).max().shift(1)
/freqtrade/user_data/strategies/TrendVolTarget.py:50: PerformanceWarning: DataFrame is highly fragmented.  This is usually the result of calling `frame.insert` many times, which has poor performance.  Consider joining all columns at once using pd.concat(axis=1) instead. To get a de-fragmented frame, use `newframe = frame.copy()`
  dataframe[f"dc_hi_{n}"] = dataframe["high"].rolling(n).max().shift(1)
/freqtrade/user_data/strategies/TrendVolTarget.py:50: PerformanceWarning: DataFrame is highly fragmented.  This is usually the result of calling `frame.insert` many times, which has poor performance.  Consider joining all columns at once using pd.concat(axis=1) instead. To get a de-fragmented frame, use `newframe = frame.copy()`
  dataframe[f"dc_hi_{n}"] = dataframe["high"].rolling(n).max().shift(1)
/freqtrade/user_data/strategies/TrendVolTarget.py:50: PerformanceWarning: DataFrame is highly fragmented.  This is usually the result of calling `frame.insert` many times, which has poor performance.  Consider joining all columns at once using pd.concat(axis=1) instead. To get a de-fragmented frame, use `newframe = frame.copy()`
  dataframe[f"dc_hi_{n}"] = dataframe["high"].rolling(n).max().shift(1)
/freqtrade/user_data/strategies/TrendVolTarget.py:50: PerformanceWarning: DataFrame is highly fragmented.  This is usually the result of calling `frame.insert` many times, which has poor performance.  Consider joining all columns at once using pd.concat(axis=1) instead. To get a de-fragmented frame, use `newframe = frame.copy()`
  dataframe[f"dc_hi_{n}"] = dataframe["high"].rolling(n).max().shift(1)
/freqtrade/user_data/strategies/TrendVolTarget.py:50: PerformanceWarning: DataFrame is highly fragmented.  This is usually the result of calling `frame.insert` many times, which has poor performance.  Consider joining all columns at once using pd.concat(axis=1) instead. To get a de-fragmented frame, use `newframe = frame.copy()`
  dataframe[f"dc_hi_{n}"] = dataframe["high"].rolling(n).max().shift(1)
/freqtrade/user_data/strategies/TrendVolTarget.py:50: PerformanceWarning: DataFrame is highly fragmented.  This is usually the result of calling `frame.insert` many times, which has poor performance.  Consider joining all columns at once using pd.concat(axis=1) instead. To get a de-fragmented frame, use `newframe = frame.copy()`
  dataframe[f"dc_hi_{n}"] = dataframe["high"].rolling(n).max().shift(1)
/freqtrade/user_data/strategies/TrendVolTarget.py:50: PerformanceWarning: DataFrame is highly fragmented.  This is usually the result of calling `frame.insert` many times, which has poor performance.  Consider joining all columns at once using pd.concat(axis=1) instead. To get a de-fragmented frame, use `newframe = frame.copy()`
  dataframe[f"dc_hi_{n}"] = dataframe["high"].rolling(n).max().shift(1)
/freqtrade/user_data/strategies/TrendVolTarget.py:50: PerformanceWarning: DataFrame is highly fragmented.  This is usually the result of calling `frame.insert` many times, which has poor performance.  Consider joining all columns at once using pd.concat(axis=1) instead. To get a de-fragmented frame, use `newframe = frame.copy()`
  dataframe[f"dc_hi_{n}"] = dataframe["high"].rolling(n).max().shift(1)
/freqtrade/user_data/strategies/TrendVolTarget.py:50: PerformanceWarning: DataFrame is highly fragmented.  This is usually the result of calling `frame.insert` many times, which has poor performance.  Consider joining all columns at once using pd.concat(axis=1) instead. To get a de-fragmented frame, use `newframe = frame.copy()`
  dataframe[f"dc_hi_{n}"] = dataframe["high"].rolling(n).max().shift(1)
/freqtrade/user_data/strategies/TrendVolTarget.py:50: PerformanceWarning: DataFrame is highly fragmented.  This is usually the result of calling `frame.insert` many times, which has poor performance.  Consider joining all columns at once using pd.concat(axis=1) instead. To get a de-fragmented frame, use `newframe = frame.copy()`
  dataframe[f"dc_hi_{n}"] = dataframe["high"].rolling(n).max().shift(1)
/freqtrade/user_data/strategies/TrendVolTarget.py:50: PerformanceWarning: DataFrame is highly fragmented.  This is usually the result of calling `frame.insert` many times, which has poor performance.  Consider joining all columns at once using pd.concat(axis=1) instead. To get a de-fragmented frame, use `newframe = frame.copy()`
  dataframe[f"dc_hi_{n}"] = dataframe["high"].rolling(n).max().shift(1)
/freqtrade/user_data/strategies/TrendVolTarget.py:50: PerformanceWarning: DataFrame is highly fragmented.  This is usually the result of calling `frame.insert` many times, which has poor performance.  Consider joining all columns at once using pd.concat(axis=1) instead. To get a de-fragmented frame, use `newframe = frame.copy()`
  dataframe[f"dc_hi_{n}"] = dataframe["high"].rolling(n).max().shift(1)
/freqtrade/user_data/strategies/TrendVolTarget.py:50: PerformanceWarning: DataFrame is highly fragmented.  This is usually the result of calling `frame.insert` many times, which has poor performance.  Consider joining all columns at once using pd.concat(axis=1) instead. To get a de-fragmented frame, use `newframe = frame.copy()`
  dataframe[f"dc_hi_{n}"] = dataframe["high"].rolling(n).max().shift(1)
/freqtrade/user_data/strategies/TrendVolTarget.py:50: PerformanceWarning: DataFrame is highly fragmented.  This is usually the result of calling `frame.insert` many times, which has poor performance.  Consider joining all columns at once using pd.concat(axis=1) instead. To get a de-fragmented frame, use `newframe = frame.copy()`
  dataframe[f"dc_hi_{n}"] = dataframe["high"].rolling(n).max().shift(1)
/freqtrade/user_data/strategies/TrendVolTarget.py:50: PerformanceWarning: DataFrame is highly fragmented.  This is usually the result of calling `frame.insert` many times, which has poor performance.  Consider joining all columns at once using pd.concat(axis=1) instead. To get a de-fragmented frame, use `newframe = frame.copy()`
  dataframe[f"dc_hi_{n}"] = dataframe["high"].rolling(n).max().shift(1)
/freqtrade/user_data/strategies/TrendVolTarget.py:50: PerformanceWarning: DataFrame is highly fragmented.  This is usually the result of calling `frame.insert` many times, which has poor performance.  Consider joining all columns at once using pd.concat(axis=1) instead. To get a de-fragmented frame, use `newframe = frame.copy()`
  dataframe[f"dc_hi_{n}"] = dataframe["high"].rolling(n).max().shift(1)
/freqtrade/user_data/strategies/TrendVolTarget.py:50: PerformanceWarning: DataFrame is highly fragmented.  This is usually the result of calling `frame.insert` many times, which has poor performance.  Consider joining all columns at once using pd.concat(axis=1) instead. To get a de-fragmented frame, use `newframe = frame.copy()`
  dataframe[f"dc_hi_{n}"] = dataframe["high"].rolling(n).max().shift(1)
/freqtrade/user_data/strategies/TrendVolTarget.py:50: PerformanceWarning: DataFrame is highly fragmented.  This is usually the result of calling `frame.insert` many times, which has poor performance.  Consider joining all columns at once using pd.concat(axis=1) instead. To get a de-fragmented frame, use `newframe = frame.copy()`
  dataframe[f"dc_hi_{n}"] = dataframe["high"].rolling(n).max().shift(1)
/freqtrade/user_data/strategies/TrendVolTarget.py:50: PerformanceWarning: DataFrame is highly fragmented.  This is usually the result of calling `frame.insert` many times, which has poor performance.  Consider joining all columns at once using pd.concat(axis=1) instead. To get a de-fragmented frame, use `newframe = frame.copy()`
  dataframe[f"dc_hi_{n}"] = dataframe["high"].rolling(n).max().shift(1)
/freqtrade/user_data/strategies/TrendVolTarget.py:50: PerformanceWarning: DataFrame is highly fragmented.  This is usually the result of calling `frame.insert` many times, which has poor performance.  Consider joining all columns at once using pd.concat(axis=1) instead. To get a de-fragmented frame, use `newframe = frame.copy()`
  dataframe[f"dc_hi_{n}"] = dataframe["high"].rolling(n).max().shift(1)
/freqtrade/user_data/strategies/TrendVolTarget.py:50: PerformanceWarning: DataFrame is highly fragmented.  This is usually the result of calling `frame.insert` many times, which has poor performance.  Consider joining all columns at once using pd.concat(axis=1) instead. To get a de-fragmented frame, use `newframe = frame.copy()`
  dataframe[f"dc_hi_{n}"] = dataframe["high"].rolling(n).max().shift(1)
/freqtrade/user_data/strategies/TrendVolTarget.py:50: PerformanceWarning: DataFrame is highly fragmented.  This is usually the result of calling `frame.insert` many times, which has poor performance.  Consider joining all columns at once using pd.concat(axis=1) instead. To get a de-fragmented frame, use `newframe = frame.copy()`
  dataframe[f"dc_hi_{n}"] = dataframe["high"].rolling(n).max().shift(1)
/freqtrade/user_data/strategies/TrendVolTarget.py:50: PerformanceWarning: DataFrame is highly fragmented.  This is usually the result of calling `frame.insert` many times, which has poor performance.  Consider joining all columns at once using pd.concat(axis=1) instead. To get a de-fragmented frame, use `newframe = frame.copy()`
  dataframe[f"dc_hi_{n}"] = dataframe["high"].rolling(n).max().shift(1)
/freqtrade/user_data/strategies/TrendVolTarget.py:50: PerformanceWarning: DataFrame is highly fragmented.  This is usually the result of calling `frame.insert` many times, which has poor performance.  Consider joining all columns at once using pd.concat(axis=1) instead. To get a de-fragmented frame, use `newframe = frame.copy()`
  dataframe[f"dc_hi_{n}"] = dataframe["high"].rolling(n).max().shift(1)
/freqtrade/user_data/strategies/TrendVolTarget.py:50: PerformanceWarning: DataFrame is highly fragmented.  This is usually the result of calling `frame.insert` many times, which has poor performance.  Consider joining all columns at once using pd.concat(axis=1) instead. To get a de-fragmented frame, use `newframe = frame.copy()`
  dataframe[f"dc_hi_{n}"] = dataframe["high"].rolling(n).max().shift(1)
/freqtrade/user_data/strategies/TrendVolTarget.py:50: PerformanceWarning: DataFrame is highly fragmented.  This is usually the result of calling `frame.insert` many times, which has poor performance.  Consider joining all columns at once using pd.concat(axis=1) instead. To get a de-fragmented frame, use `newframe = frame.copy()`
  dataframe[f"dc_hi_{n}"] = dataframe["high"].rolling(n).max().shift(1)
/freqtrade/user_data/strategies/TrendVolTarget.py:50: PerformanceWarning: DataFrame is highly fragmented.  This is usually the result of calling `frame.insert` many times, which has poor performance.  Consider joining all columns at once using pd.concat(axis=1) instead. To get a de-fragmented frame, use `newframe = frame.copy()`
  dataframe[f"dc_hi_{n}"] = dataframe["high"].rolling(n).max().shift(1)
/freqtrade/user_data/strategies/TrendVolTarget.py:50: PerformanceWarning: DataFrame is highly fragmented.  This is usually the result of calling `frame.insert` many times, which has poor performance.  Consider joining all columns at once using pd.concat(axis=1) instead. To get a de-fragmented frame, use `newframe = frame.copy()`
  dataframe[f"dc_hi_{n}"] = dataframe["high"].rolling(n).max().shift(1)
/freqtrade/user_data/strategies/TrendVolTarget.py:50: PerformanceWarning: DataFrame is highly fragmented.  This is usually the result of calling `frame.insert` many times, which has poor performance.  Consider joining all columns at once using pd.concat(axis=1) instead. To get a de-fragmented frame, use `newframe = frame.copy()`
  dataframe[f"dc_hi_{n}"] = dataframe["high"].rolling(n).max().shift(1)
/freqtrade/user_data/strategies/TrendVolTarget.py:50: PerformanceWarning: DataFrame is highly fragmented.  This is usually the result of calling `frame.insert` many times, which has poor performance.  Consider joining all columns at once using pd.concat(axis=1) instead. To get a de-fragmented frame, use `newframe = frame.copy()`
  dataframe[f"dc_hi_{n}"] = dataframe["high"].rolling(n).max().shift(1)
/freqtrade/user_data/strategies/TrendVolTarget.py:50: PerformanceWarning: DataFrame is highly fragmented.  This is usually the result of calling `frame.insert` many times, which has poor performance.  Consider joining all columns at once using pd.concat(axis=1) instead. To get a de-fragmented frame, use `newframe = frame.copy()`
  dataframe[f"dc_hi_{n}"] = dataframe["high"].rolling(n).max().shift(1)
/freqtrade/user_data/strategies/TrendVolTarget.py:50: PerformanceWarning: DataFrame is highly fragmented.  This is usually the result of calling `frame.insert` many times, which has poor performance.  Consider joining all columns at once using pd.concat(axis=1) instead. To get a de-fragmented frame, use `newframe = frame.copy()`
  dataframe[f"dc_hi_{n}"] = dataframe["high"].rolling(n).max().shift(1)
/freqtrade/user_data/strategies/TrendVolTarget.py:50: PerformanceWarning: DataFrame is highly fragmented.  This is usually the result of calling `frame.insert` many times, which has poor performance.  Consider joining all columns at once using pd.concat(axis=1) instead. To get a de-fragmented frame, use `newframe = frame.copy()`
  dataframe[f"dc_hi_{n}"] = dataframe["high"].rolling(n).max().shift(1)
/freqtrade/user_data/strategies/TrendVolTarget.py:50: PerformanceWarning: DataFrame is highly fragmented.  This is usually the result of calling `frame.insert` many times, which has poor performance.  Consider joining all columns at once using pd.concat(axis=1) instead. To get a de-fragmented frame, use `newframe = frame.copy()`
  dataframe[f"dc_hi_{n}"] = dataframe["high"].rolling(n).max().shift(1)
/freqtrade/user_data/strategies/TrendVolTarget.py:50: PerformanceWarning: DataFrame is highly fragmented.  This is usually the result of calling `frame.insert` many times, which has poor performance.  Consider joining all columns at once using pd.concat(axis=1) instead. To get a de-fragmented frame, use `newframe = frame.copy()`
  dataframe[f"dc_hi_{n}"] = dataframe["high"].rolling(n).max().shift(1)
/freqtrade/user_data/strategies/TrendVolTarget.py:50: PerformanceWarning: DataFrame is highly fragmented.  This is usually the result of calling `frame.insert` many times, which has poor performance.  Consider joining all columns at once using pd.concat(axis=1) instead. To get a de-fragmented frame, use `newframe = frame.copy()`
  dataframe[f"dc_hi_{n}"] = dataframe["high"].rolling(n).max().shift(1)
/freqtrade/user_data/strategies/TrendVolTarget.py:50: PerformanceWarning: DataFrame is highly fragmented.  This is usually the result of calling `frame.insert` many times, which has poor performance.  Consider joining all columns at once using pd.concat(axis=1) instead. To get a de-fragmented frame, use `newframe = frame.copy()`
  dataframe[f"dc_hi_{n}"] = dataframe["high"].rolling(n).max().shift(1)
/freqtrade/user_data/strategies/TrendVolTarget.py:50: PerformanceWarning: DataFrame is highly fragmented.  This is usually the result of calling `frame.insert` many times, which has poor performance.  Consider joining all columns at once using pd.concat(axis=1) instead. To get a de-fragmented frame, use `newframe = frame.copy()`
  dataframe[f"dc_hi_{n}"] = dataframe["high"].rolling(n).max().shift(1)
/freqtrade/user_data/strategies/TrendVolTarget.py:50: PerformanceWarning: DataFrame is highly fragmented.  This is usually the result of calling `frame.insert` many times, which has poor performance.  Consider joining all columns at once using pd.concat(axis=1) instead. To get a de-fragmented frame, use `newframe = frame.copy()`
  dataframe[f"dc_hi_{n}"] = dataframe["high"].rolling(n).max().shift(1)
/freqtrade/user_data/strategies/TrendVolTarget.py:50: PerformanceWarning: DataFrame is highly fragmented.  This is usually the result of calling `frame.insert` many times, which has poor performance.  Consider joining all columns at once using pd.concat(axis=1) instead. To get a de-fragmented frame, use `newframe = frame.copy()`
  dataframe[f"dc_hi_{n}"] = dataframe["high"].rolling(n).max().shift(1)
/freqtrade/user_data/strategies/TrendVolTarget.py:50: PerformanceWarning: DataFrame is highly fragmented.  This is usually the result of calling `frame.insert` many times, which has poor performance.  Consider joining all columns at once using pd.concat(axis=1) instead. To get a de-fragmented frame, use `newframe = frame.copy()`
  dataframe[f"dc_hi_{n}"] = dataframe["high"].rolling(n).max().shift(1)
/freqtrade/user_data/strategies/TrendVolTarget.py:50: PerformanceWarning: DataFrame is highly fragmented.  This is usually the result of calling `frame.insert` many times, which has poor performance.  Consider joining all columns at once using pd.concat(axis=1) instead. To get a de-fragmented frame, use `newframe = frame.copy()`
  dataframe[f"dc_hi_{n}"] = dataframe["high"].rolling(n).max().shift(1)
/freqtrade/user_data/strategies/TrendVolTarget.py:50: PerformanceWarning: DataFrame is highly fragmented.  This is usually the result of calling `frame.insert` many times, which has poor performance.  Consider joining all columns at once using pd.concat(axis=1) instead. To get a de-fragmented frame, use `newframe = frame.copy()`
  dataframe[f"dc_hi_{n}"] = dataframe["high"].rolling(n).max().shift(1)
/freqtrade/user_data/strategies/TrendVolTarget.py:50: PerformanceWarning: DataFrame is highly fragmented.  This is usually the result of calling `frame.insert` many times, which has poor performance.  Consider joining all columns at once using pd.concat(axis=1) instead. To get a de-fragmented frame, use `newframe = frame.copy()`
  dataframe[f"dc_hi_{n}"] = dataframe["high"].rolling(n).max().shift(1)
/freqtrade/user_data/strategies/TrendVolTarget.py:50: PerformanceWarning: DataFrame is highly fragmented.  This is usually the result of calling `frame.insert` many times, which has poor performance.  Consider joining all columns at once using pd.concat(axis=1) instead. To get a de-fragmented frame, use `newframe = frame.copy()`
  dataframe[f"dc_hi_{n}"] = dataframe["high"].rolling(n).max().shift(1)
/freqtrade/user_data/strategies/TrendVolTarget.py:50: PerformanceWarning: DataFrame is highly fragmented.  This is usually the result of calling `frame.insert` many times, which has poor performance.  Consider joining all columns at once using pd.concat(axis=1) instead. To get a de-fragmented frame, use `newframe = frame.copy()`
  dataframe[f"dc_hi_{n}"] = dataframe["high"].rolling(n).max().shift(1)
/freqtrade/user_data/strategies/TrendVolTarget.py:50: PerformanceWarning: DataFrame is highly fragmented.  This is usually the result of calling `frame.insert` many times, which has poor performance.  Consider joining all columns at once using pd.concat(axis=1) instead. To get a de-fragmented frame, use `newframe = frame.copy()`
  dataframe[f"dc_hi_{n}"] = dataframe["high"].rolling(n).max().shift(1)
/freqtrade/user_data/strategies/TrendVolTarget.py:50: PerformanceWarning: DataFrame is highly fragmented.  This is usually the result of calling `frame.insert` many times, which has poor performance.  Consider joining all columns at once using pd.concat(axis=1) instead. To get a de-fragmented frame, use `newframe = frame.copy()`
  dataframe[f"dc_hi_{n}"] = dataframe["high"].rolling(n).max().shift(1)
/freqtrade/user_data/strategies/TrendVolTarget.py:50: PerformanceWarning: DataFrame is highly fragmented.  This is usually the result of calling `frame.insert` many times, which has poor performance.  Consider joining all columns at once using pd.concat(axis=1) instead. To get a de-fragmented frame, use `newframe = frame.copy()`
  dataframe[f"dc_hi_{n}"] = dataframe["high"].rolling(n).max().shift(1)
/freqtrade/user_data/strategies/TrendVolTarget.py:50: PerformanceWarning: DataFrame is highly fragmented.  This is usually the result of calling `frame.insert` many times, which has poor performance.  Consider joining all columns at once using pd.concat(axis=1) instead. To get a de-fragmented frame, use `newframe = frame.copy()`
  dataframe[f"dc_hi_{n}"] = dataframe["high"].rolling(n).max().shift(1)
/freqtrade/user_data/strategies/TrendVolTarget.py:50: PerformanceWarning: DataFrame is highly fragmented.  This is usually the result of calling `frame.insert` many times, which has poor performance.  Consider joining all columns at once using pd.concat(axis=1) instead. To get a de-fragmented frame, use `newframe = frame.copy()`
  dataframe[f"dc_hi_{n}"] = dataframe["high"].rolling(n).max().shift(1)
/freqtrade/user_data/strategies/TrendVolTarget.py:50: PerformanceWarning: DataFrame is highly fragmented.  This is usually the result of calling `frame.insert` many times, which has poor performance.  Consider joining all columns at once using pd.concat(axis=1) instead. To get a de-fragmented frame, use `newframe = frame.copy()`
  dataframe[f"dc_hi_{n}"] = dataframe["high"].rolling(n).max().shift(1)
/freqtrade/user_data/strategies/TrendVolTarget.py:50: PerformanceWarning: DataFrame is highly fragmented.  This is usually the result of calling `frame.insert` many times, which has poor performance.  Consider joining all columns at once using pd.concat(axis=1) instead. To get a de-fragmented frame, use `newframe = frame.copy()`
  dataframe[f"dc_hi_{n}"] = dataframe["high"].rolling(n).max().shift(1)
/freqtrade/user_data/strategies/TrendVolTarget.py:50: PerformanceWarning: DataFrame is highly fragmented.  This is usually the result of calling `frame.insert` many times, which has poor performance.  Consider joining all columns at once using pd.concat(axis=1) instead. To get a de-fragmented frame, use `newframe = frame.copy()`
  dataframe[f"dc_hi_{n}"] = dataframe["high"].rolling(n).max().shift(1)
/freqtrade/user_data/strategies/TrendVolTarget.py:50: PerformanceWarning: DataFrame is highly fragmented.  This is usually the result of calling `frame.insert` many times, which has poor performance.  Consider joining all columns at once using pd.concat(axis=1) instead. To get a de-fragmented frame, use `newframe = frame.copy()`
  dataframe[f"dc_hi_{n}"] = dataframe["high"].rolling(n).max().shift(1)
/freqtrade/user_data/strategies/TrendVolTarget.py:50: PerformanceWarning: DataFrame is highly fragmented.  This is usually the result of calling `frame.insert` many times, which has poor performance.  Consider joining all columns at once using pd.concat(axis=1) instead. To get a de-fragmented frame, use `newframe = frame.copy()`
  dataframe[f"dc_hi_{n}"] = dataframe["high"].rolling(n).max().shift(1)
/freqtrade/user_data/strategies/TrendVolTarget.py:50: PerformanceWarning: DataFrame is highly fragmented.  This is usually the result of calling `frame.insert` many times, which has poor performance.  Consider joining all columns at once using pd.concat(axis=1) instead. To get a de-fragmented frame, use `newframe = frame.copy()`
  dataframe[f"dc_hi_{n}"] = dataframe["high"].rolling(n).max().shift(1)
/freqtrade/user_data/strategies/TrendVolTarget.py:50: PerformanceWarning: DataFrame is highly fragmented.  This is usually the result of calling `frame.insert` many times, which has poor performance.  Consider joining all columns at once using pd.concat(axis=1) instead. To get a de-fragmented frame, use `newframe = frame.copy()`
  dataframe[f"dc_hi_{n}"] = dataframe["high"].rolling(n).max().shift(1)
/freqtrade/user_data/strategies/TrendVolTarget.py:50: PerformanceWarning: DataFrame is highly fragmented.  This is usually the result of calling `frame.insert` many times, which has poor performance.  Consider joining all columns at once using pd.concat(axis=1) instead. To get a de-fragmented frame, use `newframe = frame.copy()`
  dataframe[f"dc_hi_{n}"] = dataframe["high"].rolling(n).max().shift(1)
/freqtrade/user_data/strategies/TrendVolTarget.py:50: PerformanceWarning: DataFrame is highly fragmented.  This is usually the result of calling `frame.insert` many times, which has poor performance.  Consider joining all columns at once using pd.concat(axis=1) instead. To get a de-fragmented frame, use `newframe = frame.copy()`
  dataframe[f"dc_hi_{n}"] = dataframe["high"].rolling(n).max().shift(1)
/freqtrade/user_data/strategies/TrendVolTarget.py:50: PerformanceWarning: DataFrame is highly fragmented.  This is usually the result of calling `frame.insert` many times, which has poor performance.  Consider joining all columns at once using pd.concat(axis=1) instead. To get a de-fragmented frame, use `newframe = frame.copy()`
  dataframe[f"dc_hi_{n}"] = dataframe["high"].rolling(n).max().shift(1)
/freqtrade/user_data/strategies/TrendVolTarget.py:50: PerformanceWarning: DataFrame is highly fragmented.  This is usually the result of calling `frame.insert` many times, which has poor performance.  Consider joining all columns at once using pd.concat(axis=1) instead. To get a de-fragmented frame, use `newframe = frame.copy()`
  dataframe[f"dc_hi_{n}"] = dataframe["high"].rolling(n).max().shift(1)
/freqtrade/user_data/strategies/TrendVolTarget.py:50: PerformanceWarning: DataFrame is highly fragmented.  This is usually the result of calling `frame.insert` many times, which has poor performance.  Consider joining all columns at once using pd.concat(axis=1) instead. To get a de-fragmented frame, use `newframe = frame.copy()`
  dataframe[f"dc_hi_{n}"] = dataframe["high"].rolling(n).max().shift(1)
/freqtrade/user_data/strategies/TrendVolTarget.py:50: PerformanceWarning: DataFrame is highly fragmented.  This is usually the result of calling `frame.insert` many times, which has poor performance.  Consider joining all columns at once using pd.concat(axis=1) instead. To get a de-fragmented frame, use `newframe = frame.copy()`
  dataframe[f"dc_hi_{n}"] = dataframe["high"].rolling(n).max().shift(1)
/freqtrade/user_data/strategies/TrendVolTarget.py:50: PerformanceWarning: DataFrame is highly fragmented.  This is usually the result of calling `frame.insert` many times, which has poor performance.  Consider joining all columns at once using pd.concat(axis=1) instead. To get a de-fragmented frame, use `newframe = frame.copy()`
  dataframe[f"dc_hi_{n}"] = dataframe["high"].rolling(n).max().shift(1)
/freqtrade/user_data/strategies/TrendVolTarget.py:50: PerformanceWarning: DataFrame is highly fragmented.  This is usually the result of calling `frame.insert` many times, which has poor performance.  Consider joining all columns at once using pd.concat(axis=1) instead. To get a de-fragmented frame, use `newframe = frame.copy()`
  dataframe[f"dc_hi_{n}"] = dataframe["high"].rolling(n).max().shift(1)
/freqtrade/user_data/strategies/TrendVolTarget.py:50: PerformanceWarning: DataFrame is highly fragmented.  This is usually the result of calling `frame.insert` many times, which has poor performance.  Consider joining all columns at once using pd.concat(axis=1) instead. To get a de-fragmented frame, use `newframe = frame.copy()`
  dataframe[f"dc_hi_{n}"] = dataframe["high"].rolling(n).max().shift(1)
/freqtrade/user_data/strategies/TrendVolTarget.py:50: PerformanceWarning: DataFrame is highly fragmented.  This is usually the result of calling `frame.insert` many times, which has poor performance.  Consider joining all columns at once using pd.concat(axis=1) instead. To get a de-fragmented frame, use `newframe = frame.copy()`
  dataframe[f"dc_hi_{n}"] = dataframe["high"].rolling(n).max().shift(1)
/freqtrade/user_data/strategies/TrendVolTarget.py:53: PerformanceWarning: DataFrame is highly fragmented.  This is usually the result of calling `frame.insert` many times, which has poor performance.  Consider joining all columns at once using pd.concat(axis=1) instead. To get a de-fragmented frame, use `newframe = frame.copy()`
  dataframe["sma_f"] = ta.SMA(dataframe, timeperiod=60)
/freqtrade/user_data/strategies/TrendVolTarget.py:54: PerformanceWarning: DataFrame is highly fragmented.  This is usually the result of calling `frame.insert` many times, which has poor performance.  Consider joining all columns at once using pd.concat(axis=1) instead. To get a de-fragmented frame, use `newframe = frame.copy()`
  dataframe["sma_s"] = ta.SMA(dataframe, timeperiod=240)
/freqtrade/user_data/strategies/TrendVolTarget.py:56: PerformanceWarning: DataFrame is highly fragmented.  This is usually the result of calling `frame.insert` many times, which has poor performance.  Consider joining all columns at once using pd.concat(axis=1) instead. To get a de-fragmented frame, use `newframe = frame.copy()`
  dataframe["rvol"] = dataframe["close"].pct_change().rolling(90).std() * np.sqrt(6 * 365)
/freqtrade/user_data/strategies/TrendVolTarget.py:50: PerformanceWarning: DataFrame is highly fragmented.  This is usually the result of calling `frame.insert` many times, which has poor performance.  Consider joining all columns at once using pd.concat(axis=1) instead. To get a de-fragmented frame, use `newframe = frame.copy()`
  dataframe[f"dc_hi_{n}"] = dataframe["high"].rolling(n).max().shift(1)
/freqtrade/user_data/strategies/TrendVolTarget.py:50: PerformanceWarning: DataFrame is highly fragmented.  This is usually the result of calling `frame.insert` many times, which has poor performance.  Consider joining all columns at once using pd.concat(axis=1) instead. To get a de-fragmented frame, use `newframe = frame.copy()`
  dataframe[f"dc_hi_{n}"] = dataframe["high"].rolling(n).max().shift(1)
/freqtrade/user_data/strategies/TrendVolTarget.py:50: PerformanceWarning: DataFrame is highly fragmented.  This is usually the result of calling `frame.insert` many times, which has poor performance.  Consider joining all columns at once using pd.concat(axis=1) instead. To get a de-fragmented frame, use `newframe = frame.copy()`
  dataframe[f"dc_hi_{n}"] = dataframe["high"].rolling(n).max().shift(1)
/freqtrade/user_data/strategies/TrendVolTarget.py:50: PerformanceWarning: DataFrame is highly fragmented.  This is usually the result of calling `frame.insert` many times, which has poor performance.  Consider joining all columns at once using pd.concat(axis=1) instead. To get a de-fragmented frame, use `newframe = frame.copy()`
  dataframe[f"dc_hi_{n}"] = dataframe["high"].rolling(n).max().shift(1)
/freqtrade/user_data/strategies/TrendVolTarget.py:50: PerformanceWarning: DataFrame is highly fragmented.  This is usually the result of calling `frame.insert` many times, which has poor performance.  Consider joining all columns at once using pd.concat(axis=1) instead. To get a de-fragmented frame, use `newframe = frame.copy()`
  dataframe[f"dc_hi_{n}"] = dataframe["high"].rolling(n).max().shift(1)
/freqtrade/user_data/strategies/TrendVolTarget.py:50: PerformanceWarning: DataFrame is highly fragmented.  This is usually the result of calling `frame.insert` many times, which has poor performance.  Consider joining all columns at once using pd.concat(axis=1) instead. To get a de-fragmented frame, use `newframe = frame.copy()`
  dataframe[f"dc_hi_{n}"] = dataframe["high"].rolling(n).max().shift(1)
/freqtrade/user_data/strategies/TrendVolTarget.py:50: PerformanceWarning: DataFrame is highly fragmented.  This is usually the result of calling `frame.insert` many times, which has poor performance.  Consider joining all columns at once using pd.concat(axis=1) instead. To get a de-fragmented frame, use `newframe = frame.copy()`
  dataframe[f"dc_hi_{n}"] = dataframe["high"].rolling(n).max().shift(1)
/freqtrade/user_data/strategies/TrendVolTarget.py:50: PerformanceWarning: DataFrame is highly fragmented.  This is usually the result of calling `frame.insert` many times, which has poor performance.  Consider joining all columns at once using pd.concat(axis=1) instead. To get a de-fragmented frame, use `newframe = frame.copy()`
  dataframe[f"dc_hi_{n}"] = dataframe["high"].rolling(n).max().shift(1)
/freqtrade/user_data/strategies/TrendVolTarget.py:50: PerformanceWarning: DataFrame is highly fragmented.  This is usually the result of calling `frame.insert` many times, which has poor performance.  Consider joining all columns at once using pd.concat(axis=1) instead. To get a de-fragmented frame, use `newframe = frame.copy()`
  dataframe[f"dc_hi_{n}"] = dataframe["high"].rolling(n).max().shift(1)
/freqtrade/user_data/strategies/TrendVolTarget.py:50: PerformanceWarning: DataFrame is highly fragmented.  This is usually the result of calling `frame.insert` many times, which has poor performance.  Consider joining all columns at once using pd.concat(axis=1) instead. To get a de-fragmented frame, use `newframe = frame.copy()`
  dataframe[f"dc_hi_{n}"] = dataframe["high"].rolling(n).max().shift(1)
/freqtrade/user_data/strategies/TrendVolTarget.py:50: PerformanceWarning: DataFrame is highly fragmented.  This is usually the result of calling `frame.insert` many times, which has poor performance.  Consider joining all columns at once using pd.concat(axis=1) instead. To get a de-fragmented frame, use `newframe = frame.copy()`
  dataframe[f"dc_hi_{n}"] = dataframe["high"].rolling(n).max().shift(1)
/freqtrade/user_data/strategies/TrendVolTarget.py:50: PerformanceWarning: DataFrame is highly fragmented.  This is usually the result of calling `frame.insert` many times, which has poor performance.  Consider joining all columns at once using pd.concat(axis=1) instead. To get a de-fragmented frame, use `newframe = frame.copy()`
  dataframe[f"dc_hi_{n}"] = dataframe["high"].rolling(n).max().shift(1)
/freqtrade/user_data/strategies/TrendVolTarget.py:50: PerformanceWarning: DataFrame is highly fragmented.  This is usually the result of calling `frame.insert` many times, which has poor performance.  Consider joining all columns at once using pd.concat(axis=1) instead. To get a de-fragmented frame, use `newframe = frame.copy()`
  dataframe[f"dc_hi_{n}"] = dataframe["high"].rolling(n).max().shift(1)
/freqtrade/user_data/strategies/TrendVolTarget.py:50: PerformanceWarning: DataFrame is highly fragmented.  This is usually the result of calling `frame.insert` many times, which has poor performance.  Consider joining all columns at once using pd.concat(axis=1) instead. To get a de-fragmented frame, use `newframe = frame.copy()`
  dataframe[f"dc_hi_{n}"] = dataframe["high"].rolling(n).max().shift(1)
/freqtrade/user_data/strategies/TrendVolTarget.py:50: PerformanceWarning: DataFrame is highly fragmented.  This is usually the result of calling `frame.insert` many times, which has poor performance.  Consider joining all columns at once using pd.concat(axis=1) instead. To get a de-fragmented frame, use `newframe = frame.copy()`
  dataframe[f"dc_hi_{n}"] = dataframe["high"].rolling(n).max().shift(1)
/freqtrade/user_data/strategies/TrendVolTarget.py:50: PerformanceWarning: DataFrame is highly fragmented.  This is usually the result of calling `frame.insert` many times, which has poor performance.  Consider joining all columns at once using pd.concat(axis=1) instead. To get a de-fragmented frame, use `newframe = frame.copy()`
  dataframe[f"dc_hi_{n}"] = dataframe["high"].rolling(n).max().shift(1)
/freqtrade/user_data/strategies/TrendVolTarget.py:50: PerformanceWarning: DataFrame is highly fragmented.  This is usually the result of calling `frame.insert` many times, which has poor performance.  Consider joining all columns at once using pd.concat(axis=1) instead. To get a de-fragmented frame, use `newframe = frame.copy()`
  dataframe[f"dc_hi_{n}"] = dataframe["high"].rolling(n).max().shift(1)
/freqtrade/user_data/strategies/TrendVolTarget.py:50: PerformanceWarning: DataFrame is highly fragmented.  This is usually the result of calling `frame.insert` many times, which has poor performance.  Consider joining all columns at once using pd.concat(axis=1) instead. To get a de-fragmented frame, use `newframe = frame.copy()`
  dataframe[f"dc_hi_{n}"] = dataframe["high"].rolling(n).max().shift(1)
/freqtrade/user_data/strategies/TrendVolTarget.py:50: PerformanceWarning: DataFrame is highly fragmented.  This is usually the result of calling `frame.insert` many times, which has poor performance.  Consider joining all columns at once using pd.concat(axis=1) instead. To get a de-fragmented frame, use `newframe = frame.copy()`
  dataframe[f"dc_hi_{n}"] = dataframe["high"].rolling(n).max().shift(1)
/freqtrade/user_data/strategies/TrendVolTarget.py:50: PerformanceWarning: DataFrame is highly fragmented.  This is usually the result of calling `frame.insert` many times, which has poor performance.  Consider joining all columns at once using pd.concat(axis=1) instead. To get a de-fragmented frame, use `newframe = frame.copy()`
  dataframe[f"dc_hi_{n}"] = dataframe["high"].rolling(n).max().shift(1)
/freqtrade/user_data/strategies/TrendVolTarget.py:50: PerformanceWarning: DataFrame is highly fragmented.  This is usually the result of calling `frame.insert` many times, which has poor performance.  Consider joining all columns at once using pd.concat(axis=1) instead. To get a de-fragmented frame, use `newframe = frame.copy()`
  dataframe[f"dc_hi_{n}"] = dataframe["high"].rolling(n).max().shift(1)
/freqtrade/user_data/strategies/TrendVolTarget.py:50: PerformanceWarning: DataFrame is highly fragmented.  This is usually the result of calling `frame.insert` many times, which has poor performance.  Consider joining all columns at once using pd.concat(axis=1) instead. To get a de-fragmented frame, use `newframe = frame.copy()`
  dataframe[f"dc_hi_{n}"] = dataframe["high"].rolling(n).max().shift(1)
/freqtrade/user_data/strategies/TrendVolTarget.py:50: PerformanceWarning: DataFrame is highly fragmented.  This is usually the result of calling `frame.insert` many times, which has poor performance.  Consider joining all columns at once using pd.concat(axis=1) instead. To get a de-fragmented frame, use `newframe = frame.copy()`
  dataframe[f"dc_hi_{n}"] = dataframe["high"].rolling(n).max().shift(1)
/freqtrade/user_data/strategies/TrendVolTarget.py:50: PerformanceWarning: DataFrame is highly fragmented.  This is usually the result of calling `frame.insert` many times, which has poor performance.  Consider joining all columns at once using pd.concat(axis=1) instead. To get a de-fragmented frame, use `newframe = frame.copy()`
  dataframe[f"dc_hi_{n}"] = dataframe["high"].rolling(n).max().shift(1)
/freqtrade/user_data/strategies/TrendVolTarget.py:50: PerformanceWarning: DataFrame is highly fragmented.  This is usually the result of calling `frame.insert` many times, which has poor performance.  Consider joining all columns at once using pd.concat(axis=1) instead. To get a de-fragmented frame, use `newframe = frame.copy()`
  dataframe[f"dc_hi_{n}"] = dataframe["high"].rolling(n).max().shift(1)
/freqtrade/user_data/strategies/TrendVolTarget.py:50: PerformanceWarning: DataFrame is highly fragmented.  This is usually the result of calling `frame.insert` many times, which has poor performance.  Consider joining all columns at once using pd.concat(axis=1) instead. To get a de-fragmented frame, use `newframe = frame.copy()`
  dataframe[f"dc_hi_{n}"] = dataframe["high"].rolling(n).max().shift(1)
/freqtrade/user_data/strategies/TrendVolTarget.py:50: PerformanceWarning: DataFrame is highly fragmented.  This is usually the result of calling `frame.insert` many times, which has poor performance.  Consider joining all columns at once using pd.concat(axis=1) instead. To get a de-fragmented frame, use `newframe = frame.copy()`
  dataframe[f"dc_hi_{n}"] = dataframe["high"].rolling(n).max().shift(1)
/freqtrade/user_data/strategies/TrendVolTarget.py:50: PerformanceWarning: DataFrame is highly fragmented.  This is usually the result of calling `frame.insert` many times, which has poor performance.  Consider joining all columns at once using pd.concat(axis=1) instead. To get a de-fragmented frame, use `newframe = frame.copy()`
  dataframe[f"dc_hi_{n}"] = dataframe["high"].rolling(n).max().shift(1)
/freqtrade/user_data/strategies/TrendVolTarget.py:50: PerformanceWarning: DataFrame is highly fragmented.  This is usually the result of calling `frame.insert` many times, which has poor performance.  Consider joining all columns at once using pd.concat(axis=1) instead. To get a de-fragmented frame, use `newframe = frame.copy()`
  dataframe[f"dc_hi_{n}"] = dataframe["high"].rolling(n).max().shift(1)
/freqtrade/user_data/strategies/TrendVolTarget.py:50: PerformanceWarning: DataFrame is highly fragmented.  This is usually the result of calling `frame.insert` many times, which has poor performance.  Consider joining all columns at once using pd.concat(axis=1) instead. To get a de-fragmented frame, use `newframe = frame.copy()`
  dataframe[f"dc_hi_{n}"] = dataframe["high"].rolling(n).max().shift(1)
/freqtrade/user_data/strategies/TrendVolTarget.py:50: PerformanceWarning: DataFrame is highly fragmented.  This is usually the result of calling `frame.insert` many times, which has poor performance.  Consider joining all columns at once using pd.concat(axis=1) instead. To get a de-fragmented frame, use `newframe = frame.copy()`
  dataframe[f"dc_hi_{n}"] = dataframe["high"].rolling(n).max().shift(1)
/freqtrade/user_data/strategies/TrendVolTarget.py:50: PerformanceWarning: DataFrame is highly fragmented.  This is usually the result of calling `frame.insert` many times, which has poor performance.  Consider joining all columns at once using pd.concat(axis=1) instead. To get a de-fragmented frame, use `newframe = frame.copy()`
  dataframe[f"dc_hi_{n}"] = dataframe["high"].rolling(n).max().shift(1)
/freqtrade/user_data/strategies/TrendVolTarget.py:50: PerformanceWarning: DataFrame is highly fragmented.  This is usually the result of calling `frame.insert` many times, which has poor performance.  Consider joining all columns at once using pd.concat(axis=1) instead. To get a de-fragmented frame, use `newframe = frame.copy()`
  dataframe[f"dc_hi_{n}"] = dataframe["high"].rolling(n).max().shift(1)
/freqtrade/user_data/strategies/TrendVolTarget.py:50: PerformanceWarning: DataFrame is highly fragmented.  This is usually the result of calling `frame.insert` many times, which has poor performance.  Consider joining all columns at once using pd.concat(axis=1) instead. To get a de-fragmented frame, use `newframe = frame.copy()`
  dataframe[f"dc_hi_{n}"] = dataframe["high"].rolling(n).max().shift(1)
/freqtrade/user_data/strategies/TrendVolTarget.py:50: PerformanceWarning: DataFrame is highly fragmented.  This is usually the result of calling `frame.insert` many times, which has poor performance.  Consider joining all columns at once using pd.concat(axis=1) instead. To get a de-fragmented frame, use `newframe = frame.copy()`
  dataframe[f"dc_hi_{n}"] = dataframe["high"].rolling(n).max().shift(1)
/freqtrade/user_data/strategies/TrendVolTarget.py:50: PerformanceWarning: DataFrame is highly fragmented.  This is usually the result of calling `frame.insert` many times, which has poor performance.  Consider joining all columns at once using pd.concat(axis=1) instead. To get a de-fragmented frame, use `newframe = frame.copy()`
  dataframe[f"dc_hi_{n}"] = dataframe["high"].rolling(n).max().shift(1)
/freqtrade/user_data/strategies/TrendVolTarget.py:50: PerformanceWarning: DataFrame is highly fragmented.  This is usually the result of calling `frame.insert` many times, which has poor performance.  Consider joining all columns at once using pd.concat(axis=1) instead. To get a de-fragmented frame, use `newframe = frame.copy()`
  dataframe[f"dc_hi_{n}"] = dataframe["high"].rolling(n).max().shift(1)
/freqtrade/user_data/strategies/TrendVolTarget.py:50: PerformanceWarning: DataFrame is highly fragmented.  This is usually the result of calling `frame.insert` many times, which has poor performance.  Consider joining all columns at once using pd.concat(axis=1) instead. To get a de-fragmented frame, use `newframe = frame.copy()`
  dataframe[f"dc_hi_{n}"] = dataframe["high"].rolling(n).max().shift(1)
/freqtrade/user_data/strategies/TrendVolTarget.py:50: PerformanceWarning: DataFrame is highly fragmented.  This is usually the result of calling `frame.insert` many times, which has poor performance.  Consider joining all columns at once using pd.concat(axis=1) instead. To get a de-fragmented frame, use `newframe = frame.copy()`
  dataframe[f"dc_hi_{n}"] = dataframe["high"].rolling(n).max().shift(1)
/freqtrade/user_data/strategies/TrendVolTarget.py:50: PerformanceWarning: DataFrame is highly fragmented.  This is usually the result of calling `frame.insert` many times, which has poor performance.  Consider joining all columns at once using pd.concat(axis=1) instead. To get a de-fragmented frame, use `newframe = frame.copy()`
  dataframe[f"dc_hi_{n}"] = dataframe["high"].rolling(n).max().shift(1)
/freqtrade/user_data/strategies/TrendVolTarget.py:50: PerformanceWarning: DataFrame is highly fragmented.  This is usually the result of calling `frame.insert` many times, which has poor performance.  Consider joining all columns at once using pd.concat(axis=1) instead. To get a de-fragmented frame, use `newframe = frame.copy()`
  dataframe[f"dc_hi_{n}"] = dataframe["high"].rolling(n).max().shift(1)
/freqtrade/user_data/strategies/TrendVolTarget.py:50: PerformanceWarning: DataFrame is highly fragmented.  This is usually the result of calling `frame.insert` many times, which has poor performance.  Consider joining all columns at once using pd.concat(axis=1) instead. To get a de-fragmented frame, use `newframe = frame.copy()`
  dataframe[f"dc_hi_{n}"] = dataframe["high"].rolling(n).max().shift(1)
/freqtrade/user_data/strategies/TrendVolTarget.py:50: PerformanceWarning: DataFrame is highly fragmented.  This is usually the result of calling `frame.insert` many times, which has poor performance.  Consider joining all columns at once using pd.concat(axis=1) instead. To get a de-fragmented frame, use `newframe = frame.copy()`
  dataframe[f"dc_hi_{n}"] = dataframe["high"].rolling(n).max().shift(1)
/freqtrade/user_data/strategies/TrendVolTarget.py:50: PerformanceWarning: DataFrame is highly fragmented.  This is usually the result of calling `frame.insert` many times, which has poor performance.  Consider joining all columns at once using pd.concat(axis=1) instead. To get a de-fragmented frame, use `newframe = frame.copy()`
  dataframe[f"dc_hi_{n}"] = dataframe["high"].rolling(n).max().shift(1)
/freqtrade/user_data/strategies/TrendVolTarget.py:50: PerformanceWarning: DataFrame is highly fragmented.  This is usually the result of calling `frame.insert` many times, which has poor performance.  Consider joining all columns at once using pd.concat(axis=1) instead. To get a de-fragmented frame, use `newframe = frame.copy()`
  dataframe[f"dc_hi_{n}"] = dataframe["high"].rolling(n).max().shift(1)
/freqtrade/user_data/strategies/TrendVolTarget.py:50: PerformanceWarning: DataFrame is highly fragmented.  This is usually the result of calling `frame.insert` many times, which has poor performance.  Consider joining all columns at once using pd.concat(axis=1) instead. To get a de-fragmented frame, use `newframe = frame.copy()`
  dataframe[f"dc_hi_{n}"] = dataframe["high"].rolling(n).max().shift(1)
/freqtrade/user_data/strategies/TrendVolTarget.py:50: PerformanceWarning: DataFrame is highly fragmented.  This is usually the result of calling `frame.insert` many times, which has poor performance.  Consider joining all columns at once using pd.concat(axis=1) instead. To get a de-fragmented frame, use `newframe = frame.copy()`
  dataframe[f"dc_hi_{n}"] = dataframe["high"].rolling(n).max().shift(1)
/freqtrade/user_data/strategies/TrendVolTarget.py:50: PerformanceWarning: DataFrame is highly fragmented.  This is usually the result of calling `frame.insert` many times, which has poor performance.  Consider joining all columns at once using pd.concat(axis=1) instead. To get a de-fragmented frame, use `newframe = frame.copy()`
  dataframe[f"dc_hi_{n}"] = dataframe["high"].rolling(n).max().shift(1)
/freqtrade/user_data/strategies/TrendVolTarget.py:50: PerformanceWarning: DataFrame is highly fragmented.  This is usually the result of calling `frame.insert` many times, which has poor performance.  Consider joining all columns at once using pd.concat(axis=1) instead. To get a de-fragmented frame, use `newframe = frame.copy()`
  dataframe[f"dc_hi_{n}"] = dataframe["high"].rolling(n).max().shift(1)
/freqtrade/user_data/strategies/TrendVolTarget.py:50: PerformanceWarning: DataFrame is highly fragmented.  This is usually the result of calling `frame.insert` many times, which has poor performance.  Consider joining all columns at once using pd.concat(axis=1) instead. To get a de-fragmented frame, use `newframe = frame.copy()`
  dataframe[f"dc_hi_{n}"] = dataframe["high"].rolling(n).max().shift(1)
/freqtrade/user_data/strategies/TrendVolTarget.py:50: PerformanceWarning: DataFrame is highly fragmented.  This is usually the result of calling `frame.insert` many times, which has poor performance.  Consider joining all columns at once using pd.concat(axis=1) instead. To get a de-fragmented frame, use `newframe = frame.copy()`
  dataframe[f"dc_hi_{n}"] = dataframe["high"].rolling(n).max().shift(1)
/freqtrade/user_data/strategies/TrendVolTarget.py:50: PerformanceWarning: DataFrame is highly fragmented.  This is usually the result of calling `frame.insert` many times, which has poor performance.  Consider joining all columns at once using pd.concat(axis=1) instead. To get a de-fragmented frame, use `newframe = frame.copy()`
  dataframe[f"dc_hi_{n}"] = dataframe["high"].rolling(n).max().shift(1)
/freqtrade/user_data/strategies/TrendVolTarget.py:50: PerformanceWarning: DataFrame is highly fragmented.  This is usually the result of calling `frame.insert` many times, which has poor performance.  Consider joining all columns at once using pd.concat(axis=1) instead. To get a de-fragmented frame, use `newframe = frame.copy()`
  dataframe[f"dc_hi_{n}"] = dataframe["high"].rolling(n).max().shift(1)
/freqtrade/user_data/strategies/TrendVolTarget.py:50: PerformanceWarning: DataFrame is highly fragmented.  This is usually the result of calling `frame.insert` many times, which has poor performance.  Consider joining all columns at once using pd.concat(axis=1) instead. To get a de-fragmented frame, use `newframe = frame.copy()`
  dataframe[f"dc_hi_{n}"] = dataframe["high"].rolling(n).max().shift(1)
/freqtrade/user_data/strategies/TrendVolTarget.py:50: PerformanceWarning: DataFrame is highly fragmented.  This is usually the result of calling `frame.insert` many times, which has poor performance.  Consider joining all columns at once using pd.concat(axis=1) instead. To get a de-fragmented frame, use `newframe = frame.copy()`
  dataframe[f"dc_hi_{n}"] = dataframe["high"].rolling(n).max().shift(1)
/freqtrade/user_data/strategies/TrendVolTarget.py:50: PerformanceWarning: DataFrame is highly fragmented.  This is usually the result of calling `frame.insert` many times, which has poor performance.  Consider joining all columns at once using pd.concat(axis=1) instead. To get a de-fragmented frame, use `newframe = frame.copy()`
  dataframe[f"dc_hi_{n}"] = dataframe["high"].rolling(n).max().shift(1)
/freqtrade/user_data/strategies/TrendVolTarget.py:50: PerformanceWarning: DataFrame is highly fragmented.  This is usually the result of calling `frame.insert` many times, which has poor performance.  Consider joining all columns at once using pd.concat(axis=1) instead. To get a de-fragmented frame, use `newframe = frame.copy()`
  dataframe[f"dc_hi_{n}"] = dataframe["high"].rolling(n).max().shift(1)
/freqtrade/user_data/strategies/TrendVolTarget.py:50: PerformanceWarning: DataFrame is highly fragmented.  This is usually the result of calling `frame.insert` many times, which has poor performance.  Consider joining all columns at once using pd.concat(axis=1) instead. To get a de-fragmented frame, use `newframe = frame.copy()`
  dataframe[f"dc_hi_{n}"] = dataframe["high"].rolling(n).max().shift(1)
/freqtrade/user_data/strategies/TrendVolTarget.py:50: PerformanceWarning: DataFrame is highly fragmented.  This is usually the result of calling `frame.insert` many times, which has poor performance.  Consider joining all columns at once using pd.concat(axis=1) instead. To get a de-fragmented frame, use `newframe = frame.copy()`
  dataframe[f"dc_hi_{n}"] = dataframe["high"].rolling(n).max().shift(1)
/freqtrade/user_data/strategies/TrendVolTarget.py:50: PerformanceWarning: DataFrame is highly fragmented.  This is usually the result of calling `frame.insert` many times, which has poor performance.  Consider joining all columns at once using pd.concat(axis=1) instead. To get a de-fragmented frame, use `newframe = frame.copy()`
  dataframe[f"dc_hi_{n}"] = dataframe["high"].rolling(n).max().shift(1)
/freqtrade/user_data/strategies/TrendVolTarget.py:50: PerformanceWarning: DataFrame is highly fragmented.  This is usually the result of calling `frame.insert` many times, which has poor performance.  Consider joining all columns at once using pd.concat(axis=1) instead. To get a de-fragmented frame, use `newframe = frame.copy()`
  dataframe[f"dc_hi_{n}"] = dataframe["high"].rolling(n).max().shift(1)
/freqtrade/user_data/strategies/TrendVolTarget.py:50: PerformanceWarning: DataFrame is highly fragmented.  This is usually the result of calling `frame.insert` many times, which has poor performance.  Consider joining all columns at once using pd.concat(axis=1) instead. To get a de-fragmented frame, use `newframe = frame.copy()`
  dataframe[f"dc_hi_{n}"] = dataframe["high"].rolling(n).max().shift(1)
/freqtrade/user_data/strategies/TrendVolTarget.py:50: PerformanceWarning: DataFrame is highly fragmented.  This is usually the result of calling `frame.insert` many times, which has poor performance.  Consider joining all columns at once using pd.concat(axis=1) instead. To get a de-fragmented frame, use `newframe = frame.copy()`
  dataframe[f"dc_hi_{n}"] = dataframe["high"].rolling(n).max().shift(1)
/freqtrade/user_data/strategies/TrendVolTarget.py:50: PerformanceWarning: DataFrame is highly fragmented.  This is usually the result of calling `frame.insert` many times, which has poor performance.  Consider joining all columns at once using pd.concat(axis=1) instead. To get a de-fragmented frame, use `newframe = frame.copy()`
  dataframe[f"dc_hi_{n}"] = dataframe["high"].rolling(n).max().shift(1)
/freqtrade/user_data/strategies/TrendVolTarget.py:50: PerformanceWarning: DataFrame is highly fragmented.  This is usually the result of calling `frame.insert` many times, which has poor performance.  Consider joining all columns at once using pd.concat(axis=1) instead. To get a de-fragmented frame, use `newframe = frame.copy()`
  dataframe[f"dc_hi_{n}"] = dataframe["high"].rolling(n).max().shift(1)
/freqtrade/user_data/strategies/TrendVolTarget.py:50: PerformanceWarning: DataFrame is highly fragmented.  This is usually the result of calling `frame.insert` many times, which has poor performance.  Consider joining all columns at once using pd.concat(axis=1) instead. To get a de-fragmented frame, use `newframe = frame.copy()`
  dataframe[f"dc_hi_{n}"] = dataframe["high"].rolling(n).max().shift(1)
/freqtrade/user_data/strategies/TrendVolTarget.py:50: PerformanceWarning: DataFrame is highly fragmented.  This is usually the result of calling `frame.insert` many times, which has poor performance.  Consider joining all columns at once using pd.concat(axis=1) instead. To get a de-fragmented frame, use `newframe = frame.copy()`
  dataframe[f"dc_hi_{n}"] = dataframe["high"].rolling(n).max().shift(1)
/freqtrade/user_data/strategies/TrendVolTarget.py:50: PerformanceWarning: DataFrame is highly fragmented.  This is usually the result of calling `frame.insert` many times, which has poor performance.  Consider joining all columns at once using pd.concat(axis=1) instead. To get a de-fragmented frame, use `newframe = frame.copy()`
  dataframe[f"dc_hi_{n}"] = dataframe["high"].rolling(n).max().shift(1)
/freqtrade/user_data/strategies/TrendVolTarget.py:50: PerformanceWarning: DataFrame is highly fragmented.  This is usually the result of calling `frame.insert` many times, which has poor performance.  Consider joining all columns at once using pd.concat(axis=1) instead. To get a de-fragmented frame, use `newframe = frame.copy()`
  dataframe[f"dc_hi_{n}"] = dataframe["high"].rolling(n).max().shift(1)
/freqtrade/user_data/strategies/TrendVolTarget.py:50: PerformanceWarning: DataFrame is highly fragmented.  This is usually the result of calling `frame.insert` many times, which has poor performance.  Consider joining all columns at once using pd.concat(axis=1) instead. To get a de-fragmented frame, use `newframe = frame.copy()`
  dataframe[f"dc_hi_{n}"] = dataframe["high"].rolling(n).max().shift(1)
/freqtrade/user_data/strategies/TrendVolTarget.py:50: PerformanceWarning: DataFrame is highly fragmented.  This is usually the result of calling `frame.insert` many times, which has poor performance.  Consider joining all columns at once using pd.concat(axis=1) instead. To get a de-fragmented frame, use `newframe = frame.copy()`
  dataframe[f"dc_hi_{n}"] = dataframe["high"].rolling(n).max().shift(1)
/freqtrade/user_data/strategies/TrendVolTarget.py:50: PerformanceWarning: DataFrame is highly fragmented.  This is usually the result of calling `frame.insert` many times, which has poor performance.  Consider joining all columns at once using pd.concat(axis=1) instead. To get a de-fragmented frame, use `newframe = frame.copy()`
  dataframe[f"dc_hi_{n}"] = dataframe["high"].rolling(n).max().shift(1)
/freqtrade/user_data/strategies/TrendVolTarget.py:50: PerformanceWarning: DataFrame is highly fragmented.  This is usually the result of calling `frame.insert` many times, which has poor performance.  Consider joining all columns at once using pd.concat(axis=1) instead. To get a de-fragmented frame, use `newframe = frame.copy()`
  dataframe[f"dc_hi_{n}"] = dataframe["high"].rolling(n).max().shift(1)
/freqtrade/user_data/strategies/TrendVolTarget.py:50: PerformanceWarning: DataFrame is highly fragmented.  This is usually the result of calling `frame.insert` many times, which has poor performance.  Consider joining all columns at once using pd.concat(axis=1) instead. To get a de-fragmented frame, use `newframe = frame.copy()`
  dataframe[f"dc_hi_{n}"] = dataframe["high"].rolling(n).max().shift(1)
/freqtrade/user_data/strategies/TrendVolTarget.py:50: PerformanceWarning: DataFrame is highly fragmented.  This is usually the result of calling `frame.insert` many times, which has poor performance.  Consider joining all columns at once using pd.concat(axis=1) instead. To get a de-fragmented frame, use `newframe = frame.copy()`
  dataframe[f"dc_hi_{n}"] = dataframe["high"].rolling(n).max().shift(1)
/freqtrade/user_data/strategies/TrendVolTarget.py:50: PerformanceWarning: DataFrame is highly fragmented.  This is usually the result of calling `frame.insert` many times, which has poor performance.  Consider joining all columns at once using pd.concat(axis=1) instead. To get a de-fragmented frame, use `newframe = frame.copy()`
  dataframe[f"dc_hi_{n}"] = dataframe["high"].rolling(n).max().shift(1)
/freqtrade/user_data/strategies/TrendVolTarget.py:50: PerformanceWarning: DataFrame is highly fragmented.  This is usually the result of calling `frame.insert` many times, which has poor performance.  Consider joining all columns at once using pd.concat(axis=1) instead. To get a de-fragmented frame, use `newframe = frame.copy()`
  dataframe[f"dc_hi_{n}"] = dataframe["high"].rolling(n).max().shift(1)
/freqtrade/user_data/strategies/TrendVolTarget.py:50: PerformanceWarning: DataFrame is highly fragmented.  This is usually the result of calling `frame.insert` many times, which has poor performance.  Consider joining all columns at once using pd.concat(axis=1) instead. To get a de-fragmented frame, use `newframe = frame.copy()`
  dataframe[f"dc_hi_{n}"] = dataframe["high"].rolling(n).max().shift(1)
/freqtrade/user_data/strategies/TrendVolTarget.py:50: PerformanceWarning: DataFrame is highly fragmented.  This is usually the result of calling `frame.insert` many times, which has poor performance.  Consider joining all columns at once using pd.concat(axis=1) instead. To get a de-fragmented frame, use `newframe = frame.copy()`
  dataframe[f"dc_hi_{n}"] = dataframe["high"].rolling(n).max().shift(1)
/freqtrade/user_data/strategies/TrendVolTarget.py:50: PerformanceWarning: DataFrame is highly fragmented.  This is usually the result of calling `frame.insert` many times, which has poor performance.  Consider joining all columns at once using pd.concat(axis=1) instead. To get a de-fragmented frame, use `newframe = frame.copy()`
  dataframe[f"dc_hi_{n}"] = dataframe["high"].rolling(n).max().shift(1)
/freqtrade/user_data/strategies/TrendVolTarget.py:50: PerformanceWarning: DataFrame is highly fragmented.  This is usually the result of calling `frame.insert` many times, which has poor performance.  Consider joining all columns at once using pd.concat(axis=1) instead. To get a de-fragmented frame, use `newframe = frame.copy()`
  dataframe[f"dc_hi_{n}"] = dataframe["high"].rolling(n).max().shift(1)
/freqtrade/user_data/strategies/TrendVolTarget.py:50: PerformanceWarning: DataFrame is highly fragmented.  This is usually the result of calling `frame.insert` many times, which has poor performance.  Consider joining all columns at once using pd.concat(axis=1) instead. To get a de-fragmented frame, use `newframe = frame.copy()`
  dataframe[f"dc_hi_{n}"] = dataframe["high"].rolling(n).max().shift(1)
/freqtrade/user_data/strategies/TrendVolTarget.py:50: PerformanceWarning: DataFrame is highly fragmented.  This is usually the result of calling `frame.insert` many times, which has poor performance.  Consider joining all columns at once using pd.concat(axis=1) instead. To get a de-fragmented frame, use `newframe = frame.copy()`
  dataframe[f"dc_hi_{n}"] = dataframe["high"].rolling(n).max().shift(1)
/freqtrade/user_data/strategies/TrendVolTarget.py:50: PerformanceWarning: DataFrame is highly fragmented.  This is usually the result of calling `frame.insert` many times, which has poor performance.  Consider joining all columns at once using pd.concat(axis=1) instead. To get a de-fragmented frame, use `newframe = frame.copy()`
  dataframe[f"dc_hi_{n}"] = dataframe["high"].rolling(n).max().shift(1)
/freqtrade/user_data/strategies/TrendVolTarget.py:53: PerformanceWarning: DataFrame is highly fragmented.  This is usually the result of calling `frame.insert` many times, which has poor performance.  Consider joining all columns at once using pd.concat(axis=1) instead. To get a de-fragmented frame, use `newframe = frame.copy()`
  dataframe["sma_f"] = ta.SMA(dataframe, timeperiod=60)
/freqtrade/user_data/strategies/TrendVolTarget.py:54: PerformanceWarning: DataFrame is highly fragmented.  This is usually the result of calling `frame.insert` many times, which has poor performance.  Consider joining all columns at once using pd.concat(axis=1) instead. To get a de-fragmented frame, use `newframe = frame.copy()`
  dataframe["sma_s"] = ta.SMA(dataframe, timeperiod=240)
/freqtrade/user_data/strategies/TrendVolTarget.py:56: PerformanceWarning: DataFrame is highly fragmented.  This is usually the result of calling `frame.insert` many times, which has poor performance.  Consider joining all columns at once using pd.concat(axis=1) instead. To get a de-fragmented frame, use `newframe = frame.copy()`
  dataframe["rvol"] = dataframe["close"].pct_change().rolling(90).std() * np.sqrt(6 * 365)
/freqtrade/user_data/strategies/TrendVolTarget.py:50: PerformanceWarning: DataFrame is highly fragmented.  This is usually the result of calling `frame.insert` many times, which has poor performance.  Consider joining all columns at once using pd.concat(axis=1) instead. To get a de-fragmented frame, use `newframe = frame.copy()`
  dataframe[f"dc_hi_{n}"] = dataframe["high"].rolling(n).max().shift(1)
/freqtrade/user_data/strategies/TrendVolTarget.py:50: PerformanceWarning: DataFrame is highly fragmented.  This is usually the result of calling `frame.insert` many times, which has poor performance.  Consider joining all columns at once using pd.concat(axis=1) instead. To get a de-fragmented frame, use `newframe = frame.copy()`
  dataframe[f"dc_hi_{n}"] = dataframe["high"].rolling(n).max().shift(1)
/freqtrade/user_data/strategies/TrendVolTarget.py:50: PerformanceWarning: DataFrame is highly fragmented.  This is usually the result of calling `frame.insert` many times, which has poor performance.  Consider joining all columns at once using pd.concat(axis=1) instead. To get a de-fragmented frame, use `newframe = frame.copy()`
  dataframe[f"dc_hi_{n}"] = dataframe["high"].rolling(n).max().shift(1)
/freqtrade/user_data/strategies/TrendVolTarget.py:50: PerformanceWarning: DataFrame is highly fragmented.  This is usually the result of calling `frame.insert` many times, which has poor performance.  Consider joining all columns at once using pd.concat(axis=1) instead. To get a de-fragmented frame, use `newframe = frame.copy()`
  dataframe[f"dc_hi_{n}"] = dataframe["high"].rolling(n).max().shift(1)
/freqtrade/user_data/strategies/TrendVolTarget.py:50: PerformanceWarning: DataFrame is highly fragmented.  This is usually the result of calling `frame.insert` many times, which has poor performance.  Consider joining all columns at once using pd.concat(axis=1) instead. To get a de-fragmented frame, use `newframe = frame.copy()`
  dataframe[f"dc_hi_{n}"] = dataframe["high"].rolling(n).max().shift(1)
/freqtrade/user_data/strategies/TrendVolTarget.py:50: PerformanceWarning: DataFrame is highly fragmented.  This is usually the result of calling `frame.insert` many times, which has poor performance.  Consider joining all columns at once using pd.concat(axis=1) instead. To get a de-fragmented frame, use `newframe = frame.copy()`
  dataframe[f"dc_hi_{n}"] = dataframe["high"].rolling(n).max().shift(1)
/freqtrade/user_data/strategies/TrendVolTarget.py:50: PerformanceWarning: DataFrame is highly fragmented.  This is usually the result of calling `frame.insert` many times, which has poor performance.  Consider joining all columns at once using pd.concat(axis=1) instead. To get a de-fragmented frame, use `newframe = frame.copy()`
  dataframe[f"dc_hi_{n}"] = dataframe["high"].rolling(n).max().shift(1)
/freqtrade/user_data/strategies/TrendVolTarget.py:50: PerformanceWarning: DataFrame is highly fragmented.  This is usually the result of calling `frame.insert` many times, which has poor performance.  Consider joining all columns at once using pd.concat(axis=1) instead. To get a de-fragmented frame, use `newframe = frame.copy()`
  dataframe[f"dc_hi_{n}"] = dataframe["high"].rolling(n).max().shift(1)
/freqtrade/user_data/strategies/TrendVolTarget.py:50: PerformanceWarning: DataFrame is highly fragmented.  This is usually the result of calling `frame.insert` many times, which has poor performance.  Consider joining all columns at once using pd.concat(axis=1) instead. To get a de-fragmented frame, use `newframe = frame.copy()`
  dataframe[f"dc_hi_{n}"] = dataframe["high"].rolling(n).max().shift(1)
/freqtrade/user_data/strategies/TrendVolTarget.py:50: PerformanceWarning: DataFrame is highly fragmented.  This is usually the result of calling `frame.insert` many times, which has poor performance.  Consider joining all columns at once using pd.concat(axis=1) instead. To get a de-fragmented frame, use `newframe = frame.copy()`
  dataframe[f"dc_hi_{n}"] = dataframe["high"].rolling(n).max().shift(1)
/freqtrade/user_data/strategies/TrendVolTarget.py:50: PerformanceWarning: DataFrame is highly fragmented.  This is usually the result of calling `frame.insert` many times, which has poor performance.  Consider joining all columns at once using pd.concat(axis=1) instead. To get a de-fragmented frame, use `newframe = frame.copy()`
  dataframe[f"dc_hi_{n}"] = dataframe["high"].rolling(n).max().shift(1)
/freqtrade/user_data/strategies/TrendVolTarget.py:50: PerformanceWarning: DataFrame is highly fragmented.  This is usually the result of calling `frame.insert` many times, which has poor performance.  Consider joining all columns at once using pd.concat(axis=1) instead. To get a de-fragmented frame, use `newframe = frame.copy()`
  dataframe[f"dc_hi_{n}"] = dataframe["high"].rolling(n).max().shift(1)
/freqtrade/user_data/strategies/TrendVolTarget.py:50: PerformanceWarning: DataFrame is highly fragmented.  This is usually the result of calling `frame.insert` many times, which has poor performance.  Consider joining all columns at once using pd.concat(axis=1) instead. To get a de-fragmented frame, use `newframe = frame.copy()`
  dataframe[f"dc_hi_{n}"] = dataframe["high"].rolling(n).max().shift(1)
/freqtrade/user_data/strategies/TrendVolTarget.py:50: PerformanceWarning: DataFrame is highly fragmented.  This is usually the result of calling `frame.insert` many times, which has poor performance.  Consider joining all columns at once using pd.concat(axis=1) instead. To get a de-fragmented frame, use `newframe = frame.copy()`
  dataframe[f"dc_hi_{n}"] = dataframe["high"].rolling(n).max().shift(1)
/freqtrade/user_data/strategies/TrendVolTarget.py:50: PerformanceWarning: DataFrame is highly fragmented.  This is usually the result of calling `frame.insert` many times, which has poor performance.  Consider joining all columns at once using pd.concat(axis=1) instead. To get a de-fragmented frame, use `newframe = frame.copy()`
  dataframe[f"dc_hi_{n}"] = dataframe["high"].rolling(n).max().shift(1)
/freqtrade/user_data/strategies/TrendVolTarget.py:50: PerformanceWarning: DataFrame is highly fragmented.  This is usually the result of calling `frame.insert` many times, which has poor performance.  Consider joining all columns at once using pd.concat(axis=1) instead. To get a de-fragmented frame, use `newframe = frame.copy()`
  dataframe[f"dc_hi_{n}"] = dataframe["high"].rolling(n).max().shift(1)
/freqtrade/user_data/strategies/TrendVolTarget.py:50: PerformanceWarning: DataFrame is highly fragmented.  This is usually the result of calling `frame.insert` many times, which has poor performance.  Consider joining all columns at once using pd.concat(axis=1) instead. To get a de-fragmented frame, use `newframe = frame.copy()`
  dataframe[f"dc_hi_{n}"] = dataframe["high"].rolling(n).max().shift(1)
/freqtrade/user_data/strategies/TrendVolTarget.py:50: PerformanceWarning: DataFrame is highly fragmented.  This is usually the result of calling `frame.insert` many times, which has poor performance.  Consider joining all columns at once using pd.concat(axis=1) instead. To get a de-fragmented frame, use `newframe = frame.copy()`
  dataframe[f"dc_hi_{n}"] = dataframe["high"].rolling(n).max().shift(1)
/freqtrade/user_data/strategies/TrendVolTarget.py:50: PerformanceWarning: DataFrame is highly fragmented.  This is usually the result of calling `frame.insert` many times, which has poor performance.  Consider joining all columns at once using pd.concat(axis=1) instead. To get a de-fragmented frame, use `newframe = frame.copy()`
  dataframe[f"dc_hi_{n}"] = dataframe["high"].rolling(n).max().shift(1)
/freqtrade/user_data/strategies/TrendVolTarget.py:50: PerformanceWarning: DataFrame is highly fragmented.  This is usually the result of calling `frame.insert` many times, which has poor performance.  Consider joining all columns at once using pd.concat(axis=1) instead. To get a de-fragmented frame, use `newframe = frame.copy()`
  dataframe[f"dc_hi_{n}"] = dataframe["high"].rolling(n).max().shift(1)
/freqtrade/user_data/strategies/TrendVolTarget.py:50: PerformanceWarning: DataFrame is highly fragmented.  This is usually the result of calling `frame.insert` many times, which has poor performance.  Consider joining all columns at once using pd.concat(axis=1) instead. To get a de-fragmented frame, use `newframe = frame.copy()`
  dataframe[f"dc_hi_{n}"] = dataframe["high"].rolling(n).max().shift(1)
/freqtrade/user_data/strategies/TrendVolTarget.py:50: PerformanceWarning: DataFrame is highly fragmented.  This is usually the result of calling `frame.insert` many times, which has poor performance.  Consider joining all columns at once using pd.concat(axis=1) instead. To get a de-fragmented frame, use `newframe = frame.copy()`
  dataframe[f"dc_hi_{n}"] = dataframe["high"].rolling(n).max().shift(1)
/freqtrade/user_data/strategies/TrendVolTarget.py:50: PerformanceWarning: DataFrame is highly fragmented.  This is usually the result of calling `frame.insert` many times, which has poor performance.  Consider joining all columns at once using pd.concat(axis=1) instead. To get a de-fragmented frame, use `newframe = frame.copy()`
  dataframe[f"dc_hi_{n}"] = dataframe["high"].rolling(n).max().shift(1)
/freqtrade/user_data/strategies/TrendVolTarget.py:50: PerformanceWarning: DataFrame is highly fragmented.  This is usually the result of calling `frame.insert` many times, which has poor performance.  Consider joining all columns at once using pd.concat(axis=1) instead. To get a de-fragmented frame, use `newframe = frame.copy()`
  dataframe[f"dc_hi_{n}"] = dataframe["high"].rolling(n).max().shift(1)
/freqtrade/user_data/strategies/TrendVolTarget.py:50: PerformanceWarning: DataFrame is highly fragmented.  This is usually the result of calling `frame.insert` many times, which has poor performance.  Consider joining all columns at once using pd.concat(axis=1) instead. To get a de-fragmented frame, use `newframe = frame.copy()`
  dataframe[f"dc_hi_{n}"] = dataframe["high"].rolling(n).max().shift(1)
/freqtrade/user_data/strategies/TrendVolTarget.py:50: PerformanceWarning: DataFrame is highly fragmented.  This is usually the result of calling `frame.insert` many times, which has poor performance.  Consider joining all columns at once using pd.concat(axis=1) instead. To get a de-fragmented frame, use `newframe = frame.copy()`
  dataframe[f"dc_hi_{n}"] = dataframe["high"].rolling(n).max().shift(1)
/freqtrade/user_data/strategies/TrendVolTarget.py:50: PerformanceWarning: DataFrame is highly fragmented.  This is usually the result of calling `frame.insert` many times, which has poor performance.  Consider joining all columns at once using pd.concat(axis=1) instead. To get a de-fragmented frame, use `newframe = frame.copy()`
  dataframe[f"dc_hi_{n}"] = dataframe["high"].rolling(n).max().shift(1)
/freqtrade/user_data/strategies/TrendVolTarget.py:50: PerformanceWarning: DataFrame is highly fragmented.  This is usually the result of calling `frame.insert` many times, which has poor performance.  Consider joining all columns at once using pd.concat(axis=1) instead. To get a de-fragmented frame, use `newframe = frame.copy()`
  dataframe[f"dc_hi_{n}"] = dataframe["high"].rolling(n).max().shift(1)
/freqtrade/user_data/strategies/TrendVolTarget.py:50: PerformanceWarning: DataFrame is highly fragmented.  This is usually the result of calling `frame.insert` many times, which has poor performance.  Consider joining all columns at once using pd.concat(axis=1) instead. To get a de-fragmented frame, use `newframe = frame.copy()`
  dataframe[f"dc_hi_{n}"] = dataframe["high"].rolling(n).max().shift(1)
/freqtrade/user_data/strategies/TrendVolTarget.py:50: PerformanceWarning: DataFrame is highly fragmented.  This is usually the result of calling `frame.insert` many times, which has poor performance.  Consider joining all columns at once using pd.concat(axis=1) instead. To get a de-fragmented frame, use `newframe = frame.copy()`
  dataframe[f"dc_hi_{n}"] = dataframe["high"].rolling(n).max().shift(1)
/freqtrade/user_data/strategies/TrendVolTarget.py:50: PerformanceWarning: DataFrame is highly fragmented.  This is usually the result of calling `frame.insert` many times, which has poor performance.  Consider joining all columns at once using pd.concat(axis=1) instead. To get a de-fragmented frame, use `newframe = frame.copy()`
  dataframe[f"dc_hi_{n}"] = dataframe["high"].rolling(n).max().shift(1)
/freqtrade/user_data/strategies/TrendVolTarget.py:50: PerformanceWarning: DataFrame is highly fragmented.  This is usually the result of calling `frame.insert` many times, which has poor performance.  Consider joining all columns at once using pd.concat(axis=1) instead. To get a de-fragmented frame, use `newframe = frame.copy()`
  dataframe[f"dc_hi_{n}"] = dataframe["high"].rolling(n).max().shift(1)
/freqtrade/user_data/strategies/TrendVolTarget.py:50: PerformanceWarning: DataFrame is highly fragmented.  This is usually the result of calling `frame.insert` many times, which has poor performance.  Consider joining all columns at once using pd.concat(axis=1) instead. To get a de-fragmented frame, use `newframe = frame.copy()`
  dataframe[f"dc_hi_{n}"] = dataframe["high"].rolling(n).max().shift(1)
/freqtrade/user_data/strategies/TrendVolTarget.py:50: PerformanceWarning: DataFrame is highly fragmented.  This is usually the result of calling `frame.insert` many times, which has poor performance.  Consider joining all columns at once using pd.concat(axis=1) instead. To get a de-fragmented frame, use `newframe = frame.copy()`
  dataframe[f"dc_hi_{n}"] = dataframe["high"].rolling(n).max().shift(1)
/freqtrade/user_data/strategies/TrendVolTarget.py:50: PerformanceWarning: DataFrame is highly fragmented.  This is usually the result of calling `frame.insert` many times, which has poor performance.  Consider joining all columns at once using pd.concat(axis=1) instead. To get a de-fragmented frame, use `newframe = frame.copy()`
  dataframe[f"dc_hi_{n}"] = dataframe["high"].rolling(n).max().shift(1)
/freqtrade/user_data/strategies/TrendVolTarget.py:50: PerformanceWarning: DataFrame is highly fragmented.  This is usually the result of calling `frame.insert` many times, which has poor performance.  Consider joining all columns at once using pd.concat(axis=1) instead. To get a de-fragmented frame, use `newframe = frame.copy()`
  dataframe[f"dc_hi_{n}"] = dataframe["high"].rolling(n).max().shift(1)
/freqtrade/user_data/strategies/TrendVolTarget.py:50: PerformanceWarning: DataFrame is highly fragmented.  This is usually the result of calling `frame.insert` many times, which has poor performance.  Consider joining all columns at once using pd.concat(axis=1) instead. To get a de-fragmented frame, use `newframe = frame.copy()`
  dataframe[f"dc_hi_{n}"] = dataframe["high"].rolling(n).max().shift(1)
/freqtrade/user_data/strategies/TrendVolTarget.py:50: PerformanceWarning: DataFrame is highly fragmented.  This is usually the result of calling `frame.insert` many times, which has poor performance.  Consider joining all columns at once using pd.concat(axis=1) instead. To get a de-fragmented frame, use `newframe = frame.copy()`
  dataframe[f"dc_hi_{n}"] = dataframe["high"].rolling(n).max().shift(1)
/freqtrade/user_data/strategies/TrendVolTarget.py:50: PerformanceWarning: DataFrame is highly fragmented.  This is usually the result of calling `frame.insert` many times, which has poor performance.  Consider joining all columns at once using pd.concat(axis=1) instead. To get a de-fragmented frame, use `newframe = frame.copy()`
  dataframe[f"dc_hi_{n}"] = dataframe["high"].rolling(n).max().shift(1)
/freqtrade/user_data/strategies/TrendVolTarget.py:50: PerformanceWarning: DataFrame is highly fragmented.  This is usually the result of calling `frame.insert` many times, which has poor performance.  Consider joining all columns at once using pd.concat(axis=1) instead. To get a de-fragmented frame, use `newframe = frame.copy()`
  dataframe[f"dc_hi_{n}"] = dataframe["high"].rolling(n).max().shift(1)
/freqtrade/user_data/strategies/TrendVolTarget.py:50: PerformanceWarning: DataFrame is highly fragmented.  This is usually the result of calling `frame.insert` many times, which has poor performance.  Consider joining all columns at once using pd.concat(axis=1) instead. To get a de-fragmented frame, use `newframe = frame.copy()`
  dataframe[f"dc_hi_{n}"] = dataframe["high"].rolling(n).max().shift(1)
/freqtrade/user_data/strategies/TrendVolTarget.py:50: PerformanceWarning: DataFrame is highly fragmented.  This is usually the result of calling `frame.insert` many times, which has poor performance.  Consider joining all columns at once using pd.concat(axis=1) instead. To get a de-fragmented frame, use `newframe = frame.copy()`
  dataframe[f"dc_hi_{n}"] = dataframe["high"].rolling(n).max().shift(1)
/freqtrade/user_data/strategies/TrendVolTarget.py:50: PerformanceWarning: DataFrame is highly fragmented.  This is usually the result of calling `frame.insert` many times, which has poor performance.  Consider joining all columns at once using pd.concat(axis=1) instead. To get a de-fragmented frame, use `newframe = frame.copy()`
  dataframe[f"dc_hi_{n}"] = dataframe["high"].rolling(n).max().shift(1)
/freqtrade/user_data/strategies/TrendVolTarget.py:50: PerformanceWarning: DataFrame is highly fragmented.  This is usually the result of calling `frame.insert` many times, which has poor performance.  Consider joining all columns at once using pd.concat(axis=1) instead. To get a de-fragmented frame, use `newframe = frame.copy()`
  dataframe[f"dc_hi_{n}"] = dataframe["high"].rolling(n).max().shift(1)
/freqtrade/user_data/strategies/TrendVolTarget.py:50: PerformanceWarning: DataFrame is highly fragmented.  This is usually the result of calling `frame.insert` many times, which has poor performance.  Consider joining all columns at once using pd.concat(axis=1) instead. To get a de-fragmented frame, use `newframe = frame.copy()`
  dataframe[f"dc_hi_{n}"] = dataframe["high"].rolling(n).max().shift(1)
/freqtrade/user_data/strategies/TrendVolTarget.py:50: PerformanceWarning: DataFrame is highly fragmented.  This is usually the result of calling `frame.insert` many times, which has poor performance.  Consider joining all columns at once using pd.concat(axis=1) instead. To get a de-fragmented frame, use `newframe = frame.copy()`
  dataframe[f"dc_hi_{n}"] = dataframe["high"].rolling(n).max().shift(1)
/freqtrade/user_data/strategies/TrendVolTarget.py:50: PerformanceWarning: DataFrame is highly fragmented.  This is usually the result of calling `frame.insert` many times, which has poor performance.  Consider joining all columns at once using pd.concat(axis=1) instead. To get a de-fragmented frame, use `newframe = frame.copy()`
  dataframe[f"dc_hi_{n}"] = dataframe["high"].rolling(n).max().shift(1)
/freqtrade/user_data/strategies/TrendVolTarget.py:50: PerformanceWarning: DataFrame is highly fragmented.  This is usually the result of calling `frame.insert` many times, which has poor performance.  Consider joining all columns at once using pd.concat(axis=1) instead. To get a de-fragmented frame, use `newframe = frame.copy()`
  dataframe[f"dc_hi_{n}"] = dataframe["high"].rolling(n).max().shift(1)
/freqtrade/user_data/strategies/TrendVolTarget.py:50: PerformanceWarning: DataFrame is highly fragmented.  This is usually the result of calling `frame.insert` many times, which has poor performance.  Consider joining all columns at once using pd.concat(axis=1) instead. To get a de-fragmented frame, use `newframe = frame.copy()`
  dataframe[f"dc_hi_{n}"] = dataframe["high"].rolling(n).max().shift(1)
/freqtrade/user_data/strategies/TrendVolTarget.py:50: PerformanceWarning: DataFrame is highly fragmented.  This is usually the result of calling `frame.insert` many times, which has poor performance.  Consider joining all columns at once using pd.concat(axis=1) instead. To get a de-fragmented frame, use `newframe = frame.copy()`
  dataframe[f"dc_hi_{n}"] = dataframe["high"].rolling(n).max().shift(1)
/freqtrade/user_data/strategies/TrendVolTarget.py:50: PerformanceWarning: DataFrame is highly fragmented.  This is usually the result of calling `frame.insert` many times, which has poor performance.  Consider joining all columns at once using pd.concat(axis=1) instead. To get a de-fragmented frame, use `newframe = frame.copy()`
  dataframe[f"dc_hi_{n}"] = dataframe["high"].rolling(n).max().shift(1)
/freqtrade/user_data/strategies/TrendVolTarget.py:50: PerformanceWarning: DataFrame is highly fragmented.  This is usually the result of calling `frame.insert` many times, which has poor performance.  Consider joining all columns at once using pd.concat(axis=1) instead. To get a de-fragmented frame, use `newframe = frame.copy()`
  dataframe[f"dc_hi_{n}"] = dataframe["high"].rolling(n).max().shift(1)
/freqtrade/user_data/strategies/TrendVolTarget.py:50: PerformanceWarning: DataFrame is highly fragmented.  This is usually the result of calling `frame.insert` many times, which has poor performance.  Consider joining all columns at once using pd.concat(axis=1) instead. To get a de-fragmented frame, use `newframe = frame.copy()`
  dataframe[f"dc_hi_{n}"] = dataframe["high"].rolling(n).max().shift(1)
/freqtrade/user_data/strategies/TrendVolTarget.py:50: PerformanceWarning: DataFrame is highly fragmented.  This is usually the result of calling `frame.insert` many times, which has poor performance.  Consider joining all columns at once using pd.concat(axis=1) instead. To get a de-fragmented frame, use `newframe = frame.copy()`
  dataframe[f"dc_hi_{n}"] = dataframe["high"].rolling(n).max().shift(1)
/freqtrade/user_data/strategies/TrendVolTarget.py:50: PerformanceWarning: DataFrame is highly fragmented.  This is usually the result of calling `frame.insert` many times, which has poor performance.  Consider joining all columns at once using pd.concat(axis=1) instead. To get a de-fragmented frame, use `newframe = frame.copy()`
  dataframe[f"dc_hi_{n}"] = dataframe["high"].rolling(n).max().shift(1)
/freqtrade/user_data/strategies/TrendVolTarget.py:50: PerformanceWarning: DataFrame is highly fragmented.  This is usually the result of calling `frame.insert` many times, which has poor performance.  Consider joining all columns at once using pd.concat(axis=1) instead. To get a de-fragmented frame, use `newframe = frame.copy()`
  dataframe[f"dc_hi_{n}"] = dataframe["high"].rolling(n).max().shift(1)
/freqtrade/user_data/strategies/TrendVolTarget.py:50: PerformanceWarning: DataFrame is highly fragmented.  This is usually the result of calling `frame.insert` many times, which has poor performance.  Consider joining all columns at once using pd.concat(axis=1) instead. To get a de-fragmented frame, use `newframe = frame.copy()`
  dataframe[f"dc_hi_{n}"] = dataframe["high"].rolling(n).max().shift(1)
/freqtrade/user_data/strategies/TrendVolTarget.py:50: PerformanceWarning: DataFrame is highly fragmented.  This is usually the result of calling `frame.insert` many times, which has poor performance.  Consider joining all columns at once using pd.concat(axis=1) instead. To get a de-fragmented frame, use `newframe = frame.copy()`
  dataframe[f"dc_hi_{n}"] = dataframe["high"].rolling(n).max().shift(1)
/freqtrade/user_data/strategies/TrendVolTarget.py:50: PerformanceWarning: DataFrame is highly fragmented.  This is usually the result of calling `frame.insert` many times, which has poor performance.  Consider joining all columns at once using pd.concat(axis=1) instead. To get a de-fragmented frame, use `newframe = frame.copy()`
  dataframe[f"dc_hi_{n}"] = dataframe["high"].rolling(n).max().shift(1)
/freqtrade/user_data/strategies/TrendVolTarget.py:50: PerformanceWarning: DataFrame is highly fragmented.  This is usually the result of calling `frame.insert` many times, which has poor performance.  Consider joining all columns at once using pd.concat(axis=1) instead. To get a de-fragmented frame, use `newframe = frame.copy()`
  dataframe[f"dc_hi_{n}"] = dataframe["high"].rolling(n).max().shift(1)
/freqtrade/user_data/strategies/TrendVolTarget.py:50: PerformanceWarning: DataFrame is highly fragmented.  This is usually the result of calling `frame.insert` many times, which has poor performance.  Consider joining all columns at once using pd.concat(axis=1) instead. To get a de-fragmented frame, use `newframe = frame.copy()`
  dataframe[f"dc_hi_{n}"] = dataframe["high"].rolling(n).max().shift(1)
/freqtrade/user_data/strategies/TrendVolTarget.py:50: PerformanceWarning: DataFrame is highly fragmented.  This is usually the result of calling `frame.insert` many times, which has poor performance.  Consider joining all columns at once using pd.concat(axis=1) instead. To get a de-fragmented frame, use `newframe = frame.copy()`
  dataframe[f"dc_hi_{n}"] = dataframe["high"].rolling(n).max().shift(1)
/freqtrade/user_data/strategies/TrendVolTarget.py:50: PerformanceWarning: DataFrame is highly fragmented.  This is usually the result of calling `frame.insert` many times, which has poor performance.  Consider joining all columns at once using pd.concat(axis=1) instead. To get a de-fragmented frame, use `newframe = frame.copy()`
  dataframe[f"dc_hi_{n}"] = dataframe["high"].rolling(n).max().shift(1)
/freqtrade/user_data/strategies/TrendVolTarget.py:50: PerformanceWarning: DataFrame is highly fragmented.  This is usually the result of calling `frame.insert` many times, which has poor performance.  Consider joining all columns at once using pd.concat(axis=1) instead. To get a de-fragmented frame, use `newframe = frame.copy()`
  dataframe[f"dc_hi_{n}"] = dataframe["high"].rolling(n).max().shift(1)
/freqtrade/user_data/strategies/TrendVolTarget.py:50: PerformanceWarning: DataFrame is highly fragmented.  This is usually the result of calling `frame.insert` many times, which has poor performance.  Consider joining all columns at once using pd.concat(axis=1) instead. To get a de-fragmented frame, use `newframe = frame.copy()`
  dataframe[f"dc_hi_{n}"] = dataframe["high"].rolling(n).max().shift(1)
/freqtrade/user_data/strategies/TrendVolTarget.py:50: PerformanceWarning: DataFrame is highly fragmented.  This is usually the result of calling `frame.insert` many times, which has poor performance.  Consider joining all columns at once using pd.concat(axis=1) instead. To get a de-fragmented frame, use `newframe = frame.copy()`
  dataframe[f"dc_hi_{n}"] = dataframe["high"].rolling(n).max().shift(1)
/freqtrade/user_data/strategies/TrendVolTarget.py:50: PerformanceWarning: DataFrame is highly fragmented.  This is usually the result of calling `frame.insert` many times, which has poor performance.  Consider joining all columns at once using pd.concat(axis=1) instead. To get a de-fragmented frame, use `newframe = frame.copy()`
  dataframe[f"dc_hi_{n}"] = dataframe["high"].rolling(n).max().shift(1)
/freqtrade/user_data/strategies/TrendVolTarget.py:50: PerformanceWarning: DataFrame is highly fragmented.  This is usually the result of calling `frame.insert` many times, which has poor performance.  Consider joining all columns at once using pd.concat(axis=1) instead. To get a de-fragmented frame, use `newframe = frame.copy()`
  dataframe[f"dc_hi_{n}"] = dataframe["high"].rolling(n).max().shift(1)
/freqtrade/user_data/strategies/TrendVolTarget.py:50: PerformanceWarning: DataFrame is highly fragmented.  This is usually the result of calling `frame.insert` many times, which has poor performance.  Consider joining all columns at once using pd.concat(axis=1) instead. To get a de-fragmented frame, use `newframe = frame.copy()`
  dataframe[f"dc_hi_{n}"] = dataframe["high"].rolling(n).max().shift(1)
/freqtrade/user_data/strategies/TrendVolTarget.py:50: PerformanceWarning: DataFrame is highly fragmented.  This is usually the result of calling `frame.insert` many times, which has poor performance.  Consider joining all columns at once using pd.concat(axis=1) instead. To get a de-fragmented frame, use `newframe = frame.copy()`
  dataframe[f"dc_hi_{n}"] = dataframe["high"].rolling(n).max().shift(1)
/freqtrade/user_data/strategies/TrendVolTarget.py:50: PerformanceWarning: DataFrame is highly fragmented.  This is usually the result of calling `frame.insert` many times, which has poor performance.  Consider joining all columns at once using pd.concat(axis=1) instead. To get a de-fragmented frame, use `newframe = frame.copy()`
  dataframe[f"dc_hi_{n}"] = dataframe["high"].rolling(n).max().shift(1)
/freqtrade/user_data/strategies/TrendVolTarget.py:50: PerformanceWarning: DataFrame is highly fragmented.  This is usually the result of calling `frame.insert` many times, which has poor performance.  Consider joining all columns at once using pd.concat(axis=1) instead. To get a de-fragmented frame, use `newframe = frame.copy()`
  dataframe[f"dc_hi_{n}"] = dataframe["high"].rolling(n).max().shift(1)
/freqtrade/user_data/strategies/TrendVolTarget.py:50: PerformanceWarning: DataFrame is highly fragmented.  This is usually the result of calling `frame.insert` many times, which has poor performance.  Consider joining all columns at once using pd.concat(axis=1) instead. To get a de-fragmented frame, use `newframe = frame.copy()`
  dataframe[f"dc_hi_{n}"] = dataframe["high"].rolling(n).max().shift(1)
/freqtrade/user_data/strategies/TrendVolTarget.py:50: PerformanceWarning: DataFrame is highly fragmented.  This is usually the result of calling `frame.insert` many times, which has poor performance.  Consider joining all columns at once using pd.concat(axis=1) instead. To get a de-fragmented frame, use `newframe = frame.copy()`
  dataframe[f"dc_hi_{n}"] = dataframe["high"].rolling(n).max().shift(1)
/freqtrade/user_data/strategies/TrendVolTarget.py:50: PerformanceWarning: DataFrame is highly fragmented.  This is usually the result of calling `frame.insert` many times, which has poor performance.  Consider joining all columns at once using pd.concat(axis=1) instead. To get a de-fragmented frame, use `newframe = frame.copy()`
  dataframe[f"dc_hi_{n}"] = dataframe["high"].rolling(n).max().shift(1)
/freqtrade/user_data/strategies/TrendVolTarget.py:50: PerformanceWarning: DataFrame is highly fragmented.  This is usually the result of calling `frame.insert` many times, which has poor performance.  Consider joining all columns at once using pd.concat(axis=1) instead. To get a de-fragmented frame, use `newframe = frame.copy()`
  dataframe[f"dc_hi_{n}"] = dataframe["high"].rolling(n).max().shift(1)
/freqtrade/user_data/strategies/TrendVolTarget.py:50: PerformanceWarning: DataFrame is highly fragmented.  This is usually the result of calling `frame.insert` many times, which has poor performance.  Consider joining all columns at once using pd.concat(axis=1) instead. To get a de-fragmented frame, use `newframe = frame.copy()`
  dataframe[f"dc_hi_{n}"] = dataframe["high"].rolling(n).max().shift(1)
/freqtrade/user_data/strategies/TrendVolTarget.py:50: PerformanceWarning: DataFrame is highly fragmented.  This is usually the result of calling `frame.insert` many times, which has poor performance.  Consider joining all columns at once using pd.concat(axis=1) instead. To get a de-fragmented frame, use `newframe = frame.copy()`
  dataframe[f"dc_hi_{n}"] = dataframe["high"].rolling(n).max().shift(1)
/freqtrade/user_data/strategies/TrendVolTarget.py:50: PerformanceWarning: DataFrame is highly fragmented.  This is usually the result of calling `frame.insert` many times, which has poor performance.  Consider joining all columns at once using pd.concat(axis=1) instead. To get a de-fragmented frame, use `newframe = frame.copy()`
  dataframe[f"dc_hi_{n}"] = dataframe["high"].rolling(n).max().shift(1)
/freqtrade/user_data/strategies/TrendVolTarget.py:50: PerformanceWarning: DataFrame is highly fragmented.  This is usually the result of calling `frame.insert` many times, which has poor performance.  Consider joining all columns at once using pd.concat(axis=1) instead. To get a de-fragmented frame, use `newframe = frame.copy()`
  dataframe[f"dc_hi_{n}"] = dataframe["high"].rolling(n).max().shift(1)
/freqtrade/user_data/strategies/TrendVolTarget.py:50: PerformanceWarning: DataFrame is highly fragmented.  This is usually the result of calling `frame.insert` many times, which has poor performance.  Consider joining all columns at once using pd.concat(axis=1) instead. To get a de-fragmented frame, use `newframe = frame.copy()`
  dataframe[f"dc_hi_{n}"] = dataframe["high"].rolling(n).max().shift(1)
/freqtrade/user_data/strategies/TrendVolTarget.py:50: PerformanceWarning: DataFrame is highly fragmented.  This is usually the result of calling `frame.insert` many times, which has poor performance.  Consider joining all columns at once using pd.concat(axis=1) instead. To get a de-fragmented frame, use `newframe = frame.copy()`
  dataframe[f"dc_hi_{n}"] = dataframe["high"].rolling(n).max().shift(1)
/freqtrade/user_data/strategies/TrendVolTarget.py:50: PerformanceWarning: DataFrame is highly fragmented.  This is usually the result of calling `frame.insert` many times, which has poor performance.  Consider joining all columns at once using pd.concat(axis=1) instead. To get a de-fragmented frame, use `newframe = frame.copy()`
  dataframe[f"dc_hi_{n}"] = dataframe["high"].rolling(n).max().shift(1)
/freqtrade/user_data/strategies/TrendVolTarget.py:50: PerformanceWarning: DataFrame is highly fragmented.  This is usually the result of calling `frame.insert` many times, which has poor performance.  Consider joining all columns at once using pd.concat(axis=1) instead. To get a de-fragmented frame, use `newframe = frame.copy()`
  dataframe[f"dc_hi_{n}"] = dataframe["high"].rolling(n).max().shift(1)
/freqtrade/user_data/strategies/TrendVolTarget.py:50: PerformanceWarning: DataFrame is highly fragmented.  This is usually the result of calling `frame.insert` many times, which has poor performance.  Consider joining all columns at once using pd.concat(axis=1) instead. To get a de-fragmented frame, use `newframe = frame.copy()`
  dataframe[f"dc_hi_{n}"] = dataframe["high"].rolling(n).max().shift(1)
/freqtrade/user_data/strategies/TrendVolTarget.py:53: PerformanceWarning: DataFrame is highly fragmented.  This is usually the result of calling `frame.insert` many times, which has poor performance.  Consider joining all columns at once using pd.concat(axis=1) instead. To get a de-fragmented frame, use `newframe = frame.copy()`
  dataframe["sma_f"] = ta.SMA(dataframe, timeperiod=60)
/freqtrade/user_data/strategies/TrendVolTarget.py:54: PerformanceWarning: DataFrame is highly fragmented.  This is usually the result of calling `frame.insert` many times, which has poor performance.  Consider joining all columns at once using pd.concat(axis=1) instead. To get a de-fragmented frame, use `newframe = frame.copy()`
  dataframe["sma_s"] = ta.SMA(dataframe, timeperiod=240)
/freqtrade/user_data/strategies/TrendVolTarget.py:56: PerformanceWarning: DataFrame is highly fragmented.  This is usually the result of calling `frame.insert` many times, which has poor performance.  Consider joining all columns at once using pd.concat(axis=1) instead. To get a de-fragmented frame, use `newframe = frame.copy()`
  dataframe["rvol"] = dataframe["close"].pct_change().rolling(90).std() * np.sqrt(6 * 365)
/freqtrade/user_data/strategies/TrendVolTarget.py:50: PerformanceWarning: DataFrame is highly fragmented.  This is usually the result of calling `frame.insert` many times, which has poor performance.  Consider joining all columns at once using pd.concat(axis=1) instead. To get a de-fragmented frame, use `newframe = frame.copy()`
  dataframe[f"dc_hi_{n}"] = dataframe["high"].rolling(n).max().shift(1)
/freqtrade/user_data/strategies/TrendVolTarget.py:50: PerformanceWarning: DataFrame is highly fragmented.  This is usually the result of calling `frame.insert` many times, which has poor performance.  Consider joining all columns at once using pd.concat(axis=1) instead. To get a de-fragmented frame, use `newframe = frame.copy()`
  dataframe[f"dc_hi_{n}"] = dataframe["high"].rolling(n).max().shift(1)
/freqtrade/user_data/strategies/TrendVolTarget.py:50: PerformanceWarning: DataFrame is highly fragmented.  This is usually the result of calling `frame.insert` many times, which has poor performance.  Consider joining all columns at once using pd.concat(axis=1) instead. To get a de-fragmented frame, use `newframe = frame.copy()`
  dataframe[f"dc_hi_{n}"] = dataframe["high"].rolling(n).max().shift(1)
/freqtrade/user_data/strategies/TrendVolTarget.py:50: PerformanceWarning: DataFrame is highly fragmented.  This is usually the result of calling `frame.insert` many times, which has poor performance.  Consider joining all columns at once using pd.concat(axis=1) instead. To get a de-fragmented frame, use `newframe = frame.copy()`
  dataframe[f"dc_hi_{n}"] = dataframe["high"].rolling(n).max().shift(1)
/freqtrade/user_data/strategies/TrendVolTarget.py:50: PerformanceWarning: DataFrame is highly fragmented.  This is usually the result of calling `frame.insert` many times, which has poor performance.  Consider joining all columns at once using pd.concat(axis=1) instead. To get a de-fragmented frame, use `newframe = frame.copy()`
  dataframe[f"dc_hi_{n}"] = dataframe["high"].rolling(n).max().shift(1)
/freqtrade/user_data/strategies/TrendVolTarget.py:50: PerformanceWarning: DataFrame is highly fragmented.  This is usually the result of calling `frame.insert` many times, which has poor performance.  Consider joining all columns at once using pd.concat(axis=1) instead. To get a de-fragmented frame, use `newframe = frame.copy()`
  dataframe[f"dc_hi_{n}"] = dataframe["high"].rolling(n).max().shift(1)
/freqtrade/user_data/strategies/TrendVolTarget.py:50: PerformanceWarning: DataFrame is highly fragmented.  This is usually the result of calling `frame.insert` many times, which has poor performance.  Consider joining all columns at once using pd.concat(axis=1) instead. To get a de-fragmented frame, use `newframe = frame.copy()`
  dataframe[f"dc_hi_{n}"] = dataframe["high"].rolling(n).max().shift(1)
/freqtrade/user_data/strategies/TrendVolTarget.py:50: PerformanceWarning: DataFrame is highly fragmented.  This is usually the result of calling `frame.insert` many times, which has poor performance.  Consider joining all columns at once using pd.concat(axis=1) instead. To get a de-fragmented frame, use `newframe = frame.copy()`
  dataframe[f"dc_hi_{n}"] = dataframe["high"].rolling(n).max().shift(1)
/freqtrade/user_data/strategies/TrendVolTarget.py:50: PerformanceWarning: DataFrame is highly fragmented.  This is usually the result of calling `frame.insert` many times, which has poor performance.  Consider joining all columns at once using pd.concat(axis=1) instead. To get a de-fragmented frame, use `newframe = frame.copy()`
  dataframe[f"dc_hi_{n}"] = dataframe["high"].rolling(n).max().shift(1)
/freqtrade/user_data/strategies/TrendVolTarget.py:50: PerformanceWarning: DataFrame is highly fragmented.  This is usually the result of calling `frame.insert` many times, which has poor performance.  Consider joining all columns at once using pd.concat(axis=1) instead. To get a de-fragmented frame, use `newframe = frame.copy()`
  dataframe[f"dc_hi_{n}"] = dataframe["high"].rolling(n).max().shift(1)
/freqtrade/user_data/strategies/TrendVolTarget.py:50: PerformanceWarning: DataFrame is highly fragmented.  This is usually the result of calling `frame.insert` many times, which has poor performance.  Consider joining all columns at once using pd.concat(axis=1) instead. To get a de-fragmented frame, use `newframe = frame.copy()`
  dataframe[f"dc_hi_{n}"] = dataframe["high"].rolling(n).max().shift(1)
/freqtrade/user_data/strategies/TrendVolTarget.py:50: PerformanceWarning: DataFrame is highly fragmented.  This is usually the result of calling `frame.insert` many times, which has poor performance.  Consider joining all columns at once using pd.concat(axis=1) instead. To get a de-fragmented frame, use `newframe = frame.copy()`
  dataframe[f"dc_hi_{n}"] = dataframe["high"].rolling(n).max().shift(1)
/freqtrade/user_data/strategies/TrendVolTarget.py:50: PerformanceWarning: DataFrame is highly fragmented.  This is usually the result of calling `frame.insert` many times, which has poor performance.  Consider joining all columns at once using pd.concat(axis=1) instead. To get a de-fragmented frame, use `newframe = frame.copy()`
  dataframe[f"dc_hi_{n}"] = dataframe["high"].rolling(n).max().shift(1)
/freqtrade/user_data/strategies/TrendVolTarget.py:50: PerformanceWarning: DataFrame is highly fragmented.  This is usually the result of calling `frame.insert` many times, which has poor performance.  Consider joining all columns at once using pd.concat(axis=1) instead. To get a de-fragmented frame, use `newframe = frame.copy()`
  dataframe[f"dc_hi_{n}"] = dataframe["high"].rolling(n).max().shift(1)
/freqtrade/user_data/strategies/TrendVolTarget.py:50: PerformanceWarning: DataFrame is highly fragmented.  This is usually the result of calling `frame.insert` many times, which has poor performance.  Consider joining all columns at once using pd.concat(axis=1) instead. To get a de-fragmented frame, use `newframe = frame.copy()`
  dataframe[f"dc_hi_{n}"] = dataframe["high"].rolling(n).max().shift(1)
/freqtrade/user_data/strategies/TrendVolTarget.py:50: PerformanceWarning: DataFrame is highly fragmented.  This is usually the result of calling `frame.insert` many times, which has poor performance.  Consider joining all columns at once using pd.concat(axis=1) instead. To get a de-fragmented frame, use `newframe = frame.copy()`
  dataframe[f"dc_hi_{n}"] = dataframe["high"].rolling(n).max().shift(1)
/freqtrade/user_data/strategies/TrendVolTarget.py:50: PerformanceWarning: DataFrame is highly fragmented.  This is usually the result of calling `frame.insert` many times, which has poor performance.  Consider joining all columns at once using pd.concat(axis=1) instead. To get a de-fragmented frame, use `newframe = frame.copy()`
  dataframe[f"dc_hi_{n}"] = dataframe["high"].rolling(n).max().shift(1)
/freqtrade/user_data/strategies/TrendVolTarget.py:50: PerformanceWarning: DataFrame is highly fragmented.  This is usually the result of calling `frame.insert` many times, which has poor performance.  Consider joining all columns at once using pd.concat(axis=1) instead. To get a de-fragmented frame, use `newframe = frame.copy()`
  dataframe[f"dc_hi_{n}"] = dataframe["high"].rolling(n).max().shift(1)
/freqtrade/user_data/strategies/TrendVolTarget.py:50: PerformanceWarning: DataFrame is highly fragmented.  This is usually the result of calling `frame.insert` many times, which has poor performance.  Consider joining all columns at once using pd.concat(axis=1) instead. To get a de-fragmented frame, use `newframe = frame.copy()`
  dataframe[f"dc_hi_{n}"] = dataframe["high"].rolling(n).max().shift(1)
/freqtrade/user_data/strategies/TrendVolTarget.py:50: PerformanceWarning: DataFrame is highly fragmented.  This is usually the result of calling `frame.insert` many times, which has poor performance.  Consider joining all columns at once using pd.concat(axis=1) instead. To get a de-fragmented frame, use `newframe = frame.copy()`
  dataframe[f"dc_hi_{n}"] = dataframe["high"].rolling(n).max().shift(1)
/freqtrade/user_data/strategies/TrendVolTarget.py:50: PerformanceWarning: DataFrame is highly fragmented.  This is usually the result of calling `frame.insert` many times, which has poor performance.  Consider joining all columns at once using pd.concat(axis=1) instead. To get a de-fragmented frame, use `newframe = frame.copy()`
  dataframe[f"dc_hi_{n}"] = dataframe["high"].rolling(n).max().shift(1)
/freqtrade/user_data/strategies/TrendVolTarget.py:50: PerformanceWarning: DataFrame is highly fragmented.  This is usually the result of calling `frame.insert` many times, which has poor performance.  Consider joining all columns at once using pd.concat(axis=1) instead. To get a de-fragmented frame, use `newframe = frame.copy()`
  dataframe[f"dc_hi_{n}"] = dataframe["high"].rolling(n).max().shift(1)
/freqtrade/user_data/strategies/TrendVolTarget.py:50: PerformanceWarning: DataFrame is highly fragmented.  This is usually the result of calling `frame.insert` many times, which has poor performance.  Consider joining all columns at once using pd.concat(axis=1) instead. To get a de-fragmented frame, use `newframe = frame.copy()`
  dataframe[f"dc_hi_{n}"] = dataframe["high"].rolling(n).max().shift(1)
/freqtrade/user_data/strategies/TrendVolTarget.py:50: PerformanceWarning: DataFrame is highly fragmented.  This is usually the result of calling `frame.insert` many times, which has poor performance.  Consider joining all columns at once using pd.concat(axis=1) instead. To get a de-fragmented frame, use `newframe = frame.copy()`
  dataframe[f"dc_hi_{n}"] = dataframe["high"].rolling(n).max().shift(1)
/freqtrade/user_data/strategies/TrendVolTarget.py:50: PerformanceWarning: DataFrame is highly fragmented.  This is usually the result of calling `frame.insert` many times, which has poor performance.  Consider joining all columns at once using pd.concat(axis=1) instead. To get a de-fragmented frame, use `newframe = frame.copy()`
  dataframe[f"dc_hi_{n}"] = dataframe["high"].rolling(n).max().shift(1)
/freqtrade/user_data/strategies/TrendVolTarget.py:50: PerformanceWarning: DataFrame is highly fragmented.  This is usually the result of calling `frame.insert` many times, which has poor performance.  Consider joining all columns at once using pd.concat(axis=1) instead. To get a de-fragmented frame, use `newframe = frame.copy()`
  dataframe[f"dc_hi_{n}"] = dataframe["high"].rolling(n).max().shift(1)
/freqtrade/user_data/strategies/TrendVolTarget.py:50: PerformanceWarning: DataFrame is highly fragmented.  This is usually the result of calling `frame.insert` many times, which has poor performance.  Consider joining all columns at once using pd.concat(axis=1) instead. To get a de-fragmented frame, use `newframe = frame.copy()`
  dataframe[f"dc_hi_{n}"] = dataframe["high"].rolling(n).max().shift(1)
/freqtrade/user_data/strategies/TrendVolTarget.py:50: PerformanceWarning: DataFrame is highly fragmented.  This is usually the result of calling `frame.insert` many times, which has poor performance.  Consider joining all columns at once using pd.concat(axis=1) instead. To get a de-fragmented frame, use `newframe = frame.copy()`
  dataframe[f"dc_hi_{n}"] = dataframe["high"].rolling(n).max().shift(1)
/freqtrade/user_data/strategies/TrendVolTarget.py:50: PerformanceWarning: DataFrame is highly fragmented.  This is usually the result of calling `frame.insert` many times, which has poor performance.  Consider joining all columns at once using pd.concat(axis=1) instead. To get a de-fragmented frame, use `newframe = frame.copy()`
  dataframe[f"dc_hi_{n}"] = dataframe["high"].rolling(n).max().shift(1)
/freqtrade/user_data/strategies/TrendVolTarget.py:50: PerformanceWarning: DataFrame is highly fragmented.  This is usually the result of calling `frame.insert` many times, which has poor performance.  Consider joining all columns at once using pd.concat(axis=1) instead. To get a de-fragmented frame, use `newframe = frame.copy()`
  dataframe[f"dc_hi_{n}"] = dataframe["high"].rolling(n).max().shift(1)
/freqtrade/user_data/strategies/TrendVolTarget.py:50: PerformanceWarning: DataFrame is highly fragmented.  This is usually the result of calling `frame.insert` many times, which has poor performance.  Consider joining all columns at once using pd.concat(axis=1) instead. To get a de-fragmented frame, use `newframe = frame.copy()`
  dataframe[f"dc_hi_{n}"] = dataframe["high"].rolling(n).max().shift(1)
/freqtrade/user_data/strategies/TrendVolTarget.py:50: PerformanceWarning: DataFrame is highly fragmented.  This is usually the result of calling `frame.insert` many times, which has poor performance.  Consider joining all columns at once using pd.concat(axis=1) instead. To get a de-fragmented frame, use `newframe = frame.copy()`
  dataframe[f"dc_hi_{n}"] = dataframe["high"].rolling(n).max().shift(1)
/freqtrade/user_data/strategies/TrendVolTarget.py:50: PerformanceWarning: DataFrame is highly fragmented.  This is usually the result of calling `frame.insert` many times, which has poor performance.  Consider joining all columns at once using pd.concat(axis=1) instead. To get a de-fragmented frame, use `newframe = frame.copy()`
  dataframe[f"dc_hi_{n}"] = dataframe["high"].rolling(n).max().shift(1)
/freqtrade/user_data/strategies/TrendVolTarget.py:50: PerformanceWarning: DataFrame is highly fragmented.  This is usually the result of calling `frame.insert` many times, which has poor performance.  Consider joining all columns at once using pd.concat(axis=1) instead. To get a de-fragmented frame, use `newframe = frame.copy()`
  dataframe[f"dc_hi_{n}"] = dataframe["high"].rolling(n).max().shift(1)
/freqtrade/user_data/strategies/TrendVolTarget.py:50: PerformanceWarning: DataFrame is highly fragmented.  This is usually the result of calling `frame.insert` many times, which has poor performance.  Consider joining all columns at once using pd.concat(axis=1) instead. To get a de-fragmented frame, use `newframe = frame.copy()`
  dataframe[f"dc_hi_{n}"] = dataframe["high"].rolling(n).max().shift(1)
/freqtrade/user_data/strategies/TrendVolTarget.py:50: PerformanceWarning: DataFrame is highly fragmented.  This is usually the result of calling `frame.insert` many times, which has poor performance.  Consider joining all columns at once using pd.concat(axis=1) instead. To get a de-fragmented frame, use `newframe = frame.copy()`
  dataframe[f"dc_hi_{n}"] = dataframe["high"].rolling(n).max().shift(1)
/freqtrade/user_data/strategies/TrendVolTarget.py:50: PerformanceWarning: DataFrame is highly fragmented.  This is usually the result of calling `frame.insert` many times, which has poor performance.  Consider joining all columns at once using pd.concat(axis=1) instead. To get a de-fragmented frame, use `newframe = frame.copy()`
  dataframe[f"dc_hi_{n}"] = dataframe["high"].rolling(n).max().shift(1)
/freqtrade/user_data/strategies/TrendVolTarget.py:50: PerformanceWarning: DataFrame is highly fragmented.  This is usually the result of calling `frame.insert` many times, which has poor performance.  Consider joining all columns at once using pd.concat(axis=1) instead. To get a de-fragmented frame, use `newframe = frame.copy()`
  dataframe[f"dc_hi_{n}"] = dataframe["high"].rolling(n).max().shift(1)
/freqtrade/user_data/strategies/TrendVolTarget.py:50: PerformanceWarning: DataFrame is highly fragmented.  This is usually the result of calling `frame.insert` many times, which has poor performance.  Consider joining all columns at once using pd.concat(axis=1) instead. To get a de-fragmented frame, use `newframe = frame.copy()`
  dataframe[f"dc_hi_{n}"] = dataframe["high"].rolling(n).max().shift(1)
/freqtrade/user_data/strategies/TrendVolTarget.py:50: PerformanceWarning: DataFrame is highly fragmented.  This is usually the result of calling `frame.insert` many times, which has poor performance.  Consider joining all columns at once using pd.concat(axis=1) instead. To get a de-fragmented frame, use `newframe = frame.copy()`
  dataframe[f"dc_hi_{n}"] = dataframe["high"].rolling(n).max().shift(1)
/freqtrade/user_data/strategies/TrendVolTarget.py:50: PerformanceWarning: DataFrame is highly fragmented.  This is usually the result of calling `frame.insert` many times, which has poor performance.  Consider joining all columns at once using pd.concat(axis=1) instead. To get a de-fragmented frame, use `newframe = frame.copy()`
  dataframe[f"dc_hi_{n}"] = dataframe["high"].rolling(n).max().shift(1)
/freqtrade/user_data/strategies/TrendVolTarget.py:50: PerformanceWarning: DataFrame is highly fragmented.  This is usually the result of calling `frame.insert` many times, which has poor performance.  Consider joining all columns at once using pd.concat(axis=1) instead. To get a de-fragmented frame, use `newframe = frame.copy()`
  dataframe[f"dc_hi_{n}"] = dataframe["high"].rolling(n).max().shift(1)
/freqtrade/user_data/strategies/TrendVolTarget.py:50: PerformanceWarning: DataFrame is highly fragmented.  This is usually the result of calling `frame.insert` many times, which has poor performance.  Consider joining all columns at once using pd.concat(axis=1) instead. To get a de-fragmented frame, use `newframe = frame.copy()`
  dataframe[f"dc_hi_{n}"] = dataframe["high"].rolling(n).max().shift(1)
/freqtrade/user_data/strategies/TrendVolTarget.py:50: PerformanceWarning: DataFrame is highly fragmented.  This is usually the result of calling `frame.insert` many times, which has poor performance.  Consider joining all columns at once using pd.concat(axis=1) instead. To get a de-fragmented frame, use `newframe = frame.copy()`
  dataframe[f"dc_hi_{n}"] = dataframe["high"].rolling(n).max().shift(1)
/freqtrade/user_data/strategies/TrendVolTarget.py:50: PerformanceWarning: DataFrame is highly fragmented.  This is usually the result of calling `frame.insert` many times, which has poor performance.  Consider joining all columns at once using pd.concat(axis=1) instead. To get a de-fragmented frame, use `newframe = frame.copy()`
  dataframe[f"dc_hi_{n}"] = dataframe["high"].rolling(n).max().shift(1)
/freqtrade/user_data/strategies/TrendVolTarget.py:50: PerformanceWarning: DataFrame is highly fragmented.  This is usually the result of calling `frame.insert` many times, which has poor performance.  Consider joining all columns at once using pd.concat(axis=1) instead. To get a de-fragmented frame, use `newframe = frame.copy()`
  dataframe[f"dc_hi_{n}"] = dataframe["high"].rolling(n).max().shift(1)
/freqtrade/user_data/strategies/TrendVolTarget.py:50: PerformanceWarning: DataFrame is highly fragmented.  This is usually the result of calling `frame.insert` many times, which has poor performance.  Consider joining all columns at once using pd.concat(axis=1) instead. To get a de-fragmented frame, use `newframe = frame.copy()`
  dataframe[f"dc_hi_{n}"] = dataframe["high"].rolling(n).max().shift(1)
/freqtrade/user_data/strategies/TrendVolTarget.py:50: PerformanceWarning: DataFrame is highly fragmented.  This is usually the result of calling `frame.insert` many times, which has poor performance.  Consider joining all columns at once using pd.concat(axis=1) instead. To get a de-fragmented frame, use `newframe = frame.copy()`
  dataframe[f"dc_hi_{n}"] = dataframe["high"].rolling(n).max().shift(1)
/freqtrade/user_data/strategies/TrendVolTarget.py:50: PerformanceWarning: DataFrame is highly fragmented.  This is usually the result of calling `frame.insert` many times, which has poor performance.  Consider joining all columns at once using pd.concat(axis=1) instead. To get a de-fragmented frame, use `newframe = frame.copy()`
  dataframe[f"dc_hi_{n}"] = dataframe["high"].rolling(n).max().shift(1)
/freqtrade/user_data/strategies/TrendVolTarget.py:50: PerformanceWarning: DataFrame is highly fragmented.  This is usually the result of calling `frame.insert` many times, which has poor performance.  Consider joining all columns at once using pd.concat(axis=1) instead. To get a de-fragmented frame, use `newframe = frame.copy()`
  dataframe[f"dc_hi_{n}"] = dataframe["high"].rolling(n).max().shift(1)
/freqtrade/user_data/strategies/TrendVolTarget.py:50: PerformanceWarning: DataFrame is highly fragmented.  This is usually the result of calling `frame.insert` many times, which has poor performance.  Consider joining all columns at once using pd.concat(axis=1) instead. To get a de-fragmented frame, use `newframe = frame.copy()`
  dataframe[f"dc_hi_{n}"] = dataframe["high"].rolling(n).max().shift(1)
/freqtrade/user_data/strategies/TrendVolTarget.py:50: PerformanceWarning: DataFrame is highly fragmented.  This is usually the result of calling `frame.insert` many times, which has poor performance.  Consider joining all columns at once using pd.concat(axis=1) instead. To get a de-fragmented frame, use `newframe = frame.copy()`
  dataframe[f"dc_hi_{n}"] = dataframe["high"].rolling(n).max().shift(1)
/freqtrade/user_data/strategies/TrendVolTarget.py:50: PerformanceWarning: DataFrame is highly fragmented.  This is usually the result of calling `frame.insert` many times, which has poor performance.  Consider joining all columns at once using pd.concat(axis=1) instead. To get a de-fragmented frame, use `newframe = frame.copy()`
  dataframe[f"dc_hi_{n}"] = dataframe["high"].rolling(n).max().shift(1)
/freqtrade/user_data/strategies/TrendVolTarget.py:50: PerformanceWarning: DataFrame is highly fragmented.  This is usually the result of calling `frame.insert` many times, which has poor performance.  Consider joining all columns at once using pd.concat(axis=1) instead. To get a de-fragmented frame, use `newframe = frame.copy()`
  dataframe[f"dc_hi_{n}"] = dataframe["high"].rolling(n).max().shift(1)
/freqtrade/user_data/strategies/TrendVolTarget.py:50: PerformanceWarning: DataFrame is highly fragmented.  This is usually the result of calling `frame.insert` many times, which has poor performance.  Consider joining all columns at once using pd.concat(axis=1) instead. To get a de-fragmented frame, use `newframe = frame.copy()`
  dataframe[f"dc_hi_{n}"] = dataframe["high"].rolling(n).max().shift(1)
/freqtrade/user_data/strategies/TrendVolTarget.py:50: PerformanceWarning: DataFrame is highly fragmented.  This is usually the result of calling `frame.insert` many times, which has poor performance.  Consider joining all columns at once using pd.concat(axis=1) instead. To get a de-fragmented frame, use `newframe = frame.copy()`
  dataframe[f"dc_hi_{n}"] = dataframe["high"].rolling(n).max().shift(1)
/freqtrade/user_data/strategies/TrendVolTarget.py:50: PerformanceWarning: DataFrame is highly fragmented.  This is usually the result of calling `frame.insert` many times, which has poor performance.  Consider joining all columns at once using pd.concat(axis=1) instead. To get a de-fragmented frame, use `newframe = frame.copy()`
  dataframe[f"dc_hi_{n}"] = dataframe["high"].rolling(n).max().shift(1)
/freqtrade/user_data/strategies/TrendVolTarget.py:50: PerformanceWarning: DataFrame is highly fragmented.  This is usually the result of calling `frame.insert` many times, which has poor performance.  Consider joining all columns at once using pd.concat(axis=1) instead. To get a de-fragmented frame, use `newframe = frame.copy()`
  dataframe[f"dc_hi_{n}"] = dataframe["high"].rolling(n).max().shift(1)
/freqtrade/user_data/strategies/TrendVolTarget.py:50: PerformanceWarning: DataFrame is highly fragmented.  This is usually the result of calling `frame.insert` many times, which has poor performance.  Consider joining all columns at once using pd.concat(axis=1) instead. To get a de-fragmented frame, use `newframe = frame.copy()`
  dataframe[f"dc_hi_{n}"] = dataframe["high"].rolling(n).max().shift(1)
/freqtrade/user_data/strategies/TrendVolTarget.py:50: PerformanceWarning: DataFrame is highly fragmented.  This is usually the result of calling `frame.insert` many times, which has poor performance.  Consider joining all columns at once using pd.concat(axis=1) instead. To get a de-fragmented frame, use `newframe = frame.copy()`
  dataframe[f"dc_hi_{n}"] = dataframe["high"].rolling(n).max().shift(1)
/freqtrade/user_data/strategies/TrendVolTarget.py:50: PerformanceWarning: DataFrame is highly fragmented.  This is usually the result of calling `frame.insert` many times, which has poor performance.  Consider joining all columns at once using pd.concat(axis=1) instead. To get a de-fragmented frame, use `newframe = frame.copy()`
  dataframe[f"dc_hi_{n}"] = dataframe["high"].rolling(n).max().shift(1)
/freqtrade/user_data/strategies/TrendVolTarget.py:50: PerformanceWarning: DataFrame is highly fragmented.  This is usually the result of calling `frame.insert` many times, which has poor performance.  Consider joining all columns at once using pd.concat(axis=1) instead. To get a de-fragmented frame, use `newframe = frame.copy()`
  dataframe[f"dc_hi_{n}"] = dataframe["high"].rolling(n).max().shift(1)
/freqtrade/user_data/strategies/TrendVolTarget.py:50: PerformanceWarning: DataFrame is highly fragmented.  This is usually the result of calling `frame.insert` many times, which has poor performance.  Consider joining all columns at once using pd.concat(axis=1) instead. To get a de-fragmented frame, use `newframe = frame.copy()`
  dataframe[f"dc_hi_{n}"] = dataframe["high"].rolling(n).max().shift(1)
/freqtrade/user_data/strategies/TrendVolTarget.py:50: PerformanceWarning: DataFrame is highly fragmented.  This is usually the result of calling `frame.insert` many times, which has poor performance.  Consider joining all columns at once using pd.concat(axis=1) instead. To get a de-fragmented frame, use `newframe = frame.copy()`
  dataframe[f"dc_hi_{n}"] = dataframe["high"].rolling(n).max().shift(1)
/freqtrade/user_data/strategies/TrendVolTarget.py:50: PerformanceWarning: DataFrame is highly fragmented.  This is usually the result of calling `frame.insert` many times, which has poor performance.  Consider joining all columns at once using pd.concat(axis=1) instead. To get a de-fragmented frame, use `newframe = frame.copy()`
  dataframe[f"dc_hi_{n}"] = dataframe["high"].rolling(n).max().shift(1)
/freqtrade/user_data/strategies/TrendVolTarget.py:50: PerformanceWarning: DataFrame is highly fragmented.  This is usually the result of calling `frame.insert` many times, which has poor performance.  Consider joining all columns at once using pd.concat(axis=1) instead. To get a de-fragmented frame, use `newframe = frame.copy()`
  dataframe[f"dc_hi_{n}"] = dataframe["high"].rolling(n).max().shift(1)
/freqtrade/user_data/strategies/TrendVolTarget.py:50: PerformanceWarning: DataFrame is highly fragmented.  This is usually the result of calling `frame.insert` many times, which has poor performance.  Consider joining all columns at once using pd.concat(axis=1) instead. To get a de-fragmented frame, use `newframe = frame.copy()`
  dataframe[f"dc_hi_{n}"] = dataframe["high"].rolling(n).max().shift(1)
/freqtrade/user_data/strategies/TrendVolTarget.py:50: PerformanceWarning: DataFrame is highly fragmented.  This is usually the result of calling `frame.insert` many times, which has poor performance.  Consider joining all columns at once using pd.concat(axis=1) instead. To get a de-fragmented frame, use `newframe = frame.copy()`
  dataframe[f"dc_hi_{n}"] = dataframe["high"].rolling(n).max().shift(1)
/freqtrade/user_data/strategies/TrendVolTarget.py:50: PerformanceWarning: DataFrame is highly fragmented.  This is usually the result of calling `frame.insert` many times, which has poor performance.  Consider joining all columns at once using pd.concat(axis=1) instead. To get a de-fragmented frame, use `newframe = frame.copy()`
  dataframe[f"dc_hi_{n}"] = dataframe["high"].rolling(n).max().shift(1)
/freqtrade/user_data/strategies/TrendVolTarget.py:50: PerformanceWarning: DataFrame is highly fragmented.  This is usually the result of calling `frame.insert` many times, which has poor performance.  Consider joining all columns at once using pd.concat(axis=1) instead. To get a de-fragmented frame, use `newframe = frame.copy()`
  dataframe[f"dc_hi_{n}"] = dataframe["high"].rolling(n).max().shift(1)
/freqtrade/user_data/strategies/TrendVolTarget.py:50: PerformanceWarning: DataFrame is highly fragmented.  This is usually the result of calling `frame.insert` many times, which has poor performance.  Consider joining all columns at once using pd.concat(axis=1) instead. To get a de-fragmented frame, use `newframe = frame.copy()`
  dataframe[f"dc_hi_{n}"] = dataframe["high"].rolling(n).max().shift(1)
/freqtrade/user_data/strategies/TrendVolTarget.py:50: PerformanceWarning: DataFrame is highly fragmented.  This is usually the result of calling `frame.insert` many times, which has poor performance.  Consider joining all columns at once using pd.concat(axis=1) instead. To get a de-fragmented frame, use `newframe = frame.copy()`
  dataframe[f"dc_hi_{n}"] = dataframe["high"].rolling(n).max().shift(1)
/freqtrade/user_data/strategies/TrendVolTarget.py:50: PerformanceWarning: DataFrame is highly fragmented.  This is usually the result of calling `frame.insert` many times, which has poor performance.  Consider joining all columns at once using pd.concat(axis=1) instead. To get a de-fragmented frame, use `newframe = frame.copy()`
  dataframe[f"dc_hi_{n}"] = dataframe["high"].rolling(n).max().shift(1)
/freqtrade/user_data/strategies/TrendVolTarget.py:50: PerformanceWarning: DataFrame is highly fragmented.  This is usually the result of calling `frame.insert` many times, which has poor performance.  Consider joining all columns at once using pd.concat(axis=1) instead. To get a de-fragmented frame, use `newframe = frame.copy()`
  dataframe[f"dc_hi_{n}"] = dataframe["high"].rolling(n).max().shift(1)
/freqtrade/user_data/strategies/TrendVolTarget.py:50: PerformanceWarning: DataFrame is highly fragmented.  This is usually the result of calling `frame.insert` many times, which has poor performance.  Consider joining all columns at once using pd.concat(axis=1) instead. To get a de-fragmented frame, use `newframe = frame.copy()`
  dataframe[f"dc_hi_{n}"] = dataframe["high"].rolling(n).max().shift(1)
/freqtrade/user_data/strategies/TrendVolTarget.py:50: PerformanceWarning: DataFrame is highly fragmented.  This is usually the result of calling `frame.insert` many times, which has poor performance.  Consider joining all columns at once using pd.concat(axis=1) instead. To get a de-fragmented frame, use `newframe = frame.copy()`
  dataframe[f"dc_hi_{n}"] = dataframe["high"].rolling(n).max().shift(1)
/freqtrade/user_data/strategies/TrendVolTarget.py:50: PerformanceWarning: DataFrame is highly fragmented.  This is usually the result of calling `frame.insert` many times, which has poor performance.  Consider joining all columns at once using pd.concat(axis=1) instead. To get a de-fragmented frame, use `newframe = frame.copy()`
  dataframe[f"dc_hi_{n}"] = dataframe["high"].rolling(n).max().shift(1)
/freqtrade/user_data/strategies/TrendVolTarget.py:50: PerformanceWarning: DataFrame is highly fragmented.  This is usually the result of calling `frame.insert` many times, which has poor performance.  Consider joining all columns at once using pd.concat(axis=1) instead. To get a de-fragmented frame, use `newframe = frame.copy()`
  dataframe[f"dc_hi_{n}"] = dataframe["high"].rolling(n).max().shift(1)
/freqtrade/user_data/strategies/TrendVolTarget.py:50: PerformanceWarning: DataFrame is highly fragmented.  This is usually the result of calling `frame.insert` many times, which has poor performance.  Consider joining all columns at once using pd.concat(axis=1) instead. To get a de-fragmented frame, use `newframe = frame.copy()`
  dataframe[f"dc_hi_{n}"] = dataframe["high"].rolling(n).max().shift(1)
/freqtrade/user_data/strategies/TrendVolTarget.py:50: PerformanceWarning: DataFrame is highly fragmented.  This is usually the result of calling `frame.insert` many times, which has poor performance.  Consider joining all columns at once using pd.concat(axis=1) instead. To get a de-fragmented frame, use `newframe = frame.copy()`
  dataframe[f"dc_hi_{n}"] = dataframe["high"].rolling(n).max().shift(1)
/freqtrade/user_data/strategies/TrendVolTarget.py:50: PerformanceWarning: DataFrame is highly fragmented.  This is usually the result of calling `frame.insert` many times, which has poor performance.  Consider joining all columns at once using pd.concat(axis=1) instead. To get a de-fragmented frame, use `newframe = frame.copy()`
  dataframe[f"dc_hi_{n}"] = dataframe["high"].rolling(n).max().shift(1)
/freqtrade/user_data/strategies/TrendVolTarget.py:50: PerformanceWarning: DataFrame is highly fragmented.  This is usually the result of calling `frame.insert` many times, which has poor performance.  Consider joining all columns at once using pd.concat(axis=1) instead. To get a de-fragmented frame, use `newframe = frame.copy()`
  dataframe[f"dc_hi_{n}"] = dataframe["high"].rolling(n).max().shift(1)
/freqtrade/user_data/strategies/TrendVolTarget.py:50: PerformanceWarning: DataFrame is highly fragmented.  This is usually the result of calling `frame.insert` many times, which has poor performance.  Consider joining all columns at once using pd.concat(axis=1) instead. To get a de-fragmented frame, use `newframe = frame.copy()`
  dataframe[f"dc_hi_{n}"] = dataframe["high"].rolling(n).max().shift(1)
/freqtrade/user_data/strategies/TrendVolTarget.py:50: PerformanceWarning: DataFrame is highly fragmented.  This is usually the result of calling `frame.insert` many times, which has poor performance.  Consider joining all columns at once using pd.concat(axis=1) instead. To get a de-fragmented frame, use `newframe = frame.copy()`
  dataframe[f"dc_hi_{n}"] = dataframe["high"].rolling(n).max().shift(1)
/freqtrade/user_data/strategies/TrendVolTarget.py:50: PerformanceWarning: DataFrame is highly fragmented.  This is usually the result of calling `frame.insert` many times, which has poor performance.  Consider joining all columns at once using pd.concat(axis=1) instead. To get a de-fragmented frame, use `newframe = frame.copy()`
  dataframe[f"dc_hi_{n}"] = dataframe["high"].rolling(n).max().shift(1)
/freqtrade/user_data/strategies/TrendVolTarget.py:53: PerformanceWarning: DataFrame is highly fragmented.  This is usually the result of calling `frame.insert` many times, which has poor performance.  Consider joining all columns at once using pd.concat(axis=1) instead. To get a de-fragmented frame, use `newframe = frame.copy()`
  dataframe["sma_f"] = ta.SMA(dataframe, timeperiod=60)
/freqtrade/user_data/strategies/TrendVolTarget.py:54: PerformanceWarning: DataFrame is highly fragmented.  This is usually the result of calling `frame.insert` many times, which has poor performance.  Consider joining all columns at once using pd.concat(axis=1) instead. To get a de-fragmented frame, use `newframe = frame.copy()`
  dataframe["sma_s"] = ta.SMA(dataframe, timeperiod=240)
/freqtrade/user_data/strategies/TrendVolTarget.py:56: PerformanceWarning: DataFrame is highly fragmented.  This is usually the result of calling `frame.insert` many times, which has poor performance.  Consider joining all columns at once using pd.concat(axis=1) instead. To get a de-fragmented frame, use `newframe = frame.copy()`
  dataframe["rvol"] = dataframe["close"].pct_change().rolling(90).std() * np.sqrt(6 * 365)
/freqtrade/user_data/strategies/TrendVolTarget.py:50: PerformanceWarning: DataFrame is highly fragmented.  This is usually the result of calling `frame.insert` many times, which has poor performance.  Consider joining all columns at once using pd.concat(axis=1) instead. To get a de-fragmented frame, use `newframe = frame.copy()`
  dataframe[f"dc_hi_{n}"] = dataframe["high"].rolling(n).max().shift(1)
/freqtrade/user_data/strategies/TrendVolTarget.py:50: PerformanceWarning: DataFrame is highly fragmented.  This is usually the result of calling `frame.insert` many times, which has poor performance.  Consider joining all columns at once using pd.concat(axis=1) instead. To get a de-fragmented frame, use `newframe = frame.copy()`
  dataframe[f"dc_hi_{n}"] = dataframe["high"].rolling(n).max().shift(1)
/freqtrade/user_data/strategies/TrendVolTarget.py:50: PerformanceWarning: DataFrame is highly fragmented.  This is usually the result of calling `frame.insert` many times, which has poor performance.  Consider joining all columns at once using pd.concat(axis=1) instead. To get a de-fragmented frame, use `newframe = frame.copy()`
  dataframe[f"dc_hi_{n}"] = dataframe["high"].rolling(n).max().shift(1)
/freqtrade/user_data/strategies/TrendVolTarget.py:50: PerformanceWarning: DataFrame is highly fragmented.  This is usually the result of calling `frame.insert` many times, which has poor performance.  Consider joining all columns at once using pd.concat(axis=1) instead. To get a de-fragmented frame, use `newframe = frame.copy()`
  dataframe[f"dc_hi_{n}"] = dataframe["high"].rolling(n).max().shift(1)
/freqtrade/user_data/strategies/TrendVolTarget.py:50: PerformanceWarning: DataFrame is highly fragmented.  This is usually the result of calling `frame.insert` many times, which has poor performance.  Consider joining all columns at once using pd.concat(axis=1) instead. To get a de-fragmented frame, use `newframe = frame.copy()`
  dataframe[f"dc_hi_{n}"] = dataframe["high"].rolling(n).max().shift(1)
/freqtrade/user_data/strategies/TrendVolTarget.py:50: PerformanceWarning: DataFrame is highly fragmented.  This is usually the result of calling `frame.insert` many times, which has poor performance.  Consider joining all columns at once using pd.concat(axis=1) instead. To get a de-fragmented frame, use `newframe = frame.copy()`
  dataframe[f"dc_hi_{n}"] = dataframe["high"].rolling(n).max().shift(1)
/freqtrade/user_data/strategies/TrendVolTarget.py:50: PerformanceWarning: DataFrame is highly fragmented.  This is usually the result of calling `frame.insert` many times, which has poor performance.  Consider joining all columns at once using pd.concat(axis=1) instead. To get a de-fragmented frame, use `newframe = frame.copy()`
  dataframe[f"dc_hi_{n}"] = dataframe["high"].rolling(n).max().shift(1)
/freqtrade/user_data/strategies/TrendVolTarget.py:50: PerformanceWarning: DataFrame is highly fragmented.  This is usually the result of calling `frame.insert` many times, which has poor performance.  Consider joining all columns at once using pd.concat(axis=1) instead. To get a de-fragmented frame, use `newframe = frame.copy()`
  dataframe[f"dc_hi_{n}"] = dataframe["high"].rolling(n).max().shift(1)
/freqtrade/user_data/strategies/TrendVolTarget.py:50: PerformanceWarning: DataFrame is highly fragmented.  This is usually the result of calling `frame.insert` many times, which has poor performance.  Consider joining all columns at once using pd.concat(axis=1) instead. To get a de-fragmented frame, use `newframe = frame.copy()`
  dataframe[f"dc_hi_{n}"] = dataframe["high"].rolling(n).max().shift(1)
/freqtrade/user_data/strategies/TrendVolTarget.py:50: PerformanceWarning: DataFrame is highly fragmented.  This is usually the result of calling `frame.insert` many times, which has poor performance.  Consider joining all columns at once using pd.concat(axis=1) instead. To get a de-fragmented frame, use `newframe = frame.copy()`
  dataframe[f"dc_hi_{n}"] = dataframe["high"].rolling(n).max().shift(1)
/freqtrade/user_data/strategies/TrendVolTarget.py:50: PerformanceWarning: DataFrame is highly fragmented.  This is usually the result of calling `frame.insert` many times, which has poor performance.  Consider joining all columns at once using pd.concat(axis=1) instead. To get a de-fragmented frame, use `newframe = frame.copy()`
  dataframe[f"dc_hi_{n}"] = dataframe["high"].rolling(n).max().shift(1)
/freqtrade/user_data/strategies/TrendVolTarget.py:50: PerformanceWarning: DataFrame is highly fragmented.  This is usually the result of calling `frame.insert` many times, which has poor performance.  Consider joining all columns at once using pd.concat(axis=1) instead. To get a de-fragmented frame, use `newframe = frame.copy()`
  dataframe[f"dc_hi_{n}"] = dataframe["high"].rolling(n).max().shift(1)
/freqtrade/user_data/strategies/TrendVolTarget.py:50: PerformanceWarning: DataFrame is highly fragmented.  This is usually the result of calling `frame.insert` many times, which has poor performance.  Consider joining all columns at once using pd.concat(axis=1) instead. To get a de-fragmented frame, use `newframe = frame.copy()`
  dataframe[f"dc_hi_{n}"] = dataframe["high"].rolling(n).max().shift(1)
/freqtrade/user_data/strategies/TrendVolTarget.py:50: PerformanceWarning: DataFrame is highly fragmented.  This is usually the result of calling `frame.insert` many times, which has poor performance.  Consider joining all columns at once using pd.concat(axis=1) instead. To get a de-fragmented frame, use `newframe = frame.copy()`
  dataframe[f"dc_hi_{n}"] = dataframe["high"].rolling(n).max().shift(1)
/freqtrade/user_data/strategies/TrendVolTarget.py:50: PerformanceWarning: DataFrame is highly fragmented.  This is usually the result of calling `frame.insert` many times, which has poor performance.  Consider joining all columns at once using pd.concat(axis=1) instead. To get a de-fragmented frame, use `newframe = frame.copy()`
  dataframe[f"dc_hi_{n}"] = dataframe["high"].rolling(n).max().shift(1)
/freqtrade/user_data/strategies/TrendVolTarget.py:50: PerformanceWarning: DataFrame is highly fragmented.  This is usually the result of calling `frame.insert` many times, which has poor performance.  Consider joining all columns at once using pd.concat(axis=1) instead. To get a de-fragmented frame, use `newframe = frame.copy()`
  dataframe[f"dc_hi_{n}"] = dataframe["high"].rolling(n).max().shift(1)
/freqtrade/user_data/strategies/TrendVolTarget.py:50: PerformanceWarning: DataFrame is highly fragmented.  This is usually the result of calling `frame.insert` many times, which has poor performance.  Consider joining all columns at once using pd.concat(axis=1) instead. To get a de-fragmented frame, use `newframe = frame.copy()`
  dataframe[f"dc_hi_{n}"] = dataframe["high"].rolling(n).max().shift(1)
/freqtrade/user_data/strategies/TrendVolTarget.py:50: PerformanceWarning: DataFrame is highly fragmented.  This is usually the result of calling `frame.insert` many times, which has poor performance.  Consider joining all columns at once using pd.concat(axis=1) instead. To get a de-fragmented frame, use `newframe = frame.copy()`
  dataframe[f"dc_hi_{n}"] = dataframe["high"].rolling(n).max().shift(1)
/freqtrade/user_data/strategies/TrendVolTarget.py:50: PerformanceWarning: DataFrame is highly fragmented.  This is usually the result of calling `frame.insert` many times, which has poor performance.  Consider joining all columns at once using pd.concat(axis=1) instead. To get a de-fragmented frame, use `newframe = frame.copy()`
  dataframe[f"dc_hi_{n}"] = dataframe["high"].rolling(n).max().shift(1)
/freqtrade/user_data/strategies/TrendVolTarget.py:50: PerformanceWarning: DataFrame is highly fragmented.  This is usually the result of calling `frame.insert` many times, which has poor performance.  Consider joining all columns at once using pd.concat(axis=1) instead. To get a de-fragmented frame, use `newframe = frame.copy()`
  dataframe[f"dc_hi_{n}"] = dataframe["high"].rolling(n).max().shift(1)
/freqtrade/user_data/strategies/TrendVolTarget.py:50: PerformanceWarning: DataFrame is highly fragmented.  This is usually the result of calling `frame.insert` many times, which has poor performance.  Consider joining all columns at once using pd.concat(axis=1) instead. To get a de-fragmented frame, use `newframe = frame.copy()`
  dataframe[f"dc_hi_{n}"] = dataframe["high"].rolling(n).max().shift(1)
/freqtrade/user_data/strategies/TrendVolTarget.py:50: PerformanceWarning: DataFrame is highly fragmented.  This is usually the result of calling `frame.insert` many times, which has poor performance.  Consider joining all columns at once using pd.concat(axis=1) instead. To get a de-fragmented frame, use `newframe = frame.copy()`
  dataframe[f"dc_hi_{n}"] = dataframe["high"].rolling(n).max().shift(1)
/freqtrade/user_data/strategies/TrendVolTarget.py:50: PerformanceWarning: DataFrame is highly fragmented.  This is usually the result of calling `frame.insert` many times, which has poor performance.  Consider joining all columns at once using pd.concat(axis=1) instead. To get a de-fragmented frame, use `newframe = frame.copy()`
  dataframe[f"dc_hi_{n}"] = dataframe["high"].rolling(n).max().shift(1)
/freqtrade/user_data/strategies/TrendVolTarget.py:50: PerformanceWarning: DataFrame is highly fragmented.  This is usually the result of calling `frame.insert` many times, which has poor performance.  Consider joining all columns at once using pd.concat(axis=1) instead. To get a de-fragmented frame, use `newframe = frame.copy()`
  dataframe[f"dc_hi_{n}"] = dataframe["high"].rolling(n).max().shift(1)
/freqtrade/user_data/strategies/TrendVolTarget.py:50: PerformanceWarning: DataFrame is highly fragmented.  This is usually the result of calling `frame.insert` many times, which has poor performance.  Consider joining all columns at once using pd.concat(axis=1) instead. To get a de-fragmented frame, use `newframe = frame.copy()`
  dataframe[f"dc_hi_{n}"] = dataframe["high"].rolling(n).max().shift(1)
/freqtrade/user_data/strategies/TrendVolTarget.py:50: PerformanceWarning: DataFrame is highly fragmented.  This is usually the result of calling `frame.insert` many times, which has poor performance.  Consider joining all columns at once using pd.concat(axis=1) instead. To get a de-fragmented frame, use `newframe = frame.copy()`
  dataframe[f"dc_hi_{n}"] = dataframe["high"].rolling(n).max().shift(1)
/freqtrade/user_data/strategies/TrendVolTarget.py:50: PerformanceWarning: DataFrame is highly fragmented.  This is usually the result of calling `frame.insert` many times, which has poor performance.  Consider joining all columns at once using pd.concat(axis=1) instead. To get a de-fragmented frame, use `newframe = frame.copy()`
  dataframe[f"dc_hi_{n}"] = dataframe["high"].rolling(n).max().shift(1)
/freqtrade/user_data/strategies/TrendVolTarget.py:50: PerformanceWarning: DataFrame is highly fragmented.  This is usually the result of calling `frame.insert` many times, which has poor performance.  Consider joining all columns at once using pd.concat(axis=1) instead. To get a de-fragmented frame, use `newframe = frame.copy()`
  dataframe[f"dc_hi_{n}"] = dataframe["high"].rolling(n).max().shift(1)
/freqtrade/user_data/strategies/TrendVolTarget.py:50: PerformanceWarning: DataFrame is highly fragmented.  This is usually the result of calling `frame.insert` many times, which has poor performance.  Consider joining all columns at once using pd.concat(axis=1) instead. To get a de-fragmented frame, use `newframe = frame.copy()`
  dataframe[f"dc_hi_{n}"] = dataframe["high"].rolling(n).max().shift(1)
/freqtrade/user_data/strategies/TrendVolTarget.py:50: PerformanceWarning: DataFrame is highly fragmented.  This is usually the result of calling `frame.insert` many times, which has poor performance.  Consider joining all columns at once using pd.concat(axis=1) instead. To get a de-fragmented frame, use `newframe = frame.copy()`
  dataframe[f"dc_hi_{n}"] = dataframe["high"].rolling(n).max().shift(1)
/freqtrade/user_data/strategies/TrendVolTarget.py:50: PerformanceWarning: DataFrame is highly fragmented.  This is usually the result of calling `frame.insert` many times, which has poor performance.  Consider joining all columns at once using pd.concat(axis=1) instead. To get a de-fragmented frame, use `newframe = frame.copy()`
  dataframe[f"dc_hi_{n}"] = dataframe["high"].rolling(n).max().shift(1)
/freqtrade/user_data/strategies/TrendVolTarget.py:50: PerformanceWarning: DataFrame is highly fragmented.  This is usually the result of calling `frame.insert` many times, which has poor performance.  Consider joining all columns at once using pd.concat(axis=1) instead. To get a de-fragmented frame, use `newframe = frame.copy()`
  dataframe[f"dc_hi_{n}"] = dataframe["high"].rolling(n).max().shift(1)
/freqtrade/user_data/strategies/TrendVolTarget.py:50: PerformanceWarning: DataFrame is highly fragmented.  This is usually the result of calling `frame.insert` many times, which has poor performance.  Consider joining all columns at once using pd.concat(axis=1) instead. To get a de-fragmented frame, use `newframe = frame.copy()`
  dataframe[f"dc_hi_{n}"] = dataframe["high"].rolling(n).max().shift(1)
/freqtrade/user_data/strategies/TrendVolTarget.py:50: PerformanceWarning: DataFrame is highly fragmented.  This is usually the result of calling `frame.insert` many times, which has poor performance.  Consider joining all columns at once using pd.concat(axis=1) instead. To get a de-fragmented frame, use `newframe = frame.copy()`
  dataframe[f"dc_hi_{n}"] = dataframe["high"].rolling(n).max().shift(1)
/freqtrade/user_data/strategies/TrendVolTarget.py:50: PerformanceWarning: DataFrame is highly fragmented.  This is usually the result of calling `frame.insert` many times, which has poor performance.  Consider joining all columns at once using pd.concat(axis=1) instead. To get a de-fragmented frame, use `newframe = frame.copy()`
  dataframe[f"dc_hi_{n}"] = dataframe["high"].rolling(n).max().shift(1)
/freqtrade/user_data/strategies/TrendVolTarget.py:50: PerformanceWarning: DataFrame is highly fragmented.  This is usually the result of calling `frame.insert` many times, which has poor performance.  Consider joining all columns at once using pd.concat(axis=1) instead. To get a de-fragmented frame, use `newframe = frame.copy()`
  dataframe[f"dc_hi_{n}"] = dataframe["high"].rolling(n).max().shift(1)
/freqtrade/user_data/strategies/TrendVolTarget.py:50: PerformanceWarning: DataFrame is highly fragmented.  This is usually the result of calling `frame.insert` many times, which has poor performance.  Consider joining all columns at once using pd.concat(axis=1) instead. To get a de-fragmented frame, use `newframe = frame.copy()`
  dataframe[f"dc_hi_{n}"] = dataframe["high"].rolling(n).max().shift(1)
/freqtrade/user_data/strategies/TrendVolTarget.py:50: PerformanceWarning: DataFrame is highly fragmented.  This is usually the result of calling `frame.insert` many times, which has poor performance.  Consider joining all columns at once using pd.concat(axis=1) instead. To get a de-fragmented frame, use `newframe = frame.copy()`
  dataframe[f"dc_hi_{n}"] = dataframe["high"].rolling(n).max().shift(1)
/freqtrade/user_data/strategies/TrendVolTarget.py:50: PerformanceWarning: DataFrame is highly fragmented.  This is usually the result of calling `frame.insert` many times, which has poor performance.  Consider joining all columns at once using pd.concat(axis=1) instead. To get a de-fragmented frame, use `newframe = frame.copy()`
  dataframe[f"dc_hi_{n}"] = dataframe["high"].rolling(n).max().shift(1)
/freqtrade/user_data/strategies/TrendVolTarget.py:50: PerformanceWarning: DataFrame is highly fragmented.  This is usually the result of calling `frame.insert` many times, which has poor performance.  Consider joining all columns at once using pd.concat(axis=1) instead. To get a de-fragmented frame, use `newframe = frame.copy()`
  dataframe[f"dc_hi_{n}"] = dataframe["high"].rolling(n).max().shift(1)
/freqtrade/user_data/strategies/TrendVolTarget.py:50: PerformanceWarning: DataFrame is highly fragmented.  This is usually the result of calling `frame.insert` many times, which has poor performance.  Consider joining all columns at once using pd.concat(axis=1) instead. To get a de-fragmented frame, use `newframe = frame.copy()`
  dataframe[f"dc_hi_{n}"] = dataframe["high"].rolling(n).max().shift(1)
/freqtrade/user_data/strategies/TrendVolTarget.py:50: PerformanceWarning: DataFrame is highly fragmented.  This is usually the result of calling `frame.insert` many times, which has poor performance.  Consider joining all columns at once using pd.concat(axis=1) instead. To get a de-fragmented frame, use `newframe = frame.copy()`
  dataframe[f"dc_hi_{n}"] = dataframe["high"].rolling(n).max().shift(1)
/freqtrade/user_data/strategies/TrendVolTarget.py:50: PerformanceWarning: DataFrame is highly fragmented.  This is usually the result of calling `frame.insert` many times, which has poor performance.  Consider joining all columns at once using pd.concat(axis=1) instead. To get a de-fragmented frame, use `newframe = frame.copy()`
  dataframe[f"dc_hi_{n}"] = dataframe["high"].rolling(n).max().shift(1)
/freqtrade/user_data/strategies/TrendVolTarget.py:50: PerformanceWarning: DataFrame is highly fragmented.  This is usually the result of calling `frame.insert` many times, which has poor performance.  Consider joining all columns at once using pd.concat(axis=1) instead. To get a de-fragmented frame, use `newframe = frame.copy()`
  dataframe[f"dc_hi_{n}"] = dataframe["high"].rolling(n).max().shift(1)
/freqtrade/user_data/strategies/TrendVolTarget.py:50: PerformanceWarning: DataFrame is highly fragmented.  This is usually the result of calling `frame.insert` many times, which has poor performance.  Consider joining all columns at once using pd.concat(axis=1) instead. To get a de-fragmented frame, use `newframe = frame.copy()`
  dataframe[f"dc_hi_{n}"] = dataframe["high"].rolling(n).max().shift(1)
/freqtrade/user_data/strategies/TrendVolTarget.py:50: PerformanceWarning: DataFrame is highly fragmented.  This is usually the result of calling `frame.insert` many times, which has poor performance.  Consider joining all columns at once using pd.concat(axis=1) instead. To get a de-fragmented frame, use `newframe = frame.copy()`
  dataframe[f"dc_hi_{n}"] = dataframe["high"].rolling(n).max().shift(1)
/freqtrade/user_data/strategies/TrendVolTarget.py:50: PerformanceWarning: DataFrame is highly fragmented.  This is usually the result of calling `frame.insert` many times, which has poor performance.  Consider joining all columns at once using pd.concat(axis=1) instead. To get a de-fragmented frame, use `newframe = frame.copy()`
  dataframe[f"dc_hi_{n}"] = dataframe["high"].rolling(n).max().shift(1)
/freqtrade/user_data/strategies/TrendVolTarget.py:50: PerformanceWarning: DataFrame is highly fragmented.  This is usually the result of calling `frame.insert` many times, which has poor performance.  Consider joining all columns at once using pd.concat(axis=1) instead. To get a de-fragmented frame, use `newframe = frame.copy()`
  dataframe[f"dc_hi_{n}"] = dataframe["high"].rolling(n).max().shift(1)
/freqtrade/user_data/strategies/TrendVolTarget.py:50: PerformanceWarning: DataFrame is highly fragmented.  This is usually the result of calling `frame.insert` many times, which has poor performance.  Consider joining all columns at once using pd.concat(axis=1) instead. To get a de-fragmented frame, use `newframe = frame.copy()`
  dataframe[f"dc_hi_{n}"] = dataframe["high"].rolling(n).max().shift(1)
/freqtrade/user_data/strategies/TrendVolTarget.py:50: PerformanceWarning: DataFrame is highly fragmented.  This is usually the result of calling `frame.insert` many times, which has poor performance.  Consider joining all columns at once using pd.concat(axis=1) instead. To get a de-fragmented frame, use `newframe = frame.copy()`
  dataframe[f"dc_hi_{n}"] = dataframe["high"].rolling(n).max().shift(1)
/freqtrade/user_data/strategies/TrendVolTarget.py:50: PerformanceWarning: DataFrame is highly fragmented.  This is usually the result of calling `frame.insert` many times, which has poor performance.  Consider joining all columns at once using pd.concat(axis=1) instead. To get a de-fragmented frame, use `newframe = frame.copy()`
  dataframe[f"dc_hi_{n}"] = dataframe["high"].rolling(n).max().shift(1)
/freqtrade/user_data/strategies/TrendVolTarget.py:50: PerformanceWarning: DataFrame is highly fragmented.  This is usually the result of calling `frame.insert` many times, which has poor performance.  Consider joining all columns at once using pd.concat(axis=1) instead. To get a de-fragmented frame, use `newframe = frame.copy()`
  dataframe[f"dc_hi_{n}"] = dataframe["high"].rolling(n).max().shift(1)
/freqtrade/user_data/strategies/TrendVolTarget.py:50: PerformanceWarning: DataFrame is highly fragmented.  This is usually the result of calling `frame.insert` many times, which has poor performance.  Consider joining all columns at once using pd.concat(axis=1) instead. To get a de-fragmented frame, use `newframe = frame.copy()`
  dataframe[f"dc_hi_{n}"] = dataframe["high"].rolling(n).max().shift(1)
/freqtrade/user_data/strategies/TrendVolTarget.py:50: PerformanceWarning: DataFrame is highly fragmented.  This is usually the result of calling `frame.insert` many times, which has poor performance.  Consider joining all columns at once using pd.concat(axis=1) instead. To get a de-fragmented frame, use `newframe = frame.copy()`
  dataframe[f"dc_hi_{n}"] = dataframe["high"].rolling(n).max().shift(1)
/freqtrade/user_data/strategies/TrendVolTarget.py:50: PerformanceWarning: DataFrame is highly fragmented.  This is usually the result of calling `frame.insert` many times, which has poor performance.  Consider joining all columns at once using pd.concat(axis=1) instead. To get a de-fragmented frame, use `newframe = frame.copy()`
  dataframe[f"dc_hi_{n}"] = dataframe["high"].rolling(n).max().shift(1)
/freqtrade/user_data/strategies/TrendVolTarget.py:50: PerformanceWarning: DataFrame is highly fragmented.  This is usually the result of calling `frame.insert` many times, which has poor performance.  Consider joining all columns at once using pd.concat(axis=1) instead. To get a de-fragmented frame, use `newframe = frame.copy()`
  dataframe[f"dc_hi_{n}"] = dataframe["high"].rolling(n).max().shift(1)
/freqtrade/user_data/strategies/TrendVolTarget.py:50: PerformanceWarning: DataFrame is highly fragmented.  This is usually the result of calling `frame.insert` many times, which has poor performance.  Consider joining all columns at once using pd.concat(axis=1) instead. To get a de-fragmented frame, use `newframe = frame.copy()`
  dataframe[f"dc_hi_{n}"] = dataframe["high"].rolling(n).max().shift(1)
/freqtrade/user_data/strategies/TrendVolTarget.py:50: PerformanceWarning: DataFrame is highly fragmented.  This is usually the result of calling `frame.insert` many times, which has poor performance.  Consider joining all columns at once using pd.concat(axis=1) instead. To get a de-fragmented frame, use `newframe = frame.copy()`
  dataframe[f"dc_hi_{n}"] = dataframe["high"].rolling(n).max().shift(1)
/freqtrade/user_data/strategies/TrendVolTarget.py:50: PerformanceWarning: DataFrame is highly fragmented.  This is usually the result of calling `frame.insert` many times, which has poor performance.  Consider joining all columns at once using pd.concat(axis=1) instead. To get a de-fragmented frame, use `newframe = frame.copy()`
  dataframe[f"dc_hi_{n}"] = dataframe["high"].rolling(n).max().shift(1)
/freqtrade/user_data/strategies/TrendVolTarget.py:50: PerformanceWarning: DataFrame is highly fragmented.  This is usually the result of calling `frame.insert` many times, which has poor performance.  Consider joining all columns at once using pd.concat(axis=1) instead. To get a de-fragmented frame, use `newframe = frame.copy()`
  dataframe[f"dc_hi_{n}"] = dataframe["high"].rolling(n).max().shift(1)
/freqtrade/user_data/strategies/TrendVolTarget.py:50: PerformanceWarning: DataFrame is highly fragmented.  This is usually the result of calling `frame.insert` many times, which has poor performance.  Consider joining all columns at once using pd.concat(axis=1) instead. To get a de-fragmented frame, use `newframe = frame.copy()`
  dataframe[f"dc_hi_{n}"] = dataframe["high"].rolling(n).max().shift(1)
/freqtrade/user_data/strategies/TrendVolTarget.py:50: PerformanceWarning: DataFrame is highly fragmented.  This is usually the result of calling `frame.insert` many times, which has poor performance.  Consider joining all columns at once using pd.concat(axis=1) instead. To get a de-fragmented frame, use `newframe = frame.copy()`
  dataframe[f"dc_hi_{n}"] = dataframe["high"].rolling(n).max().shift(1)
/freqtrade/user_data/strategies/TrendVolTarget.py:50: PerformanceWarning: DataFrame is highly fragmented.  This is usually the result of calling `frame.insert` many times, which has poor performance.  Consider joining all columns at once using pd.concat(axis=1) instead. To get a de-fragmented frame, use `newframe = frame.copy()`
  dataframe[f"dc_hi_{n}"] = dataframe["high"].rolling(n).max().shift(1)
/freqtrade/user_data/strategies/TrendVolTarget.py:50: PerformanceWarning: DataFrame is highly fragmented.  This is usually the result of calling `frame.insert` many times, which has poor performance.  Consider joining all columns at once using pd.concat(axis=1) instead. To get a de-fragmented frame, use `newframe = frame.copy()`
  dataframe[f"dc_hi_{n}"] = dataframe["high"].rolling(n).max().shift(1)
/freqtrade/user_data/strategies/TrendVolTarget.py:50: PerformanceWarning: DataFrame is highly fragmented.  This is usually the result of calling `frame.insert` many times, which has poor performance.  Consider joining all columns at once using pd.concat(axis=1) instead. To get a de-fragmented frame, use `newframe = frame.copy()`
  dataframe[f"dc_hi_{n}"] = dataframe["high"].rolling(n).max().shift(1)
/freqtrade/user_data/strategies/TrendVolTarget.py:50: PerformanceWarning: DataFrame is highly fragmented.  This is usually the result of calling `frame.insert` many times, which has poor performance.  Consider joining all columns at once using pd.concat(axis=1) instead. To get a de-fragmented frame, use `newframe = frame.copy()`
  dataframe[f"dc_hi_{n}"] = dataframe["high"].rolling(n).max().shift(1)
/freqtrade/user_data/strategies/TrendVolTarget.py:50: PerformanceWarning: DataFrame is highly fragmented.  This is usually the result of calling `frame.insert` many times, which has poor performance.  Consider joining all columns at once using pd.concat(axis=1) instead. To get a de-fragmented frame, use `newframe = frame.copy()`
  dataframe[f"dc_hi_{n}"] = dataframe["high"].rolling(n).max().shift(1)
/freqtrade/user_data/strategies/TrendVolTarget.py:50: PerformanceWarning: DataFrame is highly fragmented.  This is usually the result of calling `frame.insert` many times, which has poor performance.  Consider joining all columns at once using pd.concat(axis=1) instead. To get a de-fragmented frame, use `newframe = frame.copy()`
  dataframe[f"dc_hi_{n}"] = dataframe["high"].rolling(n).max().shift(1)
/freqtrade/user_data/strategies/TrendVolTarget.py:50: PerformanceWarning: DataFrame is highly fragmented.  This is usually the result of calling `frame.insert` many times, which has poor performance.  Consider joining all columns at once using pd.concat(axis=1) instead. To get a de-fragmented frame, use `newframe = frame.copy()`
  dataframe[f"dc_hi_{n}"] = dataframe["high"].rolling(n).max().shift(1)
/freqtrade/user_data/strategies/TrendVolTarget.py:50: PerformanceWarning: DataFrame is highly fragmented.  This is usually the result of calling `frame.insert` many times, which has poor performance.  Consider joining all columns at once using pd.concat(axis=1) instead. To get a de-fragmented frame, use `newframe = frame.copy()`
  dataframe[f"dc_hi_{n}"] = dataframe["high"].rolling(n).max().shift(1)
/freqtrade/user_data/strategies/TrendVolTarget.py:50: PerformanceWarning: DataFrame is highly fragmented.  This is usually the result of calling `frame.insert` many times, which has poor performance.  Consider joining all columns at once using pd.concat(axis=1) instead. To get a de-fragmented frame, use `newframe = frame.copy()`
  dataframe[f"dc_hi_{n}"] = dataframe["high"].rolling(n).max().shift(1)
/freqtrade/user_data/strategies/TrendVolTarget.py:50: PerformanceWarning: DataFrame is highly fragmented.  This is usually the result of calling `frame.insert` many times, which has poor performance.  Consider joining all columns at once using pd.concat(axis=1) instead. To get a de-fragmented frame, use `newframe = frame.copy()`
  dataframe[f"dc_hi_{n}"] = dataframe["high"].rolling(n).max().shift(1)
/freqtrade/user_data/strategies/TrendVolTarget.py:50: PerformanceWarning: DataFrame is highly fragmented.  This is usually the result of calling `frame.insert` many times, which has poor performance.  Consider joining all columns at once using pd.concat(axis=1) instead. To get a de-fragmented frame, use `newframe = frame.copy()`
  dataframe[f"dc_hi_{n}"] = dataframe["high"].rolling(n).max().shift(1)
/freqtrade/user_data/strategies/TrendVolTarget.py:50: PerformanceWarning: DataFrame is highly fragmented.  This is usually the result of calling `frame.insert` many times, which has poor performance.  Consider joining all columns at once using pd.concat(axis=1) instead. To get a de-fragmented frame, use `newframe = frame.copy()`
  dataframe[f"dc_hi_{n}"] = dataframe["high"].rolling(n).max().shift(1)
/freqtrade/user_data/strategies/TrendVolTarget.py:50: PerformanceWarning: DataFrame is highly fragmented.  This is usually the result of calling `frame.insert` many times, which has poor performance.  Consider joining all columns at once using pd.concat(axis=1) instead. To get a de-fragmented frame, use `newframe = frame.copy()`
  dataframe[f"dc_hi_{n}"] = dataframe["high"].rolling(n).max().shift(1)
/freqtrade/user_data/strategies/TrendVolTarget.py:50: PerformanceWarning: DataFrame is highly fragmented.  This is usually the result of calling `frame.insert` many times, which has poor performance.  Consider joining all columns at once using pd.concat(axis=1) instead. To get a de-fragmented frame, use `newframe = frame.copy()`
  dataframe[f"dc_hi_{n}"] = dataframe["high"].rolling(n).max().shift(1)
/freqtrade/user_data/strategies/TrendVolTarget.py:50: PerformanceWarning: DataFrame is highly fragmented.  This is usually the result of calling `frame.insert` many times, which has poor performance.  Consider joining all columns at once using pd.concat(axis=1) instead. To get a de-fragmented frame, use `newframe = frame.copy()`
  dataframe[f"dc_hi_{n}"] = dataframe["high"].rolling(n).max().shift(1)
/freqtrade/user_data/strategies/TrendVolTarget.py:50: PerformanceWarning: DataFrame is highly fragmented.  This is usually the result of calling `frame.insert` many times, which has poor performance.  Consider joining all columns at once using pd.concat(axis=1) instead. To get a de-fragmented frame, use `newframe = frame.copy()`
  dataframe[f"dc_hi_{n}"] = dataframe["high"].rolling(n).max().shift(1)
/freqtrade/user_data/strategies/TrendVolTarget.py:50: PerformanceWarning: DataFrame is highly fragmented.  This is usually the result of calling `frame.insert` many times, which has poor performance.  Consider joining all columns at once using pd.concat(axis=1) instead. To get a de-fragmented frame, use `newframe = frame.copy()`
  dataframe[f"dc_hi_{n}"] = dataframe["high"].rolling(n).max().shift(1)
/freqtrade/user_data/strategies/TrendVolTarget.py:50: PerformanceWarning: DataFrame is highly fragmented.  This is usually the result of calling `frame.insert` many times, which has poor performance.  Consider joining all columns at once using pd.concat(axis=1) instead. To get a de-fragmented frame, use `newframe = frame.copy()`
  dataframe[f"dc_hi_{n}"] = dataframe["high"].rolling(n).max().shift(1)
/freqtrade/user_data/strategies/TrendVolTarget.py:50: PerformanceWarning: DataFrame is highly fragmented.  This is usually the result of calling `frame.insert` many times, which has poor performance.  Consider joining all columns at once using pd.concat(axis=1) instead. To get a de-fragmented frame, use `newframe = frame.copy()`
  dataframe[f"dc_hi_{n}"] = dataframe["high"].rolling(n).max().shift(1)
/freqtrade/user_data/strategies/TrendVolTarget.py:50: PerformanceWarning: DataFrame is highly fragmented.  This is usually the result of calling `frame.insert` many times, which has poor performance.  Consider joining all columns at once using pd.concat(axis=1) instead. To get a de-fragmented frame, use `newframe = frame.copy()`
  dataframe[f"dc_hi_{n}"] = dataframe["high"].rolling(n).max().shift(1)
/freqtrade/user_data/strategies/TrendVolTarget.py:50: PerformanceWarning: DataFrame is highly fragmented.  This is usually the result of calling `frame.insert` many times, which has poor performance.  Consider joining all columns at once using pd.concat(axis=1) instead. To get a de-fragmented frame, use `newframe = frame.copy()`
  dataframe[f"dc_hi_{n}"] = dataframe["high"].rolling(n).max().shift(1)
/freqtrade/user_data/strategies/TrendVolTarget.py:50: PerformanceWarning: DataFrame is highly fragmented.  This is usually the result of calling `frame.insert` many times, which has poor performance.  Consider joining all columns at once using pd.concat(axis=1) instead. To get a de-fragmented frame, use `newframe = frame.copy()`
  dataframe[f"dc_hi_{n}"] = dataframe["high"].rolling(n).max().shift(1)
/freqtrade/user_data/strategies/TrendVolTarget.py:53: PerformanceWarning: DataFrame is highly fragmented.  This is usually the result of calling `frame.insert` many times, which has poor performance.  Consider joining all columns at once using pd.concat(axis=1) instead. To get a de-fragmented frame, use `newframe = frame.copy()`
  dataframe["sma_f"] = ta.SMA(dataframe, timeperiod=60)
/freqtrade/user_data/strategies/TrendVolTarget.py:54: PerformanceWarning: DataFrame is highly fragmented.  This is usually the result of calling `frame.insert` many times, which has poor performance.  Consider joining all columns at once using pd.concat(axis=1) instead. To get a de-fragmented frame, use `newframe = frame.copy()`
  dataframe["sma_s"] = ta.SMA(dataframe, timeperiod=240)
/freqtrade/user_data/strategies/TrendVolTarget.py:56: PerformanceWarning: DataFrame is highly fragmented.  This is usually the result of calling `frame.insert` many times, which has poor performance.  Consider joining all columns at once using pd.concat(axis=1) instead. To get a de-fragmented frame, use `newframe = frame.copy()`
  dataframe["rvol"] = dataframe["close"].pct_change().rolling(90).std() * np.sqrt(6 * 365)
/freqtrade/user_data/strategies/TrendVolTarget.py:50: PerformanceWarning: DataFrame is highly fragmented.  This is usually the result of calling `frame.insert` many times, which has poor performance.  Consider joining all columns at once using pd.concat(axis=1) instead. To get a de-fragmented frame, use `newframe = frame.copy()`
  dataframe[f"dc_hi_{n}"] = dataframe["high"].rolling(n).max().shift(1)
/freqtrade/user_data/strategies/TrendVolTarget.py:50: PerformanceWarning: DataFrame is highly fragmented.  This is usually the result of calling `frame.insert` many times, which has poor performance.  Consider joining all columns at once using pd.concat(axis=1) instead. To get a de-fragmented frame, use `newframe = frame.copy()`
  dataframe[f"dc_hi_{n}"] = dataframe["high"].rolling(n).max().shift(1)
/freqtrade/user_data/strategies/TrendVolTarget.py:50: PerformanceWarning: DataFrame is highly fragmented.  This is usually the result of calling `frame.insert` many times, which has poor performance.  Consider joining all columns at once using pd.concat(axis=1) instead. To get a de-fragmented frame, use `newframe = frame.copy()`
  dataframe[f"dc_hi_{n}"] = dataframe["high"].rolling(n).max().shift(1)
/freqtrade/user_data/strategies/TrendVolTarget.py:50: PerformanceWarning: DataFrame is highly fragmented.  This is usually the result of calling `frame.insert` many times, which has poor performance.  Consider joining all columns at once using pd.concat(axis=1) instead. To get a de-fragmented frame, use `newframe = frame.copy()`
  dataframe[f"dc_hi_{n}"] = dataframe["high"].rolling(n).max().shift(1)
/freqtrade/user_data/strategies/TrendVolTarget.py:50: PerformanceWarning: DataFrame is highly fragmented.  This is usually the result of calling `frame.insert` many times, which has poor performance.  Consider joining all columns at once using pd.concat(axis=1) instead. To get a de-fragmented frame, use `newframe = frame.copy()`
  dataframe[f"dc_hi_{n}"] = dataframe["high"].rolling(n).max().shift(1)
/freqtrade/user_data/strategies/TrendVolTarget.py:50: PerformanceWarning: DataFrame is highly fragmented.  This is usually the result of calling `frame.insert` many times, which has poor performance.  Consider joining all columns at once using pd.concat(axis=1) instead. To get a de-fragmented frame, use `newframe = frame.copy()`
  dataframe[f"dc_hi_{n}"] = dataframe["high"].rolling(n).max().shift(1)
/freqtrade/user_data/strategies/TrendVolTarget.py:50: PerformanceWarning: DataFrame is highly fragmented.  This is usually the result of calling `frame.insert` many times, which has poor performance.  Consider joining all columns at once using pd.concat(axis=1) instead. To get a de-fragmented frame, use `newframe = frame.copy()`
  dataframe[f"dc_hi_{n}"] = dataframe["high"].rolling(n).max().shift(1)
/freqtrade/user_data/strategies/TrendVolTarget.py:50: PerformanceWarning: DataFrame is highly fragmented.  This is usually the result of calling `frame.insert` many times, which has poor performance.  Consider joining all columns at once using pd.concat(axis=1) instead. To get a de-fragmented frame, use `newframe = frame.copy()`
  dataframe[f"dc_hi_{n}"] = dataframe["high"].rolling(n).max().shift(1)
/freqtrade/user_data/strategies/TrendVolTarget.py:50: PerformanceWarning: DataFrame is highly fragmented.  This is usually the result of calling `frame.insert` many times, which has poor performance.  Consider joining all columns at once using pd.concat(axis=1) instead. To get a de-fragmented frame, use `newframe = frame.copy()`
  dataframe[f"dc_hi_{n}"] = dataframe["high"].rolling(n).max().shift(1)
/freqtrade/user_data/strategies/TrendVolTarget.py:50: PerformanceWarning: DataFrame is highly fragmented.  This is usually the result of calling `frame.insert` many times, which has poor performance.  Consider joining all columns at once using pd.concat(axis=1) instead. To get a de-fragmented frame, use `newframe = frame.copy()`
  dataframe[f"dc_hi_{n}"] = dataframe["high"].rolling(n).max().shift(1)
/freqtrade/user_data/strategies/TrendVolTarget.py:50: PerformanceWarning: DataFrame is highly fragmented.  This is usually the result of calling `frame.insert` many times, which has poor performance.  Consider joining all columns at once using pd.concat(axis=1) instead. To get a de-fragmented frame, use `newframe = frame.copy()`
  dataframe[f"dc_hi_{n}"] = dataframe["high"].rolling(n).max().shift(1)
/freqtrade/user_data/strategies/TrendVolTarget.py:50: PerformanceWarning: DataFrame is highly fragmented.  This is usually the result of calling `frame.insert` many times, which has poor performance.  Consider joining all columns at once using pd.concat(axis=1) instead. To get a de-fragmented frame, use `newframe = frame.copy()`
  dataframe[f"dc_hi_{n}"] = dataframe["high"].rolling(n).max().shift(1)
/freqtrade/user_data/strategies/TrendVolTarget.py:50: PerformanceWarning: DataFrame is highly fragmented.  This is usually the result of calling `frame.insert` many times, which has poor performance.  Consider joining all columns at once using pd.concat(axis=1) instead. To get a de-fragmented frame, use `newframe = frame.copy()`
  dataframe[f"dc_hi_{n}"] = dataframe["high"].rolling(n).max().shift(1)
/freqtrade/user_data/strategies/TrendVolTarget.py:50: PerformanceWarning: DataFrame is highly fragmented.  This is usually the result of calling `frame.insert` many times, which has poor performance.  Consider joining all columns at once using pd.concat(axis=1) instead. To get a de-fragmented frame, use `newframe = frame.copy()`
  dataframe[f"dc_hi_{n}"] = dataframe["high"].rolling(n).max().shift(1)
/freqtrade/user_data/strategies/TrendVolTarget.py:50: PerformanceWarning: DataFrame is highly fragmented.  This is usually the result of calling `frame.insert` many times, which has poor performance.  Consider joining all columns at once using pd.concat(axis=1) instead. To get a de-fragmented frame, use `newframe = frame.copy()`
  dataframe[f"dc_hi_{n}"] = dataframe["high"].rolling(n).max().shift(1)
/freqtrade/user_data/strategies/TrendVolTarget.py:50: PerformanceWarning: DataFrame is highly fragmented.  This is usually the result of calling `frame.insert` many times, which has poor performance.  Consider joining all columns at once using pd.concat(axis=1) instead. To get a de-fragmented frame, use `newframe = frame.copy()`
  dataframe[f"dc_hi_{n}"] = dataframe["high"].rolling(n).max().shift(1)
/freqtrade/user_data/strategies/TrendVolTarget.py:50: PerformanceWarning: DataFrame is highly fragmented.  This is usually the result of calling `frame.insert` many times, which has poor performance.  Consider joining all columns at once using pd.concat(axis=1) instead. To get a de-fragmented frame, use `newframe = frame.copy()`
  dataframe[f"dc_hi_{n}"] = dataframe["high"].rolling(n).max().shift(1)
/freqtrade/user_data/strategies/TrendVolTarget.py:50: PerformanceWarning: DataFrame is highly fragmented.  This is usually the result of calling `frame.insert` many times, which has poor performance.  Consider joining all columns at once using pd.concat(axis=1) instead. To get a de-fragmented frame, use `newframe = frame.copy()`
  dataframe[f"dc_hi_{n}"] = dataframe["high"].rolling(n).max().shift(1)
/freqtrade/user_data/strategies/TrendVolTarget.py:50: PerformanceWarning: DataFrame is highly fragmented.  This is usually the result of calling `frame.insert` many times, which has poor performance.  Consider joining all columns at once using pd.concat(axis=1) instead. To get a de-fragmented frame, use `newframe = frame.copy()`
  dataframe[f"dc_hi_{n}"] = dataframe["high"].rolling(n).max().shift(1)
/freqtrade/user_data/strategies/TrendVolTarget.py:50: PerformanceWarning: DataFrame is highly fragmented.  This is usually the result of calling `frame.insert` many times, which has poor performance.  Consider joining all columns at once using pd.concat(axis=1) instead. To get a de-fragmented frame, use `newframe = frame.copy()`
  dataframe[f"dc_hi_{n}"] = dataframe["high"].rolling(n).max().shift(1)
/freqtrade/user_data/strategies/TrendVolTarget.py:50: PerformanceWarning: DataFrame is highly fragmented.  This is usually the result of calling `frame.insert` many times, which has poor performance.  Consider joining all columns at once using pd.concat(axis=1) instead. To get a de-fragmented frame, use `newframe = frame.copy()`
  dataframe[f"dc_hi_{n}"] = dataframe["high"].rolling(n).max().shift(1)
/freqtrade/user_data/strategies/TrendVolTarget.py:50: PerformanceWarning: DataFrame is highly fragmented.  This is usually the result of calling `frame.insert` many times, which has poor performance.  Consider joining all columns at once using pd.concat(axis=1) instead. To get a de-fragmented frame, use `newframe = frame.copy()`
  dataframe[f"dc_hi_{n}"] = dataframe["high"].rolling(n).max().shift(1)
/freqtrade/user_data/strategies/TrendVolTarget.py:50: PerformanceWarning: DataFrame is highly fragmented.  This is usually the result of calling `frame.insert` many times, which has poor performance.  Consider joining all columns at once using pd.concat(axis=1) instead. To get a de-fragmented frame, use `newframe = frame.copy()`
  dataframe[f"dc_hi_{n}"] = dataframe["high"].rolling(n).max().shift(1)
/freqtrade/user_data/strategies/TrendVolTarget.py:50: PerformanceWarning: DataFrame is highly fragmented.  This is usually the result of calling `frame.insert` many times, which has poor performance.  Consider joining all columns at once using pd.concat(axis=1) instead. To get a de-fragmented frame, use `newframe = frame.copy()`
  dataframe[f"dc_hi_{n}"] = dataframe["high"].rolling(n).max().shift(1)
/freqtrade/user_data/strategies/TrendVolTarget.py:50: PerformanceWarning: DataFrame is highly fragmented.  This is usually the result of calling `frame.insert` many times, which has poor performance.  Consider joining all columns at once using pd.concat(axis=1) instead. To get a de-fragmented frame, use `newframe = frame.copy()`
  dataframe[f"dc_hi_{n}"] = dataframe["high"].rolling(n).max().shift(1)
/freqtrade/user_data/strategies/TrendVolTarget.py:50: PerformanceWarning: DataFrame is highly fragmented.  This is usually the result of calling `frame.insert` many times, which has poor performance.  Consider joining all columns at once using pd.concat(axis=1) instead. To get a de-fragmented frame, use `newframe = frame.copy()`
  dataframe[f"dc_hi_{n}"] = dataframe["high"].rolling(n).max().shift(1)
/freqtrade/user_data/strategies/TrendVolTarget.py:50: PerformanceWarning: DataFrame is highly fragmented.  This is usually the result of calling `frame.insert` many times, which has poor performance.  Consider joining all columns at once using pd.concat(axis=1) instead. To get a de-fragmented frame, use `newframe = frame.copy()`
  dataframe[f"dc_hi_{n}"] = dataframe["high"].rolling(n).max().shift(1)
/freqtrade/user_data/strategies/TrendVolTarget.py:50: PerformanceWarning: DataFrame is highly fragmented.  This is usually the result of calling `frame.insert` many times, which has poor performance.  Consider joining all columns at once using pd.concat(axis=1) instead. To get a de-fragmented frame, use `newframe = frame.copy()`
  dataframe[f"dc_hi_{n}"] = dataframe["high"].rolling(n).max().shift(1)
/freqtrade/user_data/strategies/TrendVolTarget.py:50: PerformanceWarning: DataFrame is highly fragmented.  This is usually the result of calling `frame.insert` many times, which has poor performance.  Consider joining all columns at once using pd.concat(axis=1) instead. To get a de-fragmented frame, use `newframe = frame.copy()`
  dataframe[f"dc_hi_{n}"] = dataframe["high"].rolling(n).max().shift(1)
/freqtrade/user_data/strategies/TrendVolTarget.py:50: PerformanceWarning: DataFrame is highly fragmented.  This is usually the result of calling `frame.insert` many times, which has poor performance.  Consider joining all columns at once using pd.concat(axis=1) instead. To get a de-fragmented frame, use `newframe = frame.copy()`
  dataframe[f"dc_hi_{n}"] = dataframe["high"].rolling(n).max().shift(1)
/freqtrade/user_data/strategies/TrendVolTarget.py:50: PerformanceWarning: DataFrame is highly fragmented.  This is usually the result of calling `frame.insert` many times, which has poor performance.  Consider joining all columns at once using pd.concat(axis=1) instead. To get a de-fragmented frame, use `newframe = frame.copy()`
  dataframe[f"dc_hi_{n}"] = dataframe["high"].rolling(n).max().shift(1)
/freqtrade/user_data/strategies/TrendVolTarget.py:50: PerformanceWarning: DataFrame is highly fragmented.  This is usually the result of calling `frame.insert` many times, which has poor performance.  Consider joining all columns at once using pd.concat(axis=1) instead. To get a de-fragmented frame, use `newframe = frame.copy()`
  dataframe[f"dc_hi_{n}"] = dataframe["high"].rolling(n).max().shift(1)
/freqtrade/user_data/strategies/TrendVolTarget.py:50: PerformanceWarning: DataFrame is highly fragmented.  This is usually the result of calling `frame.insert` many times, which has poor performance.  Consider joining all columns at once using pd.concat(axis=1) instead. To get a de-fragmented frame, use `newframe = frame.copy()`
  dataframe[f"dc_hi_{n}"] = dataframe["high"].rolling(n).max().shift(1)
/freqtrade/user_data/strategies/TrendVolTarget.py:50: PerformanceWarning: DataFrame is highly fragmented.  This is usually the result of calling `frame.insert` many times, which has poor performance.  Consider joining all columns at once using pd.concat(axis=1) instead. To get a de-fragmented frame, use `newframe = frame.copy()`
  dataframe[f"dc_hi_{n}"] = dataframe["high"].rolling(n).max().shift(1)
/freqtrade/user_data/strategies/TrendVolTarget.py:50: PerformanceWarning: DataFrame is highly fragmented.  This is usually the result of calling `frame.insert` many times, which has poor performance.  Consider joining all columns at once using pd.concat(axis=1) instead. To get a de-fragmented frame, use `newframe = frame.copy()`
  dataframe[f"dc_hi_{n}"] = dataframe["high"].rolling(n).max().shift(1)
/freqtrade/user_data/strategies/TrendVolTarget.py:50: PerformanceWarning: DataFrame is highly fragmented.  This is usually the result of calling `frame.insert` many times, which has poor performance.  Consider joining all columns at once using pd.concat(axis=1) instead. To get a de-fragmented frame, use `newframe = frame.copy()`
  dataframe[f"dc_hi_{n}"] = dataframe["high"].rolling(n).max().shift(1)
/freqtrade/user_data/strategies/TrendVolTarget.py:50: PerformanceWarning: DataFrame is highly fragmented.  This is usually the result of calling `frame.insert` many times, which has poor performance.  Consider joining all columns at once using pd.concat(axis=1) instead. To get a de-fragmented frame, use `newframe = frame.copy()`
  dataframe[f"dc_hi_{n}"] = dataframe["high"].rolling(n).max().shift(1)
/freqtrade/user_data/strategies/TrendVolTarget.py:50: PerformanceWarning: DataFrame is highly fragmented.  This is usually the result of calling `frame.insert` many times, which has poor performance.  Consider joining all columns at once using pd.concat(axis=1) instead. To get a de-fragmented frame, use `newframe = frame.copy()`
  dataframe[f"dc_hi_{n}"] = dataframe["high"].rolling(n).max().shift(1)
/freqtrade/user_data/strategies/TrendVolTarget.py:50: PerformanceWarning: DataFrame is highly fragmented.  This is usually the result of calling `frame.insert` many times, which has poor performance.  Consider joining all columns at once using pd.concat(axis=1) instead. To get a de-fragmented frame, use `newframe = frame.copy()`
  dataframe[f"dc_hi_{n}"] = dataframe["high"].rolling(n).max().shift(1)
/freqtrade/user_data/strategies/TrendVolTarget.py:50: PerformanceWarning: DataFrame is highly fragmented.  This is usually the result of calling `frame.insert` many times, which has poor performance.  Consider joining all columns at once using pd.concat(axis=1) instead. To get a de-fragmented frame, use `newframe = frame.copy()`
  dataframe[f"dc_hi_{n}"] = dataframe["high"].rolling(n).max().shift(1)
/freqtrade/user_data/strategies/TrendVolTarget.py:50: PerformanceWarning: DataFrame is highly fragmented.  This is usually the result of calling `frame.insert` many times, which has poor performance.  Consider joining all columns at once using pd.concat(axis=1) instead. To get a de-fragmented frame, use `newframe = frame.copy()`
  dataframe[f"dc_hi_{n}"] = dataframe["high"].rolling(n).max().shift(1)
/freqtrade/user_data/strategies/TrendVolTarget.py:50: PerformanceWarning: DataFrame is highly fragmented.  This is usually the result of calling `frame.insert` many times, which has poor performance.  Consider joining all columns at once using pd.concat(axis=1) instead. To get a de-fragmented frame, use `newframe = frame.copy()`
  dataframe[f"dc_hi_{n}"] = dataframe["high"].rolling(n).max().shift(1)
/freqtrade/user_data/strategies/TrendVolTarget.py:50: PerformanceWarning: DataFrame is highly fragmented.  This is usually the result of calling `frame.insert` many times, which has poor performance.  Consider joining all columns at once using pd.concat(axis=1) instead. To get a de-fragmented frame, use `newframe = frame.copy()`
  dataframe[f"dc_hi_{n}"] = dataframe["high"].rolling(n).max().shift(1)
/freqtrade/user_data/strategies/TrendVolTarget.py:50: PerformanceWarning: DataFrame is highly fragmented.  This is usually the result of calling `frame.insert` many times, which has poor performance.  Consider joining all columns at once using pd.concat(axis=1) instead. To get a de-fragmented frame, use `newframe = frame.copy()`
  dataframe[f"dc_hi_{n}"] = dataframe["high"].rolling(n).max().shift(1)
/freqtrade/user_data/strategies/TrendVolTarget.py:50: PerformanceWarning: DataFrame is highly fragmented.  This is usually the result of calling `frame.insert` many times, which has poor performance.  Consider joining all columns at once using pd.concat(axis=1) instead. To get a de-fragmented frame, use `newframe = frame.copy()`
  dataframe[f"dc_hi_{n}"] = dataframe["high"].rolling(n).max().shift(1)
/freqtrade/user_data/strategies/TrendVolTarget.py:50: PerformanceWarning: DataFrame is highly fragmented.  This is usually the result of calling `frame.insert` many times, which has poor performance.  Consider joining all columns at once using pd.concat(axis=1) instead. To get a de-fragmented frame, use `newframe = frame.copy()`
  dataframe[f"dc_hi_{n}"] = dataframe["high"].rolling(n).max().shift(1)
/freqtrade/user_data/strategies/TrendVolTarget.py:50: PerformanceWarning: DataFrame is highly fragmented.  This is usually the result of calling `frame.insert` many times, which has poor performance.  Consider joining all columns at once using pd.concat(axis=1) instead. To get a de-fragmented frame, use `newframe = frame.copy()`
  dataframe[f"dc_hi_{n}"] = dataframe["high"].rolling(n).max().shift(1)
/freqtrade/user_data/strategies/TrendVolTarget.py:50: PerformanceWarning: DataFrame is highly fragmented.  This is usually the result of calling `frame.insert` many times, which has poor performance.  Consider joining all columns at once using pd.concat(axis=1) instead. To get a de-fragmented frame, use `newframe = frame.copy()`
  dataframe[f"dc_hi_{n}"] = dataframe["high"].rolling(n).max().shift(1)
/freqtrade/user_data/strategies/TrendVolTarget.py:50: PerformanceWarning: DataFrame is highly fragmented.  This is usually the result of calling `frame.insert` many times, which has poor performance.  Consider joining all columns at once using pd.concat(axis=1) instead. To get a de-fragmented frame, use `newframe = frame.copy()`
  dataframe[f"dc_hi_{n}"] = dataframe["high"].rolling(n).max().shift(1)
/freqtrade/user_data/strategies/TrendVolTarget.py:50: PerformanceWarning: DataFrame is highly fragmented.  This is usually the result of calling `frame.insert` many times, which has poor performance.  Consider joining all columns at once using pd.concat(axis=1) instead. To get a de-fragmented frame, use `newframe = frame.copy()`
  dataframe[f"dc_hi_{n}"] = dataframe["high"].rolling(n).max().shift(1)
/freqtrade/user_data/strategies/TrendVolTarget.py:50: PerformanceWarning: DataFrame is highly fragmented.  This is usually the result of calling `frame.insert` many times, which has poor performance.  Consider joining all columns at once using pd.concat(axis=1) instead. To get a de-fragmented frame, use `newframe = frame.copy()`
  dataframe[f"dc_hi_{n}"] = dataframe["high"].rolling(n).max().shift(1)
/freqtrade/user_data/strategies/TrendVolTarget.py:50: PerformanceWarning: DataFrame is highly fragmented.  This is usually the result of calling `frame.insert` many times, which has poor performance.  Consider joining all columns at once using pd.concat(axis=1) instead. To get a de-fragmented frame, use `newframe = frame.copy()`
  dataframe[f"dc_hi_{n}"] = dataframe["high"].rolling(n).max().shift(1)
/freqtrade/user_data/strategies/TrendVolTarget.py:50: PerformanceWarning: DataFrame is highly fragmented.  This is usually the result of calling `frame.insert` many times, which has poor performance.  Consider joining all columns at once using pd.concat(axis=1) instead. To get a de-fragmented frame, use `newframe = frame.copy()`
  dataframe[f"dc_hi_{n}"] = dataframe["high"].rolling(n).max().shift(1)
/freqtrade/user_data/strategies/TrendVolTarget.py:50: PerformanceWarning: DataFrame is highly fragmented.  This is usually the result of calling `frame.insert` many times, which has poor performance.  Consider joining all columns at once using pd.concat(axis=1) instead. To get a de-fragmented frame, use `newframe = frame.copy()`
  dataframe[f"dc_hi_{n}"] = dataframe["high"].rolling(n).max().shift(1)
/freqtrade/user_data/strategies/TrendVolTarget.py:50: PerformanceWarning: DataFrame is highly fragmented.  This is usually the result of calling `frame.insert` many times, which has poor performance.  Consider joining all columns at once using pd.concat(axis=1) instead. To get a de-fragmented frame, use `newframe = frame.copy()`
  dataframe[f"dc_hi_{n}"] = dataframe["high"].rolling(n).max().shift(1)
/freqtrade/user_data/strategies/TrendVolTarget.py:50: PerformanceWarning: DataFrame is highly fragmented.  This is usually the result of calling `frame.insert` many times, which has poor performance.  Consider joining all columns at once using pd.concat(axis=1) instead. To get a de-fragmented frame, use `newframe = frame.copy()`
  dataframe[f"dc_hi_{n}"] = dataframe["high"].rolling(n).max().shift(1)
/freqtrade/user_data/strategies/TrendVolTarget.py:50: PerformanceWarning: DataFrame is highly fragmented.  This is usually the result of calling `frame.insert` many times, which has poor performance.  Consider joining all columns at once using pd.concat(axis=1) instead. To get a de-fragmented frame, use `newframe = frame.copy()`
  dataframe[f"dc_hi_{n}"] = dataframe["high"].rolling(n).max().shift(1)
/freqtrade/user_data/strategies/TrendVolTarget.py:50: PerformanceWarning: DataFrame is highly fragmented.  This is usually the result of calling `frame.insert` many times, which has poor performance.  Consider joining all columns at once using pd.concat(axis=1) instead. To get a de-fragmented frame, use `newframe = frame.copy()`
  dataframe[f"dc_hi_{n}"] = dataframe["high"].rolling(n).max().shift(1)
/freqtrade/user_data/strategies/TrendVolTarget.py:50: PerformanceWarning: DataFrame is highly fragmented.  This is usually the result of calling `frame.insert` many times, which has poor performance.  Consider joining all columns at once using pd.concat(axis=1) instead. To get a de-fragmented frame, use `newframe = frame.copy()`
  dataframe[f"dc_hi_{n}"] = dataframe["high"].rolling(n).max().shift(1)
/freqtrade/user_data/strategies/TrendVolTarget.py:50: PerformanceWarning: DataFrame is highly fragmented.  This is usually the result of calling `frame.insert` many times, which has poor performance.  Consider joining all columns at once using pd.concat(axis=1) instead. To get a de-fragmented frame, use `newframe = frame.copy()`
  dataframe[f"dc_hi_{n}"] = dataframe["high"].rolling(n).max().shift(1)
/freqtrade/user_data/strategies/TrendVolTarget.py:50: PerformanceWarning: DataFrame is highly fragmented.  This is usually the result of calling `frame.insert` many times, which has poor performance.  Consider joining all columns at once using pd.concat(axis=1) instead. To get a de-fragmented frame, use `newframe = frame.copy()`
  dataframe[f"dc_hi_{n}"] = dataframe["high"].rolling(n).max().shift(1)
/freqtrade/user_data/strategies/TrendVolTarget.py:50: PerformanceWarning: DataFrame is highly fragmented.  This is usually the result of calling `frame.insert` many times, which has poor performance.  Consider joining all columns at once using pd.concat(axis=1) instead. To get a de-fragmented frame, use `newframe = frame.copy()`
  dataframe[f"dc_hi_{n}"] = dataframe["high"].rolling(n).max().shift(1)
/freqtrade/user_data/strategies/TrendVolTarget.py:50: PerformanceWarning: DataFrame is highly fragmented.  This is usually the result of calling `frame.insert` many times, which has poor performance.  Consider joining all columns at once using pd.concat(axis=1) instead. To get a de-fragmented frame, use `newframe = frame.copy()`
  dataframe[f"dc_hi_{n}"] = dataframe["high"].rolling(n).max().shift(1)
/freqtrade/user_data/strategies/TrendVolTarget.py:50: PerformanceWarning: DataFrame is highly fragmented.  This is usually the result of calling `frame.insert` many times, which has poor performance.  Consider joining all columns at once using pd.concat(axis=1) instead. To get a de-fragmented frame, use `newframe = frame.copy()`
  dataframe[f"dc_hi_{n}"] = dataframe["high"].rolling(n).max().shift(1)
/freqtrade/user_data/strategies/TrendVolTarget.py:50: PerformanceWarning: DataFrame is highly fragmented.  This is usually the result of calling `frame.insert` many times, which has poor performance.  Consider joining all columns at once using pd.concat(axis=1) instead. To get a de-fragmented frame, use `newframe = frame.copy()`
  dataframe[f"dc_hi_{n}"] = dataframe["high"].rolling(n).max().shift(1)
/freqtrade/user_data/strategies/TrendVolTarget.py:50: PerformanceWarning: DataFrame is highly fragmented.  This is usually the result of calling `frame.insert` many times, which has poor performance.  Consider joining all columns at once using pd.concat(axis=1) instead. To get a de-fragmented frame, use `newframe = frame.copy()`
  dataframe[f"dc_hi_{n}"] = dataframe["high"].rolling(n).max().shift(1)
/freqtrade/user_data/strategies/TrendVolTarget.py:50: PerformanceWarning: DataFrame is highly fragmented.  This is usually the result of calling `frame.insert` many times, which has poor performance.  Consider joining all columns at once using pd.concat(axis=1) instead. To get a de-fragmented frame, use `newframe = frame.copy()`
  dataframe[f"dc_hi_{n}"] = dataframe["high"].rolling(n).max().shift(1)
/freqtrade/user_data/strategies/TrendVolTarget.py:50: PerformanceWarning: DataFrame is highly fragmented.  This is usually the result of calling `frame.insert` many times, which has poor performance.  Consider joining all columns at once using pd.concat(axis=1) instead. To get a de-fragmented frame, use `newframe = frame.copy()`
  dataframe[f"dc_hi_{n}"] = dataframe["high"].rolling(n).max().shift(1)
/freqtrade/user_data/strategies/TrendVolTarget.py:50: PerformanceWarning: DataFrame is highly fragmented.  This is usually the result of calling `frame.insert` many times, which has poor performance.  Consider joining all columns at once using pd.concat(axis=1) instead. To get a de-fragmented frame, use `newframe = frame.copy()`
  dataframe[f"dc_hi_{n}"] = dataframe["high"].rolling(n).max().shift(1)
/freqtrade/user_data/strategies/TrendVolTarget.py:50: PerformanceWarning: DataFrame is highly fragmented.  This is usually the result of calling `frame.insert` many times, which has poor performance.  Consider joining all columns at once using pd.concat(axis=1) instead. To get a de-fragmented frame, use `newframe = frame.copy()`
  dataframe[f"dc_hi_{n}"] = dataframe["high"].rolling(n).max().shift(1)
/freqtrade/user_data/strategies/TrendVolTarget.py:50: PerformanceWarning: DataFrame is highly fragmented.  This is usually the result of calling `frame.insert` many times, which has poor performance.  Consider joining all columns at once using pd.concat(axis=1) instead. To get a de-fragmented frame, use `newframe = frame.copy()`
  dataframe[f"dc_hi_{n}"] = dataframe["high"].rolling(n).max().shift(1)
/freqtrade/user_data/strategies/TrendVolTarget.py:50: PerformanceWarning: DataFrame is highly fragmented.  This is usually the result of calling `frame.insert` many times, which has poor performance.  Consider joining all columns at once using pd.concat(axis=1) instead. To get a de-fragmented frame, use `newframe = frame.copy()`
  dataframe[f"dc_hi_{n}"] = dataframe["high"].rolling(n).max().shift(1)
/freqtrade/user_data/strategies/TrendVolTarget.py:50: PerformanceWarning: DataFrame is highly fragmented.  This is usually the result of calling `frame.insert` many times, which has poor performance.  Consider joining all columns at once using pd.concat(axis=1) instead. To get a de-fragmented frame, use `newframe = frame.copy()`
  dataframe[f"dc_hi_{n}"] = dataframe["high"].rolling(n).max().shift(1)
/freqtrade/user_data/strategies/TrendVolTarget.py:50: PerformanceWarning: DataFrame is highly fragmented.  This is usually the result of calling `frame.insert` many times, which has poor performance.  Consider joining all columns at once using pd.concat(axis=1) instead. To get a de-fragmented frame, use `newframe = frame.copy()`
  dataframe[f"dc_hi_{n}"] = dataframe["high"].rolling(n).max().shift(1)
/freqtrade/user_data/strategies/TrendVolTarget.py:50: PerformanceWarning: DataFrame is highly fragmented.  This is usually the result of calling `frame.insert` many times, which has poor performance.  Consider joining all columns at once using pd.concat(axis=1) instead. To get a de-fragmented frame, use `newframe = frame.copy()`
  dataframe[f"dc_hi_{n}"] = dataframe["high"].rolling(n).max().shift(1)
/freqtrade/user_data/strategies/TrendVolTarget.py:50: PerformanceWarning: DataFrame is highly fragmented.  This is usually the result of calling `frame.insert` many times, which has poor performance.  Consider joining all columns at once using pd.concat(axis=1) instead. To get a de-fragmented frame, use `newframe = frame.copy()`
  dataframe[f"dc_hi_{n}"] = dataframe["high"].rolling(n).max().shift(1)
/freqtrade/user_data/strategies/TrendVolTarget.py:50: PerformanceWarning: DataFrame is highly fragmented.  This is usually the result of calling `frame.insert` many times, which has poor performance.  Consider joining all columns at once using pd.concat(axis=1) instead. To get a de-fragmented frame, use `newframe = frame.copy()`
  dataframe[f"dc_hi_{n}"] = dataframe["high"].rolling(n).max().shift(1)
/freqtrade/user_data/strategies/TrendVolTarget.py:50: PerformanceWarning: DataFrame is highly fragmented.  This is usually the result of calling `frame.insert` many times, which has poor performance.  Consider joining all columns at once using pd.concat(axis=1) instead. To get a de-fragmented frame, use `newframe = frame.copy()`
  dataframe[f"dc_hi_{n}"] = dataframe["high"].rolling(n).max().shift(1)
/freqtrade/user_data/strategies/TrendVolTarget.py:50: PerformanceWarning: DataFrame is highly fragmented.  This is usually the result of calling `frame.insert` many times, which has poor performance.  Consider joining all columns at once using pd.concat(axis=1) instead. To get a de-fragmented frame, use `newframe = frame.copy()`
  dataframe[f"dc_hi_{n}"] = dataframe["high"].rolling(n).max().shift(1)
/freqtrade/user_data/strategies/TrendVolTarget.py:50: PerformanceWarning: DataFrame is highly fragmented.  This is usually the result of calling `frame.insert` many times, which has poor performance.  Consider joining all columns at once using pd.concat(axis=1) instead. To get a de-fragmented frame, use `newframe = frame.copy()`
  dataframe[f"dc_hi_{n}"] = dataframe["high"].rolling(n).max().shift(1)
/freqtrade/user_data/strategies/TrendVolTarget.py:50: PerformanceWarning: DataFrame is highly fragmented.  This is usually the result of calling `frame.insert` many times, which has poor performance.  Consider joining all columns at once using pd.concat(axis=1) instead. To get a de-fragmented frame, use `newframe = frame.copy()`
  dataframe[f"dc_hi_{n}"] = dataframe["high"].rolling(n).max().shift(1)
/freqtrade/user_data/strategies/TrendVolTarget.py:50: PerformanceWarning: DataFrame is highly fragmented.  This is usually the result of calling `frame.insert` many times, which has poor performance.  Consider joining all columns at once using pd.concat(axis=1) instead. To get a de-fragmented frame, use `newframe = frame.copy()`
  dataframe[f"dc_hi_{n}"] = dataframe["high"].rolling(n).max().shift(1)
/freqtrade/user_data/strategies/TrendVolTarget.py:50: PerformanceWarning: DataFrame is highly fragmented.  This is usually the result of calling `frame.insert` many times, which has poor performance.  Consider joining all columns at once using pd.concat(axis=1) instead. To get a de-fragmented frame, use `newframe = frame.copy()`
  dataframe[f"dc_hi_{n}"] = dataframe["high"].rolling(n).max().shift(1)
/freqtrade/user_data/strategies/TrendVolTarget.py:50: PerformanceWarning: DataFrame is highly fragmented.  This is usually the result of calling `frame.insert` many times, which has poor performance.  Consider joining all columns at once using pd.concat(axis=1) instead. To get a de-fragmented frame, use `newframe = frame.copy()`
  dataframe[f"dc_hi_{n}"] = dataframe["high"].rolling(n).max().shift(1)
/freqtrade/user_data/strategies/TrendVolTarget.py:50: PerformanceWarning: DataFrame is highly fragmented.  This is usually the result of calling `frame.insert` many times, which has poor performance.  Consider joining all columns at once using pd.concat(axis=1) instead. To get a de-fragmented frame, use `newframe = frame.copy()`
  dataframe[f"dc_hi_{n}"] = dataframe["high"].rolling(n).max().shift(1)
/freqtrade/user_data/strategies/TrendVolTarget.py:53: PerformanceWarning: DataFrame is highly fragmented.  This is usually the result of calling `frame.insert` many times, which has poor performance.  Consider joining all columns at once using pd.concat(axis=1) instead. To get a de-fragmented frame, use `newframe = frame.copy()`
  dataframe["sma_f"] = ta.SMA(dataframe, timeperiod=60)
/freqtrade/user_data/strategies/TrendVolTarget.py:54: PerformanceWarning: DataFrame is highly fragmented.  This is usually the result of calling `frame.insert` many times, which has poor performance.  Consider joining all columns at once using pd.concat(axis=1) instead. To get a de-fragmented frame, use `newframe = frame.copy()`
  dataframe["sma_s"] = ta.SMA(dataframe, timeperiod=240)
/freqtrade/user_data/strategies/TrendVolTarget.py:56: PerformanceWarning: DataFrame is highly fragmented.  This is usually the result of calling `frame.insert` many times, which has poor performance.  Consider joining all columns at once using pd.concat(axis=1) instead. To get a de-fragmented frame, use `newframe = frame.copy()`
  dataframe["rvol"] = dataframe["close"].pct_change().rolling(90).std() * np.sqrt(6 * 365)
/freqtrade/user_data/strategies/TrendVolTarget.py:50: PerformanceWarning: DataFrame is highly fragmented.  This is usually the result of calling `frame.insert` many times, which has poor performance.  Consider joining all columns at once using pd.concat(axis=1) instead. To get a de-fragmented frame, use `newframe = frame.copy()`
  dataframe[f"dc_hi_{n}"] = dataframe["high"].rolling(n).max().shift(1)
/freqtrade/user_data/strategies/TrendVolTarget.py:50: PerformanceWarning: DataFrame is highly fragmented.  This is usually the result of calling `frame.insert` many times, which has poor performance.  Consider joining all columns at once using pd.concat(axis=1) instead. To get a de-fragmented frame, use `newframe = frame.copy()`
  dataframe[f"dc_hi_{n}"] = dataframe["high"].rolling(n).max().shift(1)
/freqtrade/user_data/strategies/TrendVolTarget.py:50: PerformanceWarning: DataFrame is highly fragmented.  This is usually the result of calling `frame.insert` many times, which has poor performance.  Consider joining all columns at once using pd.concat(axis=1) instead. To get a de-fragmented frame, use `newframe = frame.copy()`
  dataframe[f"dc_hi_{n}"] = dataframe["high"].rolling(n).max().shift(1)
/freqtrade/user_data/strategies/TrendVolTarget.py:50: PerformanceWarning: DataFrame is highly fragmented.  This is usually the result of calling `frame.insert` many times, which has poor performance.  Consider joining all columns at once using pd.concat(axis=1) instead. To get a de-fragmented frame, use `newframe = frame.copy()`
  dataframe[f"dc_hi_{n}"] = dataframe["high"].rolling(n).max().shift(1)
/freqtrade/user_data/strategies/TrendVolTarget.py:50: PerformanceWarning: DataFrame is highly fragmented.  This is usually the result of calling `frame.insert` many times, which has poor performance.  Consider joining all columns at once using pd.concat(axis=1) instead. To get a de-fragmented frame, use `newframe = frame.copy()`
  dataframe[f"dc_hi_{n}"] = dataframe["high"].rolling(n).max().shift(1)
/freqtrade/user_data/strategies/TrendVolTarget.py:50: PerformanceWarning: DataFrame is highly fragmented.  This is usually the result of calling `frame.insert` many times, which has poor performance.  Consider joining all columns at once using pd.concat(axis=1) instead. To get a de-fragmented frame, use `newframe = frame.copy()`
  dataframe[f"dc_hi_{n}"] = dataframe["high"].rolling(n).max().shift(1)
/freqtrade/user_data/strategies/TrendVolTarget.py:50: PerformanceWarning: DataFrame is highly fragmented.  This is usually the result of calling `frame.insert` many times, which has poor performance.  Consider joining all columns at once using pd.concat(axis=1) instead. To get a de-fragmented frame, use `newframe = frame.copy()`
  dataframe[f"dc_hi_{n}"] = dataframe["high"].rolling(n).max().shift(1)
/freqtrade/user_data/strategies/TrendVolTarget.py:50: PerformanceWarning: DataFrame is highly fragmented.  This is usually the result of calling `frame.insert` many times, which has poor performance.  Consider joining all columns at once using pd.concat(axis=1) instead. To get a de-fragmented frame, use `newframe = frame.copy()`
  dataframe[f"dc_hi_{n}"] = dataframe["high"].rolling(n).max().shift(1)
/freqtrade/user_data/strategies/TrendVolTarget.py:50: PerformanceWarning: DataFrame is highly fragmented.  This is usually the result of calling `frame.insert` many times, which has poor performance.  Consider joining all columns at once using pd.concat(axis=1) instead. To get a de-fragmented frame, use `newframe = frame.copy()`
  dataframe[f"dc_hi_{n}"] = dataframe["high"].rolling(n).max().shift(1)
/freqtrade/user_data/strategies/TrendVolTarget.py:50: PerformanceWarning: DataFrame is highly fragmented.  This is usually the result of calling `frame.insert` many times, which has poor performance.  Consider joining all columns at once using pd.concat(axis=1) instead. To get a de-fragmented frame, use `newframe = frame.copy()`
  dataframe[f"dc_hi_{n}"] = dataframe["high"].rolling(n).max().shift(1)
/freqtrade/user_data/strategies/TrendVolTarget.py:50: PerformanceWarning: DataFrame is highly fragmented.  This is usually the result of calling `frame.insert` many times, which has poor performance.  Consider joining all columns at once using pd.concat(axis=1) instead. To get a de-fragmented frame, use `newframe = frame.copy()`
  dataframe[f"dc_hi_{n}"] = dataframe["high"].rolling(n).max().shift(1)
/freqtrade/user_data/strategies/TrendVolTarget.py:50: PerformanceWarning: DataFrame is highly fragmented.  This is usually the result of calling `frame.insert` many times, which has poor performance.  Consider joining all columns at once using pd.concat(axis=1) instead. To get a de-fragmented frame, use `newframe = frame.copy()`
  dataframe[f"dc_hi_{n}"] = dataframe["high"].rolling(n).max().shift(1)
/freqtrade/user_data/strategies/TrendVolTarget.py:50: PerformanceWarning: DataFrame is highly fragmented.  This is usually the result of calling `frame.insert` many times, which has poor performance.  Consider joining all columns at once using pd.concat(axis=1) instead. To get a de-fragmented frame, use `newframe = frame.copy()`
  dataframe[f"dc_hi_{n}"] = dataframe["high"].rolling(n).max().shift(1)
/freqtrade/user_data/strategies/TrendVolTarget.py:50: PerformanceWarning: DataFrame is highly fragmented.  This is usually the result of calling `frame.insert` many times, which has poor performance.  Consider joining all columns at once using pd.concat(axis=1) instead. To get a de-fragmented frame, use `newframe = frame.copy()`
  dataframe[f"dc_hi_{n}"] = dataframe["high"].rolling(n).max().shift(1)
/freqtrade/user_data/strategies/TrendVolTarget.py:50: PerformanceWarning: DataFrame is highly fragmented.  This is usually the result of calling `frame.insert` many times, which has poor performance.  Consider joining all columns at once using pd.concat(axis=1) instead. To get a de-fragmented frame, use `newframe = frame.copy()`
  dataframe[f"dc_hi_{n}"] = dataframe["high"].rolling(n).max().shift(1)
/freqtrade/user_data/strategies/TrendVolTarget.py:50: PerformanceWarning: DataFrame is highly fragmented.  This is usually the result of calling `frame.insert` many times, which has poor performance.  Consider joining all columns at once using pd.concat(axis=1) instead. To get a de-fragmented frame, use `newframe = frame.copy()`
  dataframe[f"dc_hi_{n}"] = dataframe["high"].rolling(n).max().shift(1)
/freqtrade/user_data/strategies/TrendVolTarget.py:50: PerformanceWarning: DataFrame is highly fragmented.  This is usually the result of calling `frame.insert` many times, which has poor performance.  Consider joining all columns at once using pd.concat(axis=1) instead. To get a de-fragmented frame, use `newframe = frame.copy()`
  dataframe[f"dc_hi_{n}"] = dataframe["high"].rolling(n).max().shift(1)
/freqtrade/user_data/strategies/TrendVolTarget.py:50: PerformanceWarning: DataFrame is highly fragmented.  This is usually the result of calling `frame.insert` many times, which has poor performance.  Consider joining all columns at once using pd.concat(axis=1) instead. To get a de-fragmented frame, use `newframe = frame.copy()`
  dataframe[f"dc_hi_{n}"] = dataframe["high"].rolling(n).max().shift(1)
/freqtrade/user_data/strategies/TrendVolTarget.py:50: PerformanceWarning: DataFrame is highly fragmented.  This is usually the result of calling `frame.insert` many times, which has poor performance.  Consider joining all columns at once using pd.concat(axis=1) instead. To get a de-fragmented frame, use `newframe = frame.copy()`
  dataframe[f"dc_hi_{n}"] = dataframe["high"].rolling(n).max().shift(1)
/freqtrade/user_data/strategies/TrendVolTarget.py:50: PerformanceWarning: DataFrame is highly fragmented.  This is usually the result of calling `frame.insert` many times, which has poor performance.  Consider joining all columns at once using pd.concat(axis=1) instead. To get a de-fragmented frame, use `newframe = frame.copy()`
  dataframe[f"dc_hi_{n}"] = dataframe["high"].rolling(n).max().shift(1)
/freqtrade/user_data/strategies/TrendVolTarget.py:50: PerformanceWarning: DataFrame is highly fragmented.  This is usually the result of calling `frame.insert` many times, which has poor performance.  Consider joining all columns at once using pd.concat(axis=1) instead. To get a de-fragmented frame, use `newframe = frame.copy()`
  dataframe[f"dc_hi_{n}"] = dataframe["high"].rolling(n).max().shift(1)
/freqtrade/user_data/strategies/TrendVolTarget.py:50: PerformanceWarning: DataFrame is highly fragmented.  This is usually the result of calling `frame.insert` many times, which has poor performance.  Consider joining all columns at once using pd.concat(axis=1) instead. To get a de-fragmented frame, use `newframe = frame.copy()`
  dataframe[f"dc_hi_{n}"] = dataframe["high"].rolling(n).max().shift(1)
/freqtrade/user_data/strategies/TrendVolTarget.py:50: PerformanceWarning: DataFrame is highly fragmented.  This is usually the result of calling `frame.insert` many times, which has poor performance.  Consider joining all columns at once using pd.concat(axis=1) instead. To get a de-fragmented frame, use `newframe = frame.copy()`
  dataframe[f"dc_hi_{n}"] = dataframe["high"].rolling(n).max().shift(1)
/freqtrade/user_data/strategies/TrendVolTarget.py:50: PerformanceWarning: DataFrame is highly fragmented.  This is usually the result of calling `frame.insert` many times, which has poor performance.  Consider joining all columns at once using pd.concat(axis=1) instead. To get a de-fragmented frame, use `newframe = frame.copy()`
  dataframe[f"dc_hi_{n}"] = dataframe["high"].rolling(n).max().shift(1)
/freqtrade/user_data/strategies/TrendVolTarget.py:50: PerformanceWarning: DataFrame is highly fragmented.  This is usually the result of calling `frame.insert` many times, which has poor performance.  Consider joining all columns at once using pd.concat(axis=1) instead. To get a de-fragmented frame, use `newframe = frame.copy()`
  dataframe[f"dc_hi_{n}"] = dataframe["high"].rolling(n).max().shift(1)
/freqtrade/user_data/strategies/TrendVolTarget.py:50: PerformanceWarning: DataFrame is highly fragmented.  This is usually the result of calling `frame.insert` many times, which has poor performance.  Consider joining all columns at once using pd.concat(axis=1) instead. To get a de-fragmented frame, use `newframe = frame.copy()`
  dataframe[f"dc_hi_{n}"] = dataframe["high"].rolling(n).max().shift(1)
/freqtrade/user_data/strategies/TrendVolTarget.py:50: PerformanceWarning: DataFrame is highly fragmented.  This is usually the result of calling `frame.insert` many times, which has poor performance.  Consider joining all columns at once using pd.concat(axis=1) instead. To get a de-fragmented frame, use `newframe = frame.copy()`
  dataframe[f"dc_hi_{n}"] = dataframe["high"].rolling(n).max().shift(1)
/freqtrade/user_data/strategies/TrendVolTarget.py:50: PerformanceWarning: DataFrame is highly fragmented.  This is usually the result of calling `frame.insert` many times, which has poor performance.  Consider joining all columns at once using pd.concat(axis=1) instead. To get a de-fragmented frame, use `newframe = frame.copy()`
  dataframe[f"dc_hi_{n}"] = dataframe["high"].rolling(n).max().shift(1)
/freqtrade/user_data/strategies/TrendVolTarget.py:50: PerformanceWarning: DataFrame is highly fragmented.  This is usually the result of calling `frame.insert` many times, which has poor performance.  Consider joining all columns at once using pd.concat(axis=1) instead. To get a de-fragmented frame, use `newframe = frame.copy()`
  dataframe[f"dc_hi_{n}"] = dataframe["high"].rolling(n).max().shift(1)
/freqtrade/user_data/strategies/TrendVolTarget.py:50: PerformanceWarning: DataFrame is highly fragmented.  This is usually the result of calling `frame.insert` many times, which has poor performance.  Consider joining all columns at once using pd.concat(axis=1) instead. To get a de-fragmented frame, use `newframe = frame.copy()`
  dataframe[f"dc_hi_{n}"] = dataframe["high"].rolling(n).max().shift(1)
/freqtrade/user_data/strategies/TrendVolTarget.py:50: PerformanceWarning: DataFrame is highly fragmented.  This is usually the result of calling `frame.insert` many times, which has poor performance.  Consider joining all columns at once using pd.concat(axis=1) instead. To get a de-fragmented frame, use `newframe = frame.copy()`
  dataframe[f"dc_hi_{n}"] = dataframe["high"].rolling(n).max().shift(1)
/freqtrade/user_data/strategies/TrendVolTarget.py:50: PerformanceWarning: DataFrame is highly fragmented.  This is usually the result of calling `frame.insert` many times, which has poor performance.  Consider joining all columns at once using pd.concat(axis=1) instead. To get a de-fragmented frame, use `newframe = frame.copy()`
  dataframe[f"dc_hi_{n}"] = dataframe["high"].rolling(n).max().shift(1)
/freqtrade/user_data/strategies/TrendVolTarget.py:50: PerformanceWarning: DataFrame is highly fragmented.  This is usually the result of calling `frame.insert` many times, which has poor performance.  Consider joining all columns at once using pd.concat(axis=1) instead. To get a de-fragmented frame, use `newframe = frame.copy()`
  dataframe[f"dc_hi_{n}"] = dataframe["high"].rolling(n).max().shift(1)
/freqtrade/user_data/strategies/TrendVolTarget.py:50: PerformanceWarning: DataFrame is highly fragmented.  This is usually the result of calling `frame.insert` many times, which has poor performance.  Consider joining all columns at once using pd.concat(axis=1) instead. To get a de-fragmented frame, use `newframe = frame.copy()`
  dataframe[f"dc_hi_{n}"] = dataframe["high"].rolling(n).max().shift(1)
/freqtrade/user_data/strategies/TrendVolTarget.py:50: PerformanceWarning: DataFrame is highly fragmented.  This is usually the result of calling `frame.insert` many times, which has poor performance.  Consider joining all columns at once using pd.concat(axis=1) instead. To get a de-fragmented frame, use `newframe = frame.copy()`
  dataframe[f"dc_hi_{n}"] = dataframe["high"].rolling(n).max().shift(1)
/freqtrade/user_data/strategies/TrendVolTarget.py:50: PerformanceWarning: DataFrame is highly fragmented.  This is usually the result of calling `frame.insert` many times, which has poor performance.  Consider joining all columns at once using pd.concat(axis=1) instead. To get a de-fragmented frame, use `newframe = frame.copy()`
  dataframe[f"dc_hi_{n}"] = dataframe["high"].rolling(n).max().shift(1)
/freqtrade/user_data/strategies/TrendVolTarget.py:50: PerformanceWarning: DataFrame is highly fragmented.  This is usually the result of calling `frame.insert` many times, which has poor performance.  Consider joining all columns at once using pd.concat(axis=1) instead. To get a de-fragmented frame, use `newframe = frame.copy()`
  dataframe[f"dc_hi_{n}"] = dataframe["high"].rolling(n).max().shift(1)
/freqtrade/user_data/strategies/TrendVolTarget.py:50: PerformanceWarning: DataFrame is highly fragmented.  This is usually the result of calling `frame.insert` many times, which has poor performance.  Consider joining all columns at once using pd.concat(axis=1) instead. To get a de-fragmented frame, use `newframe = frame.copy()`
  dataframe[f"dc_hi_{n}"] = dataframe["high"].rolling(n).max().shift(1)
/freqtrade/user_data/strategies/TrendVolTarget.py:50: PerformanceWarning: DataFrame is highly fragmented.  This is usually the result of calling `frame.insert` many times, which has poor performance.  Consider joining all columns at once using pd.concat(axis=1) instead. To get a de-fragmented frame, use `newframe = frame.copy()`
  dataframe[f"dc_hi_{n}"] = dataframe["high"].rolling(n).max().shift(1)
/freqtrade/user_data/strategies/TrendVolTarget.py:50: PerformanceWarning: DataFrame is highly fragmented.  This is usually the result of calling `frame.insert` many times, which has poor performance.  Consider joining all columns at once using pd.concat(axis=1) instead. To get a de-fragmented frame, use `newframe = frame.copy()`
  dataframe[f"dc_hi_{n}"] = dataframe["high"].rolling(n).max().shift(1)
/freqtrade/user_data/strategies/TrendVolTarget.py:50: PerformanceWarning: DataFrame is highly fragmented.  This is usually the result of calling `frame.insert` many times, which has poor performance.  Consider joining all columns at once using pd.concat(axis=1) instead. To get a de-fragmented frame, use `newframe = frame.copy()`
  dataframe[f"dc_hi_{n}"] = dataframe["high"].rolling(n).max().shift(1)
/freqtrade/user_data/strategies/TrendVolTarget.py:50: PerformanceWarning: DataFrame is highly fragmented.  This is usually the result of calling `frame.insert` many times, which has poor performance.  Consider joining all columns at once using pd.concat(axis=1) instead. To get a de-fragmented frame, use `newframe = frame.copy()`
  dataframe[f"dc_hi_{n}"] = dataframe["high"].rolling(n).max().shift(1)
/freqtrade/user_data/strategies/TrendVolTarget.py:50: PerformanceWarning: DataFrame is highly fragmented.  This is usually the result of calling `frame.insert` many times, which has poor performance.  Consider joining all columns at once using pd.concat(axis=1) instead. To get a de-fragmented frame, use `newframe = frame.copy()`
  dataframe[f"dc_hi_{n}"] = dataframe["high"].rolling(n).max().shift(1)
/freqtrade/user_data/strategies/TrendVolTarget.py:50: PerformanceWarning: DataFrame is highly fragmented.  This is usually the result of calling `frame.insert` many times, which has poor performance.  Consider joining all columns at once using pd.concat(axis=1) instead. To get a de-fragmented frame, use `newframe = frame.copy()`
  dataframe[f"dc_hi_{n}"] = dataframe["high"].rolling(n).max().shift(1)
/freqtrade/user_data/strategies/TrendVolTarget.py:50: PerformanceWarning: DataFrame is highly fragmented.  This is usually the result of calling `frame.insert` many times, which has poor performance.  Consider joining all columns at once using pd.concat(axis=1) instead. To get a de-fragmented frame, use `newframe = frame.copy()`
  dataframe[f"dc_hi_{n}"] = dataframe["high"].rolling(n).max().shift(1)
/freqtrade/user_data/strategies/TrendVolTarget.py:50: PerformanceWarning: DataFrame is highly fragmented.  This is usually the result of calling `frame.insert` many times, which has poor performance.  Consider joining all columns at once using pd.concat(axis=1) instead. To get a de-fragmented frame, use `newframe = frame.copy()`
  dataframe[f"dc_hi_{n}"] = dataframe["high"].rolling(n).max().shift(1)
/freqtrade/user_data/strategies/TrendVolTarget.py:50: PerformanceWarning: DataFrame is highly fragmented.  This is usually the result of calling `frame.insert` many times, which has poor performance.  Consider joining all columns at once using pd.concat(axis=1) instead. To get a de-fragmented frame, use `newframe = frame.copy()`
  dataframe[f"dc_hi_{n}"] = dataframe["high"].rolling(n).max().shift(1)
/freqtrade/user_data/strategies/TrendVolTarget.py:50: PerformanceWarning: DataFrame is highly fragmented.  This is usually the result of calling `frame.insert` many times, which has poor performance.  Consider joining all columns at once using pd.concat(axis=1) instead. To get a de-fragmented frame, use `newframe = frame.copy()`
  dataframe[f"dc_hi_{n}"] = dataframe["high"].rolling(n).max().shift(1)
/freqtrade/user_data/strategies/TrendVolTarget.py:50: PerformanceWarning: DataFrame is highly fragmented.  This is usually the result of calling `frame.insert` many times, which has poor performance.  Consider joining all columns at once using pd.concat(axis=1) instead. To get a de-fragmented frame, use `newframe = frame.copy()`
  dataframe[f"dc_hi_{n}"] = dataframe["high"].rolling(n).max().shift(1)
/freqtrade/user_data/strategies/TrendVolTarget.py:50: PerformanceWarning: DataFrame is highly fragmented.  This is usually the result of calling `frame.insert` many times, which has poor performance.  Consider joining all columns at once using pd.concat(axis=1) instead. To get a de-fragmented frame, use `newframe = frame.copy()`
  dataframe[f"dc_hi_{n}"] = dataframe["high"].rolling(n).max().shift(1)
/freqtrade/user_data/strategies/TrendVolTarget.py:50: PerformanceWarning: DataFrame is highly fragmented.  This is usually the result of calling `frame.insert` many times, which has poor performance.  Consider joining all columns at once using pd.concat(axis=1) instead. To get a de-fragmented frame, use `newframe = frame.copy()`
  dataframe[f"dc_hi_{n}"] = dataframe["high"].rolling(n).max().shift(1)
/freqtrade/user_data/strategies/TrendVolTarget.py:50: PerformanceWarning: DataFrame is highly fragmented.  This is usually the result of calling `frame.insert` many times, which has poor performance.  Consider joining all columns at once using pd.concat(axis=1) instead. To get a de-fragmented frame, use `newframe = frame.copy()`
  dataframe[f"dc_hi_{n}"] = dataframe["high"].rolling(n).max().shift(1)
/freqtrade/user_data/strategies/TrendVolTarget.py:50: PerformanceWarning: DataFrame is highly fragmented.  This is usually the result of calling `frame.insert` many times, which has poor performance.  Consider joining all columns at once using pd.concat(axis=1) instead. To get a de-fragmented frame, use `newframe = frame.copy()`
  dataframe[f"dc_hi_{n}"] = dataframe["high"].rolling(n).max().shift(1)
/freqtrade/user_data/strategies/TrendVolTarget.py:50: PerformanceWarning: DataFrame is highly fragmented.  This is usually the result of calling `frame.insert` many times, which has poor performance.  Consider joining all columns at once using pd.concat(axis=1) instead. To get a de-fragmented frame, use `newframe = frame.copy()`
  dataframe[f"dc_hi_{n}"] = dataframe["high"].rolling(n).max().shift(1)
/freqtrade/user_data/strategies/TrendVolTarget.py:50: PerformanceWarning: DataFrame is highly fragmented.  This is usually the result of calling `frame.insert` many times, which has poor performance.  Consider joining all columns at once using pd.concat(axis=1) instead. To get a de-fragmented frame, use `newframe = frame.copy()`
  dataframe[f"dc_hi_{n}"] = dataframe["high"].rolling(n).max().shift(1)
/freqtrade/user_data/strategies/TrendVolTarget.py:50: PerformanceWarning: DataFrame is highly fragmented.  This is usually the result of calling `frame.insert` many times, which has poor performance.  Consider joining all columns at once using pd.concat(axis=1) instead. To get a de-fragmented frame, use `newframe = frame.copy()`
  dataframe[f"dc_hi_{n}"] = dataframe["high"].rolling(n).max().shift(1)
/freqtrade/user_data/strategies/TrendVolTarget.py:50: PerformanceWarning: DataFrame is highly fragmented.  This is usually the result of calling `frame.insert` many times, which has poor performance.  Consider joining all columns at once using pd.concat(axis=1) instead. To get a de-fragmented frame, use `newframe = frame.copy()`
  dataframe[f"dc_hi_{n}"] = dataframe["high"].rolling(n).max().shift(1)
/freqtrade/user_data/strategies/TrendVolTarget.py:50: PerformanceWarning: DataFrame is highly fragmented.  This is usually the result of calling `frame.insert` many times, which has poor performance.  Consider joining all columns at once using pd.concat(axis=1) instead. To get a de-fragmented frame, use `newframe = frame.copy()`
  dataframe[f"dc_hi_{n}"] = dataframe["high"].rolling(n).max().shift(1)
/freqtrade/user_data/strategies/TrendVolTarget.py:50: PerformanceWarning: DataFrame is highly fragmented.  This is usually the result of calling `frame.insert` many times, which has poor performance.  Consider joining all columns at once using pd.concat(axis=1) instead. To get a de-fragmented frame, use `newframe = frame.copy()`
  dataframe[f"dc_hi_{n}"] = dataframe["high"].rolling(n).max().shift(1)
/freqtrade/user_data/strategies/TrendVolTarget.py:50: PerformanceWarning: DataFrame is highly fragmented.  This is usually the result of calling `frame.insert` many times, which has poor performance.  Consider joining all columns at once using pd.concat(axis=1) instead. To get a de-fragmented frame, use `newframe = frame.copy()`
  dataframe[f"dc_hi_{n}"] = dataframe["high"].rolling(n).max().shift(1)
/freqtrade/user_data/strategies/TrendVolTarget.py:50: PerformanceWarning: DataFrame is highly fragmented.  This is usually the result of calling `frame.insert` many times, which has poor performance.  Consider joining all columns at once using pd.concat(axis=1) instead. To get a de-fragmented frame, use `newframe = frame.copy()`
  dataframe[f"dc_hi_{n}"] = dataframe["high"].rolling(n).max().shift(1)
/freqtrade/user_data/strategies/TrendVolTarget.py:50: PerformanceWarning: DataFrame is highly fragmented.  This is usually the result of calling `frame.insert` many times, which has poor performance.  Consider joining all columns at once using pd.concat(axis=1) instead. To get a de-fragmented frame, use `newframe = frame.copy()`
  dataframe[f"dc_hi_{n}"] = dataframe["high"].rolling(n).max().shift(1)
/freqtrade/user_data/strategies/TrendVolTarget.py:50: PerformanceWarning: DataFrame is highly fragmented.  This is usually the result of calling `frame.insert` many times, which has poor performance.  Consider joining all columns at once using pd.concat(axis=1) instead. To get a de-fragmented frame, use `newframe = frame.copy()`
  dataframe[f"dc_hi_{n}"] = dataframe["high"].rolling(n).max().shift(1)
/freqtrade/user_data/strategies/TrendVolTarget.py:50: PerformanceWarning: DataFrame is highly fragmented.  This is usually the result of calling `frame.insert` many times, which has poor performance.  Consider joining all columns at once using pd.concat(axis=1) instead. To get a de-fragmented frame, use `newframe = frame.copy()`
  dataframe[f"dc_hi_{n}"] = dataframe["high"].rolling(n).max().shift(1)
/freqtrade/user_data/strategies/TrendVolTarget.py:50: PerformanceWarning: DataFrame is highly fragmented.  This is usually the result of calling `frame.insert` many times, which has poor performance.  Consider joining all columns at once using pd.concat(axis=1) instead. To get a de-fragmented frame, use `newframe = frame.copy()`
  dataframe[f"dc_hi_{n}"] = dataframe["high"].rolling(n).max().shift(1)
/freqtrade/user_data/strategies/TrendVolTarget.py:50: PerformanceWarning: DataFrame is highly fragmented.  This is usually the result of calling `frame.insert` many times, which has poor performance.  Consider joining all columns at once using pd.concat(axis=1) instead. To get a de-fragmented frame, use `newframe = frame.copy()`
  dataframe[f"dc_hi_{n}"] = dataframe["high"].rolling(n).max().shift(1)
/freqtrade/user_data/strategies/TrendVolTarget.py:50: PerformanceWarning: DataFrame is highly fragmented.  This is usually the result of calling `frame.insert` many times, which has poor performance.  Consider joining all columns at once using pd.concat(axis=1) instead. To get a de-fragmented frame, use `newframe = frame.copy()`
  dataframe[f"dc_hi_{n}"] = dataframe["high"].rolling(n).max().shift(1)
/freqtrade/user_data/strategies/TrendVolTarget.py:50: PerformanceWarning: DataFrame is highly fragmented.  This is usually the result of calling `frame.insert` many times, which has poor performance.  Consider joining all columns at once using pd.concat(axis=1) instead. To get a de-fragmented frame, use `newframe = frame.copy()`
  dataframe[f"dc_hi_{n}"] = dataframe["high"].rolling(n).max().shift(1)
/freqtrade/user_data/strategies/TrendVolTarget.py:50: PerformanceWarning: DataFrame is highly fragmented.  This is usually the result of calling `frame.insert` many times, which has poor performance.  Consider joining all columns at once using pd.concat(axis=1) instead. To get a de-fragmented frame, use `newframe = frame.copy()`
  dataframe[f"dc_hi_{n}"] = dataframe["high"].rolling(n).max().shift(1)
/freqtrade/user_data/strategies/TrendVolTarget.py:50: PerformanceWarning: DataFrame is highly fragmented.  This is usually the result of calling `frame.insert` many times, which has poor performance.  Consider joining all columns at once using pd.concat(axis=1) instead. To get a de-fragmented frame, use `newframe = frame.copy()`
  dataframe[f"dc_hi_{n}"] = dataframe["high"].rolling(n).max().shift(1)
/freqtrade/user_data/strategies/TrendVolTarget.py:50: PerformanceWarning: DataFrame is highly fragmented.  This is usually the result of calling `frame.insert` many times, which has poor performance.  Consider joining all columns at once using pd.concat(axis=1) instead. To get a de-fragmented frame, use `newframe = frame.copy()`
  dataframe[f"dc_hi_{n}"] = dataframe["high"].rolling(n).max().shift(1)
/freqtrade/user_data/strategies/TrendVolTarget.py:50: PerformanceWarning: DataFrame is highly fragmented.  This is usually the result of calling `frame.insert` many times, which has poor performance.  Consider joining all columns at once using pd.concat(axis=1) instead. To get a de-fragmented frame, use `newframe = frame.copy()`
  dataframe[f"dc_hi_{n}"] = dataframe["high"].rolling(n).max().shift(1)
/freqtrade/user_data/strategies/TrendVolTarget.py:50: PerformanceWarning: DataFrame is highly fragmented.  This is usually the result of calling `frame.insert` many times, which has poor performance.  Consider joining all columns at once using pd.concat(axis=1) instead. To get a de-fragmented frame, use `newframe = frame.copy()`
  dataframe[f"dc_hi_{n}"] = dataframe["high"].rolling(n).max().shift(1)
/freqtrade/user_data/strategies/TrendVolTarget.py:50: PerformanceWarning: DataFrame is highly fragmented.  This is usually the result of calling `frame.insert` many times, which has poor performance.  Consider joining all columns at once using pd.concat(axis=1) instead. To get a de-fragmented frame, use `newframe = frame.copy()`
  dataframe[f"dc_hi_{n}"] = dataframe["high"].rolling(n).max().shift(1)
/freqtrade/user_data/strategies/TrendVolTarget.py:50: PerformanceWarning: DataFrame is highly fragmented.  This is usually the result of calling `frame.insert` many times, which has poor performance.  Consider joining all columns at once using pd.concat(axis=1) instead. To get a de-fragmented frame, use `newframe = frame.copy()`
  dataframe[f"dc_hi_{n}"] = dataframe["high"].rolling(n).max().shift(1)
/freqtrade/user_data/strategies/TrendVolTarget.py:50: PerformanceWarning: DataFrame is highly fragmented.  This is usually the result of calling `frame.insert` many times, which has poor performance.  Consider joining all columns at once using pd.concat(axis=1) instead. To get a de-fragmented frame, use `newframe = frame.copy()`
  dataframe[f"dc_hi_{n}"] = dataframe["high"].rolling(n).max().shift(1)
/freqtrade/user_data/strategies/TrendVolTarget.py:50: PerformanceWarning: DataFrame is highly fragmented.  This is usually the result of calling `frame.insert` many times, which has poor performance.  Consider joining all columns at once using pd.concat(axis=1) instead. To get a de-fragmented frame, use `newframe = frame.copy()`
  dataframe[f"dc_hi_{n}"] = dataframe["high"].rolling(n).max().shift(1)
/freqtrade/user_data/strategies/TrendVolTarget.py:50: PerformanceWarning: DataFrame is highly fragmented.  This is usually the result of calling `frame.insert` many times, which has poor performance.  Consider joining all columns at once using pd.concat(axis=1) instead. To get a de-fragmented frame, use `newframe = frame.copy()`
  dataframe[f"dc_hi_{n}"] = dataframe["high"].rolling(n).max().shift(1)
/freqtrade/user_data/strategies/TrendVolTarget.py:50: PerformanceWarning: DataFrame is highly fragmented.  This is usually the result of calling `frame.insert` many times, which has poor performance.  Consider joining all columns at once using pd.concat(axis=1) instead. To get a de-fragmented frame, use `newframe = frame.copy()`
  dataframe[f"dc_hi_{n}"] = dataframe["high"].rolling(n).max().shift(1)
/freqtrade/user_data/strategies/TrendVolTarget.py:50: PerformanceWarning: DataFrame is highly fragmented.  This is usually the result of calling `frame.insert` many times, which has poor performance.  Consider joining all columns at once using pd.concat(axis=1) instead. To get a de-fragmented frame, use `newframe = frame.copy()`
  dataframe[f"dc_hi_{n}"] = dataframe["high"].rolling(n).max().shift(1)
/freqtrade/user_data/strategies/TrendVolTarget.py:50: PerformanceWarning: DataFrame is highly fragmented.  This is usually the result of calling `frame.insert` many times, which has poor performance.  Consider joining all columns at once using pd.concat(axis=1) instead. To get a de-fragmented frame, use `newframe = frame.copy()`
  dataframe[f"dc_hi_{n}"] = dataframe["high"].rolling(n).max().shift(1)
/freqtrade/user_data/strategies/TrendVolTarget.py:50: PerformanceWarning: DataFrame is highly fragmented.  This is usually the result of calling `frame.insert` many times, which has poor performance.  Consider joining all columns at once using pd.concat(axis=1) instead. To get a de-fragmented frame, use `newframe = frame.copy()`
  dataframe[f"dc_hi_{n}"] = dataframe["high"].rolling(n).max().shift(1)
/freqtrade/user_data/strategies/TrendVolTarget.py:50: PerformanceWarning: DataFrame is highly fragmented.  This is usually the result of calling `frame.insert` many times, which has poor performance.  Consider joining all columns at once using pd.concat(axis=1) instead. To get a de-fragmented frame, use `newframe = frame.copy()`
  dataframe[f"dc_hi_{n}"] = dataframe["high"].rolling(n).max().shift(1)
/freqtrade/user_data/strategies/TrendVolTarget.py:50: PerformanceWarning: DataFrame is highly fragmented.  This is usually the result of calling `frame.insert` many times, which has poor performance.  Consider joining all columns at once using pd.concat(axis=1) instead. To get a de-fragmented frame, use `newframe = frame.copy()`
  dataframe[f"dc_hi_{n}"] = dataframe["high"].rolling(n).max().shift(1)
/freqtrade/user_data/strategies/TrendVolTarget.py:53: PerformanceWarning: DataFrame is highly fragmented.  This is usually the result of calling `frame.insert` many times, which has poor performance.  Consider joining all columns at once using pd.concat(axis=1) instead. To get a de-fragmented frame, use `newframe = frame.copy()`
  dataframe["sma_f"] = ta.SMA(dataframe, timeperiod=60)
/freqtrade/user_data/strategies/TrendVolTarget.py:54: PerformanceWarning: DataFrame is highly fragmented.  This is usually the result of calling `frame.insert` many times, which has poor performance.  Consider joining all columns at once using pd.concat(axis=1) instead. To get a de-fragmented frame, use `newframe = frame.copy()`
  dataframe["sma_s"] = ta.SMA(dataframe, timeperiod=240)
/freqtrade/user_data/strategies/TrendVolTarget.py:56: PerformanceWarning: DataFrame is highly fragmented.  This is usually the result of calling `frame.insert` many times, which has poor performance.  Consider joining all columns at once using pd.concat(axis=1) instead. To get a de-fragmented frame, use `newframe = frame.copy()`
  dataframe["rvol"] = dataframe["close"].pct_change().rolling(90).std() * np.sqrt(6 * 365)
/freqtrade/user_data/strategies/TrendVolTarget.py:50: PerformanceWarning: DataFrame is highly fragmented.  This is usually the result of calling `frame.insert` many times, which has poor performance.  Consider joining all columns at once using pd.concat(axis=1) instead. To get a de-fragmented frame, use `newframe = frame.copy()`
  dataframe[f"dc_hi_{n}"] = dataframe["high"].rolling(n).max().shift(1)
/freqtrade/user_data/strategies/TrendVolTarget.py:50: PerformanceWarning: DataFrame is highly fragmented.  This is usually the result of calling `frame.insert` many times, which has poor performance.  Consider joining all columns at once using pd.concat(axis=1) instead. To get a de-fragmented frame, use `newframe = frame.copy()`
  dataframe[f"dc_hi_{n}"] = dataframe["high"].rolling(n).max().shift(1)
/freqtrade/user_data/strategies/TrendVolTarget.py:50: PerformanceWarning: DataFrame is highly fragmented.  This is usually the result of calling `frame.insert` many times, which has poor performance.  Consider joining all columns at once using pd.concat(axis=1) instead. To get a de-fragmented frame, use `newframe = frame.copy()`
  dataframe[f"dc_hi_{n}"] = dataframe["high"].rolling(n).max().shift(1)
/freqtrade/user_data/strategies/TrendVolTarget.py:50: PerformanceWarning: DataFrame is highly fragmented.  This is usually the result of calling `frame.insert` many times, which has poor performance.  Consider joining all columns at once using pd.concat(axis=1) instead. To get a de-fragmented frame, use `newframe = frame.copy()`
  dataframe[f"dc_hi_{n}"] = dataframe["high"].rolling(n).max().shift(1)
/freqtrade/user_data/strategies/TrendVolTarget.py:50: PerformanceWarning: DataFrame is highly fragmented.  This is usually the result of calling `frame.insert` many times, which has poor performance.  Consider joining all columns at once using pd.concat(axis=1) instead. To get a de-fragmented frame, use `newframe = frame.copy()`
  dataframe[f"dc_hi_{n}"] = dataframe["high"].rolling(n).max().shift(1)
/freqtrade/user_data/strategies/TrendVolTarget.py:50: PerformanceWarning: DataFrame is highly fragmented.  This is usually the result of calling `frame.insert` many times, which has poor performance.  Consider joining all columns at once using pd.concat(axis=1) instead. To get a de-fragmented frame, use `newframe = frame.copy()`
  dataframe[f"dc_hi_{n}"] = dataframe["high"].rolling(n).max().shift(1)
/freqtrade/user_data/strategies/TrendVolTarget.py:50: PerformanceWarning: DataFrame is highly fragmented.  This is usually the result of calling `frame.insert` many times, which has poor performance.  Consider joining all columns at once using pd.concat(axis=1) instead. To get a de-fragmented frame, use `newframe = frame.copy()`
  dataframe[f"dc_hi_{n}"] = dataframe["high"].rolling(n).max().shift(1)
/freqtrade/user_data/strategies/TrendVolTarget.py:50: PerformanceWarning: DataFrame is highly fragmented.  This is usually the result of calling `frame.insert` many times, which has poor performance.  Consider joining all columns at once using pd.concat(axis=1) instead. To get a de-fragmented frame, use `newframe = frame.copy()`
  dataframe[f"dc_hi_{n}"] = dataframe["high"].rolling(n).max().shift(1)
/freqtrade/user_data/strategies/TrendVolTarget.py:50: PerformanceWarning: DataFrame is highly fragmented.  This is usually the result of calling `frame.insert` many times, which has poor performance.  Consider joining all columns at once using pd.concat(axis=1) instead. To get a de-fragmented frame, use `newframe = frame.copy()`
  dataframe[f"dc_hi_{n}"] = dataframe["high"].rolling(n).max().shift(1)
/freqtrade/user_data/strategies/TrendVolTarget.py:50: PerformanceWarning: DataFrame is highly fragmented.  This is usually the result of calling `frame.insert` many times, which has poor performance.  Consider joining all columns at once using pd.concat(axis=1) instead. To get a de-fragmented frame, use `newframe = frame.copy()`
  dataframe[f"dc_hi_{n}"] = dataframe["high"].rolling(n).max().shift(1)
/freqtrade/user_data/strategies/TrendVolTarget.py:50: PerformanceWarning: DataFrame is highly fragmented.  This is usually the result of calling `frame.insert` many times, which has poor performance.  Consider joining all columns at once using pd.concat(axis=1) instead. To get a de-fragmented frame, use `newframe = frame.copy()`
  dataframe[f"dc_hi_{n}"] = dataframe["high"].rolling(n).max().shift(1)
/freqtrade/user_data/strategies/TrendVolTarget.py:50: PerformanceWarning: DataFrame is highly fragmented.  This is usually the result of calling `frame.insert` many times, which has poor performance.  Consider joining all columns at once using pd.concat(axis=1) instead. To get a de-fragmented frame, use `newframe = frame.copy()`
  dataframe[f"dc_hi_{n}"] = dataframe["high"].rolling(n).max().shift(1)
/freqtrade/user_data/strategies/TrendVolTarget.py:50: PerformanceWarning: DataFrame is highly fragmented.  This is usually the result of calling `frame.insert` many times, which has poor performance.  Consider joining all columns at once using pd.concat(axis=1) instead. To get a de-fragmented frame, use `newframe = frame.copy()`
  dataframe[f"dc_hi_{n}"] = dataframe["high"].rolling(n).max().shift(1)
/freqtrade/user_data/strategies/TrendVolTarget.py:50: PerformanceWarning: DataFrame is highly fragmented.  This is usually the result of calling `frame.insert` many times, which has poor performance.  Consider joining all columns at once using pd.concat(axis=1) instead. To get a de-fragmented frame, use `newframe = frame.copy()`
  dataframe[f"dc_hi_{n}"] = dataframe["high"].rolling(n).max().shift(1)
/freqtrade/user_data/strategies/TrendVolTarget.py:50: PerformanceWarning: DataFrame is highly fragmented.  This is usually the result of calling `frame.insert` many times, which has poor performance.  Consider joining all columns at once using pd.concat(axis=1) instead. To get a de-fragmented frame, use `newframe = frame.copy()`
  dataframe[f"dc_hi_{n}"] = dataframe["high"].rolling(n).max().shift(1)
/freqtrade/user_data/strategies/TrendVolTarget.py:50: PerformanceWarning: DataFrame is highly fragmented.  This is usually the result of calling `frame.insert` many times, which has poor performance.  Consider joining all columns at once using pd.concat(axis=1) instead. To get a de-fragmented frame, use `newframe = frame.copy()`
  dataframe[f"dc_hi_{n}"] = dataframe["high"].rolling(n).max().shift(1)
/freqtrade/user_data/strategies/TrendVolTarget.py:50: PerformanceWarning: DataFrame is highly fragmented.  This is usually the result of calling `frame.insert` many times, which has poor performance.  Consider joining all columns at once using pd.concat(axis=1) instead. To get a de-fragmented frame, use `newframe = frame.copy()`
  dataframe[f"dc_hi_{n}"] = dataframe["high"].rolling(n).max().shift(1)
/freqtrade/user_data/strategies/TrendVolTarget.py:50: PerformanceWarning: DataFrame is highly fragmented.  This is usually the result of calling `frame.insert` many times, which has poor performance.  Consider joining all columns at once using pd.concat(axis=1) instead. To get a de-fragmented frame, use `newframe = frame.copy()`
  dataframe[f"dc_hi_{n}"] = dataframe["high"].rolling(n).max().shift(1)
/freqtrade/user_data/strategies/TrendVolTarget.py:50: PerformanceWarning: DataFrame is highly fragmented.  This is usually the result of calling `frame.insert` many times, which has poor performance.  Consider joining all columns at once using pd.concat(axis=1) instead. To get a de-fragmented frame, use `newframe = frame.copy()`
  dataframe[f"dc_hi_{n}"] = dataframe["high"].rolling(n).max().shift(1)
/freqtrade/user_data/strategies/TrendVolTarget.py:50: PerformanceWarning: DataFrame is highly fragmented.  This is usually the result of calling `frame.insert` many times, which has poor performance.  Consider joining all columns at once using pd.concat(axis=1) instead. To get a de-fragmented frame, use `newframe = frame.copy()`
  dataframe[f"dc_hi_{n}"] = dataframe["high"].rolling(n).max().shift(1)
/freqtrade/user_data/strategies/TrendVolTarget.py:50: PerformanceWarning: DataFrame is highly fragmented.  This is usually the result of calling `frame.insert` many times, which has poor performance.  Consider joining all columns at once using pd.concat(axis=1) instead. To get a de-fragmented frame, use `newframe = frame.copy()`
  dataframe[f"dc_hi_{n}"] = dataframe["high"].rolling(n).max().shift(1)
/freqtrade/user_data/strategies/TrendVolTarget.py:50: PerformanceWarning: DataFrame is highly fragmented.  This is usually the result of calling `frame.insert` many times, which has poor performance.  Consider joining all columns at once using pd.concat(axis=1) instead. To get a de-fragmented frame, use `newframe = frame.copy()`
  dataframe[f"dc_hi_{n}"] = dataframe["high"].rolling(n).max().shift(1)
/freqtrade/user_data/strategies/TrendVolTarget.py:50: PerformanceWarning: DataFrame is highly fragmented.  This is usually the result of calling `frame.insert` many times, which has poor performance.  Consider joining all columns at once using pd.concat(axis=1) instead. To get a de-fragmented frame, use `newframe = frame.copy()`
  dataframe[f"dc_hi_{n}"] = dataframe["high"].rolling(n).max().shift(1)
/freqtrade/user_data/strategies/TrendVolTarget.py:50: PerformanceWarning: DataFrame is highly fragmented.  This is usually the result of calling `frame.insert` many times, which has poor performance.  Consider joining all columns at once using pd.concat(axis=1) instead. To get a de-fragmented frame, use `newframe = frame.copy()`
  dataframe[f"dc_hi_{n}"] = dataframe["high"].rolling(n).max().shift(1)
/freqtrade/user_data/strategies/TrendVolTarget.py:50: PerformanceWarning: DataFrame is highly fragmented.  This is usually the result of calling `frame.insert` many times, which has poor performance.  Consider joining all columns at once using pd.concat(axis=1) instead. To get a de-fragmented frame, use `newframe = frame.copy()`
  dataframe[f"dc_hi_{n}"] = dataframe["high"].rolling(n).max().shift(1)
/freqtrade/user_data/strategies/TrendVolTarget.py:50: PerformanceWarning: DataFrame is highly fragmented.  This is usually the result of calling `frame.insert` many times, which has poor performance.  Consider joining all columns at once using pd.concat(axis=1) instead. To get a de-fragmented frame, use `newframe = frame.copy()`
  dataframe[f"dc_hi_{n}"] = dataframe["high"].rolling(n).max().shift(1)
/freqtrade/user_data/strategies/TrendVolTarget.py:50: PerformanceWarning: DataFrame is highly fragmented.  This is usually the result of calling `frame.insert` many times, which has poor performance.  Consider joining all columns at once using pd.concat(axis=1) instead. To get a de-fragmented frame, use `newframe = frame.copy()`
  dataframe[f"dc_hi_{n}"] = dataframe["high"].rolling(n).max().shift(1)
/freqtrade/user_data/strategies/TrendVolTarget.py:50: PerformanceWarning: DataFrame is highly fragmented.  This is usually the result of calling `frame.insert` many times, which has poor performance.  Consider joining all columns at once using pd.concat(axis=1) instead. To get a de-fragmented frame, use `newframe = frame.copy()`
  dataframe[f"dc_hi_{n}"] = dataframe["high"].rolling(n).max().shift(1)
/freqtrade/user_data/strategies/TrendVolTarget.py:50: PerformanceWarning: DataFrame is highly fragmented.  This is usually the result of calling `frame.insert` many times, which has poor performance.  Consider joining all columns at once using pd.concat(axis=1) instead. To get a de-fragmented frame, use `newframe = frame.copy()`
  dataframe[f"dc_hi_{n}"] = dataframe["high"].rolling(n).max().shift(1)
/freqtrade/user_data/strategies/TrendVolTarget.py:50: PerformanceWarning: DataFrame is highly fragmented.  This is usually the result of calling `frame.insert` many times, which has poor performance.  Consider joining all columns at once using pd.concat(axis=1) instead. To get a de-fragmented frame, use `newframe = frame.copy()`
  dataframe[f"dc_hi_{n}"] = dataframe["high"].rolling(n).max().shift(1)
/freqtrade/user_data/strategies/TrendVolTarget.py:50: PerformanceWarning: DataFrame is highly fragmented.  This is usually the result of calling `frame.insert` many times, which has poor performance.  Consider joining all columns at once using pd.concat(axis=1) instead. To get a de-fragmented frame, use `newframe = frame.copy()`
  dataframe[f"dc_hi_{n}"] = dataframe["high"].rolling(n).max().shift(1)
/freqtrade/user_data/strategies/TrendVolTarget.py:50: PerformanceWarning: DataFrame is highly fragmented.  This is usually the result of calling `frame.insert` many times, which has poor performance.  Consider joining all columns at once using pd.concat(axis=1) instead. To get a de-fragmented frame, use `newframe = frame.copy()`
  dataframe[f"dc_hi_{n}"] = dataframe["high"].rolling(n).max().shift(1)
/freqtrade/user_data/strategies/TrendVolTarget.py:50: PerformanceWarning: DataFrame is highly fragmented.  This is usually the result of calling `frame.insert` many times, which has poor performance.  Consider joining all columns at once using pd.concat(axis=1) instead. To get a de-fragmented frame, use `newframe = frame.copy()`
  dataframe[f"dc_hi_{n}"] = dataframe["high"].rolling(n).max().shift(1)
/freqtrade/user_data/strategies/TrendVolTarget.py:50: PerformanceWarning: DataFrame is highly fragmented.  This is usually the result of calling `frame.insert` many times, which has poor performance.  Consider joining all columns at once using pd.concat(axis=1) instead. To get a de-fragmented frame, use `newframe = frame.copy()`
  dataframe[f"dc_hi_{n}"] = dataframe["high"].rolling(n).max().shift(1)
/freqtrade/user_data/strategies/TrendVolTarget.py:50: PerformanceWarning: DataFrame is highly fragmented.  This is usually the result of calling `frame.insert` many times, which has poor performance.  Consider joining all columns at once using pd.concat(axis=1) instead. To get a de-fragmented frame, use `newframe = frame.copy()`
  dataframe[f"dc_hi_{n}"] = dataframe["high"].rolling(n).max().shift(1)
/freqtrade/user_data/strategies/TrendVolTarget.py:50: PerformanceWarning: DataFrame is highly fragmented.  This is usually the result of calling `frame.insert` many times, which has poor performance.  Consider joining all columns at once using pd.concat(axis=1) instead. To get a de-fragmented frame, use `newframe = frame.copy()`
  dataframe[f"dc_hi_{n}"] = dataframe["high"].rolling(n).max().shift(1)
/freqtrade/user_data/strategies/TrendVolTarget.py:50: PerformanceWarning: DataFrame is highly fragmented.  This is usually the result of calling `frame.insert` many times, which has poor performance.  Consider joining all columns at once using pd.concat(axis=1) instead. To get a de-fragmented frame, use `newframe = frame.copy()`
  dataframe[f"dc_hi_{n}"] = dataframe["high"].rolling(n).max().shift(1)
/freqtrade/user_data/strategies/TrendVolTarget.py:50: PerformanceWarning: DataFrame is highly fragmented.  This is usually the result of calling `frame.insert` many times, which has poor performance.  Consider joining all columns at once using pd.concat(axis=1) instead. To get a de-fragmented frame, use `newframe = frame.copy()`
  dataframe[f"dc_hi_{n}"] = dataframe["high"].rolling(n).max().shift(1)
/freqtrade/user_data/strategies/TrendVolTarget.py:50: PerformanceWarning: DataFrame is highly fragmented.  This is usually the result of calling `frame.insert` many times, which has poor performance.  Consider joining all columns at once using pd.concat(axis=1) instead. To get a de-fragmented frame, use `newframe = frame.copy()`
  dataframe[f"dc_hi_{n}"] = dataframe["high"].rolling(n).max().shift(1)
/freqtrade/user_data/strategies/TrendVolTarget.py:50: PerformanceWarning: DataFrame is highly fragmented.  This is usually the result of calling `frame.insert` many times, which has poor performance.  Consider joining all columns at once using pd.concat(axis=1) instead. To get a de-fragmented frame, use `newframe = frame.copy()`
  dataframe[f"dc_hi_{n}"] = dataframe["high"].rolling(n).max().shift(1)
/freqtrade/user_data/strategies/TrendVolTarget.py:50: PerformanceWarning: DataFrame is highly fragmented.  This is usually the result of calling `frame.insert` many times, which has poor performance.  Consider joining all columns at once using pd.concat(axis=1) instead. To get a de-fragmented frame, use `newframe = frame.copy()`
  dataframe[f"dc_hi_{n}"] = dataframe["high"].rolling(n).max().shift(1)
/freqtrade/user_data/strategies/TrendVolTarget.py:50: PerformanceWarning: DataFrame is highly fragmented.  This is usually the result of calling `frame.insert` many times, which has poor performance.  Consider joining all columns at once using pd.concat(axis=1) instead. To get a de-fragmented frame, use `newframe = frame.copy()`
  dataframe[f"dc_hi_{n}"] = dataframe["high"].rolling(n).max().shift(1)
/freqtrade/user_data/strategies/TrendVolTarget.py:50: PerformanceWarning: DataFrame is highly fragmented.  This is usually the result of calling `frame.insert` many times, which has poor performance.  Consider joining all columns at once using pd.concat(axis=1) instead. To get a de-fragmented frame, use `newframe = frame.copy()`
  dataframe[f"dc_hi_{n}"] = dataframe["high"].rolling(n).max().shift(1)
/freqtrade/user_data/strategies/TrendVolTarget.py:50: PerformanceWarning: DataFrame is highly fragmented.  This is usually the result of calling `frame.insert` many times, which has poor performance.  Consider joining all columns at once using pd.concat(axis=1) instead. To get a de-fragmented frame, use `newframe = frame.copy()`
  dataframe[f"dc_hi_{n}"] = dataframe["high"].rolling(n).max().shift(1)
/freqtrade/user_data/strategies/TrendVolTarget.py:50: PerformanceWarning: DataFrame is highly fragmented.  This is usually the result of calling `frame.insert` many times, which has poor performance.  Consider joining all columns at once using pd.concat(axis=1) instead. To get a de-fragmented frame, use `newframe = frame.copy()`
  dataframe[f"dc_hi_{n}"] = dataframe["high"].rolling(n).max().shift(1)
/freqtrade/user_data/strategies/TrendVolTarget.py:50: PerformanceWarning: DataFrame is highly fragmented.  This is usually the result of calling `frame.insert` many times, which has poor performance.  Consider joining all columns at once using pd.concat(axis=1) instead. To get a de-fragmented frame, use `newframe = frame.copy()`
  dataframe[f"dc_hi_{n}"] = dataframe["high"].rolling(n).max().shift(1)
/freqtrade/user_data/strategies/TrendVolTarget.py:50: PerformanceWarning: DataFrame is highly fragmented.  This is usually the result of calling `frame.insert` many times, which has poor performance.  Consider joining all columns at once using pd.concat(axis=1) instead. To get a de-fragmented frame, use `newframe = frame.copy()`
  dataframe[f"dc_hi_{n}"] = dataframe["high"].rolling(n).max().shift(1)
/freqtrade/user_data/strategies/TrendVolTarget.py:50: PerformanceWarning: DataFrame is highly fragmented.  This is usually the result of calling `frame.insert` many times, which has poor performance.  Consider joining all columns at once using pd.concat(axis=1) instead. To get a de-fragmented frame, use `newframe = frame.copy()`
  dataframe[f"dc_hi_{n}"] = dataframe["high"].rolling(n).max().shift(1)
/freqtrade/user_data/strategies/TrendVolTarget.py:50: PerformanceWarning: DataFrame is highly fragmented.  This is usually the result of calling `frame.insert` many times, which has poor performance.  Consider joining all columns at once using pd.concat(axis=1) instead. To get a de-fragmented frame, use `newframe = frame.copy()`
  dataframe[f"dc_hi_{n}"] = dataframe["high"].rolling(n).max().shift(1)
/freqtrade/user_data/strategies/TrendVolTarget.py:50: PerformanceWarning: DataFrame is highly fragmented.  This is usually the result of calling `frame.insert` many times, which has poor performance.  Consider joining all columns at once using pd.concat(axis=1) instead. To get a de-fragmented frame, use `newframe = frame.copy()`
  dataframe[f"dc_hi_{n}"] = dataframe["high"].rolling(n).max().shift(1)
/freqtrade/user_data/strategies/TrendVolTarget.py:50: PerformanceWarning: DataFrame is highly fragmented.  This is usually the result of calling `frame.insert` many times, which has poor performance.  Consider joining all columns at once using pd.concat(axis=1) instead. To get a de-fragmented frame, use `newframe = frame.copy()`
  dataframe[f"dc_hi_{n}"] = dataframe["high"].rolling(n).max().shift(1)
/freqtrade/user_data/strategies/TrendVolTarget.py:50: PerformanceWarning: DataFrame is highly fragmented.  This is usually the result of calling `frame.insert` many times, which has poor performance.  Consider joining all columns at once using pd.concat(axis=1) instead. To get a de-fragmented frame, use `newframe = frame.copy()`
  dataframe[f"dc_hi_{n}"] = dataframe["high"].rolling(n).max().shift(1)
/freqtrade/user_data/strategies/TrendVolTarget.py:50: PerformanceWarning: DataFrame is highly fragmented.  This is usually the result of calling `frame.insert` many times, which has poor performance.  Consider joining all columns at once using pd.concat(axis=1) instead. To get a de-fragmented frame, use `newframe = frame.copy()`
  dataframe[f"dc_hi_{n}"] = dataframe["high"].rolling(n).max().shift(1)
/freqtrade/user_data/strategies/TrendVolTarget.py:50: PerformanceWarning: DataFrame is highly fragmented.  This is usually the result of calling `frame.insert` many times, which has poor performance.  Consider joining all columns at once using pd.concat(axis=1) instead. To get a de-fragmented frame, use `newframe = frame.copy()`
  dataframe[f"dc_hi_{n}"] = dataframe["high"].rolling(n).max().shift(1)
/freqtrade/user_data/strategies/TrendVolTarget.py:50: PerformanceWarning: DataFrame is highly fragmented.  This is usually the result of calling `frame.insert` many times, which has poor performance.  Consider joining all columns at once using pd.concat(axis=1) instead. To get a de-fragmented frame, use `newframe = frame.copy()`
  dataframe[f"dc_hi_{n}"] = dataframe["high"].rolling(n).max().shift(1)
/freqtrade/user_data/strategies/TrendVolTarget.py:50: PerformanceWarning: DataFrame is highly fragmented.  This is usually the result of calling `frame.insert` many times, which has poor performance.  Consider joining all columns at once using pd.concat(axis=1) instead. To get a de-fragmented frame, use `newframe = frame.copy()`
  dataframe[f"dc_hi_{n}"] = dataframe["high"].rolling(n).max().shift(1)
/freqtrade/user_data/strategies/TrendVolTarget.py:50: PerformanceWarning: DataFrame is highly fragmented.  This is usually the result of calling `frame.insert` many times, which has poor performance.  Consider joining all columns at once using pd.concat(axis=1) instead. To get a de-fragmented frame, use `newframe = frame.copy()`
  dataframe[f"dc_hi_{n}"] = dataframe["high"].rolling(n).max().shift(1)
/freqtrade/user_data/strategies/TrendVolTarget.py:50: PerformanceWarning: DataFrame is highly fragmented.  This is usually the result of calling `frame.insert` many times, which has poor performance.  Consider joining all columns at once using pd.concat(axis=1) instead. To get a de-fragmented frame, use `newframe = frame.copy()`
  dataframe[f"dc_hi_{n}"] = dataframe["high"].rolling(n).max().shift(1)
/freqtrade/user_data/strategies/TrendVolTarget.py:50: PerformanceWarning: DataFrame is highly fragmented.  This is usually the result of calling `frame.insert` many times, which has poor performance.  Consider joining all columns at once using pd.concat(axis=1) instead. To get a de-fragmented frame, use `newframe = frame.copy()`
  dataframe[f"dc_hi_{n}"] = dataframe["high"].rolling(n).max().shift(1)
/freqtrade/user_data/strategies/TrendVolTarget.py:50: PerformanceWarning: DataFrame is highly fragmented.  This is usually the result of calling `frame.insert` many times, which has poor performance.  Consider joining all columns at once using pd.concat(axis=1) instead. To get a de-fragmented frame, use `newframe = frame.copy()`
  dataframe[f"dc_hi_{n}"] = dataframe["high"].rolling(n).max().shift(1)
/freqtrade/user_data/strategies/TrendVolTarget.py:50: PerformanceWarning: DataFrame is highly fragmented.  This is usually the result of calling `frame.insert` many times, which has poor performance.  Consider joining all columns at once using pd.concat(axis=1) instead. To get a de-fragmented frame, use `newframe = frame.copy()`
  dataframe[f"dc_hi_{n}"] = dataframe["high"].rolling(n).max().shift(1)
/freqtrade/user_data/strategies/TrendVolTarget.py:50: PerformanceWarning: DataFrame is highly fragmented.  This is usually the result of calling `frame.insert` many times, which has poor performance.  Consider joining all columns at once using pd.concat(axis=1) instead. To get a de-fragmented frame, use `newframe = frame.copy()`
  dataframe[f"dc_hi_{n}"] = dataframe["high"].rolling(n).max().shift(1)
/freqtrade/user_data/strategies/TrendVolTarget.py:50: PerformanceWarning: DataFrame is highly fragmented.  This is usually the result of calling `frame.insert` many times, which has poor performance.  Consider joining all columns at once using pd.concat(axis=1) instead. To get a de-fragmented frame, use `newframe = frame.copy()`
  dataframe[f"dc_hi_{n}"] = dataframe["high"].rolling(n).max().shift(1)
/freqtrade/user_data/strategies/TrendVolTarget.py:50: PerformanceWarning: DataFrame is highly fragmented.  This is usually the result of calling `frame.insert` many times, which has poor performance.  Consider joining all columns at once using pd.concat(axis=1) instead. To get a de-fragmented frame, use `newframe = frame.copy()`
  dataframe[f"dc_hi_{n}"] = dataframe["high"].rolling(n).max().shift(1)
/freqtrade/user_data/strategies/TrendVolTarget.py:50: PerformanceWarning: DataFrame is highly fragmented.  This is usually the result of calling `frame.insert` many times, which has poor performance.  Consider joining all columns at once using pd.concat(axis=1) instead. To get a de-fragmented frame, use `newframe = frame.copy()`
  dataframe[f"dc_hi_{n}"] = dataframe["high"].rolling(n).max().shift(1)
/freqtrade/user_data/strategies/TrendVolTarget.py:50: PerformanceWarning: DataFrame is highly fragmented.  This is usually the result of calling `frame.insert` many times, which has poor performance.  Consider joining all columns at once using pd.concat(axis=1) instead. To get a de-fragmented frame, use `newframe = frame.copy()`
  dataframe[f"dc_hi_{n}"] = dataframe["high"].rolling(n).max().shift(1)
/freqtrade/user_data/strategies/TrendVolTarget.py:50: PerformanceWarning: DataFrame is highly fragmented.  This is usually the result of calling `frame.insert` many times, which has poor performance.  Consider joining all columns at once using pd.concat(axis=1) instead. To get a de-fragmented frame, use `newframe = frame.copy()`
  dataframe[f"dc_hi_{n}"] = dataframe["high"].rolling(n).max().shift(1)
/freqtrade/user_data/strategies/TrendVolTarget.py:50: PerformanceWarning: DataFrame is highly fragmented.  This is usually the result of calling `frame.insert` many times, which has poor performance.  Consider joining all columns at once using pd.concat(axis=1) instead. To get a de-fragmented frame, use `newframe = frame.copy()`
  dataframe[f"dc_hi_{n}"] = dataframe["high"].rolling(n).max().shift(1)
/freqtrade/user_data/strategies/TrendVolTarget.py:50: PerformanceWarning: DataFrame is highly fragmented.  This is usually the result of calling `frame.insert` many times, which has poor performance.  Consider joining all columns at once using pd.concat(axis=1) instead. To get a de-fragmented frame, use `newframe = frame.copy()`
  dataframe[f"dc_hi_{n}"] = dataframe["high"].rolling(n).max().shift(1)
/freqtrade/user_data/strategies/TrendVolTarget.py:50: PerformanceWarning: DataFrame is highly fragmented.  This is usually the result of calling `frame.insert` many times, which has poor performance.  Consider joining all columns at once using pd.concat(axis=1) instead. To get a de-fragmented frame, use `newframe = frame.copy()`
  dataframe[f"dc_hi_{n}"] = dataframe["high"].rolling(n).max().shift(1)
/freqtrade/user_data/strategies/TrendVolTarget.py:50: PerformanceWarning: DataFrame is highly fragmented.  This is usually the result of calling `frame.insert` many times, which has poor performance.  Consider joining all columns at once using pd.concat(axis=1) instead. To get a de-fragmented frame, use `newframe = frame.copy()`
  dataframe[f"dc_hi_{n}"] = dataframe["high"].rolling(n).max().shift(1)
/freqtrade/user_data/strategies/TrendVolTarget.py:50: PerformanceWarning: DataFrame is highly fragmented.  This is usually the result of calling `frame.insert` many times, which has poor performance.  Consider joining all columns at once using pd.concat(axis=1) instead. To get a de-fragmented frame, use `newframe = frame.copy()`
  dataframe[f"dc_hi_{n}"] = dataframe["high"].rolling(n).max().shift(1)
/freqtrade/user_data/strategies/TrendVolTarget.py:50: PerformanceWarning: DataFrame is highly fragmented.  This is usually the result of calling `frame.insert` many times, which has poor performance.  Consider joining all columns at once using pd.concat(axis=1) instead. To get a de-fragmented frame, use `newframe = frame.copy()`
  dataframe[f"dc_hi_{n}"] = dataframe["high"].rolling(n).max().shift(1)
/freqtrade/user_data/strategies/TrendVolTarget.py:50: PerformanceWarning: DataFrame is highly fragmented.  This is usually the result of calling `frame.insert` many times, which has poor performance.  Consider joining all columns at once using pd.concat(axis=1) instead. To get a de-fragmented frame, use `newframe = frame.copy()`
  dataframe[f"dc_hi_{n}"] = dataframe["high"].rolling(n).max().shift(1)
/freqtrade/user_data/strategies/TrendVolTarget.py:50: PerformanceWarning: DataFrame is highly fragmented.  This is usually the result of calling `frame.insert` many times, which has poor performance.  Consider joining all columns at once using pd.concat(axis=1) instead. To get a de-fragmented frame, use `newframe = frame.copy()`
  dataframe[f"dc_hi_{n}"] = dataframe["high"].rolling(n).max().shift(1)
/freqtrade/user_data/strategies/TrendVolTarget.py:50: PerformanceWarning: DataFrame is highly fragmented.  This is usually the result of calling `frame.insert` many times, which has poor performance.  Consider joining all columns at once using pd.concat(axis=1) instead. To get a de-fragmented frame, use `newframe = frame.copy()`
  dataframe[f"dc_hi_{n}"] = dataframe["high"].rolling(n).max().shift(1)
/freqtrade/user_data/strategies/TrendVolTarget.py:50: PerformanceWarning: DataFrame is highly fragmented.  This is usually the result of calling `frame.insert` many times, which has poor performance.  Consider joining all columns at once using pd.concat(axis=1) instead. To get a de-fragmented frame, use `newframe = frame.copy()`
  dataframe[f"dc_hi_{n}"] = dataframe["high"].rolling(n).max().shift(1)
/freqtrade/user_data/strategies/TrendVolTarget.py:50: PerformanceWarning: DataFrame is highly fragmented.  This is usually the result of calling `frame.insert` many times, which has poor performance.  Consider joining all columns at once using pd.concat(axis=1) instead. To get a de-fragmented frame, use `newframe = frame.copy()`
  dataframe[f"dc_hi_{n}"] = dataframe["high"].rolling(n).max().shift(1)
/freqtrade/user_data/strategies/TrendVolTarget.py:50: PerformanceWarning: DataFrame is highly fragmented.  This is usually the result of calling `frame.insert` many times, which has poor performance.  Consider joining all columns at once using pd.concat(axis=1) instead. To get a de-fragmented frame, use `newframe = frame.copy()`
  dataframe[f"dc_hi_{n}"] = dataframe["high"].rolling(n).max().shift(1)
/freqtrade/user_data/strategies/TrendVolTarget.py:50: PerformanceWarning: DataFrame is highly fragmented.  This is usually the result of calling `frame.insert` many times, which has poor performance.  Consider joining all columns at once using pd.concat(axis=1) instead. To get a de-fragmented frame, use `newframe = frame.copy()`
  dataframe[f"dc_hi_{n}"] = dataframe["high"].rolling(n).max().shift(1)
/freqtrade/user_data/strategies/TrendVolTarget.py:50: PerformanceWarning: DataFrame is highly fragmented.  This is usually the result of calling `frame.insert` many times, which has poor performance.  Consider joining all columns at once using pd.concat(axis=1) instead. To get a de-fragmented frame, use `newframe = frame.copy()`
  dataframe[f"dc_hi_{n}"] = dataframe["high"].rolling(n).max().shift(1)
/freqtrade/user_data/strategies/TrendVolTarget.py:50: PerformanceWarning: DataFrame is highly fragmented.  This is usually the result of calling `frame.insert` many times, which has poor performance.  Consider joining all columns at once using pd.concat(axis=1) instead. To get a de-fragmented frame, use `newframe = frame.copy()`
  dataframe[f"dc_hi_{n}"] = dataframe["high"].rolling(n).max().shift(1)
/freqtrade/user_data/strategies/TrendVolTarget.py:50: PerformanceWarning: DataFrame is highly fragmented.  This is usually the result of calling `frame.insert` many times, which has poor performance.  Consider joining all columns at once using pd.concat(axis=1) instead. To get a de-fragmented frame, use `newframe = frame.copy()`
  dataframe[f"dc_hi_{n}"] = dataframe["high"].rolling(n).max().shift(1)
/freqtrade/user_data/strategies/TrendVolTarget.py:50: PerformanceWarning: DataFrame is highly fragmented.  This is usually the result of calling `frame.insert` many times, which has poor performance.  Consider joining all columns at once using pd.concat(axis=1) instead. To get a de-fragmented frame, use `newframe = frame.copy()`
  dataframe[f"dc_hi_{n}"] = dataframe["high"].rolling(n).max().shift(1)
/freqtrade/user_data/strategies/TrendVolTarget.py:53: PerformanceWarning: DataFrame is highly fragmented.  This is usually the result of calling `frame.insert` many times, which has poor performance.  Consider joining all columns at once using pd.concat(axis=1) instead. To get a de-fragmented frame, use `newframe = frame.copy()`
  dataframe["sma_f"] = ta.SMA(dataframe, timeperiod=60)
/freqtrade/user_data/strategies/TrendVolTarget.py:54: PerformanceWarning: DataFrame is highly fragmented.  This is usually the result of calling `frame.insert` many times, which has poor performance.  Consider joining all columns at once using pd.concat(axis=1) instead. To get a de-fragmented frame, use `newframe = frame.copy()`
  dataframe["sma_s"] = ta.SMA(dataframe, timeperiod=240)
/freqtrade/user_data/strategies/TrendVolTarget.py:56: PerformanceWarning: DataFrame is highly fragmented.  This is usually the result of calling `frame.insert` many times, which has poor performance.  Consider joining all columns at once using pd.concat(axis=1) instead. To get a de-fragmented frame, use `newframe = frame.copy()`
  dataframe["rvol"] = dataframe["close"].pct_change().rolling(90).std() * np.sqrt(6 * 365)
/freqtrade/user_data/strategies/TrendVolTarget.py:50: PerformanceWarning: DataFrame is highly fragmented.  This is usually the result of calling `frame.insert` many times, which has poor performance.  Consider joining all columns at once using pd.concat(axis=1) instead. To get a de-fragmented frame, use `newframe = frame.copy()`
  dataframe[f"dc_hi_{n}"] = dataframe["high"].rolling(n).max().shift(1)
/freqtrade/user_data/strategies/TrendVolTarget.py:50: PerformanceWarning: DataFrame is highly fragmented.  This is usually the result of calling `frame.insert` many times, which has poor performance.  Consider joining all columns at once using pd.concat(axis=1) instead. To get a de-fragmented frame, use `newframe = frame.copy()`
  dataframe[f"dc_hi_{n}"] = dataframe["high"].rolling(n).max().shift(1)
/freqtrade/user_data/strategies/TrendVolTarget.py:50: PerformanceWarning: DataFrame is highly fragmented.  This is usually the result of calling `frame.insert` many times, which has poor performance.  Consider joining all columns at once using pd.concat(axis=1) instead. To get a de-fragmented frame, use `newframe = frame.copy()`
  dataframe[f"dc_hi_{n}"] = dataframe["high"].rolling(n).max().shift(1)
/freqtrade/user_data/strategies/TrendVolTarget.py:50: PerformanceWarning: DataFrame is highly fragmented.  This is usually the result of calling `frame.insert` many times, which has poor performance.  Consider joining all columns at once using pd.concat(axis=1) instead. To get a de-fragmented frame, use `newframe = frame.copy()`
  dataframe[f"dc_hi_{n}"] = dataframe["high"].rolling(n).max().shift(1)
/freqtrade/user_data/strategies/TrendVolTarget.py:50: PerformanceWarning: DataFrame is highly fragmented.  This is usually the result of calling `frame.insert` many times, which has poor performance.  Consider joining all columns at once using pd.concat(axis=1) instead. To get a de-fragmented frame, use `newframe = frame.copy()`
  dataframe[f"dc_hi_{n}"] = dataframe["high"].rolling(n).max().shift(1)
/freqtrade/user_data/strategies/TrendVolTarget.py:50: PerformanceWarning: DataFrame is highly fragmented.  This is usually the result of calling `frame.insert` many times, which has poor performance.  Consider joining all columns at once using pd.concat(axis=1) instead. To get a de-fragmented frame, use `newframe = frame.copy()`
  dataframe[f"dc_hi_{n}"] = dataframe["high"].rolling(n).max().shift(1)
/freqtrade/user_data/strategies/TrendVolTarget.py:50: PerformanceWarning: DataFrame is highly fragmented.  This is usually the result of calling `frame.insert` many times, which has poor performance.  Consider joining all columns at once using pd.concat(axis=1) instead. To get a de-fragmented frame, use `newframe = frame.copy()`
  dataframe[f"dc_hi_{n}"] = dataframe["high"].rolling(n).max().shift(1)
/freqtrade/user_data/strategies/TrendVolTarget.py:50: PerformanceWarning: DataFrame is highly fragmented.  This is usually the result of calling `frame.insert` many times, which has poor performance.  Consider joining all columns at once using pd.concat(axis=1) instead. To get a de-fragmented frame, use `newframe = frame.copy()`
  dataframe[f"dc_hi_{n}"] = dataframe["high"].rolling(n).max().shift(1)
/freqtrade/user_data/strategies/TrendVolTarget.py:50: PerformanceWarning: DataFrame is highly fragmented.  This is usually the result of calling `frame.insert` many times, which has poor performance.  Consider joining all columns at once using pd.concat(axis=1) instead. To get a de-fragmented frame, use `newframe = frame.copy()`
  dataframe[f"dc_hi_{n}"] = dataframe["high"].rolling(n).max().shift(1)
/freqtrade/user_data/strategies/TrendVolTarget.py:50: PerformanceWarning: DataFrame is highly fragmented.  This is usually the result of calling `frame.insert` many times, which has poor performance.  Consider joining all columns at once using pd.concat(axis=1) instead. To get a de-fragmented frame, use `newframe = frame.copy()`
  dataframe[f"dc_hi_{n}"] = dataframe["high"].rolling(n).max().shift(1)
/freqtrade/user_data/strategies/TrendVolTarget.py:50: PerformanceWarning: DataFrame is highly fragmented.  This is usually the result of calling `frame.insert` many times, which has poor performance.  Consider joining all columns at once using pd.concat(axis=1) instead. To get a de-fragmented frame, use `newframe = frame.copy()`
  dataframe[f"dc_hi_{n}"] = dataframe["high"].rolling(n).max().shift(1)
/freqtrade/user_data/strategies/TrendVolTarget.py:50: PerformanceWarning: DataFrame is highly fragmented.  This is usually the result of calling `frame.insert` many times, which has poor performance.  Consider joining all columns at once using pd.concat(axis=1) instead. To get a de-fragmented frame, use `newframe = frame.copy()`
  dataframe[f"dc_hi_{n}"] = dataframe["high"].rolling(n).max().shift(1)
/freqtrade/user_data/strategies/TrendVolTarget.py:50: PerformanceWarning: DataFrame is highly fragmented.  This is usually the result of calling `frame.insert` many times, which has poor performance.  Consider joining all columns at once using pd.concat(axis=1) instead. To get a de-fragmented frame, use `newframe = frame.copy()`
  dataframe[f"dc_hi_{n}"] = dataframe["high"].rolling(n).max().shift(1)
/freqtrade/user_data/strategies/TrendVolTarget.py:50: PerformanceWarning: DataFrame is highly fragmented.  This is usually the result of calling `frame.insert` many times, which has poor performance.  Consider joining all columns at once using pd.concat(axis=1) instead. To get a de-fragmented frame, use `newframe = frame.copy()`
  dataframe[f"dc_hi_{n}"] = dataframe["high"].rolling(n).max().shift(1)
/freqtrade/user_data/strategies/TrendVolTarget.py:50: PerformanceWarning: DataFrame is highly fragmented.  This is usually the result of calling `frame.insert` many times, which has poor performance.  Consider joining all columns at once using pd.concat(axis=1) instead. To get a de-fragmented frame, use `newframe = frame.copy()`
  dataframe[f"dc_hi_{n}"] = dataframe["high"].rolling(n).max().shift(1)
/freqtrade/user_data/strategies/TrendVolTarget.py:50: PerformanceWarning: DataFrame is highly fragmented.  This is usually the result of calling `frame.insert` many times, which has poor performance.  Consider joining all columns at once using pd.concat(axis=1) instead. To get a de-fragmented frame, use `newframe = frame.copy()`
  dataframe[f"dc_hi_{n}"] = dataframe["high"].rolling(n).max().shift(1)
/freqtrade/user_data/strategies/TrendVolTarget.py:50: PerformanceWarning: DataFrame is highly fragmented.  This is usually the result of calling `frame.insert` many times, which has poor performance.  Consider joining all columns at once using pd.concat(axis=1) instead. To get a de-fragmented frame, use `newframe = frame.copy()`
  dataframe[f"dc_hi_{n}"] = dataframe["high"].rolling(n).max().shift(1)
/freqtrade/user_data/strategies/TrendVolTarget.py:50: PerformanceWarning: DataFrame is highly fragmented.  This is usually the result of calling `frame.insert` many times, which has poor performance.  Consider joining all columns at once using pd.concat(axis=1) instead. To get a de-fragmented frame, use `newframe = frame.copy()`
  dataframe[f"dc_hi_{n}"] = dataframe["high"].rolling(n).max().shift(1)
/freqtrade/user_data/strategies/TrendVolTarget.py:50: PerformanceWarning: DataFrame is highly fragmented.  This is usually the result of calling `frame.insert` many times, which has poor performance.  Consider joining all columns at once using pd.concat(axis=1) instead. To get a de-fragmented frame, use `newframe = frame.copy()`
  dataframe[f"dc_hi_{n}"] = dataframe["high"].rolling(n).max().shift(1)
/freqtrade/user_data/strategies/TrendVolTarget.py:50: PerformanceWarning: DataFrame is highly fragmented.  This is usually the result of calling `frame.insert` many times, which has poor performance.  Consider joining all columns at once using pd.concat(axis=1) instead. To get a de-fragmented frame, use `newframe = frame.copy()`
  dataframe[f"dc_hi_{n}"] = dataframe["high"].rolling(n).max().shift(1)
/freqtrade/user_data/strategies/TrendVolTarget.py:50: PerformanceWarning: DataFrame is highly fragmented.  This is usually the result of calling `frame.insert` many times, which has poor performance.  Consider joining all columns at once using pd.concat(axis=1) instead. To get a de-fragmented frame, use `newframe = frame.copy()`
  dataframe[f"dc_hi_{n}"] = dataframe["high"].rolling(n).max().shift(1)
/freqtrade/user_data/strategies/TrendVolTarget.py:50: PerformanceWarning: DataFrame is highly fragmented.  This is usually the result of calling `frame.insert` many times, which has poor performance.  Consider joining all columns at once using pd.concat(axis=1) instead. To get a de-fragmented frame, use `newframe = frame.copy()`
  dataframe[f"dc_hi_{n}"] = dataframe["high"].rolling(n).max().shift(1)
/freqtrade/user_data/strategies/TrendVolTarget.py:50: PerformanceWarning: DataFrame is highly fragmented.  This is usually the result of calling `frame.insert` many times, which has poor performance.  Consider joining all columns at once using pd.concat(axis=1) instead. To get a de-fragmented frame, use `newframe = frame.copy()`
  dataframe[f"dc_hi_{n}"] = dataframe["high"].rolling(n).max().shift(1)
/freqtrade/user_data/strategies/TrendVolTarget.py:50: PerformanceWarning: DataFrame is highly fragmented.  This is usually the result of calling `frame.insert` many times, which has poor performance.  Consider joining all columns at once using pd.concat(axis=1) instead. To get a de-fragmented frame, use `newframe = frame.copy()`
  dataframe[f"dc_hi_{n}"] = dataframe["high"].rolling(n).max().shift(1)
/freqtrade/user_data/strategies/TrendVolTarget.py:50: PerformanceWarning: DataFrame is highly fragmented.  This is usually the result of calling `frame.insert` many times, which has poor performance.  Consider joining all columns at once using pd.concat(axis=1) instead. To get a de-fragmented frame, use `newframe = frame.copy()`
  dataframe[f"dc_hi_{n}"] = dataframe["high"].rolling(n).max().shift(1)
/freqtrade/user_data/strategies/TrendVolTarget.py:50: PerformanceWarning: DataFrame is highly fragmented.  This is usually the result of calling `frame.insert` many times, which has poor performance.  Consider joining all columns at once using pd.concat(axis=1) instead. To get a de-fragmented frame, use `newframe = frame.copy()`
  dataframe[f"dc_hi_{n}"] = dataframe["high"].rolling(n).max().shift(1)
/freqtrade/user_data/strategies/TrendVolTarget.py:50: PerformanceWarning: DataFrame is highly fragmented.  This is usually the result of calling `frame.insert` many times, which has poor performance.  Consider joining all columns at once using pd.concat(axis=1) instead. To get a de-fragmented frame, use `newframe = frame.copy()`
  dataframe[f"dc_hi_{n}"] = dataframe["high"].rolling(n).max().shift(1)
/freqtrade/user_data/strategies/TrendVolTarget.py:50: PerformanceWarning: DataFrame is highly fragmented.  This is usually the result of calling `frame.insert` many times, which has poor performance.  Consider joining all columns at once using pd.concat(axis=1) instead. To get a de-fragmented frame, use `newframe = frame.copy()`
  dataframe[f"dc_hi_{n}"] = dataframe["high"].rolling(n).max().shift(1)
/freqtrade/user_data/strategies/TrendVolTarget.py:50: PerformanceWarning: DataFrame is highly fragmented.  This is usually the result of calling `frame.insert` many times, which has poor performance.  Consider joining all columns at once using pd.concat(axis=1) instead. To get a de-fragmented frame, use `newframe = frame.copy()`
  dataframe[f"dc_hi_{n}"] = dataframe["high"].rolling(n).max().shift(1)
/freqtrade/user_data/strategies/TrendVolTarget.py:50: PerformanceWarning: DataFrame is highly fragmented.  This is usually the result of calling `frame.insert` many times, which has poor performance.  Consider joining all columns at once using pd.concat(axis=1) instead. To get a de-fragmented frame, use `newframe = frame.copy()`
  dataframe[f"dc_hi_{n}"] = dataframe["high"].rolling(n).max().shift(1)
/freqtrade/user_data/strategies/TrendVolTarget.py:50: PerformanceWarning: DataFrame is highly fragmented.  This is usually the result of calling `frame.insert` many times, which has poor performance.  Consider joining all columns at once using pd.concat(axis=1) instead. To get a de-fragmented frame, use `newframe = frame.copy()`
  dataframe[f"dc_hi_{n}"] = dataframe["high"].rolling(n).max().shift(1)
/freqtrade/user_data/strategies/TrendVolTarget.py:50: PerformanceWarning: DataFrame is highly fragmented.  This is usually the result of calling `frame.insert` many times, which has poor performance.  Consider joining all columns at once using pd.concat(axis=1) instead. To get a de-fragmented frame, use `newframe = frame.copy()`
  dataframe[f"dc_hi_{n}"] = dataframe["high"].rolling(n).max().shift(1)
/freqtrade/user_data/strategies/TrendVolTarget.py:50: PerformanceWarning: DataFrame is highly fragmented.  This is usually the result of calling `frame.insert` many times, which has poor performance.  Consider joining all columns at once using pd.concat(axis=1) instead. To get a de-fragmented frame, use `newframe = frame.copy()`
  dataframe[f"dc_hi_{n}"] = dataframe["high"].rolling(n).max().shift(1)
/freqtrade/user_data/strategies/TrendVolTarget.py:50: PerformanceWarning: DataFrame is highly fragmented.  This is usually the result of calling `frame.insert` many times, which has poor performance.  Consider joining all columns at once using pd.concat(axis=1) instead. To get a de-fragmented frame, use `newframe = frame.copy()`
  dataframe[f"dc_hi_{n}"] = dataframe["high"].rolling(n).max().shift(1)
/freqtrade/user_data/strategies/TrendVolTarget.py:50: PerformanceWarning: DataFrame is highly fragmented.  This is usually the result of calling `frame.insert` many times, which has poor performance.  Consider joining all columns at once using pd.concat(axis=1) instead. To get a de-fragmented frame, use `newframe = frame.copy()`
  dataframe[f"dc_hi_{n}"] = dataframe["high"].rolling(n).max().shift(1)
/freqtrade/user_data/strategies/TrendVolTarget.py:50: PerformanceWarning: DataFrame is highly fragmented.  This is usually the result of calling `frame.insert` many times, which has poor performance.  Consider joining all columns at once using pd.concat(axis=1) instead. To get a de-fragmented frame, use `newframe = frame.copy()`
  dataframe[f"dc_hi_{n}"] = dataframe["high"].rolling(n).max().shift(1)
/freqtrade/user_data/strategies/TrendVolTarget.py:50: PerformanceWarning: DataFrame is highly fragmented.  This is usually the result of calling `frame.insert` many times, which has poor performance.  Consider joining all columns at once using pd.concat(axis=1) instead. To get a de-fragmented frame, use `newframe = frame.copy()`
  dataframe[f"dc_hi_{n}"] = dataframe["high"].rolling(n).max().shift(1)
/freqtrade/user_data/strategies/TrendVolTarget.py:50: PerformanceWarning: DataFrame is highly fragmented.  This is usually the result of calling `frame.insert` many times, which has poor performance.  Consider joining all columns at once using pd.concat(axis=1) instead. To get a de-fragmented frame, use `newframe = frame.copy()`
  dataframe[f"dc_hi_{n}"] = dataframe["high"].rolling(n).max().shift(1)
/freqtrade/user_data/strategies/TrendVolTarget.py:50: PerformanceWarning: DataFrame is highly fragmented.  This is usually the result of calling `frame.insert` many times, which has poor performance.  Consider joining all columns at once using pd.concat(axis=1) instead. To get a de-fragmented frame, use `newframe = frame.copy()`
  dataframe[f"dc_hi_{n}"] = dataframe["high"].rolling(n).max().shift(1)
/freqtrade/user_data/strategies/TrendVolTarget.py:50: PerformanceWarning: DataFrame is highly fragmented.  This is usually the result of calling `frame.insert` many times, which has poor performance.  Consider joining all columns at once using pd.concat(axis=1) instead. To get a de-fragmented frame, use `newframe = frame.copy()`
  dataframe[f"dc_hi_{n}"] = dataframe["high"].rolling(n).max().shift(1)
/freqtrade/user_data/strategies/TrendVolTarget.py:50: PerformanceWarning: DataFrame is highly fragmented.  This is usually the result of calling `frame.insert` many times, which has poor performance.  Consider joining all columns at once using pd.concat(axis=1) instead. To get a de-fragmented frame, use `newframe = frame.copy()`
  dataframe[f"dc_hi_{n}"] = dataframe["high"].rolling(n).max().shift(1)
/freqtrade/user_data/strategies/TrendVolTarget.py:50: PerformanceWarning: DataFrame is highly fragmented.  This is usually the result of calling `frame.insert` many times, which has poor performance.  Consider joining all columns at once using pd.concat(axis=1) instead. To get a de-fragmented frame, use `newframe = frame.copy()`
  dataframe[f"dc_hi_{n}"] = dataframe["high"].rolling(n).max().shift(1)
/freqtrade/user_data/strategies/TrendVolTarget.py:50: PerformanceWarning: DataFrame is highly fragmented.  This is usually the result of calling `frame.insert` many times, which has poor performance.  Consider joining all columns at once using pd.concat(axis=1) instead. To get a de-fragmented frame, use `newframe = frame.copy()`
  dataframe[f"dc_hi_{n}"] = dataframe["high"].rolling(n).max().shift(1)
/freqtrade/user_data/strategies/TrendVolTarget.py:50: PerformanceWarning: DataFrame is highly fragmented.  This is usually the result of calling `frame.insert` many times, which has poor performance.  Consider joining all columns at once using pd.concat(axis=1) instead. To get a de-fragmented frame, use `newframe = frame.copy()`
  dataframe[f"dc_hi_{n}"] = dataframe["high"].rolling(n).max().shift(1)
/freqtrade/user_data/strategies/TrendVolTarget.py:50: PerformanceWarning: DataFrame is highly fragmented.  This is usually the result of calling `frame.insert` many times, which has poor performance.  Consider joining all columns at once using pd.concat(axis=1) instead. To get a de-fragmented frame, use `newframe = frame.copy()`
  dataframe[f"dc_hi_{n}"] = dataframe["high"].rolling(n).max().shift(1)
/freqtrade/user_data/strategies/TrendVolTarget.py:50: PerformanceWarning: DataFrame is highly fragmented.  This is usually the result of calling `frame.insert` many times, which has poor performance.  Consider joining all columns at once using pd.concat(axis=1) instead. To get a de-fragmented frame, use `newframe = frame.copy()`
  dataframe[f"dc_hi_{n}"] = dataframe["high"].rolling(n).max().shift(1)
/freqtrade/user_data/strategies/TrendVolTarget.py:50: PerformanceWarning: DataFrame is highly fragmented.  This is usually the result of calling `frame.insert` many times, which has poor performance.  Consider joining all columns at once using pd.concat(axis=1) instead. To get a de-fragmented frame, use `newframe = frame.copy()`
  dataframe[f"dc_hi_{n}"] = dataframe["high"].rolling(n).max().shift(1)
/freqtrade/user_data/strategies/TrendVolTarget.py:50: PerformanceWarning: DataFrame is highly fragmented.  This is usually the result of calling `frame.insert` many times, which has poor performance.  Consider joining all columns at once using pd.concat(axis=1) instead. To get a de-fragmented frame, use `newframe = frame.copy()`
  dataframe[f"dc_hi_{n}"] = dataframe["high"].rolling(n).max().shift(1)
/freqtrade/user_data/strategies/TrendVolTarget.py:50: PerformanceWarning: DataFrame is highly fragmented.  This is usually the result of calling `frame.insert` many times, which has poor performance.  Consider joining all columns at once using pd.concat(axis=1) instead. To get a de-fragmented frame, use `newframe = frame.copy()`
  dataframe[f"dc_hi_{n}"] = dataframe["high"].rolling(n).max().shift(1)
/freqtrade/user_data/strategies/TrendVolTarget.py:50: PerformanceWarning: DataFrame is highly fragmented.  This is usually the result of calling `frame.insert` many times, which has poor performance.  Consider joining all columns at once using pd.concat(axis=1) instead. To get a de-fragmented frame, use `newframe = frame.copy()`
  dataframe[f"dc_hi_{n}"] = dataframe["high"].rolling(n).max().shift(1)
/freqtrade/user_data/strategies/TrendVolTarget.py:50: PerformanceWarning: DataFrame is highly fragmented.  This is usually the result of calling `frame.insert` many times, which has poor performance.  Consider joining all columns at once using pd.concat(axis=1) instead. To get a de-fragmented frame, use `newframe = frame.copy()`
  dataframe[f"dc_hi_{n}"] = dataframe["high"].rolling(n).max().shift(1)
/freqtrade/user_data/strategies/TrendVolTarget.py:50: PerformanceWarning: DataFrame is highly fragmented.  This is usually the result of calling `frame.insert` many times, which has poor performance.  Consider joining all columns at once using pd.concat(axis=1) instead. To get a de-fragmented frame, use `newframe = frame.copy()`
  dataframe[f"dc_hi_{n}"] = dataframe["high"].rolling(n).max().shift(1)
/freqtrade/user_data/strategies/TrendVolTarget.py:50: PerformanceWarning: DataFrame is highly fragmented.  This is usually the result of calling `frame.insert` many times, which has poor performance.  Consider joining all columns at once using pd.concat(axis=1) instead. To get a de-fragmented frame, use `newframe = frame.copy()`
  dataframe[f"dc_hi_{n}"] = dataframe["high"].rolling(n).max().shift(1)
/freqtrade/user_data/strategies/TrendVolTarget.py:50: PerformanceWarning: DataFrame is highly fragmented.  This is usually the result of calling `frame.insert` many times, which has poor performance.  Consider joining all columns at once using pd.concat(axis=1) instead. To get a de-fragmented frame, use `newframe = frame.copy()`
  dataframe[f"dc_hi_{n}"] = dataframe["high"].rolling(n).max().shift(1)
/freqtrade/user_data/strategies/TrendVolTarget.py:50: PerformanceWarning: DataFrame is highly fragmented.  This is usually the result of calling `frame.insert` many times, which has poor performance.  Consider joining all columns at once using pd.concat(axis=1) instead. To get a de-fragmented frame, use `newframe = frame.copy()`
  dataframe[f"dc_hi_{n}"] = dataframe["high"].rolling(n).max().shift(1)
/freqtrade/user_data/strategies/TrendVolTarget.py:50: PerformanceWarning: DataFrame is highly fragmented.  This is usually the result of calling `frame.insert` many times, which has poor performance.  Consider joining all columns at once using pd.concat(axis=1) instead. To get a de-fragmented frame, use `newframe = frame.copy()`
  dataframe[f"dc_hi_{n}"] = dataframe["high"].rolling(n).max().shift(1)
/freqtrade/user_data/strategies/TrendVolTarget.py:50: PerformanceWarning: DataFrame is highly fragmented.  This is usually the result of calling `frame.insert` many times, which has poor performance.  Consider joining all columns at once using pd.concat(axis=1) instead. To get a de-fragmented frame, use `newframe = frame.copy()`
  dataframe[f"dc_hi_{n}"] = dataframe["high"].rolling(n).max().shift(1)
/freqtrade/user_data/strategies/TrendVolTarget.py:50: PerformanceWarning: DataFrame is highly fragmented.  This is usually the result of calling `frame.insert` many times, which has poor performance.  Consider joining all columns at once using pd.concat(axis=1) instead. To get a de-fragmented frame, use `newframe = frame.copy()`
  dataframe[f"dc_hi_{n}"] = dataframe["high"].rolling(n).max().shift(1)
/freqtrade/user_data/strategies/TrendVolTarget.py:50: PerformanceWarning: DataFrame is highly fragmented.  This is usually the result of calling `frame.insert` many times, which has poor performance.  Consider joining all columns at once using pd.concat(axis=1) instead. To get a de-fragmented frame, use `newframe = frame.copy()`
  dataframe[f"dc_hi_{n}"] = dataframe["high"].rolling(n).max().shift(1)
/freqtrade/user_data/strategies/TrendVolTarget.py:50: PerformanceWarning: DataFrame is highly fragmented.  This is usually the result of calling `frame.insert` many times, which has poor performance.  Consider joining all columns at once using pd.concat(axis=1) instead. To get a de-fragmented frame, use `newframe = frame.copy()`
  dataframe[f"dc_hi_{n}"] = dataframe["high"].rolling(n).max().shift(1)
/freqtrade/user_data/strategies/TrendVolTarget.py:50: PerformanceWarning: DataFrame is highly fragmented.  This is usually the result of calling `frame.insert` many times, which has poor performance.  Consider joining all columns at once using pd.concat(axis=1) instead. To get a de-fragmented frame, use `newframe = frame.copy()`
  dataframe[f"dc_hi_{n}"] = dataframe["high"].rolling(n).max().shift(1)
/freqtrade/user_data/strategies/TrendVolTarget.py:50: PerformanceWarning: DataFrame is highly fragmented.  This is usually the result of calling `frame.insert` many times, which has poor performance.  Consider joining all columns at once using pd.concat(axis=1) instead. To get a de-fragmented frame, use `newframe = frame.copy()`
  dataframe[f"dc_hi_{n}"] = dataframe["high"].rolling(n).max().shift(1)
/freqtrade/user_data/strategies/TrendVolTarget.py:50: PerformanceWarning: DataFrame is highly fragmented.  This is usually the result of calling `frame.insert` many times, which has poor performance.  Consider joining all columns at once using pd.concat(axis=1) instead. To get a de-fragmented frame, use `newframe = frame.copy()`
  dataframe[f"dc_hi_{n}"] = dataframe["high"].rolling(n).max().shift(1)
/freqtrade/user_data/strategies/TrendVolTarget.py:50: PerformanceWarning: DataFrame is highly fragmented.  This is usually the result of calling `frame.insert` many times, which has poor performance.  Consider joining all columns at once using pd.concat(axis=1) instead. To get a de-fragmented frame, use `newframe = frame.copy()`
  dataframe[f"dc_hi_{n}"] = dataframe["high"].rolling(n).max().shift(1)
/freqtrade/user_data/strategies/TrendVolTarget.py:50: PerformanceWarning: DataFrame is highly fragmented.  This is usually the result of calling `frame.insert` many times, which has poor performance.  Consider joining all columns at once using pd.concat(axis=1) instead. To get a de-fragmented frame, use `newframe = frame.copy()`
  dataframe[f"dc_hi_{n}"] = dataframe["high"].rolling(n).max().shift(1)
/freqtrade/user_data/strategies/TrendVolTarget.py:50: PerformanceWarning: DataFrame is highly fragmented.  This is usually the result of calling `frame.insert` many times, which has poor performance.  Consider joining all columns at once using pd.concat(axis=1) instead. To get a de-fragmented frame, use `newframe = frame.copy()`
  dataframe[f"dc_hi_{n}"] = dataframe["high"].rolling(n).max().shift(1)
/freqtrade/user_data/strategies/TrendVolTarget.py:50: PerformanceWarning: DataFrame is highly fragmented.  This is usually the result of calling `frame.insert` many times, which has poor performance.  Consider joining all columns at once using pd.concat(axis=1) instead. To get a de-fragmented frame, use `newframe = frame.copy()`
  dataframe[f"dc_hi_{n}"] = dataframe["high"].rolling(n).max().shift(1)
/freqtrade/user_data/strategies/TrendVolTarget.py:50: PerformanceWarning: DataFrame is highly fragmented.  This is usually the result of calling `frame.insert` many times, which has poor performance.  Consider joining all columns at once using pd.concat(axis=1) instead. To get a de-fragmented frame, use `newframe = frame.copy()`
  dataframe[f"dc_hi_{n}"] = dataframe["high"].rolling(n).max().shift(1)
/freqtrade/user_data/strategies/TrendVolTarget.py:50: PerformanceWarning: DataFrame is highly fragmented.  This is usually the result of calling `frame.insert` many times, which has poor performance.  Consider joining all columns at once using pd.concat(axis=1) instead. To get a de-fragmented frame, use `newframe = frame.copy()`
  dataframe[f"dc_hi_{n}"] = dataframe["high"].rolling(n).max().shift(1)
/freqtrade/user_data/strategies/TrendVolTarget.py:50: PerformanceWarning: DataFrame is highly fragmented.  This is usually the result of calling `frame.insert` many times, which has poor performance.  Consider joining all columns at once using pd.concat(axis=1) instead. To get a de-fragmented frame, use `newframe = frame.copy()`
  dataframe[f"dc_hi_{n}"] = dataframe["high"].rolling(n).max().shift(1)
/freqtrade/user_data/strategies/TrendVolTarget.py:50: PerformanceWarning: DataFrame is highly fragmented.  This is usually the result of calling `frame.insert` many times, which has poor performance.  Consider joining all columns at once using pd.concat(axis=1) instead. To get a de-fragmented frame, use `newframe = frame.copy()`
  dataframe[f"dc_hi_{n}"] = dataframe["high"].rolling(n).max().shift(1)
/freqtrade/user_data/strategies/TrendVolTarget.py:50: PerformanceWarning: DataFrame is highly fragmented.  This is usually the result of calling `frame.insert` many times, which has poor performance.  Consider joining all columns at once using pd.concat(axis=1) instead. To get a de-fragmented frame, use `newframe = frame.copy()`
  dataframe[f"dc_hi_{n}"] = dataframe["high"].rolling(n).max().shift(1)
/freqtrade/user_data/strategies/TrendVolTarget.py:50: PerformanceWarning: DataFrame is highly fragmented.  This is usually the result of calling `frame.insert` many times, which has poor performance.  Consider joining all columns at once using pd.concat(axis=1) instead. To get a de-fragmented frame, use `newframe = frame.copy()`
  dataframe[f"dc_hi_{n}"] = dataframe["high"].rolling(n).max().shift(1)
/freqtrade/user_data/strategies/TrendVolTarget.py:50: PerformanceWarning: DataFrame is highly fragmented.  This is usually the result of calling `frame.insert` many times, which has poor performance.  Consider joining all columns at once using pd.concat(axis=1) instead. To get a de-fragmented frame, use `newframe = frame.copy()`
  dataframe[f"dc_hi_{n}"] = dataframe["high"].rolling(n).max().shift(1)
/freqtrade/user_data/strategies/TrendVolTarget.py:50: PerformanceWarning: DataFrame is highly fragmented.  This is usually the result of calling `frame.insert` many times, which has poor performance.  Consider joining all columns at once using pd.concat(axis=1) instead. To get a de-fragmented frame, use `newframe = frame.copy()`
  dataframe[f"dc_hi_{n}"] = dataframe["high"].rolling(n).max().shift(1)
/freqtrade/user_data/strategies/TrendVolTarget.py:50: PerformanceWarning: DataFrame is highly fragmented.  This is usually the result of calling `frame.insert` many times, which has poor performance.  Consider joining all columns at once using pd.concat(axis=1) instead. To get a de-fragmented frame, use `newframe = frame.copy()`
  dataframe[f"dc_hi_{n}"] = dataframe["high"].rolling(n).max().shift(1)
/freqtrade/user_data/strategies/TrendVolTarget.py:50: PerformanceWarning: DataFrame is highly fragmented.  This is usually the result of calling `frame.insert` many times, which has poor performance.  Consider joining all columns at once using pd.concat(axis=1) instead. To get a de-fragmented frame, use `newframe = frame.copy()`
  dataframe[f"dc_hi_{n}"] = dataframe["high"].rolling(n).max().shift(1)
/freqtrade/user_data/strategies/TrendVolTarget.py:50: PerformanceWarning: DataFrame is highly fragmented.  This is usually the result of calling `frame.insert` many times, which has poor performance.  Consider joining all columns at once using pd.concat(axis=1) instead. To get a de-fragmented frame, use `newframe = frame.copy()`
  dataframe[f"dc_hi_{n}"] = dataframe["high"].rolling(n).max().shift(1)
/freqtrade/user_data/strategies/TrendVolTarget.py:50: PerformanceWarning: DataFrame is highly fragmented.  This is usually the result of calling `frame.insert` many times, which has poor performance.  Consider joining all columns at once using pd.concat(axis=1) instead. To get a de-fragmented frame, use `newframe = frame.copy()`
  dataframe[f"dc_hi_{n}"] = dataframe["high"].rolling(n).max().shift(1)
/freqtrade/user_data/strategies/TrendVolTarget.py:50: PerformanceWarning: DataFrame is highly fragmented.  This is usually the result of calling `frame.insert` many times, which has poor performance.  Consider joining all columns at once using pd.concat(axis=1) instead. To get a de-fragmented frame, use `newframe = frame.copy()`
  dataframe[f"dc_hi_{n}"] = dataframe["high"].rolling(n).max().shift(1)
/freqtrade/user_data/strategies/TrendVolTarget.py:50: PerformanceWarning: DataFrame is highly fragmented.  This is usually the result of calling `frame.insert` many times, which has poor performance.  Consider joining all columns at once using pd.concat(axis=1) instead. To get a de-fragmented frame, use `newframe = frame.copy()`
  dataframe[f"dc_hi_{n}"] = dataframe["high"].rolling(n).max().shift(1)
/freqtrade/user_data/strategies/TrendVolTarget.py:50: PerformanceWarning: DataFrame is highly fragmented.  This is usually the result of calling `frame.insert` many times, which has poor performance.  Consider joining all columns at once using pd.concat(axis=1) instead. To get a de-fragmented frame, use `newframe = frame.copy()`
  dataframe[f"dc_hi_{n}"] = dataframe["high"].rolling(n).max().shift(1)
/freqtrade/user_data/strategies/TrendVolTarget.py:50: PerformanceWarning: DataFrame is highly fragmented.  This is usually the result of calling `frame.insert` many times, which has poor performance.  Consider joining all columns at once using pd.concat(axis=1) instead. To get a de-fragmented frame, use `newframe = frame.copy()`
  dataframe[f"dc_hi_{n}"] = dataframe["high"].rolling(n).max().shift(1)
/freqtrade/user_data/strategies/TrendVolTarget.py:50: PerformanceWarning: DataFrame is highly fragmented.  This is usually the result of calling `frame.insert` many times, which has poor performance.  Consider joining all columns at once using pd.concat(axis=1) instead. To get a de-fragmented frame, use `newframe = frame.copy()`
  dataframe[f"dc_hi_{n}"] = dataframe["high"].rolling(n).max().shift(1)
/freqtrade/user_data/strategies/TrendVolTarget.py:50: PerformanceWarning: DataFrame is highly fragmented.  This is usually the result of calling `frame.insert` many times, which has poor performance.  Consider joining all columns at once using pd.concat(axis=1) instead. To get a de-fragmented frame, use `newframe = frame.copy()`
  dataframe[f"dc_hi_{n}"] = dataframe["high"].rolling(n).max().shift(1)
/freqtrade/user_data/strategies/TrendVolTarget.py:53: PerformanceWarning: DataFrame is highly fragmented.  This is usually the result of calling `frame.insert` many times, which has poor performance.  Consider joining all columns at once using pd.concat(axis=1) instead. To get a de-fragmented frame, use `newframe = frame.copy()`
  dataframe["sma_f"] = ta.SMA(dataframe, timeperiod=60)
/freqtrade/user_data/strategies/TrendVolTarget.py:54: PerformanceWarning: DataFrame is highly fragmented.  This is usually the result of calling `frame.insert` many times, which has poor performance.  Consider joining all columns at once using pd.concat(axis=1) instead. To get a de-fragmented frame, use `newframe = frame.copy()`
  dataframe["sma_s"] = ta.SMA(dataframe, timeperiod=240)
/freqtrade/user_data/strategies/TrendVolTarget.py:56: PerformanceWarning: DataFrame is highly fragmented.  This is usually the result of calling `frame.insert` many times, which has poor performance.  Consider joining all columns at once using pd.concat(axis=1) instead. To get a de-fragmented frame, use `newframe = frame.copy()`
  dataframe["rvol"] = dataframe["close"].pct_change().rolling(90).std() * np.sqrt(6 * 365)
/freqtrade/user_data/strategies/TrendVolTarget.py:50: PerformanceWarning: DataFrame is highly fragmented.  This is usually the result of calling `frame.insert` many times, which has poor performance.  Consider joining all columns at once using pd.concat(axis=1) instead. To get a de-fragmented frame, use `newframe = frame.copy()`
  dataframe[f"dc_hi_{n}"] = dataframe["high"].rolling(n).max().shift(1)
/freqtrade/user_data/strategies/TrendVolTarget.py:50: PerformanceWarning: DataFrame is highly fragmented.  This is usually the result of calling `frame.insert` many times, which has poor performance.  Consider joining all columns at once using pd.concat(axis=1) instead. To get a de-fragmented frame, use `newframe = frame.copy()`
  dataframe[f"dc_hi_{n}"] = dataframe["high"].rolling(n).max().shift(1)
/freqtrade/user_data/strategies/TrendVolTarget.py:50: PerformanceWarning: DataFrame is highly fragmented.  This is usually the result of calling `frame.insert` many times, which has poor performance.  Consider joining all columns at once using pd.concat(axis=1) instead. To get a de-fragmented frame, use `newframe = frame.copy()`
  dataframe[f"dc_hi_{n}"] = dataframe["high"].rolling(n).max().shift(1)
/freqtrade/user_data/strategies/TrendVolTarget.py:50: PerformanceWarning: DataFrame is highly fragmented.  This is usually the result of calling `frame.insert` many times, which has poor performance.  Consider joining all columns at once using pd.concat(axis=1) instead. To get a de-fragmented frame, use `newframe = frame.copy()`
  dataframe[f"dc_hi_{n}"] = dataframe["high"].rolling(n).max().shift(1)
/freqtrade/user_data/strategies/TrendVolTarget.py:50: PerformanceWarning: DataFrame is highly fragmented.  This is usually the result of calling `frame.insert` many times, which has poor performance.  Consider joining all columns at once using pd.concat(axis=1) instead. To get a de-fragmented frame, use `newframe = frame.copy()`
  dataframe[f"dc_hi_{n}"] = dataframe["high"].rolling(n).max().shift(1)
/freqtrade/user_data/strategies/TrendVolTarget.py:50: PerformanceWarning: DataFrame is highly fragmented.  This is usually the result of calling `frame.insert` many times, which has poor performance.  Consider joining all columns at once using pd.concat(axis=1) instead. To get a de-fragmented frame, use `newframe = frame.copy()`
  dataframe[f"dc_hi_{n}"] = dataframe["high"].rolling(n).max().shift(1)
/freqtrade/user_data/strategies/TrendVolTarget.py:50: PerformanceWarning: DataFrame is highly fragmented.  This is usually the result of calling `frame.insert` many times, which has poor performance.  Consider joining all columns at once using pd.concat(axis=1) instead. To get a de-fragmented frame, use `newframe = frame.copy()`
  dataframe[f"dc_hi_{n}"] = dataframe["high"].rolling(n).max().shift(1)
/freqtrade/user_data/strategies/TrendVolTarget.py:50: PerformanceWarning: DataFrame is highly fragmented.  This is usually the result of calling `frame.insert` many times, which has poor performance.  Consider joining all columns at once using pd.concat(axis=1) instead. To get a de-fragmented frame, use `newframe = frame.copy()`
  dataframe[f"dc_hi_{n}"] = dataframe["high"].rolling(n).max().shift(1)
/freqtrade/user_data/strategies/TrendVolTarget.py:50: PerformanceWarning: DataFrame is highly fragmented.  This is usually the result of calling `frame.insert` many times, which has poor performance.  Consider joining all columns at once using pd.concat(axis=1) instead. To get a de-fragmented frame, use `newframe = frame.copy()`
  dataframe[f"dc_hi_{n}"] = dataframe["high"].rolling(n).max().shift(1)
/freqtrade/user_data/strategies/TrendVolTarget.py:50: PerformanceWarning: DataFrame is highly fragmented.  This is usually the result of calling `frame.insert` many times, which has poor performance.  Consider joining all columns at once using pd.concat(axis=1) instead. To get a de-fragmented frame, use `newframe = frame.copy()`
  dataframe[f"dc_hi_{n}"] = dataframe["high"].rolling(n).max().shift(1)
/freqtrade/user_data/strategies/TrendVolTarget.py:50: PerformanceWarning: DataFrame is highly fragmented.  This is usually the result of calling `frame.insert` many times, which has poor performance.  Consider joining all columns at once using pd.concat(axis=1) instead. To get a de-fragmented frame, use `newframe = frame.copy()`
  dataframe[f"dc_hi_{n}"] = dataframe["high"].rolling(n).max().shift(1)
/freqtrade/user_data/strategies/TrendVolTarget.py:50: PerformanceWarning: DataFrame is highly fragmented.  This is usually the result of calling `frame.insert` many times, which has poor performance.  Consider joining all columns at once using pd.concat(axis=1) instead. To get a de-fragmented frame, use `newframe = frame.copy()`
  dataframe[f"dc_hi_{n}"] = dataframe["high"].rolling(n).max().shift(1)
/freqtrade/user_data/strategies/TrendVolTarget.py:50: PerformanceWarning: DataFrame is highly fragmented.  This is usually the result of calling `frame.insert` many times, which has poor performance.  Consider joining all columns at once using pd.concat(axis=1) instead. To get a de-fragmented frame, use `newframe = frame.copy()`
  dataframe[f"dc_hi_{n}"] = dataframe["high"].rolling(n).max().shift(1)
/freqtrade/user_data/strategies/TrendVolTarget.py:50: PerformanceWarning: DataFrame is highly fragmented.  This is usually the result of calling `frame.insert` many times, which has poor performance.  Consider joining all columns at once using pd.concat(axis=1) instead. To get a de-fragmented frame, use `newframe = frame.copy()`
  dataframe[f"dc_hi_{n}"] = dataframe["high"].rolling(n).max().shift(1)
/freqtrade/user_data/strategies/TrendVolTarget.py:50: PerformanceWarning: DataFrame is highly fragmented.  This is usually the result of calling `frame.insert` many times, which has poor performance.  Consider joining all columns at once using pd.concat(axis=1) instead. To get a de-fragmented frame, use `newframe = frame.copy()`
  dataframe[f"dc_hi_{n}"] = dataframe["high"].rolling(n).max().shift(1)
/freqtrade/user_data/strategies/TrendVolTarget.py:50: PerformanceWarning: DataFrame is highly fragmented.  This is usually the result of calling `frame.insert` many times, which has poor performance.  Consider joining all columns at once using pd.concat(axis=1) instead. To get a de-fragmented frame, use `newframe = frame.copy()`
  dataframe[f"dc_hi_{n}"] = dataframe["high"].rolling(n).max().shift(1)
/freqtrade/user_data/strategies/TrendVolTarget.py:50: PerformanceWarning: DataFrame is highly fragmented.  This is usually the result of calling `frame.insert` many times, which has poor performance.  Consider joining all columns at once using pd.concat(axis=1) instead. To get a de-fragmented frame, use `newframe = frame.copy()`
  dataframe[f"dc_hi_{n}"] = dataframe["high"].rolling(n).max().shift(1)
/freqtrade/user_data/strategies/TrendVolTarget.py:50: PerformanceWarning: DataFrame is highly fragmented.  This is usually the result of calling `frame.insert` many times, which has poor performance.  Consider joining all columns at once using pd.concat(axis=1) instead. To get a de-fragmented frame, use `newframe = frame.copy()`
  dataframe[f"dc_hi_{n}"] = dataframe["high"].rolling(n).max().shift(1)
/freqtrade/user_data/strategies/TrendVolTarget.py:50: PerformanceWarning: DataFrame is highly fragmented.  This is usually the result of calling `frame.insert` many times, which has poor performance.  Consider joining all columns at once using pd.concat(axis=1) instead. To get a de-fragmented frame, use `newframe = frame.copy()`
  dataframe[f"dc_hi_{n}"] = dataframe["high"].rolling(n).max().shift(1)
/freqtrade/user_data/strategies/TrendVolTarget.py:50: PerformanceWarning: DataFrame is highly fragmented.  This is usually the result of calling `frame.insert` many times, which has poor performance.  Consider joining all columns at once using pd.concat(axis=1) instead. To get a de-fragmented frame, use `newframe = frame.copy()`
  dataframe[f"dc_hi_{n}"] = dataframe["high"].rolling(n).max().shift(1)
/freqtrade/user_data/strategies/TrendVolTarget.py:50: PerformanceWarning: DataFrame is highly fragmented.  This is usually the result of calling `frame.insert` many times, which has poor performance.  Consider joining all columns at once using pd.concat(axis=1) instead. To get a de-fragmented frame, use `newframe = frame.copy()`
  dataframe[f"dc_hi_{n}"] = dataframe["high"].rolling(n).max().shift(1)
/freqtrade/user_data/strategies/TrendVolTarget.py:50: PerformanceWarning: DataFrame is highly fragmented.  This is usually the result of calling `frame.insert` many times, which has poor performance.  Consider joining all columns at once using pd.concat(axis=1) instead. To get a de-fragmented frame, use `newframe = frame.copy()`
  dataframe[f"dc_hi_{n}"] = dataframe["high"].rolling(n).max().shift(1)
/freqtrade/user_data/strategies/TrendVolTarget.py:50: PerformanceWarning: DataFrame is highly fragmented.  This is usually the result of calling `frame.insert` many times, which has poor performance.  Consider joining all columns at once using pd.concat(axis=1) instead. To get a de-fragmented frame, use `newframe = frame.copy()`
  dataframe[f"dc_hi_{n}"] = dataframe["high"].rolling(n).max().shift(1)
/freqtrade/user_data/strategies/TrendVolTarget.py:50: PerformanceWarning: DataFrame is highly fragmented.  This is usually the result of calling `frame.insert` many times, which has poor performance.  Consider joining all columns at once using pd.concat(axis=1) instead. To get a de-fragmented frame, use `newframe = frame.copy()`
  dataframe[f"dc_hi_{n}"] = dataframe["high"].rolling(n).max().shift(1)
/freqtrade/user_data/strategies/TrendVolTarget.py:50: PerformanceWarning: DataFrame is highly fragmented.  This is usually the result of calling `frame.insert` many times, which has poor performance.  Consider joining all columns at once using pd.concat(axis=1) instead. To get a de-fragmented frame, use `newframe = frame.copy()`
  dataframe[f"dc_hi_{n}"] = dataframe["high"].rolling(n).max().shift(1)
/freqtrade/user_data/strategies/TrendVolTarget.py:50: PerformanceWarning: DataFrame is highly fragmented.  This is usually the result of calling `frame.insert` many times, which has poor performance.  Consider joining all columns at once using pd.concat(axis=1) instead. To get a de-fragmented frame, use `newframe = frame.copy()`
  dataframe[f"dc_hi_{n}"] = dataframe["high"].rolling(n).max().shift(1)
/freqtrade/user_data/strategies/TrendVolTarget.py:50: PerformanceWarning: DataFrame is highly fragmented.  This is usually the result of calling `frame.insert` many times, which has poor performance.  Consider joining all columns at once using pd.concat(axis=1) instead. To get a de-fragmented frame, use `newframe = frame.copy()`
  dataframe[f"dc_hi_{n}"] = dataframe["high"].rolling(n).max().shift(1)
/freqtrade/user_data/strategies/TrendVolTarget.py:50: PerformanceWarning: DataFrame is highly fragmented.  This is usually the result of calling `frame.insert` many times, which has poor performance.  Consider joining all columns at once using pd.concat(axis=1) instead. To get a de-fragmented frame, use `newframe = frame.copy()`
  dataframe[f"dc_hi_{n}"] = dataframe["high"].rolling(n).max().shift(1)
/freqtrade/user_data/strategies/TrendVolTarget.py:50: PerformanceWarning: DataFrame is highly fragmented.  This is usually the result of calling `frame.insert` many times, which has poor performance.  Consider joining all columns at once using pd.concat(axis=1) instead. To get a de-fragmented frame, use `newframe = frame.copy()`
  dataframe[f"dc_hi_{n}"] = dataframe["high"].rolling(n).max().shift(1)
/freqtrade/user_data/strategies/TrendVolTarget.py:50: PerformanceWarning: DataFrame is highly fragmented.  This is usually the result of calling `frame.insert` many times, which has poor performance.  Consider joining all columns at once using pd.concat(axis=1) instead. To get a de-fragmented frame, use `newframe = frame.copy()`
  dataframe[f"dc_hi_{n}"] = dataframe["high"].rolling(n).max().shift(1)
/freqtrade/user_data/strategies/TrendVolTarget.py:50: PerformanceWarning: DataFrame is highly fragmented.  This is usually the result of calling `frame.insert` many times, which has poor performance.  Consider joining all columns at once using pd.concat(axis=1) instead. To get a de-fragmented frame, use `newframe = frame.copy()`
  dataframe[f"dc_hi_{n}"] = dataframe["high"].rolling(n).max().shift(1)
/freqtrade/user_data/strategies/TrendVolTarget.py:50: PerformanceWarning: DataFrame is highly fragmented.  This is usually the result of calling `frame.insert` many times, which has poor performance.  Consider joining all columns at once using pd.concat(axis=1) instead. To get a de-fragmented frame, use `newframe = frame.copy()`
  dataframe[f"dc_hi_{n}"] = dataframe["high"].rolling(n).max().shift(1)
/freqtrade/user_data/strategies/TrendVolTarget.py:50: PerformanceWarning: DataFrame is highly fragmented.  This is usually the result of calling `frame.insert` many times, which has poor performance.  Consider joining all columns at once using pd.concat(axis=1) instead. To get a de-fragmented frame, use `newframe = frame.copy()`
  dataframe[f"dc_hi_{n}"] = dataframe["high"].rolling(n).max().shift(1)
/freqtrade/user_data/strategies/TrendVolTarget.py:50: PerformanceWarning: DataFrame is highly fragmented.  This is usually the result of calling `frame.insert` many times, which has poor performance.  Consider joining all columns at once using pd.concat(axis=1) instead. To get a de-fragmented frame, use `newframe = frame.copy()`
  dataframe[f"dc_hi_{n}"] = dataframe["high"].rolling(n).max().shift(1)
/freqtrade/user_data/strategies/TrendVolTarget.py:50: PerformanceWarning: DataFrame is highly fragmented.  This is usually the result of calling `frame.insert` many times, which has poor performance.  Consider joining all columns at once using pd.concat(axis=1) instead. To get a de-fragmented frame, use `newframe = frame.copy()`
  dataframe[f"dc_hi_{n}"] = dataframe["high"].rolling(n).max().shift(1)
/freqtrade/user_data/strategies/TrendVolTarget.py:50: PerformanceWarning: DataFrame is highly fragmented.  This is usually the result of calling `frame.insert` many times, which has poor performance.  Consider joining all columns at once using pd.concat(axis=1) instead. To get a de-fragmented frame, use `newframe = frame.copy()`
  dataframe[f"dc_hi_{n}"] = dataframe["high"].rolling(n).max().shift(1)
/freqtrade/user_data/strategies/TrendVolTarget.py:50: PerformanceWarning: DataFrame is highly fragmented.  This is usually the result of calling `frame.insert` many times, which has poor performance.  Consider joining all columns at once using pd.concat(axis=1) instead. To get a de-fragmented frame, use `newframe = frame.copy()`
  dataframe[f"dc_hi_{n}"] = dataframe["high"].rolling(n).max().shift(1)
/freqtrade/user_data/strategies/TrendVolTarget.py:50: PerformanceWarning: DataFrame is highly fragmented.  This is usually the result of calling `frame.insert` many times, which has poor performance.  Consider joining all columns at once using pd.concat(axis=1) instead. To get a de-fragmented frame, use `newframe = frame.copy()`
  dataframe[f"dc_hi_{n}"] = dataframe["high"].rolling(n).max().shift(1)
/freqtrade/user_data/strategies/TrendVolTarget.py:50: PerformanceWarning: DataFrame is highly fragmented.  This is usually the result of calling `frame.insert` many times, which has poor performance.  Consider joining all columns at once using pd.concat(axis=1) instead. To get a de-fragmented frame, use `newframe = frame.copy()`
  dataframe[f"dc_hi_{n}"] = dataframe["high"].rolling(n).max().shift(1)
/freqtrade/user_data/strategies/TrendVolTarget.py:50: PerformanceWarning: DataFrame is highly fragmented.  This is usually the result of calling `frame.insert` many times, which has poor performance.  Consider joining all columns at once using pd.concat(axis=1) instead. To get a de-fragmented frame, use `newframe = frame.copy()`
  dataframe[f"dc_hi_{n}"] = dataframe["high"].rolling(n).max().shift(1)
/freqtrade/user_data/strategies/TrendVolTarget.py:50: PerformanceWarning: DataFrame is highly fragmented.  This is usually the result of calling `frame.insert` many times, which has poor performance.  Consider joining all columns at once using pd.concat(axis=1) instead. To get a de-fragmented frame, use `newframe = frame.copy()`
  dataframe[f"dc_hi_{n}"] = dataframe["high"].rolling(n).max().shift(1)
/freqtrade/user_data/strategies/TrendVolTarget.py:50: PerformanceWarning: DataFrame is highly fragmented.  This is usually the result of calling `frame.insert` many times, which has poor performance.  Consider joining all columns at once using pd.concat(axis=1) instead. To get a de-fragmented frame, use `newframe = frame.copy()`
  dataframe[f"dc_hi_{n}"] = dataframe["high"].rolling(n).max().shift(1)
/freqtrade/user_data/strategies/TrendVolTarget.py:50: PerformanceWarning: DataFrame is highly fragmented.  This is usually the result of calling `frame.insert` many times, which has poor performance.  Consider joining all columns at once using pd.concat(axis=1) instead. To get a de-fragmented frame, use `newframe = frame.copy()`
  dataframe[f"dc_hi_{n}"] = dataframe["high"].rolling(n).max().shift(1)
/freqtrade/user_data/strategies/TrendVolTarget.py:50: PerformanceWarning: DataFrame is highly fragmented.  This is usually the result of calling `frame.insert` many times, which has poor performance.  Consider joining all columns at once using pd.concat(axis=1) instead. To get a de-fragmented frame, use `newframe = frame.copy()`
  dataframe[f"dc_hi_{n}"] = dataframe["high"].rolling(n).max().shift(1)
/freqtrade/user_data/strategies/TrendVolTarget.py:50: PerformanceWarning: DataFrame is highly fragmented.  This is usually the result of calling `frame.insert` many times, which has poor performance.  Consider joining all columns at once using pd.concat(axis=1) instead. To get a de-fragmented frame, use `newframe = frame.copy()`
  dataframe[f"dc_hi_{n}"] = dataframe["high"].rolling(n).max().shift(1)
/freqtrade/user_data/strategies/TrendVolTarget.py:50: PerformanceWarning: DataFrame is highly fragmented.  This is usually the result of calling `frame.insert` many times, which has poor performance.  Consider joining all columns at once using pd.concat(axis=1) instead. To get a de-fragmented frame, use `newframe = frame.copy()`
  dataframe[f"dc_hi_{n}"] = dataframe["high"].rolling(n).max().shift(1)
/freqtrade/user_data/strategies/TrendVolTarget.py:50: PerformanceWarning: DataFrame is highly fragmented.  This is usually the result of calling `frame.insert` many times, which has poor performance.  Consider joining all columns at once using pd.concat(axis=1) instead. To get a de-fragmented frame, use `newframe = frame.copy()`
  dataframe[f"dc_hi_{n}"] = dataframe["high"].rolling(n).max().shift(1)
/freqtrade/user_data/strategies/TrendVolTarget.py:50: PerformanceWarning: DataFrame is highly fragmented.  This is usually the result of calling `frame.insert` many times, which has poor performance.  Consider joining all columns at once using pd.concat(axis=1) instead. To get a de-fragmented frame, use `newframe = frame.copy()`
  dataframe[f"dc_hi_{n}"] = dataframe["high"].rolling(n).max().shift(1)
/freqtrade/user_data/strategies/TrendVolTarget.py:50: PerformanceWarning: DataFrame is highly fragmented.  This is usually the result of calling `frame.insert` many times, which has poor performance.  Consider joining all columns at once using pd.concat(axis=1) instead. To get a de-fragmented frame, use `newframe = frame.copy()`
  dataframe[f"dc_hi_{n}"] = dataframe["high"].rolling(n).max().shift(1)
/freqtrade/user_data/strategies/TrendVolTarget.py:50: PerformanceWarning: DataFrame is highly fragmented.  This is usually the result of calling `frame.insert` many times, which has poor performance.  Consider joining all columns at once using pd.concat(axis=1) instead. To get a de-fragmented frame, use `newframe = frame.copy()`
  dataframe[f"dc_hi_{n}"] = dataframe["high"].rolling(n).max().shift(1)
/freqtrade/user_data/strategies/TrendVolTarget.py:50: PerformanceWarning: DataFrame is highly fragmented.  This is usually the result of calling `frame.insert` many times, which has poor performance.  Consider joining all columns at once using pd.concat(axis=1) instead. To get a de-fragmented frame, use `newframe = frame.copy()`
  dataframe[f"dc_hi_{n}"] = dataframe["high"].rolling(n).max().shift(1)
/freqtrade/user_data/strategies/TrendVolTarget.py:50: PerformanceWarning: DataFrame is highly fragmented.  This is usually the result of calling `frame.insert` many times, which has poor performance.  Consider joining all columns at once using pd.concat(axis=1) instead. To get a de-fragmented frame, use `newframe = frame.copy()`
  dataframe[f"dc_hi_{n}"] = dataframe["high"].rolling(n).max().shift(1)
/freqtrade/user_data/strategies/TrendVolTarget.py:50: PerformanceWarning: DataFrame is highly fragmented.  This is usually the result of calling `frame.insert` many times, which has poor performance.  Consider joining all columns at once using pd.concat(axis=1) instead. To get a de-fragmented frame, use `newframe = frame.copy()`
  dataframe[f"dc_hi_{n}"] = dataframe["high"].rolling(n).max().shift(1)
/freqtrade/user_data/strategies/TrendVolTarget.py:50: PerformanceWarning: DataFrame is highly fragmented.  This is usually the result of calling `frame.insert` many times, which has poor performance.  Consider joining all columns at once using pd.concat(axis=1) instead. To get a de-fragmented frame, use `newframe = frame.copy()`
  dataframe[f"dc_hi_{n}"] = dataframe["high"].rolling(n).max().shift(1)
/freqtrade/user_data/strategies/TrendVolTarget.py:50: PerformanceWarning: DataFrame is highly fragmented.  This is usually the result of calling `frame.insert` many times, which has poor performance.  Consider joining all columns at once using pd.concat(axis=1) instead. To get a de-fragmented frame, use `newframe = frame.copy()`
  dataframe[f"dc_hi_{n}"] = dataframe["high"].rolling(n).max().shift(1)
/freqtrade/user_data/strategies/TrendVolTarget.py:50: PerformanceWarning: DataFrame is highly fragmented.  This is usually the result of calling `frame.insert` many times, which has poor performance.  Consider joining all columns at once using pd.concat(axis=1) instead. To get a de-fragmented frame, use `newframe = frame.copy()`
  dataframe[f"dc_hi_{n}"] = dataframe["high"].rolling(n).max().shift(1)
/freqtrade/user_data/strategies/TrendVolTarget.py:50: PerformanceWarning: DataFrame is highly fragmented.  This is usually the result of calling `frame.insert` many times, which has poor performance.  Consider joining all columns at once using pd.concat(axis=1) instead. To get a de-fragmented frame, use `newframe = frame.copy()`
  dataframe[f"dc_hi_{n}"] = dataframe["high"].rolling(n).max().shift(1)
/freqtrade/user_data/strategies/TrendVolTarget.py:50: PerformanceWarning: DataFrame is highly fragmented.  This is usually the result of calling `frame.insert` many times, which has poor performance.  Consider joining all columns at once using pd.concat(axis=1) instead. To get a de-fragmented frame, use `newframe = frame.copy()`
  dataframe[f"dc_hi_{n}"] = dataframe["high"].rolling(n).max().shift(1)
/freqtrade/user_data/strategies/TrendVolTarget.py:50: PerformanceWarning: DataFrame is highly fragmented.  This is usually the result of calling `frame.insert` many times, which has poor performance.  Consider joining all columns at once using pd.concat(axis=1) instead. To get a de-fragmented frame, use `newframe = frame.copy()`
  dataframe[f"dc_hi_{n}"] = dataframe["high"].rolling(n).max().shift(1)
/freqtrade/user_data/strategies/TrendVolTarget.py:50: PerformanceWarning: DataFrame is highly fragmented.  This is usually the result of calling `frame.insert` many times, which has poor performance.  Consider joining all columns at once using pd.concat(axis=1) instead. To get a de-fragmented frame, use `newframe = frame.copy()`
  dataframe[f"dc_hi_{n}"] = dataframe["high"].rolling(n).max().shift(1)
/freqtrade/user_data/strategies/TrendVolTarget.py:50: PerformanceWarning: DataFrame is highly fragmented.  This is usually the result of calling `frame.insert` many times, which has poor performance.  Consider joining all columns at once using pd.concat(axis=1) instead. To get a de-fragmented frame, use `newframe = frame.copy()`
  dataframe[f"dc_hi_{n}"] = dataframe["high"].rolling(n).max().shift(1)
/freqtrade/user_data/strategies/TrendVolTarget.py:50: PerformanceWarning: DataFrame is highly fragmented.  This is usually the result of calling `frame.insert` many times, which has poor performance.  Consider joining all columns at once using pd.concat(axis=1) instead. To get a de-fragmented frame, use `newframe = frame.copy()`
  dataframe[f"dc_hi_{n}"] = dataframe["high"].rolling(n).max().shift(1)
/freqtrade/user_data/strategies/TrendVolTarget.py:50: PerformanceWarning: DataFrame is highly fragmented.  This is usually the result of calling `frame.insert` many times, which has poor performance.  Consider joining all columns at once using pd.concat(axis=1) instead. To get a de-fragmented frame, use `newframe = frame.copy()`
  dataframe[f"dc_hi_{n}"] = dataframe["high"].rolling(n).max().shift(1)
/freqtrade/user_data/strategies/TrendVolTarget.py:50: PerformanceWarning: DataFrame is highly fragmented.  This is usually the result of calling `frame.insert` many times, which has poor performance.  Consider joining all columns at once using pd.concat(axis=1) instead. To get a de-fragmented frame, use `newframe = frame.copy()`
  dataframe[f"dc_hi_{n}"] = dataframe["high"].rolling(n).max().shift(1)
/freqtrade/user_data/strategies/TrendVolTarget.py:50: PerformanceWarning: DataFrame is highly fragmented.  This is usually the result of calling `frame.insert` many times, which has poor performance.  Consider joining all columns at once using pd.concat(axis=1) instead. To get a de-fragmented frame, use `newframe = frame.copy()`
  dataframe[f"dc_hi_{n}"] = dataframe["high"].rolling(n).max().shift(1)
/freqtrade/user_data/strategies/TrendVolTarget.py:50: PerformanceWarning: DataFrame is highly fragmented.  This is usually the result of calling `frame.insert` many times, which has poor performance.  Consider joining all columns at once using pd.concat(axis=1) instead. To get a de-fragmented frame, use `newframe = frame.copy()`
  dataframe[f"dc_hi_{n}"] = dataframe["high"].rolling(n).max().shift(1)
/freqtrade/user_data/strategies/TrendVolTarget.py:50: PerformanceWarning: DataFrame is highly fragmented.  This is usually the result of calling `frame.insert` many times, which has poor performance.  Consider joining all columns at once using pd.concat(axis=1) instead. To get a de-fragmented frame, use `newframe = frame.copy()`
  dataframe[f"dc_hi_{n}"] = dataframe["high"].rolling(n).max().shift(1)
/freqtrade/user_data/strategies/TrendVolTarget.py:50: PerformanceWarning: DataFrame is highly fragmented.  This is usually the result of calling `frame.insert` many times, which has poor performance.  Consider joining all columns at once using pd.concat(axis=1) instead. To get a de-fragmented frame, use `newframe = frame.copy()`
  dataframe[f"dc_hi_{n}"] = dataframe["high"].rolling(n).max().shift(1)
/freqtrade/user_data/strategies/TrendVolTarget.py:50: PerformanceWarning: DataFrame is highly fragmented.  This is usually the result of calling `frame.insert` many times, which has poor performance.  Consider joining all columns at once using pd.concat(axis=1) instead. To get a de-fragmented frame, use `newframe = frame.copy()`
  dataframe[f"dc_hi_{n}"] = dataframe["high"].rolling(n).max().shift(1)
/freqtrade/user_data/strategies/TrendVolTarget.py:50: PerformanceWarning: DataFrame is highly fragmented.  This is usually the result of calling `frame.insert` many times, which has poor performance.  Consider joining all columns at once using pd.concat(axis=1) instead. To get a de-fragmented frame, use `newframe = frame.copy()`
  dataframe[f"dc_hi_{n}"] = dataframe["high"].rolling(n).max().shift(1)
/freqtrade/user_data/strategies/TrendVolTarget.py:50: PerformanceWarning: DataFrame is highly fragmented.  This is usually the result of calling `frame.insert` many times, which has poor performance.  Consider joining all columns at once using pd.concat(axis=1) instead. To get a de-fragmented frame, use `newframe = frame.copy()`
  dataframe[f"dc_hi_{n}"] = dataframe["high"].rolling(n).max().shift(1)
/freqtrade/user_data/strategies/TrendVolTarget.py:50: PerformanceWarning: DataFrame is highly fragmented.  This is usually the result of calling `frame.insert` many times, which has poor performance.  Consider joining all columns at once using pd.concat(axis=1) instead. To get a de-fragmented frame, use `newframe = frame.copy()`
  dataframe[f"dc_hi_{n}"] = dataframe["high"].rolling(n).max().shift(1)
/freqtrade/user_data/strategies/TrendVolTarget.py:50: PerformanceWarning: DataFrame is highly fragmented.  This is usually the result of calling `frame.insert` many times, which has poor performance.  Consider joining all columns at once using pd.concat(axis=1) instead. To get a de-fragmented frame, use `newframe = frame.copy()`
  dataframe[f"dc_hi_{n}"] = dataframe["high"].rolling(n).max().shift(1)
/freqtrade/user_data/strategies/TrendVolTarget.py:50: PerformanceWarning: DataFrame is highly fragmented.  This is usually the result of calling `frame.insert` many times, which has poor performance.  Consider joining all columns at once using pd.concat(axis=1) instead. To get a de-fragmented frame, use `newframe = frame.copy()`
  dataframe[f"dc_hi_{n}"] = dataframe["high"].rolling(n).max().shift(1)
/freqtrade/user_data/strategies/TrendVolTarget.py:50: PerformanceWarning: DataFrame is highly fragmented.  This is usually the result of calling `frame.insert` many times, which has poor performance.  Consider joining all columns at once using pd.concat(axis=1) instead. To get a de-fragmented frame, use `newframe = frame.copy()`
  dataframe[f"dc_hi_{n}"] = dataframe["high"].rolling(n).max().shift(1)
/freqtrade/user_data/strategies/TrendVolTarget.py:50: PerformanceWarning: DataFrame is highly fragmented.  This is usually the result of calling `frame.insert` many times, which has poor performance.  Consider joining all columns at once using pd.concat(axis=1) instead. To get a de-fragmented frame, use `newframe = frame.copy()`
  dataframe[f"dc_hi_{n}"] = dataframe["high"].rolling(n).max().shift(1)
/freqtrade/user_data/strategies/TrendVolTarget.py:50: PerformanceWarning: DataFrame is highly fragmented.  This is usually the result of calling `frame.insert` many times, which has poor performance.  Consider joining all columns at once using pd.concat(axis=1) instead. To get a de-fragmented frame, use `newframe = frame.copy()`
  dataframe[f"dc_hi_{n}"] = dataframe["high"].rolling(n).max().shift(1)
/freqtrade/user_data/strategies/TrendVolTarget.py:50: PerformanceWarning: DataFrame is highly fragmented.  This is usually the result of calling `frame.insert` many times, which has poor performance.  Consider joining all columns at once using pd.concat(axis=1) instead. To get a de-fragmented frame, use `newframe = frame.copy()`
  dataframe[f"dc_hi_{n}"] = dataframe["high"].rolling(n).max().shift(1)
/freqtrade/user_data/strategies/TrendVolTarget.py:50: PerformanceWarning: DataFrame is highly fragmented.  This is usually the result of calling `frame.insert` many times, which has poor performance.  Consider joining all columns at once using pd.concat(axis=1) instead. To get a de-fragmented frame, use `newframe = frame.copy()`
  dataframe[f"dc_hi_{n}"] = dataframe["high"].rolling(n).max().shift(1)
/freqtrade/user_data/strategies/TrendVolTarget.py:50: PerformanceWarning: DataFrame is highly fragmented.  This is usually the result of calling `frame.insert` many times, which has poor performance.  Consider joining all columns at once using pd.concat(axis=1) instead. To get a de-fragmented frame, use `newframe = frame.copy()`
  dataframe[f"dc_hi_{n}"] = dataframe["high"].rolling(n).max().shift(1)
/freqtrade/user_data/strategies/TrendVolTarget.py:50: PerformanceWarning: DataFrame is highly fragmented.  This is usually the result of calling `frame.insert` many times, which has poor performance.  Consider joining all columns at once using pd.concat(axis=1) instead. To get a de-fragmented frame, use `newframe = frame.copy()`
  dataframe[f"dc_hi_{n}"] = dataframe["high"].rolling(n).max().shift(1)
/freqtrade/user_data/strategies/TrendVolTarget.py:50: PerformanceWarning: DataFrame is highly fragmented.  This is usually the result of calling `frame.insert` many times, which has poor performance.  Consider joining all columns at once using pd.concat(axis=1) instead. To get a de-fragmented frame, use `newframe = frame.copy()`
  dataframe[f"dc_hi_{n}"] = dataframe["high"].rolling(n).max().shift(1)
/freqtrade/user_data/strategies/TrendVolTarget.py:50: PerformanceWarning: DataFrame is highly fragmented.  This is usually the result of calling `frame.insert` many times, which has poor performance.  Consider joining all columns at once using pd.concat(axis=1) instead. To get a de-fragmented frame, use `newframe = frame.copy()`
  dataframe[f"dc_hi_{n}"] = dataframe["high"].rolling(n).max().shift(1)
/freqtrade/user_data/strategies/TrendVolTarget.py:50: PerformanceWarning: DataFrame is highly fragmented.  This is usually the result of calling `frame.insert` many times, which has poor performance.  Consider joining all columns at once using pd.concat(axis=1) instead. To get a de-fragmented frame, use `newframe = frame.copy()`
  dataframe[f"dc_hi_{n}"] = dataframe["high"].rolling(n).max().shift(1)
/freqtrade/user_data/strategies/TrendVolTarget.py:50: PerformanceWarning: DataFrame is highly fragmented.  This is usually the result of calling `frame.insert` many times, which has poor performance.  Consider joining all columns at once using pd.concat(axis=1) instead. To get a de-fragmented frame, use `newframe = frame.copy()`
  dataframe[f"dc_hi_{n}"] = dataframe["high"].rolling(n).max().shift(1)
/freqtrade/user_data/strategies/TrendVolTarget.py:53: PerformanceWarning: DataFrame is highly fragmented.  This is usually the result of calling `frame.insert` many times, which has poor performance.  Consider joining all columns at once using pd.concat(axis=1) instead. To get a de-fragmented frame, use `newframe = frame.copy()`
  dataframe["sma_f"] = ta.SMA(dataframe, timeperiod=60)
/freqtrade/user_data/strategies/TrendVolTarget.py:54: PerformanceWarning: DataFrame is highly fragmented.  This is usually the result of calling `frame.insert` many times, which has poor performance.  Consider joining all columns at once using pd.concat(axis=1) instead. To get a de-fragmented frame, use `newframe = frame.copy()`
  dataframe["sma_s"] = ta.SMA(dataframe, timeperiod=240)
/freqtrade/user_data/strategies/TrendVolTarget.py:56: PerformanceWarning: DataFrame is highly fragmented.  This is usually the result of calling `frame.insert` many times, which has poor performance.  Consider joining all columns at once using pd.concat(axis=1) instead. To get a de-fragmented frame, use `newframe = frame.copy()`
  dataframe["rvol"] = dataframe["close"].pct_change().rolling(90).std() * np.sqrt(6 * 365)
/freqtrade/user_data/strategies/TrendVolTarget.py:50: PerformanceWarning: DataFrame is highly fragmented.  This is usually the result of calling `frame.insert` many times, which has poor performance.  Consider joining all columns at once using pd.concat(axis=1) instead. To get a de-fragmented frame, use `newframe = frame.copy()`
  dataframe[f"dc_hi_{n}"] = dataframe["high"].rolling(n).max().shift(1)
/freqtrade/user_data/strategies/TrendVolTarget.py:50: PerformanceWarning: DataFrame is highly fragmented.  This is usually the result of calling `frame.insert` many times, which has poor performance.  Consider joining all columns at once using pd.concat(axis=1) instead. To get a de-fragmented frame, use `newframe = frame.copy()`
  dataframe[f"dc_hi_{n}"] = dataframe["high"].rolling(n).max().shift(1)
/freqtrade/user_data/strategies/TrendVolTarget.py:50: PerformanceWarning: DataFrame is highly fragmented.  This is usually the result of calling `frame.insert` many times, which has poor performance.  Consider joining all columns at once using pd.concat(axis=1) instead. To get a de-fragmented frame, use `newframe = frame.copy()`
  dataframe[f"dc_hi_{n}"] = dataframe["high"].rolling(n).max().shift(1)
/freqtrade/user_data/strategies/TrendVolTarget.py:50: PerformanceWarning: DataFrame is highly fragmented.  This is usually the result of calling `frame.insert` many times, which has poor performance.  Consider joining all columns at once using pd.concat(axis=1) instead. To get a de-fragmented frame, use `newframe = frame.copy()`
  dataframe[f"dc_hi_{n}"] = dataframe["high"].rolling(n).max().shift(1)
/freqtrade/user_data/strategies/TrendVolTarget.py:50: PerformanceWarning: DataFrame is highly fragmented.  This is usually the result of calling `frame.insert` many times, which has poor performance.  Consider joining all columns at once using pd.concat(axis=1) instead. To get a de-fragmented frame, use `newframe = frame.copy()`
  dataframe[f"dc_hi_{n}"] = dataframe["high"].rolling(n).max().shift(1)
/freqtrade/user_data/strategies/TrendVolTarget.py:50: PerformanceWarning: DataFrame is highly fragmented.  This is usually the result of calling `frame.insert` many times, which has poor performance.  Consider joining all columns at once using pd.concat(axis=1) instead. To get a de-fragmented frame, use `newframe = frame.copy()`
  dataframe[f"dc_hi_{n}"] = dataframe["high"].rolling(n).max().shift(1)
/freqtrade/user_data/strategies/TrendVolTarget.py:50: PerformanceWarning: DataFrame is highly fragmented.  This is usually the result of calling `frame.insert` many times, which has poor performance.  Consider joining all columns at once using pd.concat(axis=1) instead. To get a de-fragmented frame, use `newframe = frame.copy()`
  dataframe[f"dc_hi_{n}"] = dataframe["high"].rolling(n).max().shift(1)
/freqtrade/user_data/strategies/TrendVolTarget.py:50: PerformanceWarning: DataFrame is highly fragmented.  This is usually the result of calling `frame.insert` many times, which has poor performance.  Consider joining all columns at once using pd.concat(axis=1) instead. To get a de-fragmented frame, use `newframe = frame.copy()`
  dataframe[f"dc_hi_{n}"] = dataframe["high"].rolling(n).max().shift(1)
/freqtrade/user_data/strategies/TrendVolTarget.py:50: PerformanceWarning: DataFrame is highly fragmented.  This is usually the result of calling `frame.insert` many times, which has poor performance.  Consider joining all columns at once using pd.concat(axis=1) instead. To get a de-fragmented frame, use `newframe = frame.copy()`
  dataframe[f"dc_hi_{n}"] = dataframe["high"].rolling(n).max().shift(1)
/freqtrade/user_data/strategies/TrendVolTarget.py:50: PerformanceWarning: DataFrame is highly fragmented.  This is usually the result of calling `frame.insert` many times, which has poor performance.  Consider joining all columns at once using pd.concat(axis=1) instead. To get a de-fragmented frame, use `newframe = frame.copy()`
  dataframe[f"dc_hi_{n}"] = dataframe["high"].rolling(n).max().shift(1)
/freqtrade/user_data/strategies/TrendVolTarget.py:50: PerformanceWarning: DataFrame is highly fragmented.  This is usually the result of calling `frame.insert` many times, which has poor performance.  Consider joining all columns at once using pd.concat(axis=1) instead. To get a de-fragmented frame, use `newframe = frame.copy()`
  dataframe[f"dc_hi_{n}"] = dataframe["high"].rolling(n).max().shift(1)
/freqtrade/user_data/strategies/TrendVolTarget.py:50: PerformanceWarning: DataFrame is highly fragmented.  This is usually the result of calling `frame.insert` many times, which has poor performance.  Consider joining all columns at once using pd.concat(axis=1) instead. To get a de-fragmented frame, use `newframe = frame.copy()`
  dataframe[f"dc_hi_{n}"] = dataframe["high"].rolling(n).max().shift(1)
/freqtrade/user_data/strategies/TrendVolTarget.py:50: PerformanceWarning: DataFrame is highly fragmented.  This is usually the result of calling `frame.insert` many times, which has poor performance.  Consider joining all columns at once using pd.concat(axis=1) instead. To get a de-fragmented frame, use `newframe = frame.copy()`
  dataframe[f"dc_hi_{n}"] = dataframe["high"].rolling(n).max().shift(1)
/freqtrade/user_data/strategies/TrendVolTarget.py:50: PerformanceWarning: DataFrame is highly fragmented.  This is usually the result of calling `frame.insert` many times, which has poor performance.  Consider joining all columns at once using pd.concat(axis=1) instead. To get a de-fragmented frame, use `newframe = frame.copy()`
  dataframe[f"dc_hi_{n}"] = dataframe["high"].rolling(n).max().shift(1)
/freqtrade/user_data/strategies/TrendVolTarget.py:50: PerformanceWarning: DataFrame is highly fragmented.  This is usually the result of calling `frame.insert` many times, which has poor performance.  Consider joining all columns at once using pd.concat(axis=1) instead. To get a de-fragmented frame, use `newframe = frame.copy()`
  dataframe[f"dc_hi_{n}"] = dataframe["high"].rolling(n).max().shift(1)
/freqtrade/user_data/strategies/TrendVolTarget.py:50: PerformanceWarning: DataFrame is highly fragmented.  This is usually the result of calling `frame.insert` many times, which has poor performance.  Consider joining all columns at once using pd.concat(axis=1) instead. To get a de-fragmented frame, use `newframe = frame.copy()`
  dataframe[f"dc_hi_{n}"] = dataframe["high"].rolling(n).max().shift(1)
/freqtrade/user_data/strategies/TrendVolTarget.py:50: PerformanceWarning: DataFrame is highly fragmented.  This is usually the result of calling `frame.insert` many times, which has poor performance.  Consider joining all columns at once using pd.concat(axis=1) instead. To get a de-fragmented frame, use `newframe = frame.copy()`
  dataframe[f"dc_hi_{n}"] = dataframe["high"].rolling(n).max().shift(1)
/freqtrade/user_data/strategies/TrendVolTarget.py:50: PerformanceWarning: DataFrame is highly fragmented.  This is usually the result of calling `frame.insert` many times, which has poor performance.  Consider joining all columns at once using pd.concat(axis=1) instead. To get a de-fragmented frame, use `newframe = frame.copy()`
  dataframe[f"dc_hi_{n}"] = dataframe["high"].rolling(n).max().shift(1)
/freqtrade/user_data/strategies/TrendVolTarget.py:50: PerformanceWarning: DataFrame is highly fragmented.  This is usually the result of calling `frame.insert` many times, which has poor performance.  Consider joining all columns at once using pd.concat(axis=1) instead. To get a de-fragmented frame, use `newframe = frame.copy()`
  dataframe[f"dc_hi_{n}"] = dataframe["high"].rolling(n).max().shift(1)
/freqtrade/user_data/strategies/TrendVolTarget.py:50: PerformanceWarning: DataFrame is highly fragmented.  This is usually the result of calling `frame.insert` many times, which has poor performance.  Consider joining all columns at once using pd.concat(axis=1) instead. To get a de-fragmented frame, use `newframe = frame.copy()`
  dataframe[f"dc_hi_{n}"] = dataframe["high"].rolling(n).max().shift(1)
/freqtrade/user_data/strategies/TrendVolTarget.py:50: PerformanceWarning: DataFrame is highly fragmented.  This is usually the result of calling `frame.insert` many times, which has poor performance.  Consider joining all columns at once using pd.concat(axis=1) instead. To get a de-fragmented frame, use `newframe = frame.copy()`
  dataframe[f"dc_hi_{n}"] = dataframe["high"].rolling(n).max().shift(1)
/freqtrade/user_data/strategies/TrendVolTarget.py:50: PerformanceWarning: DataFrame is highly fragmented.  This is usually the result of calling `frame.insert` many times, which has poor performance.  Consider joining all columns at once using pd.concat(axis=1) instead. To get a de-fragmented frame, use `newframe = frame.copy()`
  dataframe[f"dc_hi_{n}"] = dataframe["high"].rolling(n).max().shift(1)
/freqtrade/user_data/strategies/TrendVolTarget.py:50: PerformanceWarning: DataFrame is highly fragmented.  This is usually the result of calling `frame.insert` many times, which has poor performance.  Consider joining all columns at once using pd.concat(axis=1) instead. To get a de-fragmented frame, use `newframe = frame.copy()`
  dataframe[f"dc_hi_{n}"] = dataframe["high"].rolling(n).max().shift(1)
/freqtrade/user_data/strategies/TrendVolTarget.py:50: PerformanceWarning: DataFrame is highly fragmented.  This is usually the result of calling `frame.insert` many times, which has poor performance.  Consider joining all columns at once using pd.concat(axis=1) instead. To get a de-fragmented frame, use `newframe = frame.copy()`
  dataframe[f"dc_hi_{n}"] = dataframe["high"].rolling(n).max().shift(1)
/freqtrade/user_data/strategies/TrendVolTarget.py:50: PerformanceWarning: DataFrame is highly fragmented.  This is usually the result of calling `frame.insert` many times, which has poor performance.  Consider joining all columns at once using pd.concat(axis=1) instead. To get a de-fragmented frame, use `newframe = frame.copy()`
  dataframe[f"dc_hi_{n}"] = dataframe["high"].rolling(n).max().shift(1)
/freqtrade/user_data/strategies/TrendVolTarget.py:50: PerformanceWarning: DataFrame is highly fragmented.  This is usually the result of calling `frame.insert` many times, which has poor performance.  Consider joining all columns at once using pd.concat(axis=1) instead. To get a de-fragmented frame, use `newframe = frame.copy()`
  dataframe[f"dc_hi_{n}"] = dataframe["high"].rolling(n).max().shift(1)
/freqtrade/user_data/strategies/TrendVolTarget.py:50: PerformanceWarning: DataFrame is highly fragmented.  This is usually the result of calling `frame.insert` many times, which has poor performance.  Consider joining all columns at once using pd.concat(axis=1) instead. To get a de-fragmented frame, use `newframe = frame.copy()`
  dataframe[f"dc_hi_{n}"] = dataframe["high"].rolling(n).max().shift(1)
/freqtrade/user_data/strategies/TrendVolTarget.py:50: PerformanceWarning: DataFrame is highly fragmented.  This is usually the result of calling `frame.insert` many times, which has poor performance.  Consider joining all columns at once using pd.concat(axis=1) instead. To get a de-fragmented frame, use `newframe = frame.copy()`
  dataframe[f"dc_hi_{n}"] = dataframe["high"].rolling(n).max().shift(1)
/freqtrade/user_data/strategies/TrendVolTarget.py:50: PerformanceWarning: DataFrame is highly fragmented.  This is usually the result of calling `frame.insert` many times, which has poor performance.  Consider joining all columns at once using pd.concat(axis=1) instead. To get a de-fragmented frame, use `newframe = frame.copy()`
  dataframe[f"dc_hi_{n}"] = dataframe["high"].rolling(n).max().shift(1)
/freqtrade/user_data/strategies/TrendVolTarget.py:50: PerformanceWarning: DataFrame is highly fragmented.  This is usually the result of calling `frame.insert` many times, which has poor performance.  Consider joining all columns at once using pd.concat(axis=1) instead. To get a de-fragmented frame, use `newframe = frame.copy()`
  dataframe[f"dc_hi_{n}"] = dataframe["high"].rolling(n).max().shift(1)
/freqtrade/user_data/strategies/TrendVolTarget.py:50: PerformanceWarning: DataFrame is highly fragmented.  This is usually the result of calling `frame.insert` many times, which has poor performance.  Consider joining all columns at once using pd.concat(axis=1) instead. To get a de-fragmented frame, use `newframe = frame.copy()`
  dataframe[f"dc_hi_{n}"] = dataframe["high"].rolling(n).max().shift(1)
/freqtrade/user_data/strategies/TrendVolTarget.py:50: PerformanceWarning: DataFrame is highly fragmented.  This is usually the result of calling `frame.insert` many times, which has poor performance.  Consider joining all columns at once using pd.concat(axis=1) instead. To get a de-fragmented frame, use `newframe = frame.copy()`
  dataframe[f"dc_hi_{n}"] = dataframe["high"].rolling(n).max().shift(1)
/freqtrade/user_data/strategies/TrendVolTarget.py:50: PerformanceWarning: DataFrame is highly fragmented.  This is usually the result of calling `frame.insert` many times, which has poor performance.  Consider joining all columns at once using pd.concat(axis=1) instead. To get a de-fragmented frame, use `newframe = frame.copy()`
  dataframe[f"dc_hi_{n}"] = dataframe["high"].rolling(n).max().shift(1)
/freqtrade/user_data/strategies/TrendVolTarget.py:50: PerformanceWarning: DataFrame is highly fragmented.  This is usually the result of calling `frame.insert` many times, which has poor performance.  Consider joining all columns at once using pd.concat(axis=1) instead. To get a de-fragmented frame, use `newframe = frame.copy()`
  dataframe[f"dc_hi_{n}"] = dataframe["high"].rolling(n).max().shift(1)
/freqtrade/user_data/strategies/TrendVolTarget.py:50: PerformanceWarning: DataFrame is highly fragmented.  This is usually the result of calling `frame.insert` many times, which has poor performance.  Consider joining all columns at once using pd.concat(axis=1) instead. To get a de-fragmented frame, use `newframe = frame.copy()`
  dataframe[f"dc_hi_{n}"] = dataframe["high"].rolling(n).max().shift(1)
/freqtrade/user_data/strategies/TrendVolTarget.py:50: PerformanceWarning: DataFrame is highly fragmented.  This is usually the result of calling `frame.insert` many times, which has poor performance.  Consider joining all columns at once using pd.concat(axis=1) instead. To get a de-fragmented frame, use `newframe = frame.copy()`
  dataframe[f"dc_hi_{n}"] = dataframe["high"].rolling(n).max().shift(1)
/freqtrade/user_data/strategies/TrendVolTarget.py:50: PerformanceWarning: DataFrame is highly fragmented.  This is usually the result of calling `frame.insert` many times, which has poor performance.  Consider joining all columns at once using pd.concat(axis=1) instead. To get a de-fragmented frame, use `newframe = frame.copy()`
  dataframe[f"dc_hi_{n}"] = dataframe["high"].rolling(n).max().shift(1)
/freqtrade/user_data/strategies/TrendVolTarget.py:50: PerformanceWarning: DataFrame is highly fragmented.  This is usually the result of calling `frame.insert` many times, which has poor performance.  Consider joining all columns at once using pd.concat(axis=1) instead. To get a de-fragmented frame, use `newframe = frame.copy()`
  dataframe[f"dc_hi_{n}"] = dataframe["high"].rolling(n).max().shift(1)
/freqtrade/user_data/strategies/TrendVolTarget.py:50: PerformanceWarning: DataFrame is highly fragmented.  This is usually the result of calling `frame.insert` many times, which has poor performance.  Consider joining all columns at once using pd.concat(axis=1) instead. To get a de-fragmented frame, use `newframe = frame.copy()`
  dataframe[f"dc_hi_{n}"] = dataframe["high"].rolling(n).max().shift(1)
/freqtrade/user_data/strategies/TrendVolTarget.py:50: PerformanceWarning: DataFrame is highly fragmented.  This is usually the result of calling `frame.insert` many times, which has poor performance.  Consider joining all columns at once using pd.concat(axis=1) instead. To get a de-fragmented frame, use `newframe = frame.copy()`
  dataframe[f"dc_hi_{n}"] = dataframe["high"].rolling(n).max().shift(1)
/freqtrade/user_data/strategies/TrendVolTarget.py:50: PerformanceWarning: DataFrame is highly fragmented.  This is usually the result of calling `frame.insert` many times, which has poor performance.  Consider joining all columns at once using pd.concat(axis=1) instead. To get a de-fragmented frame, use `newframe = frame.copy()`
  dataframe[f"dc_hi_{n}"] = dataframe["high"].rolling(n).max().shift(1)
/freqtrade/user_data/strategies/TrendVolTarget.py:50: PerformanceWarning: DataFrame is highly fragmented.  This is usually the result of calling `frame.insert` many times, which has poor performance.  Consider joining all columns at once using pd.concat(axis=1) instead. To get a de-fragmented frame, use `newframe = frame.copy()`
  dataframe[f"dc_hi_{n}"] = dataframe["high"].rolling(n).max().shift(1)
/freqtrade/user_data/strategies/TrendVolTarget.py:50: PerformanceWarning: DataFrame is highly fragmented.  This is usually the result of calling `frame.insert` many times, which has poor performance.  Consider joining all columns at once using pd.concat(axis=1) instead. To get a de-fragmented frame, use `newframe = frame.copy()`
  dataframe[f"dc_hi_{n}"] = dataframe["high"].rolling(n).max().shift(1)
/freqtrade/user_data/strategies/TrendVolTarget.py:50: PerformanceWarning: DataFrame is highly fragmented.  This is usually the result of calling `frame.insert` many times, which has poor performance.  Consider joining all columns at once using pd.concat(axis=1) instead. To get a de-fragmented frame, use `newframe = frame.copy()`
  dataframe[f"dc_hi_{n}"] = dataframe["high"].rolling(n).max().shift(1)
/freqtrade/user_data/strategies/TrendVolTarget.py:50: PerformanceWarning: DataFrame is highly fragmented.  This is usually the result of calling `frame.insert` many times, which has poor performance.  Consider joining all columns at once using pd.concat(axis=1) instead. To get a de-fragmented frame, use `newframe = frame.copy()`
  dataframe[f"dc_hi_{n}"] = dataframe["high"].rolling(n).max().shift(1)
/freqtrade/user_data/strategies/TrendVolTarget.py:50: PerformanceWarning: DataFrame is highly fragmented.  This is usually the result of calling `frame.insert` many times, which has poor performance.  Consider joining all columns at once using pd.concat(axis=1) instead. To get a de-fragmented frame, use `newframe = frame.copy()`
  dataframe[f"dc_hi_{n}"] = dataframe["high"].rolling(n).max().shift(1)
/freqtrade/user_data/strategies/TrendVolTarget.py:50: PerformanceWarning: DataFrame is highly fragmented.  This is usually the result of calling `frame.insert` many times, which has poor performance.  Consider joining all columns at once using pd.concat(axis=1) instead. To get a de-fragmented frame, use `newframe = frame.copy()`
  dataframe[f"dc_hi_{n}"] = dataframe["high"].rolling(n).max().shift(1)
/freqtrade/user_data/strategies/TrendVolTarget.py:50: PerformanceWarning: DataFrame is highly fragmented.  This is usually the result of calling `frame.insert` many times, which has poor performance.  Consider joining all columns at once using pd.concat(axis=1) instead. To get a de-fragmented frame, use `newframe = frame.copy()`
  dataframe[f"dc_hi_{n}"] = dataframe["high"].rolling(n).max().shift(1)
/freqtrade/user_data/strategies/TrendVolTarget.py:50: PerformanceWarning: DataFrame is highly fragmented.  This is usually the result of calling `frame.insert` many times, which has poor performance.  Consider joining all columns at once using pd.concat(axis=1) instead. To get a de-fragmented frame, use `newframe = frame.copy()`
  dataframe[f"dc_hi_{n}"] = dataframe["high"].rolling(n).max().shift(1)
/freqtrade/user_data/strategies/TrendVolTarget.py:50: PerformanceWarning: DataFrame is highly fragmented.  This is usually the result of calling `frame.insert` many times, which has poor performance.  Consider joining all columns at once using pd.concat(axis=1) instead. To get a de-fragmented frame, use `newframe = frame.copy()`
  dataframe[f"dc_hi_{n}"] = dataframe["high"].rolling(n).max().shift(1)
/freqtrade/user_data/strategies/TrendVolTarget.py:50: PerformanceWarning: DataFrame is highly fragmented.  This is usually the result of calling `frame.insert` many times, which has poor performance.  Consider joining all columns at once using pd.concat(axis=1) instead. To get a de-fragmented frame, use `newframe = frame.copy()`
  dataframe[f"dc_hi_{n}"] = dataframe["high"].rolling(n).max().shift(1)
/freqtrade/user_data/strategies/TrendVolTarget.py:50: PerformanceWarning: DataFrame is highly fragmented.  This is usually the result of calling `frame.insert` many times, which has poor performance.  Consider joining all columns at once using pd.concat(axis=1) instead. To get a de-fragmented frame, use `newframe = frame.copy()`
  dataframe[f"dc_hi_{n}"] = dataframe["high"].rolling(n).max().shift(1)
/freqtrade/user_data/strategies/TrendVolTarget.py:50: PerformanceWarning: DataFrame is highly fragmented.  This is usually the result of calling `frame.insert` many times, which has poor performance.  Consider joining all columns at once using pd.concat(axis=1) instead. To get a de-fragmented frame, use `newframe = frame.copy()`
  dataframe[f"dc_hi_{n}"] = dataframe["high"].rolling(n).max().shift(1)
/freqtrade/user_data/strategies/TrendVolTarget.py:50: PerformanceWarning: DataFrame is highly fragmented.  This is usually the result of calling `frame.insert` many times, which has poor performance.  Consider joining all columns at once using pd.concat(axis=1) instead. To get a de-fragmented frame, use `newframe = frame.copy()`
  dataframe[f"dc_hi_{n}"] = dataframe["high"].rolling(n).max().shift(1)
/freqtrade/user_data/strategies/TrendVolTarget.py:50: PerformanceWarning: DataFrame is highly fragmented.  This is usually the result of calling `frame.insert` many times, which has poor performance.  Consider joining all columns at once using pd.concat(axis=1) instead. To get a de-fragmented frame, use `newframe = frame.copy()`
  dataframe[f"dc_hi_{n}"] = dataframe["high"].rolling(n).max().shift(1)
/freqtrade/user_data/strategies/TrendVolTarget.py:50: PerformanceWarning: DataFrame is highly fragmented.  This is usually the result of calling `frame.insert` many times, which has poor performance.  Consider joining all columns at once using pd.concat(axis=1) instead. To get a de-fragmented frame, use `newframe = frame.copy()`
  dataframe[f"dc_hi_{n}"] = dataframe["high"].rolling(n).max().shift(1)
/freqtrade/user_data/strategies/TrendVolTarget.py:50: PerformanceWarning: DataFrame is highly fragmented.  This is usually the result of calling `frame.insert` many times, which has poor performance.  Consider joining all columns at once using pd.concat(axis=1) instead. To get a de-fragmented frame, use `newframe = frame.copy()`
  dataframe[f"dc_hi_{n}"] = dataframe["high"].rolling(n).max().shift(1)
/freqtrade/user_data/strategies/TrendVolTarget.py:50: PerformanceWarning: DataFrame is highly fragmented.  This is usually the result of calling `frame.insert` many times, which has poor performance.  Consider joining all columns at once using pd.concat(axis=1) instead. To get a de-fragmented frame, use `newframe = frame.copy()`
  dataframe[f"dc_hi_{n}"] = dataframe["high"].rolling(n).max().shift(1)
/freqtrade/user_data/strategies/TrendVolTarget.py:50: PerformanceWarning: DataFrame is highly fragmented.  This is usually the result of calling `frame.insert` many times, which has poor performance.  Consider joining all columns at once using pd.concat(axis=1) instead. To get a de-fragmented frame, use `newframe = frame.copy()`
  dataframe[f"dc_hi_{n}"] = dataframe["high"].rolling(n).max().shift(1)
/freqtrade/user_data/strategies/TrendVolTarget.py:50: PerformanceWarning: DataFrame is highly fragmented.  This is usually the result of calling `frame.insert` many times, which has poor performance.  Consider joining all columns at once using pd.concat(axis=1) instead. To get a de-fragmented frame, use `newframe = frame.copy()`
  dataframe[f"dc_hi_{n}"] = dataframe["high"].rolling(n).max().shift(1)
/freqtrade/user_data/strategies/TrendVolTarget.py:50: PerformanceWarning: DataFrame is highly fragmented.  This is usually the result of calling `frame.insert` many times, which has poor performance.  Consider joining all columns at once using pd.concat(axis=1) instead. To get a de-fragmented frame, use `newframe = frame.copy()`
  dataframe[f"dc_hi_{n}"] = dataframe["high"].rolling(n).max().shift(1)
/freqtrade/user_data/strategies/TrendVolTarget.py:50: PerformanceWarning: DataFrame is highly fragmented.  This is usually the result of calling `frame.insert` many times, which has poor performance.  Consider joining all columns at once using pd.concat(axis=1) instead. To get a de-fragmented frame, use `newframe = frame.copy()`
  dataframe[f"dc_hi_{n}"] = dataframe["high"].rolling(n).max().shift(1)
/freqtrade/user_data/strategies/TrendVolTarget.py:50: PerformanceWarning: DataFrame is highly fragmented.  This is usually the result of calling `frame.insert` many times, which has poor performance.  Consider joining all columns at once using pd.concat(axis=1) instead. To get a de-fragmented frame, use `newframe = frame.copy()`
  dataframe[f"dc_hi_{n}"] = dataframe["high"].rolling(n).max().shift(1)
/freqtrade/user_data/strategies/TrendVolTarget.py:50: PerformanceWarning: DataFrame is highly fragmented.  This is usually the result of calling `frame.insert` many times, which has poor performance.  Consider joining all columns at once using pd.concat(axis=1) instead. To get a de-fragmented frame, use `newframe = frame.copy()`
  dataframe[f"dc_hi_{n}"] = dataframe["high"].rolling(n).max().shift(1)
/freqtrade/user_data/strategies/TrendVolTarget.py:50: PerformanceWarning: DataFrame is highly fragmented.  This is usually the result of calling `frame.insert` many times, which has poor performance.  Consider joining all columns at once using pd.concat(axis=1) instead. To get a de-fragmented frame, use `newframe = frame.copy()`
  dataframe[f"dc_hi_{n}"] = dataframe["high"].rolling(n).max().shift(1)
/freqtrade/user_data/strategies/TrendVolTarget.py:50: PerformanceWarning: DataFrame is highly fragmented.  This is usually the result of calling `frame.insert` many times, which has poor performance.  Consider joining all columns at once using pd.concat(axis=1) instead. To get a de-fragmented frame, use `newframe = frame.copy()`
  dataframe[f"dc_hi_{n}"] = dataframe["high"].rolling(n).max().shift(1)
/freqtrade/user_data/strategies/TrendVolTarget.py:50: PerformanceWarning: DataFrame is highly fragmented.  This is usually the result of calling `frame.insert` many times, which has poor performance.  Consider joining all columns at once using pd.concat(axis=1) instead. To get a de-fragmented frame, use `newframe = frame.copy()`
  dataframe[f"dc_hi_{n}"] = dataframe["high"].rolling(n).max().shift(1)
/freqtrade/user_data/strategies/TrendVolTarget.py:50: PerformanceWarning: DataFrame is highly fragmented.  This is usually the result of calling `frame.insert` many times, which has poor performance.  Consider joining all columns at once using pd.concat(axis=1) instead. To get a de-fragmented frame, use `newframe = frame.copy()`
  dataframe[f"dc_hi_{n}"] = dataframe["high"].rolling(n).max().shift(1)
/freqtrade/user_data/strategies/TrendVolTarget.py:50: PerformanceWarning: DataFrame is highly fragmented.  This is usually the result of calling `frame.insert` many times, which has poor performance.  Consider joining all columns at once using pd.concat(axis=1) instead. To get a de-fragmented frame, use `newframe = frame.copy()`
  dataframe[f"dc_hi_{n}"] = dataframe["high"].rolling(n).max().shift(1)
/freqtrade/user_data/strategies/TrendVolTarget.py:50: PerformanceWarning: DataFrame is highly fragmented.  This is usually the result of calling `frame.insert` many times, which has poor performance.  Consider joining all columns at once using pd.concat(axis=1) instead. To get a de-fragmented frame, use `newframe = frame.copy()`
  dataframe[f"dc_hi_{n}"] = dataframe["high"].rolling(n).max().shift(1)
/freqtrade/user_data/strategies/TrendVolTarget.py:50: PerformanceWarning: DataFrame is highly fragmented.  This is usually the result of calling `frame.insert` many times, which has poor performance.  Consider joining all columns at once using pd.concat(axis=1) instead. To get a de-fragmented frame, use `newframe = frame.copy()`
  dataframe[f"dc_hi_{n}"] = dataframe["high"].rolling(n).max().shift(1)
/freqtrade/user_data/strategies/TrendVolTarget.py:50: PerformanceWarning: DataFrame is highly fragmented.  This is usually the result of calling `frame.insert` many times, which has poor performance.  Consider joining all columns at once using pd.concat(axis=1) instead. To get a de-fragmented frame, use `newframe = frame.copy()`
  dataframe[f"dc_hi_{n}"] = dataframe["high"].rolling(n).max().shift(1)
/freqtrade/user_data/strategies/TrendVolTarget.py:50: PerformanceWarning: DataFrame is highly fragmented.  This is usually the result of calling `frame.insert` many times, which has poor performance.  Consider joining all columns at once using pd.concat(axis=1) instead. To get a de-fragmented frame, use `newframe = frame.copy()`
  dataframe[f"dc_hi_{n}"] = dataframe["high"].rolling(n).max().shift(1)
/freqtrade/user_data/strategies/TrendVolTarget.py:50: PerformanceWarning: DataFrame is highly fragmented.  This is usually the result of calling `frame.insert` many times, which has poor performance.  Consider joining all columns at once using pd.concat(axis=1) instead. To get a de-fragmented frame, use `newframe = frame.copy()`
  dataframe[f"dc_hi_{n}"] = dataframe["high"].rolling(n).max().shift(1)
/freqtrade/user_data/strategies/TrendVolTarget.py:50: PerformanceWarning: DataFrame is highly fragmented.  This is usually the result of calling `frame.insert` many times, which has poor performance.  Consider joining all columns at once using pd.concat(axis=1) instead. To get a de-fragmented frame, use `newframe = frame.copy()`
  dataframe[f"dc_hi_{n}"] = dataframe["high"].rolling(n).max().shift(1)
/freqtrade/user_data/strategies/TrendVolTarget.py:50: PerformanceWarning: DataFrame is highly fragmented.  This is usually the result of calling `frame.insert` many times, which has poor performance.  Consider joining all columns at once using pd.concat(axis=1) instead. To get a de-fragmented frame, use `newframe = frame.copy()`
  dataframe[f"dc_hi_{n}"] = dataframe["high"].rolling(n).max().shift(1)
/freqtrade/user_data/strategies/TrendVolTarget.py:50: PerformanceWarning: DataFrame is highly fragmented.  This is usually the result of calling `frame.insert` many times, which has poor performance.  Consider joining all columns at once using pd.concat(axis=1) instead. To get a de-fragmented frame, use `newframe = frame.copy()`
  dataframe[f"dc_hi_{n}"] = dataframe["high"].rolling(n).max().shift(1)
/freqtrade/user_data/strategies/TrendVolTarget.py:50: PerformanceWarning: DataFrame is highly fragmented.  This is usually the result of calling `frame.insert` many times, which has poor performance.  Consider joining all columns at once using pd.concat(axis=1) instead. To get a de-fragmented frame, use `newframe = frame.copy()`
  dataframe[f"dc_hi_{n}"] = dataframe["high"].rolling(n).max().shift(1)
/freqtrade/user_data/strategies/TrendVolTarget.py:50: PerformanceWarning: DataFrame is highly fragmented.  This is usually the result of calling `frame.insert` many times, which has poor performance.  Consider joining all columns at once using pd.concat(axis=1) instead. To get a de-fragmented frame, use `newframe = frame.copy()`
  dataframe[f"dc_hi_{n}"] = dataframe["high"].rolling(n).max().shift(1)
/freqtrade/user_data/strategies/TrendVolTarget.py:50: PerformanceWarning: DataFrame is highly fragmented.  This is usually the result of calling `frame.insert` many times, which has poor performance.  Consider joining all columns at once using pd.concat(axis=1) instead. To get a de-fragmented frame, use `newframe = frame.copy()`
  dataframe[f"dc_hi_{n}"] = dataframe["high"].rolling(n).max().shift(1)
/freqtrade/user_data/strategies/TrendVolTarget.py:50: PerformanceWarning: DataFrame is highly fragmented.  This is usually the result of calling `frame.insert` many times, which has poor performance.  Consider joining all columns at once using pd.concat(axis=1) instead. To get a de-fragmented frame, use `newframe = frame.copy()`
  dataframe[f"dc_hi_{n}"] = dataframe["high"].rolling(n).max().shift(1)
/freqtrade/user_data/strategies/TrendVolTarget.py:50: PerformanceWarning: DataFrame is highly fragmented.  This is usually the result of calling `frame.insert` many times, which has poor performance.  Consider joining all columns at once using pd.concat(axis=1) instead. To get a de-fragmented frame, use `newframe = frame.copy()`
  dataframe[f"dc_hi_{n}"] = dataframe["high"].rolling(n).max().shift(1)
/freqtrade/user_data/strategies/TrendVolTarget.py:50: PerformanceWarning: DataFrame is highly fragmented.  This is usually the result of calling `frame.insert` many times, which has poor performance.  Consider joining all columns at once using pd.concat(axis=1) instead. To get a de-fragmented frame, use `newframe = frame.copy()`
  dataframe[f"dc_hi_{n}"] = dataframe["high"].rolling(n).max().shift(1)
/freqtrade/user_data/strategies/TrendVolTarget.py:50: PerformanceWarning: DataFrame is highly fragmented.  This is usually the result of calling `frame.insert` many times, which has poor performance.  Consider joining all columns at once using pd.concat(axis=1) instead. To get a de-fragmented frame, use `newframe = frame.copy()`
  dataframe[f"dc_hi_{n}"] = dataframe["high"].rolling(n).max().shift(1)
/freqtrade/user_data/strategies/TrendVolTarget.py:53: PerformanceWarning: DataFrame is highly fragmented.  This is usually the result of calling `frame.insert` many times, which has poor performance.  Consider joining all columns at once using pd.concat(axis=1) instead. To get a de-fragmented frame, use `newframe = frame.copy()`
  dataframe["sma_f"] = ta.SMA(dataframe, timeperiod=60)
/freqtrade/user_data/strategies/TrendVolTarget.py:54: PerformanceWarning: DataFrame is highly fragmented.  This is usually the result of calling `frame.insert` many times, which has poor performance.  Consider joining all columns at once using pd.concat(axis=1) instead. To get a de-fragmented frame, use `newframe = frame.copy()`
  dataframe["sma_s"] = ta.SMA(dataframe, timeperiod=240)
/freqtrade/user_data/strategies/TrendVolTarget.py:56: PerformanceWarning: DataFrame is highly fragmented.  This is usually the result of calling `frame.insert` many times, which has poor performance.  Consider joining all columns at once using pd.concat(axis=1) instead. To get a de-fragmented frame, use `newframe = frame.copy()`
  dataframe["rvol"] = dataframe["close"].pct_change().rolling(90).std() * np.sqrt(6 * 365)
/freqtrade/user_data/strategies/TrendVolTarget.py:50: PerformanceWarning: DataFrame is highly fragmented.  This is usually the result of calling `frame.insert` many times, which has poor performance.  Consider joining all columns at once using pd.concat(axis=1) instead. To get a de-fragmented frame, use `newframe = frame.copy()`
  dataframe[f"dc_hi_{n}"] = dataframe["high"].rolling(n).max().shift(1)
/freqtrade/user_data/strategies/TrendVolTarget.py:50: PerformanceWarning: DataFrame is highly fragmented.  This is usually the result of calling `frame.insert` many times, which has poor performance.  Consider joining all columns at once using pd.concat(axis=1) instead. To get a de-fragmented frame, use `newframe = frame.copy()`
  dataframe[f"dc_hi_{n}"] = dataframe["high"].rolling(n).max().shift(1)
/freqtrade/user_data/strategies/TrendVolTarget.py:50: PerformanceWarning: DataFrame is highly fragmented.  This is usually the result of calling `frame.insert` many times, which has poor performance.  Consider joining all columns at once using pd.concat(axis=1) instead. To get a de-fragmented frame, use `newframe = frame.copy()`
  dataframe[f"dc_hi_{n}"] = dataframe["high"].rolling(n).max().shift(1)
/freqtrade/user_data/strategies/TrendVolTarget.py:50: PerformanceWarning: DataFrame is highly fragmented.  This is usually the result of calling `frame.insert` many times, which has poor performance.  Consider joining all columns at once using pd.concat(axis=1) instead. To get a de-fragmented frame, use `newframe = frame.copy()`
  dataframe[f"dc_hi_{n}"] = dataframe["high"].rolling(n).max().shift(1)
/freqtrade/user_data/strategies/TrendVolTarget.py:50: PerformanceWarning: DataFrame is highly fragmented.  This is usually the result of calling `frame.insert` many times, which has poor performance.  Consider joining all columns at once using pd.concat(axis=1) instead. To get a de-fragmented frame, use `newframe = frame.copy()`
  dataframe[f"dc_hi_{n}"] = dataframe["high"].rolling(n).max().shift(1)
/freqtrade/user_data/strategies/TrendVolTarget.py:50: PerformanceWarning: DataFrame is highly fragmented.  This is usually the result of calling `frame.insert` many times, which has poor performance.  Consider joining all columns at once using pd.concat(axis=1) instead. To get a de-fragmented frame, use `newframe = frame.copy()`
  dataframe[f"dc_hi_{n}"] = dataframe["high"].rolling(n).max().shift(1)
/freqtrade/user_data/strategies/TrendVolTarget.py:50: PerformanceWarning: DataFrame is highly fragmented.  This is usually the result of calling `frame.insert` many times, which has poor performance.  Consider joining all columns at once using pd.concat(axis=1) instead. To get a de-fragmented frame, use `newframe = frame.copy()`
  dataframe[f"dc_hi_{n}"] = dataframe["high"].rolling(n).max().shift(1)
/freqtrade/user_data/strategies/TrendVolTarget.py:50: PerformanceWarning: DataFrame is highly fragmented.  This is usually the result of calling `frame.insert` many times, which has poor performance.  Consider joining all columns at once using pd.concat(axis=1) instead. To get a de-fragmented frame, use `newframe = frame.copy()`
  dataframe[f"dc_hi_{n}"] = dataframe["high"].rolling(n).max().shift(1)
/freqtrade/user_data/strategies/TrendVolTarget.py:50: PerformanceWarning: DataFrame is highly fragmented.  This is usually the result of calling `frame.insert` many times, which has poor performance.  Consider joining all columns at once using pd.concat(axis=1) instead. To get a de-fragmented frame, use `newframe = frame.copy()`
  dataframe[f"dc_hi_{n}"] = dataframe["high"].rolling(n).max().shift(1)
/freqtrade/user_data/strategies/TrendVolTarget.py:50: PerformanceWarning: DataFrame is highly fragmented.  This is usually the result of calling `frame.insert` many times, which has poor performance.  Consider joining all columns at once using pd.concat(axis=1) instead. To get a de-fragmented frame, use `newframe = frame.copy()`
  dataframe[f"dc_hi_{n}"] = dataframe["high"].rolling(n).max().shift(1)
/freqtrade/user_data/strategies/TrendVolTarget.py:50: PerformanceWarning: DataFrame is highly fragmented.  This is usually the result of calling `frame.insert` many times, which has poor performance.  Consider joining all columns at once using pd.concat(axis=1) instead. To get a de-fragmented frame, use `newframe = frame.copy()`
  dataframe[f"dc_hi_{n}"] = dataframe["high"].rolling(n).max().shift(1)
/freqtrade/user_data/strategies/TrendVolTarget.py:50: PerformanceWarning: DataFrame is highly fragmented.  This is usually the result of calling `frame.insert` many times, which has poor performance.  Consider joining all columns at once using pd.concat(axis=1) instead. To get a de-fragmented frame, use `newframe = frame.copy()`
  dataframe[f"dc_hi_{n}"] = dataframe["high"].rolling(n).max().shift(1)
/freqtrade/user_data/strategies/TrendVolTarget.py:50: PerformanceWarning: DataFrame is highly fragmented.  This is usually the result of calling `frame.insert` many times, which has poor performance.  Consider joining all columns at once using pd.concat(axis=1) instead. To get a de-fragmented frame, use `newframe = frame.copy()`
  dataframe[f"dc_hi_{n}"] = dataframe["high"].rolling(n).max().shift(1)
/freqtrade/user_data/strategies/TrendVolTarget.py:50: PerformanceWarning: DataFrame is highly fragmented.  This is usually the result of calling `frame.insert` many times, which has poor performance.  Consider joining all columns at once using pd.concat(axis=1) instead. To get a de-fragmented frame, use `newframe = frame.copy()`
  dataframe[f"dc_hi_{n}"] = dataframe["high"].rolling(n).max().shift(1)
/freqtrade/user_data/strategies/TrendVolTarget.py:50: PerformanceWarning: DataFrame is highly fragmented.  This is usually the result of calling `frame.insert` many times, which has poor performance.  Consider joining all columns at once using pd.concat(axis=1) instead. To get a de-fragmented frame, use `newframe = frame.copy()`
  dataframe[f"dc_hi_{n}"] = dataframe["high"].rolling(n).max().shift(1)
/freqtrade/user_data/strategies/TrendVolTarget.py:50: PerformanceWarning: DataFrame is highly fragmented.  This is usually the result of calling `frame.insert` many times, which has poor performance.  Consider joining all columns at once using pd.concat(axis=1) instead. To get a de-fragmented frame, use `newframe = frame.copy()`
  dataframe[f"dc_hi_{n}"] = dataframe["high"].rolling(n).max().shift(1)
/freqtrade/user_data/strategies/TrendVolTarget.py:50: PerformanceWarning: DataFrame is highly fragmented.  This is usually the result of calling `frame.insert` many times, which has poor performance.  Consider joining all columns at once using pd.concat(axis=1) instead. To get a de-fragmented frame, use `newframe = frame.copy()`
  dataframe[f"dc_hi_{n}"] = dataframe["high"].rolling(n).max().shift(1)
/freqtrade/user_data/strategies/TrendVolTarget.py:50: PerformanceWarning: DataFrame is highly fragmented.  This is usually the result of calling `frame.insert` many times, which has poor performance.  Consider joining all columns at once using pd.concat(axis=1) instead. To get a de-fragmented frame, use `newframe = frame.copy()`
  dataframe[f"dc_hi_{n}"] = dataframe["high"].rolling(n).max().shift(1)
/freqtrade/user_data/strategies/TrendVolTarget.py:50: PerformanceWarning: DataFrame is highly fragmented.  This is usually the result of calling `frame.insert` many times, which has poor performance.  Consider joining all columns at once using pd.concat(axis=1) instead. To get a de-fragmented frame, use `newframe = frame.copy()`
  dataframe[f"dc_hi_{n}"] = dataframe["high"].rolling(n).max().shift(1)
/freqtrade/user_data/strategies/TrendVolTarget.py:50: PerformanceWarning: DataFrame is highly fragmented.  This is usually the result of calling `frame.insert` many times, which has poor performance.  Consider joining all columns at once using pd.concat(axis=1) instead. To get a de-fragmented frame, use `newframe = frame.copy()`
  dataframe[f"dc_hi_{n}"] = dataframe["high"].rolling(n).max().shift(1)
/freqtrade/user_data/strategies/TrendVolTarget.py:50: PerformanceWarning: DataFrame is highly fragmented.  This is usually the result of calling `frame.insert` many times, which has poor performance.  Consider joining all columns at once using pd.concat(axis=1) instead. To get a de-fragmented frame, use `newframe = frame.copy()`
  dataframe[f"dc_hi_{n}"] = dataframe["high"].rolling(n).max().shift(1)
/freqtrade/user_data/strategies/TrendVolTarget.py:50: PerformanceWarning: DataFrame is highly fragmented.  This is usually the result of calling `frame.insert` many times, which has poor performance.  Consider joining all columns at once using pd.concat(axis=1) instead. To get a de-fragmented frame, use `newframe = frame.copy()`
  dataframe[f"dc_hi_{n}"] = dataframe["high"].rolling(n).max().shift(1)
/freqtrade/user_data/strategies/TrendVolTarget.py:50: PerformanceWarning: DataFrame is highly fragmented.  This is usually the result of calling `frame.insert` many times, which has poor performance.  Consider joining all columns at once using pd.concat(axis=1) instead. To get a de-fragmented frame, use `newframe = frame.copy()`
  dataframe[f"dc_hi_{n}"] = dataframe["high"].rolling(n).max().shift(1)
/freqtrade/user_data/strategies/TrendVolTarget.py:50: PerformanceWarning: DataFrame is highly fragmented.  This is usually the result of calling `frame.insert` many times, which has poor performance.  Consider joining all columns at once using pd.concat(axis=1) instead. To get a de-fragmented frame, use `newframe = frame.copy()`
  dataframe[f"dc_hi_{n}"] = dataframe["high"].rolling(n).max().shift(1)
/freqtrade/user_data/strategies/TrendVolTarget.py:50: PerformanceWarning: DataFrame is highly fragmented.  This is usually the result of calling `frame.insert` many times, which has poor performance.  Consider joining all columns at once using pd.concat(axis=1) instead. To get a de-fragmented frame, use `newframe = frame.copy()`
  dataframe[f"dc_hi_{n}"] = dataframe["high"].rolling(n).max().shift(1)
/freqtrade/user_data/strategies/TrendVolTarget.py:50: PerformanceWarning: DataFrame is highly fragmented.  This is usually the result of calling `frame.insert` many times, which has poor performance.  Consider joining all columns at once using pd.concat(axis=1) instead. To get a de-fragmented frame, use `newframe = frame.copy()`
  dataframe[f"dc_hi_{n}"] = dataframe["high"].rolling(n).max().shift(1)
/freqtrade/user_data/strategies/TrendVolTarget.py:50: PerformanceWarning: DataFrame is highly fragmented.  This is usually the result of calling `frame.insert` many times, which has poor performance.  Consider joining all columns at once using pd.concat(axis=1) instead. To get a de-fragmented frame, use `newframe = frame.copy()`
  dataframe[f"dc_hi_{n}"] = dataframe["high"].rolling(n).max().shift(1)
/freqtrade/user_data/strategies/TrendVolTarget.py:50: PerformanceWarning: DataFrame is highly fragmented.  This is usually the result of calling `frame.insert` many times, which has poor performance.  Consider joining all columns at once using pd.concat(axis=1) instead. To get a de-fragmented frame, use `newframe = frame.copy()`
  dataframe[f"dc_hi_{n}"] = dataframe["high"].rolling(n).max().shift(1)
/freqtrade/user_data/strategies/TrendVolTarget.py:50: PerformanceWarning: DataFrame is highly fragmented.  This is usually the result of calling `frame.insert` many times, which has poor performance.  Consider joining all columns at once using pd.concat(axis=1) instead. To get a de-fragmented frame, use `newframe = frame.copy()`
  dataframe[f"dc_hi_{n}"] = dataframe["high"].rolling(n).max().shift(1)
/freqtrade/user_data/strategies/TrendVolTarget.py:50: PerformanceWarning: DataFrame is highly fragmented.  This is usually the result of calling `frame.insert` many times, which has poor performance.  Consider joining all columns at once using pd.concat(axis=1) instead. To get a de-fragmented frame, use `newframe = frame.copy()`
  dataframe[f"dc_hi_{n}"] = dataframe["high"].rolling(n).max().shift(1)
/freqtrade/user_data/strategies/TrendVolTarget.py:50: PerformanceWarning: DataFrame is highly fragmented.  This is usually the result of calling `frame.insert` many times, which has poor performance.  Consider joining all columns at once using pd.concat(axis=1) instead. To get a de-fragmented frame, use `newframe = frame.copy()`
  dataframe[f"dc_hi_{n}"] = dataframe["high"].rolling(n).max().shift(1)
/freqtrade/user_data/strategies/TrendVolTarget.py:50: PerformanceWarning: DataFrame is highly fragmented.  This is usually the result of calling `frame.insert` many times, which has poor performance.  Consider joining all columns at once using pd.concat(axis=1) instead. To get a de-fragmented frame, use `newframe = frame.copy()`
  dataframe[f"dc_hi_{n}"] = dataframe["high"].rolling(n).max().shift(1)
/freqtrade/user_data/strategies/TrendVolTarget.py:50: PerformanceWarning: DataFrame is highly fragmented.  This is usually the result of calling `frame.insert` many times, which has poor performance.  Consider joining all columns at once using pd.concat(axis=1) instead. To get a de-fragmented frame, use `newframe = frame.copy()`
  dataframe[f"dc_hi_{n}"] = dataframe["high"].rolling(n).max().shift(1)
/freqtrade/user_data/strategies/TrendVolTarget.py:50: PerformanceWarning: DataFrame is highly fragmented.  This is usually the result of calling `frame.insert` many times, which has poor performance.  Consider joining all columns at once using pd.concat(axis=1) instead. To get a de-fragmented frame, use `newframe = frame.copy()`
  dataframe[f"dc_hi_{n}"] = dataframe["high"].rolling(n).max().shift(1)
/freqtrade/user_data/strategies/TrendVolTarget.py:50: PerformanceWarning: DataFrame is highly fragmented.  This is usually the result of calling `frame.insert` many times, which has poor performance.  Consider joining all columns at once using pd.concat(axis=1) instead. To get a de-fragmented frame, use `newframe = frame.copy()`
  dataframe[f"dc_hi_{n}"] = dataframe["high"].rolling(n).max().shift(1)
/freqtrade/user_data/strategies/TrendVolTarget.py:50: PerformanceWarning: DataFrame is highly fragmented.  This is usually the result of calling `frame.insert` many times, which has poor performance.  Consider joining all columns at once using pd.concat(axis=1) instead. To get a de-fragmented frame, use `newframe = frame.copy()`
  dataframe[f"dc_hi_{n}"] = dataframe["high"].rolling(n).max().shift(1)
/freqtrade/user_data/strategies/TrendVolTarget.py:50: PerformanceWarning: DataFrame is highly fragmented.  This is usually the result of calling `frame.insert` many times, which has poor performance.  Consider joining all columns at once using pd.concat(axis=1) instead. To get a de-fragmented frame, use `newframe = frame.copy()`
  dataframe[f"dc_hi_{n}"] = dataframe["high"].rolling(n).max().shift(1)
/freqtrade/user_data/strategies/TrendVolTarget.py:50: PerformanceWarning: DataFrame is highly fragmented.  This is usually the result of calling `frame.insert` many times, which has poor performance.  Consider joining all columns at once using pd.concat(axis=1) instead. To get a de-fragmented frame, use `newframe = frame.copy()`
  dataframe[f"dc_hi_{n}"] = dataframe["high"].rolling(n).max().shift(1)
/freqtrade/user_data/strategies/TrendVolTarget.py:50: PerformanceWarning: DataFrame is highly fragmented.  This is usually the result of calling `frame.insert` many times, which has poor performance.  Consider joining all columns at once using pd.concat(axis=1) instead. To get a de-fragmented frame, use `newframe = frame.copy()`
  dataframe[f"dc_hi_{n}"] = dataframe["high"].rolling(n).max().shift(1)
/freqtrade/user_data/strategies/TrendVolTarget.py:50: PerformanceWarning: DataFrame is highly fragmented.  This is usually the result of calling `frame.insert` many times, which has poor performance.  Consider joining all columns at once using pd.concat(axis=1) instead. To get a de-fragmented frame, use `newframe = frame.copy()`
  dataframe[f"dc_hi_{n}"] = dataframe["high"].rolling(n).max().shift(1)
/freqtrade/user_data/strategies/TrendVolTarget.py:50: PerformanceWarning: DataFrame is highly fragmented.  This is usually the result of calling `frame.insert` many times, which has poor performance.  Consider joining all columns at once using pd.concat(axis=1) instead. To get a de-fragmented frame, use `newframe = frame.copy()`
  dataframe[f"dc_hi_{n}"] = dataframe["high"].rolling(n).max().shift(1)
/freqtrade/user_data/strategies/TrendVolTarget.py:50: PerformanceWarning: DataFrame is highly fragmented.  This is usually the result of calling `frame.insert` many times, which has poor performance.  Consider joining all columns at once using pd.concat(axis=1) instead. To get a de-fragmented frame, use `newframe = frame.copy()`
  dataframe[f"dc_hi_{n}"] = dataframe["high"].rolling(n).max().shift(1)
/freqtrade/user_data/strategies/TrendVolTarget.py:50: PerformanceWarning: DataFrame is highly fragmented.  This is usually the result of calling `frame.insert` many times, which has poor performance.  Consider joining all columns at once using pd.concat(axis=1) instead. To get a de-fragmented frame, use `newframe = frame.copy()`
  dataframe[f"dc_hi_{n}"] = dataframe["high"].rolling(n).max().shift(1)
/freqtrade/user_data/strategies/TrendVolTarget.py:50: PerformanceWarning: DataFrame is highly fragmented.  This is usually the result of calling `frame.insert` many times, which has poor performance.  Consider joining all columns at once using pd.concat(axis=1) instead. To get a de-fragmented frame, use `newframe = frame.copy()`
  dataframe[f"dc_hi_{n}"] = dataframe["high"].rolling(n).max().shift(1)
/freqtrade/user_data/strategies/TrendVolTarget.py:50: PerformanceWarning: DataFrame is highly fragmented.  This is usually the result of calling `frame.insert` many times, which has poor performance.  Consider joining all columns at once using pd.concat(axis=1) instead. To get a de-fragmented frame, use `newframe = frame.copy()`
  dataframe[f"dc_hi_{n}"] = dataframe["high"].rolling(n).max().shift(1)
/freqtrade/user_data/strategies/TrendVolTarget.py:50: PerformanceWarning: DataFrame is highly fragmented.  This is usually the result of calling `frame.insert` many times, which has poor performance.  Consider joining all columns at once using pd.concat(axis=1) instead. To get a de-fragmented frame, use `newframe = frame.copy()`
  dataframe[f"dc_hi_{n}"] = dataframe["high"].rolling(n).max().shift(1)
/freqtrade/user_data/strategies/TrendVolTarget.py:50: PerformanceWarning: DataFrame is highly fragmented.  This is usually the result of calling `frame.insert` many times, which has poor performance.  Consider joining all columns at once using pd.concat(axis=1) instead. To get a de-fragmented frame, use `newframe = frame.copy()`
  dataframe[f"dc_hi_{n}"] = dataframe["high"].rolling(n).max().shift(1)
/freqtrade/user_data/strategies/TrendVolTarget.py:50: PerformanceWarning: DataFrame is highly fragmented.  This is usually the result of calling `frame.insert` many times, which has poor performance.  Consider joining all columns at once using pd.concat(axis=1) instead. To get a de-fragmented frame, use `newframe = frame.copy()`
  dataframe[f"dc_hi_{n}"] = dataframe["high"].rolling(n).max().shift(1)
/freqtrade/user_data/strategies/TrendVolTarget.py:50: PerformanceWarning: DataFrame is highly fragmented.  This is usually the result of calling `frame.insert` many times, which has poor performance.  Consider joining all columns at once using pd.concat(axis=1) instead. To get a de-fragmented frame, use `newframe = frame.copy()`
  dataframe[f"dc_hi_{n}"] = dataframe["high"].rolling(n).max().shift(1)
/freqtrade/user_data/strategies/TrendVolTarget.py:50: PerformanceWarning: DataFrame is highly fragmented.  This is usually the result of calling `frame.insert` many times, which has poor performance.  Consider joining all columns at once using pd.concat(axis=1) instead. To get a de-fragmented frame, use `newframe = frame.copy()`
  dataframe[f"dc_hi_{n}"] = dataframe["high"].rolling(n).max().shift(1)
/freqtrade/user_data/strategies/TrendVolTarget.py:50: PerformanceWarning: DataFrame is highly fragmented.  This is usually the result of calling `frame.insert` many times, which has poor performance.  Consider joining all columns at once using pd.concat(axis=1) instead. To get a de-fragmented frame, use `newframe = frame.copy()`
  dataframe[f"dc_hi_{n}"] = dataframe["high"].rolling(n).max().shift(1)
/freqtrade/user_data/strategies/TrendVolTarget.py:50: PerformanceWarning: DataFrame is highly fragmented.  This is usually the result of calling `frame.insert` many times, which has poor performance.  Consider joining all columns at once using pd.concat(axis=1) instead. To get a de-fragmented frame, use `newframe = frame.copy()`
  dataframe[f"dc_hi_{n}"] = dataframe["high"].rolling(n).max().shift(1)
/freqtrade/user_data/strategies/TrendVolTarget.py:50: PerformanceWarning: DataFrame is highly fragmented.  This is usually the result of calling `frame.insert` many times, which has poor performance.  Consider joining all columns at once using pd.concat(axis=1) instead. To get a de-fragmented frame, use `newframe = frame.copy()`
  dataframe[f"dc_hi_{n}"] = dataframe["high"].rolling(n).max().shift(1)
/freqtrade/user_data/strategies/TrendVolTarget.py:50: PerformanceWarning: DataFrame is highly fragmented.  This is usually the result of calling `frame.insert` many times, which has poor performance.  Consider joining all columns at once using pd.concat(axis=1) instead. To get a de-fragmented frame, use `newframe = frame.copy()`
  dataframe[f"dc_hi_{n}"] = dataframe["high"].rolling(n).max().shift(1)
/freqtrade/user_data/strategies/TrendVolTarget.py:50: PerformanceWarning: DataFrame is highly fragmented.  This is usually the result of calling `frame.insert` many times, which has poor performance.  Consider joining all columns at once using pd.concat(axis=1) instead. To get a de-fragmented frame, use `newframe = frame.copy()`
  dataframe[f"dc_hi_{n}"] = dataframe["high"].rolling(n).max().shift(1)
/freqtrade/user_data/strategies/TrendVolTarget.py:50: PerformanceWarning: DataFrame is highly fragmented.  This is usually the result of calling `frame.insert` many times, which has poor performance.  Consider joining all columns at once using pd.concat(axis=1) instead. To get a de-fragmented frame, use `newframe = frame.copy()`
  dataframe[f"dc_hi_{n}"] = dataframe["high"].rolling(n).max().shift(1)
/freqtrade/user_data/strategies/TrendVolTarget.py:50: PerformanceWarning: DataFrame is highly fragmented.  This is usually the result of calling `frame.insert` many times, which has poor performance.  Consider joining all columns at once using pd.concat(axis=1) instead. To get a de-fragmented frame, use `newframe = frame.copy()`
  dataframe[f"dc_hi_{n}"] = dataframe["high"].rolling(n).max().shift(1)
/freqtrade/user_data/strategies/TrendVolTarget.py:50: PerformanceWarning: DataFrame is highly fragmented.  This is usually the result of calling `frame.insert` many times, which has poor performance.  Consider joining all columns at once using pd.concat(axis=1) instead. To get a de-fragmented frame, use `newframe = frame.copy()`
  dataframe[f"dc_hi_{n}"] = dataframe["high"].rolling(n).max().shift(1)
/freqtrade/user_data/strategies/TrendVolTarget.py:50: PerformanceWarning: DataFrame is highly fragmented.  This is usually the result of calling `frame.insert` many times, which has poor performance.  Consider joining all columns at once using pd.concat(axis=1) instead. To get a de-fragmented frame, use `newframe = frame.copy()`
  dataframe[f"dc_hi_{n}"] = dataframe["high"].rolling(n).max().shift(1)
/freqtrade/user_data/strategies/TrendVolTarget.py:50: PerformanceWarning: DataFrame is highly fragmented.  This is usually the result of calling `frame.insert` many times, which has poor performance.  Consider joining all columns at once using pd.concat(axis=1) instead. To get a de-fragmented frame, use `newframe = frame.copy()`
  dataframe[f"dc_hi_{n}"] = dataframe["high"].rolling(n).max().shift(1)
/freqtrade/user_data/strategies/TrendVolTarget.py:50: PerformanceWarning: DataFrame is highly fragmented.  This is usually the result of calling `frame.insert` many times, which has poor performance.  Consider joining all columns at once using pd.concat(axis=1) instead. To get a de-fragmented frame, use `newframe = frame.copy()`
  dataframe[f"dc_hi_{n}"] = dataframe["high"].rolling(n).max().shift(1)
/freqtrade/user_data/strategies/TrendVolTarget.py:50: PerformanceWarning: DataFrame is highly fragmented.  This is usually the result of calling `frame.insert` many times, which has poor performance.  Consider joining all columns at once using pd.concat(axis=1) instead. To get a de-fragmented frame, use `newframe = frame.copy()`
  dataframe[f"dc_hi_{n}"] = dataframe["high"].rolling(n).max().shift(1)
/freqtrade/user_data/strategies/TrendVolTarget.py:50: PerformanceWarning: DataFrame is highly fragmented.  This is usually the result of calling `frame.insert` many times, which has poor performance.  Consider joining all columns at once using pd.concat(axis=1) instead. To get a de-fragmented frame, use `newframe = frame.copy()`
  dataframe[f"dc_hi_{n}"] = dataframe["high"].rolling(n).max().shift(1)
/freqtrade/user_data/strategies/TrendVolTarget.py:50: PerformanceWarning: DataFrame is highly fragmented.  This is usually the result of calling `frame.insert` many times, which has poor performance.  Consider joining all columns at once using pd.concat(axis=1) instead. To get a de-fragmented frame, use `newframe = frame.copy()`
  dataframe[f"dc_hi_{n}"] = dataframe["high"].rolling(n).max().shift(1)
/freqtrade/user_data/strategies/TrendVolTarget.py:50: PerformanceWarning: DataFrame is highly fragmented.  This is usually the result of calling `frame.insert` many times, which has poor performance.  Consider joining all columns at once using pd.concat(axis=1) instead. To get a de-fragmented frame, use `newframe = frame.copy()`
  dataframe[f"dc_hi_{n}"] = dataframe["high"].rolling(n).max().shift(1)
/freqtrade/user_data/strategies/TrendVolTarget.py:50: PerformanceWarning: DataFrame is highly fragmented.  This is usually the result of calling `frame.insert` many times, which has poor performance.  Consider joining all columns at once using pd.concat(axis=1) instead. To get a de-fragmented frame, use `newframe = frame.copy()`
  dataframe[f"dc_hi_{n}"] = dataframe["high"].rolling(n).max().shift(1)
/freqtrade/user_data/strategies/TrendVolTarget.py:50: PerformanceWarning: DataFrame is highly fragmented.  This is usually the result of calling `frame.insert` many times, which has poor performance.  Consider joining all columns at once using pd.concat(axis=1) instead. To get a de-fragmented frame, use `newframe = frame.copy()`
  dataframe[f"dc_hi_{n}"] = dataframe["high"].rolling(n).max().shift(1)
/freqtrade/user_data/strategies/TrendVolTarget.py:50: PerformanceWarning: DataFrame is highly fragmented.  This is usually the result of calling `frame.insert` many times, which has poor performance.  Consider joining all columns at once using pd.concat(axis=1) instead. To get a de-fragmented frame, use `newframe = frame.copy()`
  dataframe[f"dc_hi_{n}"] = dataframe["high"].rolling(n).max().shift(1)
/freqtrade/user_data/strategies/TrendVolTarget.py:50: PerformanceWarning: DataFrame is highly fragmented.  This is usually the result of calling `frame.insert` many times, which has poor performance.  Consider joining all columns at once using pd.concat(axis=1) instead. To get a de-fragmented frame, use `newframe = frame.copy()`
  dataframe[f"dc_hi_{n}"] = dataframe["high"].rolling(n).max().shift(1)
/freqtrade/user_data/strategies/TrendVolTarget.py:50: PerformanceWarning: DataFrame is highly fragmented.  This is usually the result of calling `frame.insert` many times, which has poor performance.  Consider joining all columns at once using pd.concat(axis=1) instead. To get a de-fragmented frame, use `newframe = frame.copy()`
  dataframe[f"dc_hi_{n}"] = dataframe["high"].rolling(n).max().shift(1)
/freqtrade/user_data/strategies/TrendVolTarget.py:50: PerformanceWarning: DataFrame is highly fragmented.  This is usually the result of calling `frame.insert` many times, which has poor performance.  Consider joining all columns at once using pd.concat(axis=1) instead. To get a de-fragmented frame, use `newframe = frame.copy()`
  dataframe[f"dc_hi_{n}"] = dataframe["high"].rolling(n).max().shift(1)
/freqtrade/user_data/strategies/TrendVolTarget.py:50: PerformanceWarning: DataFrame is highly fragmented.  This is usually the result of calling `frame.insert` many times, which has poor performance.  Consider joining all columns at once using pd.concat(axis=1) instead. To get a de-fragmented frame, use `newframe = frame.copy()`
  dataframe[f"dc_hi_{n}"] = dataframe["high"].rolling(n).max().shift(1)
/freqtrade/user_data/strategies/TrendVolTarget.py:50: PerformanceWarning: DataFrame is highly fragmented.  This is usually the result of calling `frame.insert` many times, which has poor performance.  Consider joining all columns at once using pd.concat(axis=1) instead. To get a de-fragmented frame, use `newframe = frame.copy()`
  dataframe[f"dc_hi_{n}"] = dataframe["high"].rolling(n).max().shift(1)
/freqtrade/user_data/strategies/TrendVolTarget.py:50: PerformanceWarning: DataFrame is highly fragmented.  This is usually the result of calling `frame.insert` many times, which has poor performance.  Consider joining all columns at once using pd.concat(axis=1) instead. To get a de-fragmented frame, use `newframe = frame.copy()`
  dataframe[f"dc_hi_{n}"] = dataframe["high"].rolling(n).max().shift(1)
/freqtrade/user_data/strategies/TrendVolTarget.py:50: PerformanceWarning: DataFrame is highly fragmented.  This is usually the result of calling `frame.insert` many times, which has poor performance.  Consider joining all columns at once using pd.concat(axis=1) instead. To get a de-fragmented frame, use `newframe = frame.copy()`
  dataframe[f"dc_hi_{n}"] = dataframe["high"].rolling(n).max().shift(1)
/freqtrade/user_data/strategies/TrendVolTarget.py:50: PerformanceWarning: DataFrame is highly fragmented.  This is usually the result of calling `frame.insert` many times, which has poor performance.  Consider joining all columns at once using pd.concat(axis=1) instead. To get a de-fragmented frame, use `newframe = frame.copy()`
  dataframe[f"dc_hi_{n}"] = dataframe["high"].rolling(n).max().shift(1)
/freqtrade/user_data/strategies/TrendVolTarget.py:50: PerformanceWarning: DataFrame is highly fragmented.  This is usually the result of calling `frame.insert` many times, which has poor performance.  Consider joining all columns at once using pd.concat(axis=1) instead. To get a de-fragmented frame, use `newframe = frame.copy()`
  dataframe[f"dc_hi_{n}"] = dataframe["high"].rolling(n).max().shift(1)
/freqtrade/user_data/strategies/TrendVolTarget.py:50: PerformanceWarning: DataFrame is highly fragmented.  This is usually the result of calling `frame.insert` many times, which has poor performance.  Consider joining all columns at once using pd.concat(axis=1) instead. To get a de-fragmented frame, use `newframe = frame.copy()`
  dataframe[f"dc_hi_{n}"] = dataframe["high"].rolling(n).max().shift(1)
/freqtrade/user_data/strategies/TrendVolTarget.py:50: PerformanceWarning: DataFrame is highly fragmented.  This is usually the result of calling `frame.insert` many times, which has poor performance.  Consider joining all columns at once using pd.concat(axis=1) instead. To get a de-fragmented frame, use `newframe = frame.copy()`
  dataframe[f"dc_hi_{n}"] = dataframe["high"].rolling(n).max().shift(1)
/freqtrade/user_data/strategies/TrendVolTarget.py:50: PerformanceWarning: DataFrame is highly fragmented.  This is usually the result of calling `frame.insert` many times, which has poor performance.  Consider joining all columns at once using pd.concat(axis=1) instead. To get a de-fragmented frame, use `newframe = frame.copy()`
  dataframe[f"dc_hi_{n}"] = dataframe["high"].rolling(n).max().shift(1)
/freqtrade/user_data/strategies/TrendVolTarget.py:50: PerformanceWarning: DataFrame is highly fragmented.  This is usually the result of calling `frame.insert` many times, which has poor performance.  Consider joining all columns at once using pd.concat(axis=1) instead. To get a de-fragmented frame, use `newframe = frame.copy()`
  dataframe[f"dc_hi_{n}"] = dataframe["high"].rolling(n).max().shift(1)
/freqtrade/user_data/strategies/TrendVolTarget.py:50: PerformanceWarning: DataFrame is highly fragmented.  This is usually the result of calling `frame.insert` many times, which has poor performance.  Consider joining all columns at once using pd.concat(axis=1) instead. To get a de-fragmented frame, use `newframe = frame.copy()`
  dataframe[f"dc_hi_{n}"] = dataframe["high"].rolling(n).max().shift(1)
/freqtrade/user_data/strategies/TrendVolTarget.py:50: PerformanceWarning: DataFrame is highly fragmented.  This is usually the result of calling `frame.insert` many times, which has poor performance.  Consider joining all columns at once using pd.concat(axis=1) instead. To get a de-fragmented frame, use `newframe = frame.copy()`
  dataframe[f"dc_hi_{n}"] = dataframe["high"].rolling(n).max().shift(1)
/freqtrade/user_data/strategies/TrendVolTarget.py:50: PerformanceWarning: DataFrame is highly fragmented.  This is usually the result of calling `frame.insert` many times, which has poor performance.  Consider joining all columns at once using pd.concat(axis=1) instead. To get a de-fragmented frame, use `newframe = frame.copy()`
  dataframe[f"dc_hi_{n}"] = dataframe["high"].rolling(n).max().shift(1)
/freqtrade/user_data/strategies/TrendVolTarget.py:50: PerformanceWarning: DataFrame is highly fragmented.  This is usually the result of calling `frame.insert` many times, which has poor performance.  Consider joining all columns at once using pd.concat(axis=1) instead. To get a de-fragmented frame, use `newframe = frame.copy()`
  dataframe[f"dc_hi_{n}"] = dataframe["high"].rolling(n).max().shift(1)
/freqtrade/user_data/strategies/TrendVolTarget.py:53: PerformanceWarning: DataFrame is highly fragmented.  This is usually the result of calling `frame.insert` many times, which has poor performance.  Consider joining all columns at once using pd.concat(axis=1) instead. To get a de-fragmented frame, use `newframe = frame.copy()`
  dataframe["sma_f"] = ta.SMA(dataframe, timeperiod=60)
/freqtrade/user_data/strategies/TrendVolTarget.py:54: PerformanceWarning: DataFrame is highly fragmented.  This is usually the result of calling `frame.insert` many times, which has poor performance.  Consider joining all columns at once using pd.concat(axis=1) instead. To get a de-fragmented frame, use `newframe = frame.copy()`
  dataframe["sma_s"] = ta.SMA(dataframe, timeperiod=240)
/freqtrade/user_data/strategies/TrendVolTarget.py:56: PerformanceWarning: DataFrame is highly fragmented.  This is usually the result of calling `frame.insert` many times, which has poor performance.  Consider joining all columns at once using pd.concat(axis=1) instead. To get a de-fragmented frame, use `newframe = frame.copy()`
  dataframe["rvol"] = dataframe["close"].pct_change().rolling(90).std() * np.sqrt(6 * 365)
/freqtrade/user_data/strategies/TrendVolTarget.py:50: PerformanceWarning: DataFrame is highly fragmented.  This is usually the result of calling `frame.insert` many times, which has poor performance.  Consider joining all columns at once using pd.concat(axis=1) instead. To get a de-fragmented frame, use `newframe = frame.copy()`
  dataframe[f"dc_hi_{n}"] = dataframe["high"].rolling(n).max().shift(1)
/freqtrade/user_data/strategies/TrendVolTarget.py:50: PerformanceWarning: DataFrame is highly fragmented.  This is usually the result of calling `frame.insert` many times, which has poor performance.  Consider joining all columns at once using pd.concat(axis=1) instead. To get a de-fragmented frame, use `newframe = frame.copy()`
  dataframe[f"dc_hi_{n}"] = dataframe["high"].rolling(n).max().shift(1)
/freqtrade/user_data/strategies/TrendVolTarget.py:50: PerformanceWarning: DataFrame is highly fragmented.  This is usually the result of calling `frame.insert` many times, which has poor performance.  Consider joining all columns at once using pd.concat(axis=1) instead. To get a de-fragmented frame, use `newframe = frame.copy()`
  dataframe[f"dc_hi_{n}"] = dataframe["high"].rolling(n).max().shift(1)
/freqtrade/user_data/strategies/TrendVolTarget.py:50: PerformanceWarning: DataFrame is highly fragmented.  This is usually the result of calling `frame.insert` many times, which has poor performance.  Consider joining all columns at once using pd.concat(axis=1) instead. To get a de-fragmented frame, use `newframe = frame.copy()`
  dataframe[f"dc_hi_{n}"] = dataframe["high"].rolling(n).max().shift(1)
/freqtrade/user_data/strategies/TrendVolTarget.py:50: PerformanceWarning: DataFrame is highly fragmented.  This is usually the result of calling `frame.insert` many times, which has poor performance.  Consider joining all columns at once using pd.concat(axis=1) instead. To get a de-fragmented frame, use `newframe = frame.copy()`
  dataframe[f"dc_hi_{n}"] = dataframe["high"].rolling(n).max().shift(1)
/freqtrade/user_data/strategies/TrendVolTarget.py:50: PerformanceWarning: DataFrame is highly fragmented.  This is usually the result of calling `frame.insert` many times, which has poor performance.  Consider joining all columns at once using pd.concat(axis=1) instead. To get a de-fragmented frame, use `newframe = frame.copy()`
  dataframe[f"dc_hi_{n}"] = dataframe["high"].rolling(n).max().shift(1)
/freqtrade/user_data/strategies/TrendVolTarget.py:50: PerformanceWarning: DataFrame is highly fragmented.  This is usually the result of calling `frame.insert` many times, which has poor performance.  Consider joining all columns at once using pd.concat(axis=1) instead. To get a de-fragmented frame, use `newframe = frame.copy()`
  dataframe[f"dc_hi_{n}"] = dataframe["high"].rolling(n).max().shift(1)
/freqtrade/user_data/strategies/TrendVolTarget.py:50: PerformanceWarning: DataFrame is highly fragmented.  This is usually the result of calling `frame.insert` many times, which has poor performance.  Consider joining all columns at once using pd.concat(axis=1) instead. To get a de-fragmented frame, use `newframe = frame.copy()`
  dataframe[f"dc_hi_{n}"] = dataframe["high"].rolling(n).max().shift(1)
/freqtrade/user_data/strategies/TrendVolTarget.py:50: PerformanceWarning: DataFrame is highly fragmented.  This is usually the result of calling `frame.insert` many times, which has poor performance.  Consider joining all columns at once using pd.concat(axis=1) instead. To get a de-fragmented frame, use `newframe = frame.copy()`
  dataframe[f"dc_hi_{n}"] = dataframe["high"].rolling(n).max().shift(1)
/freqtrade/user_data/strategies/TrendVolTarget.py:50: PerformanceWarning: DataFrame is highly fragmented.  This is usually the result of calling `frame.insert` many times, which has poor performance.  Consider joining all columns at once using pd.concat(axis=1) instead. To get a de-fragmented frame, use `newframe = frame.copy()`
  dataframe[f"dc_hi_{n}"] = dataframe["high"].rolling(n).max().shift(1)
/freqtrade/user_data/strategies/TrendVolTarget.py:50: PerformanceWarning: DataFrame is highly fragmented.  This is usually the result of calling `frame.insert` many times, which has poor performance.  Consider joining all columns at once using pd.concat(axis=1) instead. To get a de-fragmented frame, use `newframe = frame.copy()`
  dataframe[f"dc_hi_{n}"] = dataframe["high"].rolling(n).max().shift(1)
/freqtrade/user_data/strategies/TrendVolTarget.py:50: PerformanceWarning: DataFrame is highly fragmented.  This is usually the result of calling `frame.insert` many times, which has poor performance.  Consider joining all columns at once using pd.concat(axis=1) instead. To get a de-fragmented frame, use `newframe = frame.copy()`
  dataframe[f"dc_hi_{n}"] = dataframe["high"].rolling(n).max().shift(1)
/freqtrade/user_data/strategies/TrendVolTarget.py:50: PerformanceWarning: DataFrame is highly fragmented.  This is usually the result of calling `frame.insert` many times, which has poor performance.  Consider joining all columns at once using pd.concat(axis=1) instead. To get a de-fragmented frame, use `newframe = frame.copy()`
  dataframe[f"dc_hi_{n}"] = dataframe["high"].rolling(n).max().shift(1)
/freqtrade/user_data/strategies/TrendVolTarget.py:50: PerformanceWarning: DataFrame is highly fragmented.  This is usually the result of calling `frame.insert` many times, which has poor performance.  Consider joining all columns at once using pd.concat(axis=1) instead. To get a de-fragmented frame, use `newframe = frame.copy()`
  dataframe[f"dc_hi_{n}"] = dataframe["high"].rolling(n).max().shift(1)
/freqtrade/user_data/strategies/TrendVolTarget.py:50: PerformanceWarning: DataFrame is highly fragmented.  This is usually the result of calling `frame.insert` many times, which has poor performance.  Consider joining all columns at once using pd.concat(axis=1) instead. To get a de-fragmented frame, use `newframe = frame.copy()`
  dataframe[f"dc_hi_{n}"] = dataframe["high"].rolling(n).max().shift(1)
/freqtrade/user_data/strategies/TrendVolTarget.py:50: PerformanceWarning: DataFrame is highly fragmented.  This is usually the result of calling `frame.insert` many times, which has poor performance.  Consider joining all columns at once using pd.concat(axis=1) instead. To get a de-fragmented frame, use `newframe = frame.copy()`
  dataframe[f"dc_hi_{n}"] = dataframe["high"].rolling(n).max().shift(1)
/freqtrade/user_data/strategies/TrendVolTarget.py:50: PerformanceWarning: DataFrame is highly fragmented.  This is usually the result of calling `frame.insert` many times, which has poor performance.  Consider joining all columns at once using pd.concat(axis=1) instead. To get a de-fragmented frame, use `newframe = frame.copy()`
  dataframe[f"dc_hi_{n}"] = dataframe["high"].rolling(n).max().shift(1)
/freqtrade/user_data/strategies/TrendVolTarget.py:50: PerformanceWarning: DataFrame is highly fragmented.  This is usually the result of calling `frame.insert` many times, which has poor performance.  Consider joining all columns at once using pd.concat(axis=1) instead. To get a de-fragmented frame, use `newframe = frame.copy()`
  dataframe[f"dc_hi_{n}"] = dataframe["high"].rolling(n).max().shift(1)
/freqtrade/user_data/strategies/TrendVolTarget.py:50: PerformanceWarning: DataFrame is highly fragmented.  This is usually the result of calling `frame.insert` many times, which has poor performance.  Consider joining all columns at once using pd.concat(axis=1) instead. To get a de-fragmented frame, use `newframe = frame.copy()`
  dataframe[f"dc_hi_{n}"] = dataframe["high"].rolling(n).max().shift(1)
/freqtrade/user_data/strategies/TrendVolTarget.py:50: PerformanceWarning: DataFrame is highly fragmented.  This is usually the result of calling `frame.insert` many times, which has poor performance.  Consider joining all columns at once using pd.concat(axis=1) instead. To get a de-fragmented frame, use `newframe = frame.copy()`
  dataframe[f"dc_hi_{n}"] = dataframe["high"].rolling(n).max().shift(1)
/freqtrade/user_data/strategies/TrendVolTarget.py:50: PerformanceWarning: DataFrame is highly fragmented.  This is usually the result of calling `frame.insert` many times, which has poor performance.  Consider joining all columns at once using pd.concat(axis=1) instead. To get a de-fragmented frame, use `newframe = frame.copy()`
  dataframe[f"dc_hi_{n}"] = dataframe["high"].rolling(n).max().shift(1)
/freqtrade/user_data/strategies/TrendVolTarget.py:50: PerformanceWarning: DataFrame is highly fragmented.  This is usually the result of calling `frame.insert` many times, which has poor performance.  Consider joining all columns at once using pd.concat(axis=1) instead. To get a de-fragmented frame, use `newframe = frame.copy()`
  dataframe[f"dc_hi_{n}"] = dataframe["high"].rolling(n).max().shift(1)
/freqtrade/user_data/strategies/TrendVolTarget.py:50: PerformanceWarning: DataFrame is highly fragmented.  This is usually the result of calling `frame.insert` many times, which has poor performance.  Consider joining all columns at once using pd.concat(axis=1) instead. To get a de-fragmented frame, use `newframe = frame.copy()`
  dataframe[f"dc_hi_{n}"] = dataframe["high"].rolling(n).max().shift(1)
/freqtrade/user_data/strategies/TrendVolTarget.py:50: PerformanceWarning: DataFrame is highly fragmented.  This is usually the result of calling `frame.insert` many times, which has poor performance.  Consider joining all columns at once using pd.concat(axis=1) instead. To get a de-fragmented frame, use `newframe = frame.copy()`
  dataframe[f"dc_hi_{n}"] = dataframe["high"].rolling(n).max().shift(1)
/freqtrade/user_data/strategies/TrendVolTarget.py:50: PerformanceWarning: DataFrame is highly fragmented.  This is usually the result of calling `frame.insert` many times, which has poor performance.  Consider joining all columns at once using pd.concat(axis=1) instead. To get a de-fragmented frame, use `newframe = frame.copy()`
  dataframe[f"dc_hi_{n}"] = dataframe["high"].rolling(n).max().shift(1)
/freqtrade/user_data/strategies/TrendVolTarget.py:50: PerformanceWarning: DataFrame is highly fragmented.  This is usually the result of calling `frame.insert` many times, which has poor performance.  Consider joining all columns at once using pd.concat(axis=1) instead. To get a de-fragmented frame, use `newframe = frame.copy()`
  dataframe[f"dc_hi_{n}"] = dataframe["high"].rolling(n).max().shift(1)
/freqtrade/user_data/strategies/TrendVolTarget.py:50: PerformanceWarning: DataFrame is highly fragmented.  This is usually the result of calling `frame.insert` many times, which has poor performance.  Consider joining all columns at once using pd.concat(axis=1) instead. To get a de-fragmented frame, use `newframe = frame.copy()`
  dataframe[f"dc_hi_{n}"] = dataframe["high"].rolling(n).max().shift(1)
/freqtrade/user_data/strategies/TrendVolTarget.py:50: PerformanceWarning: DataFrame is highly fragmented.  This is usually the result of calling `frame.insert` many times, which has poor performance.  Consider joining all columns at once using pd.concat(axis=1) instead. To get a de-fragmented frame, use `newframe = frame.copy()`
  dataframe[f"dc_hi_{n}"] = dataframe["high"].rolling(n).max().shift(1)
/freqtrade/user_data/strategies/TrendVolTarget.py:50: PerformanceWarning: DataFrame is highly fragmented.  This is usually the result of calling `frame.insert` many times, which has poor performance.  Consider joining all columns at once using pd.concat(axis=1) instead. To get a de-fragmented frame, use `newframe = frame.copy()`
  dataframe[f"dc_hi_{n}"] = dataframe["high"].rolling(n).max().shift(1)
/freqtrade/user_data/strategies/TrendVolTarget.py:50: PerformanceWarning: DataFrame is highly fragmented.  This is usually the result of calling `frame.insert` many times, which has poor performance.  Consider joining all columns at once using pd.concat(axis=1) instead. To get a de-fragmented frame, use `newframe = frame.copy()`
  dataframe[f"dc_hi_{n}"] = dataframe["high"].rolling(n).max().shift(1)
/freqtrade/user_data/strategies/TrendVolTarget.py:50: PerformanceWarning: DataFrame is highly fragmented.  This is usually the result of calling `frame.insert` many times, which has poor performance.  Consider joining all columns at once using pd.concat(axis=1) instead. To get a de-fragmented frame, use `newframe = frame.copy()`
  dataframe[f"dc_hi_{n}"] = dataframe["high"].rolling(n).max().shift(1)
/freqtrade/user_data/strategies/TrendVolTarget.py:50: PerformanceWarning: DataFrame is highly fragmented.  This is usually the result of calling `frame.insert` many times, which has poor performance.  Consider joining all columns at once using pd.concat(axis=1) instead. To get a de-fragmented frame, use `newframe = frame.copy()`
  dataframe[f"dc_hi_{n}"] = dataframe["high"].rolling(n).max().shift(1)
/freqtrade/user_data/strategies/TrendVolTarget.py:50: PerformanceWarning: DataFrame is highly fragmented.  This is usually the result of calling `frame.insert` many times, which has poor performance.  Consider joining all columns at once using pd.concat(axis=1) instead. To get a de-fragmented frame, use `newframe = frame.copy()`
  dataframe[f"dc_hi_{n}"] = dataframe["high"].rolling(n).max().shift(1)
/freqtrade/user_data/strategies/TrendVolTarget.py:50: PerformanceWarning: DataFrame is highly fragmented.  This is usually the result of calling `frame.insert` many times, which has poor performance.  Consider joining all columns at once using pd.concat(axis=1) instead. To get a de-fragmented frame, use `newframe = frame.copy()`
  dataframe[f"dc_hi_{n}"] = dataframe["high"].rolling(n).max().shift(1)
/freqtrade/user_data/strategies/TrendVolTarget.py:50: PerformanceWarning: DataFrame is highly fragmented.  This is usually the result of calling `frame.insert` many times, which has poor performance.  Consider joining all columns at once using pd.concat(axis=1) instead. To get a de-fragmented frame, use `newframe = frame.copy()`
  dataframe[f"dc_hi_{n}"] = dataframe["high"].rolling(n).max().shift(1)
/freqtrade/user_data/strategies/TrendVolTarget.py:50: PerformanceWarning: DataFrame is highly fragmented.  This is usually the result of calling `frame.insert` many times, which has poor performance.  Consider joining all columns at once using pd.concat(axis=1) instead. To get a de-fragmented frame, use `newframe = frame.copy()`
  dataframe[f"dc_hi_{n}"] = dataframe["high"].rolling(n).max().shift(1)
/freqtrade/user_data/strategies/TrendVolTarget.py:50: PerformanceWarning: DataFrame is highly fragmented.  This is usually the result of calling `frame.insert` many times, which has poor performance.  Consider joining all columns at once using pd.concat(axis=1) instead. To get a de-fragmented frame, use `newframe = frame.copy()`
  dataframe[f"dc_hi_{n}"] = dataframe["high"].rolling(n).max().shift(1)
/freqtrade/user_data/strategies/TrendVolTarget.py:50: PerformanceWarning: DataFrame is highly fragmented.  This is usually the result of calling `frame.insert` many times, which has poor performance.  Consider joining all columns at once using pd.concat(axis=1) instead. To get a de-fragmented frame, use `newframe = frame.copy()`
  dataframe[f"dc_hi_{n}"] = dataframe["high"].rolling(n).max().shift(1)
/freqtrade/user_data/strategies/TrendVolTarget.py:50: PerformanceWarning: DataFrame is highly fragmented.  This is usually the result of calling `frame.insert` many times, which has poor performance.  Consider joining all columns at once using pd.concat(axis=1) instead. To get a de-fragmented frame, use `newframe = frame.copy()`
  dataframe[f"dc_hi_{n}"] = dataframe["high"].rolling(n).max().shift(1)
/freqtrade/user_data/strategies/TrendVolTarget.py:50: PerformanceWarning: DataFrame is highly fragmented.  This is usually the result of calling `frame.insert` many times, which has poor performance.  Consider joining all columns at once using pd.concat(axis=1) instead. To get a de-fragmented frame, use `newframe = frame.copy()`
  dataframe[f"dc_hi_{n}"] = dataframe["high"].rolling(n).max().shift(1)
/freqtrade/user_data/strategies/TrendVolTarget.py:50: PerformanceWarning: DataFrame is highly fragmented.  This is usually the result of calling `frame.insert` many times, which has poor performance.  Consider joining all columns at once using pd.concat(axis=1) instead. To get a de-fragmented frame, use `newframe = frame.copy()`
  dataframe[f"dc_hi_{n}"] = dataframe["high"].rolling(n).max().shift(1)
/freqtrade/user_data/strategies/TrendVolTarget.py:50: PerformanceWarning: DataFrame is highly fragmented.  This is usually the result of calling `frame.insert` many times, which has poor performance.  Consider joining all columns at once using pd.concat(axis=1) instead. To get a de-fragmented frame, use `newframe = frame.copy()`
  dataframe[f"dc_hi_{n}"] = dataframe["high"].rolling(n).max().shift(1)
/freqtrade/user_data/strategies/TrendVolTarget.py:50: PerformanceWarning: DataFrame is highly fragmented.  This is usually the result of calling `frame.insert` many times, which has poor performance.  Consider joining all columns at once using pd.concat(axis=1) instead. To get a de-fragmented frame, use `newframe = frame.copy()`
  dataframe[f"dc_hi_{n}"] = dataframe["high"].rolling(n).max().shift(1)
/freqtrade/user_data/strategies/TrendVolTarget.py:50: PerformanceWarning: DataFrame is highly fragmented.  This is usually the result of calling `frame.insert` many times, which has poor performance.  Consider joining all columns at once using pd.concat(axis=1) instead. To get a de-fragmented frame, use `newframe = frame.copy()`
  dataframe[f"dc_hi_{n}"] = dataframe["high"].rolling(n).max().shift(1)
/freqtrade/user_data/strategies/TrendVolTarget.py:50: PerformanceWarning: DataFrame is highly fragmented.  This is usually the result of calling `frame.insert` many times, which has poor performance.  Consider joining all columns at once using pd.concat(axis=1) instead. To get a de-fragmented frame, use `newframe = frame.copy()`
  dataframe[f"dc_hi_{n}"] = dataframe["high"].rolling(n).max().shift(1)
/freqtrade/user_data/strategies/TrendVolTarget.py:50: PerformanceWarning: DataFrame is highly fragmented.  This is usually the result of calling `frame.insert` many times, which has poor performance.  Consider joining all columns at once using pd.concat(axis=1) instead. To get a de-fragmented frame, use `newframe = frame.copy()`
  dataframe[f"dc_hi_{n}"] = dataframe["high"].rolling(n).max().shift(1)
/freqtrade/user_data/strategies/TrendVolTarget.py:50: PerformanceWarning: DataFrame is highly fragmented.  This is usually the result of calling `frame.insert` many times, which has poor performance.  Consider joining all columns at once using pd.concat(axis=1) instead. To get a de-fragmented frame, use `newframe = frame.copy()`
  dataframe[f"dc_hi_{n}"] = dataframe["high"].rolling(n).max().shift(1)
/freqtrade/user_data/strategies/TrendVolTarget.py:50: PerformanceWarning: DataFrame is highly fragmented.  This is usually the result of calling `frame.insert` many times, which has poor performance.  Consider joining all columns at once using pd.concat(axis=1) instead. To get a de-fragmented frame, use `newframe = frame.copy()`
  dataframe[f"dc_hi_{n}"] = dataframe["high"].rolling(n).max().shift(1)
/freqtrade/user_data/strategies/TrendVolTarget.py:50: PerformanceWarning: DataFrame is highly fragmented.  This is usually the result of calling `frame.insert` many times, which has poor performance.  Consider joining all columns at once using pd.concat(axis=1) instead. To get a de-fragmented frame, use `newframe = frame.copy()`
  dataframe[f"dc_hi_{n}"] = dataframe["high"].rolling(n).max().shift(1)
/freqtrade/user_data/strategies/TrendVolTarget.py:50: PerformanceWarning: DataFrame is highly fragmented.  This is usually the result of calling `frame.insert` many times, which has poor performance.  Consider joining all columns at once using pd.concat(axis=1) instead. To get a de-fragmented frame, use `newframe = frame.copy()`
  dataframe[f"dc_hi_{n}"] = dataframe["high"].rolling(n).max().shift(1)
/freqtrade/user_data/strategies/TrendVolTarget.py:50: PerformanceWarning: DataFrame is highly fragmented.  This is usually the result of calling `frame.insert` many times, which has poor performance.  Consider joining all columns at once using pd.concat(axis=1) instead. To get a de-fragmented frame, use `newframe = frame.copy()`
  dataframe[f"dc_hi_{n}"] = dataframe["high"].rolling(n).max().shift(1)
/freqtrade/user_data/strategies/TrendVolTarget.py:50: PerformanceWarning: DataFrame is highly fragmented.  This is usually the result of calling `frame.insert` many times, which has poor performance.  Consider joining all columns at once using pd.concat(axis=1) instead. To get a de-fragmented frame, use `newframe = frame.copy()`
  dataframe[f"dc_hi_{n}"] = dataframe["high"].rolling(n).max().shift(1)
/freqtrade/user_data/strategies/TrendVolTarget.py:50: PerformanceWarning: DataFrame is highly fragmented.  This is usually the result of calling `frame.insert` many times, which has poor performance.  Consider joining all columns at once using pd.concat(axis=1) instead. To get a de-fragmented frame, use `newframe = frame.copy()`
  dataframe[f"dc_hi_{n}"] = dataframe["high"].rolling(n).max().shift(1)
/freqtrade/user_data/strategies/TrendVolTarget.py:50: PerformanceWarning: DataFrame is highly fragmented.  This is usually the result of calling `frame.insert` many times, which has poor performance.  Consider joining all columns at once using pd.concat(axis=1) instead. To get a de-fragmented frame, use `newframe = frame.copy()`
  dataframe[f"dc_hi_{n}"] = dataframe["high"].rolling(n).max().shift(1)
/freqtrade/user_data/strategies/TrendVolTarget.py:50: PerformanceWarning: DataFrame is highly fragmented.  This is usually the result of calling `frame.insert` many times, which has poor performance.  Consider joining all columns at once using pd.concat(axis=1) instead. To get a de-fragmented frame, use `newframe = frame.copy()`
  dataframe[f"dc_hi_{n}"] = dataframe["high"].rolling(n).max().shift(1)
/freqtrade/user_data/strategies/TrendVolTarget.py:50: PerformanceWarning: DataFrame is highly fragmented.  This is usually the result of calling `frame.insert` many times, which has poor performance.  Consider joining all columns at once using pd.concat(axis=1) instead. To get a de-fragmented frame, use `newframe = frame.copy()`
  dataframe[f"dc_hi_{n}"] = dataframe["high"].rolling(n).max().shift(1)
/freqtrade/user_data/strategies/TrendVolTarget.py:50: PerformanceWarning: DataFrame is highly fragmented.  This is usually the result of calling `frame.insert` many times, which has poor performance.  Consider joining all columns at once using pd.concat(axis=1) instead. To get a de-fragmented frame, use `newframe = frame.copy()`
  dataframe[f"dc_hi_{n}"] = dataframe["high"].rolling(n).max().shift(1)
/freqtrade/user_data/strategies/TrendVolTarget.py:50: PerformanceWarning: DataFrame is highly fragmented.  This is usually the result of calling `frame.insert` many times, which has poor performance.  Consider joining all columns at once using pd.concat(axis=1) instead. To get a de-fragmented frame, use `newframe = frame.copy()`
  dataframe[f"dc_hi_{n}"] = dataframe["high"].rolling(n).max().shift(1)
/freqtrade/user_data/strategies/TrendVolTarget.py:50: PerformanceWarning: DataFrame is highly fragmented.  This is usually the result of calling `frame.insert` many times, which has poor performance.  Consider joining all columns at once using pd.concat(axis=1) instead. To get a de-fragmented frame, use `newframe = frame.copy()`
  dataframe[f"dc_hi_{n}"] = dataframe["high"].rolling(n).max().shift(1)
/freqtrade/user_data/strategies/TrendVolTarget.py:50: PerformanceWarning: DataFrame is highly fragmented.  This is usually the result of calling `frame.insert` many times, which has poor performance.  Consider joining all columns at once using pd.concat(axis=1) instead. To get a de-fragmented frame, use `newframe = frame.copy()`
  dataframe[f"dc_hi_{n}"] = dataframe["high"].rolling(n).max().shift(1)
/freqtrade/user_data/strategies/TrendVolTarget.py:50: PerformanceWarning: DataFrame is highly fragmented.  This is usually the result of calling `frame.insert` many times, which has poor performance.  Consider joining all columns at once using pd.concat(axis=1) instead. To get a de-fragmented frame, use `newframe = frame.copy()`
  dataframe[f"dc_hi_{n}"] = dataframe["high"].rolling(n).max().shift(1)
/freqtrade/user_data/strategies/TrendVolTarget.py:50: PerformanceWarning: DataFrame is highly fragmented.  This is usually the result of calling `frame.insert` many times, which has poor performance.  Consider joining all columns at once using pd.concat(axis=1) instead. To get a de-fragmented frame, use `newframe = frame.copy()`
  dataframe[f"dc_hi_{n}"] = dataframe["high"].rolling(n).max().shift(1)
/freqtrade/user_data/strategies/TrendVolTarget.py:50: PerformanceWarning: DataFrame is highly fragmented.  This is usually the result of calling `frame.insert` many times, which has poor performance.  Consider joining all columns at once using pd.concat(axis=1) instead. To get a de-fragmented frame, use `newframe = frame.copy()`
  dataframe[f"dc_hi_{n}"] = dataframe["high"].rolling(n).max().shift(1)
/freqtrade/user_data/strategies/TrendVolTarget.py:50: PerformanceWarning: DataFrame is highly fragmented.  This is usually the result of calling `frame.insert` many times, which has poor performance.  Consider joining all columns at once using pd.concat(axis=1) instead. To get a de-fragmented frame, use `newframe = frame.copy()`
  dataframe[f"dc_hi_{n}"] = dataframe["high"].rolling(n).max().shift(1)
/freqtrade/user_data/strategies/TrendVolTarget.py:50: PerformanceWarning: DataFrame is highly fragmented.  This is usually the result of calling `frame.insert` many times, which has poor performance.  Consider joining all columns at once using pd.concat(axis=1) instead. To get a de-fragmented frame, use `newframe = frame.copy()`
  dataframe[f"dc_hi_{n}"] = dataframe["high"].rolling(n).max().shift(1)
/freqtrade/user_data/strategies/TrendVolTarget.py:50: PerformanceWarning: DataFrame is highly fragmented.  This is usually the result of calling `frame.insert` many times, which has poor performance.  Consider joining all columns at once using pd.concat(axis=1) instead. To get a de-fragmented frame, use `newframe = frame.copy()`
  dataframe[f"dc_hi_{n}"] = dataframe["high"].rolling(n).max().shift(1)
/freqtrade/user_data/strategies/TrendVolTarget.py:50: PerformanceWarning: DataFrame is highly fragmented.  This is usually the result of calling `frame.insert` many times, which has poor performance.  Consider joining all columns at once using pd.concat(axis=1) instead. To get a de-fragmented frame, use `newframe = frame.copy()`
  dataframe[f"dc_hi_{n}"] = dataframe["high"].rolling(n).max().shift(1)
/freqtrade/user_data/strategies/TrendVolTarget.py:50: PerformanceWarning: DataFrame is highly fragmented.  This is usually the result of calling `frame.insert` many times, which has poor performance.  Consider joining all columns at once using pd.concat(axis=1) instead. To get a de-fragmented frame, use `newframe = frame.copy()`
  dataframe[f"dc_hi_{n}"] = dataframe["high"].rolling(n).max().shift(1)
/freqtrade/user_data/strategies/TrendVolTarget.py:50: PerformanceWarning: DataFrame is highly fragmented.  This is usually the result of calling `frame.insert` many times, which has poor performance.  Consider joining all columns at once using pd.concat(axis=1) instead. To get a de-fragmented frame, use `newframe = frame.copy()`
  dataframe[f"dc_hi_{n}"] = dataframe["high"].rolling(n).max().shift(1)
/freqtrade/user_data/strategies/TrendVolTarget.py:50: PerformanceWarning: DataFrame is highly fragmented.  This is usually the result of calling `frame.insert` many times, which has poor performance.  Consider joining all columns at once using pd.concat(axis=1) instead. To get a de-fragmented frame, use `newframe = frame.copy()`
  dataframe[f"dc_hi_{n}"] = dataframe["high"].rolling(n).max().shift(1)
/freqtrade/user_data/strategies/TrendVolTarget.py:50: PerformanceWarning: DataFrame is highly fragmented.  This is usually the result of calling `frame.insert` many times, which has poor performance.  Consider joining all columns at once using pd.concat(axis=1) instead. To get a de-fragmented frame, use `newframe = frame.copy()`
  dataframe[f"dc_hi_{n}"] = dataframe["high"].rolling(n).max().shift(1)
/freqtrade/user_data/strategies/TrendVolTarget.py:50: PerformanceWarning: DataFrame is highly fragmented.  This is usually the result of calling `frame.insert` many times, which has poor performance.  Consider joining all columns at once using pd.concat(axis=1) instead. To get a de-fragmented frame, use `newframe = frame.copy()`
  dataframe[f"dc_hi_{n}"] = dataframe["high"].rolling(n).max().shift(1)
/freqtrade/user_data/strategies/TrendVolTarget.py:50: PerformanceWarning: DataFrame is highly fragmented.  This is usually the result of calling `frame.insert` many times, which has poor performance.  Consider joining all columns at once using pd.concat(axis=1) instead. To get a de-fragmented frame, use `newframe = frame.copy()`
  dataframe[f"dc_hi_{n}"] = dataframe["high"].rolling(n).max().shift(1)
/freqtrade/user_data/strategies/TrendVolTarget.py:50: PerformanceWarning: DataFrame is highly fragmented.  This is usually the result of calling `frame.insert` many times, which has poor performance.  Consider joining all columns at once using pd.concat(axis=1) instead. To get a de-fragmented frame, use `newframe = frame.copy()`
  dataframe[f"dc_hi_{n}"] = dataframe["high"].rolling(n).max().shift(1)
/freqtrade/user_data/strategies/TrendVolTarget.py:50: PerformanceWarning: DataFrame is highly fragmented.  This is usually the result of calling `frame.insert` many times, which has poor performance.  Consider joining all columns at once using pd.concat(axis=1) instead. To get a de-fragmented frame, use `newframe = frame.copy()`
  dataframe[f"dc_hi_{n}"] = dataframe["high"].rolling(n).max().shift(1)
/freqtrade/user_data/strategies/TrendVolTarget.py:50: PerformanceWarning: DataFrame is highly fragmented.  This is usually the result of calling `frame.insert` many times, which has poor performance.  Consider joining all columns at once using pd.concat(axis=1) instead. To get a de-fragmented frame, use `newframe = frame.copy()`
  dataframe[f"dc_hi_{n}"] = dataframe["high"].rolling(n).max().shift(1)
/freqtrade/user_data/strategies/TrendVolTarget.py:50: PerformanceWarning: DataFrame is highly fragmented.  This is usually the result of calling `frame.insert` many times, which has poor performance.  Consider joining all columns at once using pd.concat(axis=1) instead. To get a de-fragmented frame, use `newframe = frame.copy()`
  dataframe[f"dc_hi_{n}"] = dataframe["high"].rolling(n).max().shift(1)
/freqtrade/user_data/strategies/TrendVolTarget.py:50: PerformanceWarning: DataFrame is highly fragmented.  This is usually the result of calling `frame.insert` many times, which has poor performance.  Consider joining all columns at once using pd.concat(axis=1) instead. To get a de-fragmented frame, use `newframe = frame.copy()`
  dataframe[f"dc_hi_{n}"] = dataframe["high"].rolling(n).max().shift(1)
/freqtrade/user_data/strategies/TrendVolTarget.py:50: PerformanceWarning: DataFrame is highly fragmented.  This is usually the result of calling `frame.insert` many times, which has poor performance.  Consider joining all columns at once using pd.concat(axis=1) instead. To get a de-fragmented frame, use `newframe = frame.copy()`
  dataframe[f"dc_hi_{n}"] = dataframe["high"].rolling(n).max().shift(1)
/freqtrade/user_data/strategies/TrendVolTarget.py:50: PerformanceWarning: DataFrame is highly fragmented.  This is usually the result of calling `frame.insert` many times, which has poor performance.  Consider joining all columns at once using pd.concat(axis=1) instead. To get a de-fragmented frame, use `newframe = frame.copy()`
  dataframe[f"dc_hi_{n}"] = dataframe["high"].rolling(n).max().shift(1)
/freqtrade/user_data/strategies/TrendVolTarget.py:50: PerformanceWarning: DataFrame is highly fragmented.  This is usually the result of calling `frame.insert` many times, which has poor performance.  Consider joining all columns at once using pd.concat(axis=1) instead. To get a de-fragmented frame, use `newframe = frame.copy()`
  dataframe[f"dc_hi_{n}"] = dataframe["high"].rolling(n).max().shift(1)
/freqtrade/user_data/strategies/TrendVolTarget.py:50: PerformanceWarning: DataFrame is highly fragmented.  This is usually the result of calling `frame.insert` many times, which has poor performance.  Consider joining all columns at once using pd.concat(axis=1) instead. To get a de-fragmented frame, use `newframe = frame.copy()`
  dataframe[f"dc_hi_{n}"] = dataframe["high"].rolling(n).max().shift(1)
/freqtrade/user_data/strategies/TrendVolTarget.py:50: PerformanceWarning: DataFrame is highly fragmented.  This is usually the result of calling `frame.insert` many times, which has poor performance.  Consider joining all columns at once using pd.concat(axis=1) instead. To get a de-fragmented frame, use `newframe = frame.copy()`
  dataframe[f"dc_hi_{n}"] = dataframe["high"].rolling(n).max().shift(1)
/freqtrade/user_data/strategies/TrendVolTarget.py:50: PerformanceWarning: DataFrame is highly fragmented.  This is usually the result of calling `frame.insert` many times, which has poor performance.  Consider joining all columns at once using pd.concat(axis=1) instead. To get a de-fragmented frame, use `newframe = frame.copy()`
  dataframe[f"dc_hi_{n}"] = dataframe["high"].rolling(n).max().shift(1)
/freqtrade/user_data/strategies/TrendVolTarget.py:53: PerformanceWarning: DataFrame is highly fragmented.  This is usually the result of calling `frame.insert` many times, which has poor performance.  Consider joining all columns at once using pd.concat(axis=1) instead. To get a de-fragmented frame, use `newframe = frame.copy()`
  dataframe["sma_f"] = ta.SMA(dataframe, timeperiod=60)
/freqtrade/user_data/strategies/TrendVolTarget.py:54: PerformanceWarning: DataFrame is highly fragmented.  This is usually the result of calling `frame.insert` many times, which has poor performance.  Consider joining all columns at once using pd.concat(axis=1) instead. To get a de-fragmented frame, use `newframe = frame.copy()`
  dataframe["sma_s"] = ta.SMA(dataframe, timeperiod=240)
/freqtrade/user_data/strategies/TrendVolTarget.py:56: PerformanceWarning: DataFrame is highly fragmented.  This is usually the result of calling `frame.insert` many times, which has poor performance.  Consider joining all columns at once using pd.concat(axis=1) instead. To get a de-fragmented frame, use `newframe = frame.copy()`
  dataframe["rvol"] = dataframe["close"].pct_change().rolling(90).std() * np.sqrt(6 * 365)
/freqtrade/user_data/strategies/TrendVolTarget.py:50: PerformanceWarning: DataFrame is highly fragmented.  This is usually the result of calling `frame.insert` many times, which has poor performance.  Consider joining all columns at once using pd.concat(axis=1) instead. To get a de-fragmented frame, use `newframe = frame.copy()`
  dataframe[f"dc_hi_{n}"] = dataframe["high"].rolling(n).max().shift(1)
/freqtrade/user_data/strategies/TrendVolTarget.py:50: PerformanceWarning: DataFrame is highly fragmented.  This is usually the result of calling `frame.insert` many times, which has poor performance.  Consider joining all columns at once using pd.concat(axis=1) instead. To get a de-fragmented frame, use `newframe = frame.copy()`
  dataframe[f"dc_hi_{n}"] = dataframe["high"].rolling(n).max().shift(1)
/freqtrade/user_data/strategies/TrendVolTarget.py:50: PerformanceWarning: DataFrame is highly fragmented.  This is usually the result of calling `frame.insert` many times, which has poor performance.  Consider joining all columns at once using pd.concat(axis=1) instead. To get a de-fragmented frame, use `newframe = frame.copy()`
  dataframe[f"dc_hi_{n}"] = dataframe["high"].rolling(n).max().shift(1)
/freqtrade/user_data/strategies/TrendVolTarget.py:50: PerformanceWarning: DataFrame is highly fragmented.  This is usually the result of calling `frame.insert` many times, which has poor performance.  Consider joining all columns at once using pd.concat(axis=1) instead. To get a de-fragmented frame, use `newframe = frame.copy()`
  dataframe[f"dc_hi_{n}"] = dataframe["high"].rolling(n).max().shift(1)
/freqtrade/user_data/strategies/TrendVolTarget.py:50: PerformanceWarning: DataFrame is highly fragmented.  This is usually the result of calling `frame.insert` many times, which has poor performance.  Consider joining all columns at once using pd.concat(axis=1) instead. To get a de-fragmented frame, use `newframe = frame.copy()`
  dataframe[f"dc_hi_{n}"] = dataframe["high"].rolling(n).max().shift(1)
/freqtrade/user_data/strategies/TrendVolTarget.py:50: PerformanceWarning: DataFrame is highly fragmented.  This is usually the result of calling `frame.insert` many times, which has poor performance.  Consider joining all columns at once using pd.concat(axis=1) instead. To get a de-fragmented frame, use `newframe = frame.copy()`
  dataframe[f"dc_hi_{n}"] = dataframe["high"].rolling(n).max().shift(1)
/freqtrade/user_data/strategies/TrendVolTarget.py:50: PerformanceWarning: DataFrame is highly fragmented.  This is usually the result of calling `frame.insert` many times, which has poor performance.  Consider joining all columns at once using pd.concat(axis=1) instead. To get a de-fragmented frame, use `newframe = frame.copy()`
  dataframe[f"dc_hi_{n}"] = dataframe["high"].rolling(n).max().shift(1)
/freqtrade/user_data/strategies/TrendVolTarget.py:50: PerformanceWarning: DataFrame is highly fragmented.  This is usually the result of calling `frame.insert` many times, which has poor performance.  Consider joining all columns at once using pd.concat(axis=1) instead. To get a de-fragmented frame, use `newframe = frame.copy()`
  dataframe[f"dc_hi_{n}"] = dataframe["high"].rolling(n).max().shift(1)
/freqtrade/user_data/strategies/TrendVolTarget.py:50: PerformanceWarning: DataFrame is highly fragmented.  This is usually the result of calling `frame.insert` many times, which has poor performance.  Consider joining all columns at once using pd.concat(axis=1) instead. To get a de-fragmented frame, use `newframe = frame.copy()`
  dataframe[f"dc_hi_{n}"] = dataframe["high"].rolling(n).max().shift(1)
/freqtrade/user_data/strategies/TrendVolTarget.py:50: PerformanceWarning: DataFrame is highly fragmented.  This is usually the result of calling `frame.insert` many times, which has poor performance.  Consider joining all columns at once using pd.concat(axis=1) instead. To get a de-fragmented frame, use `newframe = frame.copy()`
  dataframe[f"dc_hi_{n}"] = dataframe["high"].rolling(n).max().shift(1)
/freqtrade/user_data/strategies/TrendVolTarget.py:50: PerformanceWarning: DataFrame is highly fragmented.  This is usually the result of calling `frame.insert` many times, which has poor performance.  Consider joining all columns at once using pd.concat(axis=1) instead. To get a de-fragmented frame, use `newframe = frame.copy()`
  dataframe[f"dc_hi_{n}"] = dataframe["high"].rolling(n).max().shift(1)
/freqtrade/user_data/strategies/TrendVolTarget.py:50: PerformanceWarning: DataFrame is highly fragmented.  This is usually the result of calling `frame.insert` many times, which has poor performance.  Consider joining all columns at once using pd.concat(axis=1) instead. To get a de-fragmented frame, use `newframe = frame.copy()`
  dataframe[f"dc_hi_{n}"] = dataframe["high"].rolling(n).max().shift(1)
/freqtrade/user_data/strategies/TrendVolTarget.py:50: PerformanceWarning: DataFrame is highly fragmented.  This is usually the result of calling `frame.insert` many times, which has poor performance.  Consider joining all columns at once using pd.concat(axis=1) instead. To get a de-fragmented frame, use `newframe = frame.copy()`
  dataframe[f"dc_hi_{n}"] = dataframe["high"].rolling(n).max().shift(1)
/freqtrade/user_data/strategies/TrendVolTarget.py:50: PerformanceWarning: DataFrame is highly fragmented.  This is usually the result of calling `frame.insert` many times, which has poor performance.  Consider joining all columns at once using pd.concat(axis=1) instead. To get a de-fragmented frame, use `newframe = frame.copy()`
  dataframe[f"dc_hi_{n}"] = dataframe["high"].rolling(n).max().shift(1)
/freqtrade/user_data/strategies/TrendVolTarget.py:50: PerformanceWarning: DataFrame is highly fragmented.  This is usually the result of calling `frame.insert` many times, which has poor performance.  Consider joining all columns at once using pd.concat(axis=1) instead. To get a de-fragmented frame, use `newframe = frame.copy()`
  dataframe[f"dc_hi_{n}"] = dataframe["high"].rolling(n).max().shift(1)
/freqtrade/user_data/strategies/TrendVolTarget.py:50: PerformanceWarning: DataFrame is highly fragmented.  This is usually the result of calling `frame.insert` many times, which has poor performance.  Consider joining all columns at once using pd.concat(axis=1) instead. To get a de-fragmented frame, use `newframe = frame.copy()`
  dataframe[f"dc_hi_{n}"] = dataframe["high"].rolling(n).max().shift(1)
/freqtrade/user_data/strategies/TrendVolTarget.py:50: PerformanceWarning: DataFrame is highly fragmented.  This is usually the result of calling `frame.insert` many times, which has poor performance.  Consider joining all columns at once using pd.concat(axis=1) instead. To get a de-fragmented frame, use `newframe = frame.copy()`
  dataframe[f"dc_hi_{n}"] = dataframe["high"].rolling(n).max().shift(1)
/freqtrade/user_data/strategies/TrendVolTarget.py:50: PerformanceWarning: DataFrame is highly fragmented.  This is usually the result of calling `frame.insert` many times, which has poor performance.  Consider joining all columns at once using pd.concat(axis=1) instead. To get a de-fragmented frame, use `newframe = frame.copy()`
  dataframe[f"dc_hi_{n}"] = dataframe["high"].rolling(n).max().shift(1)
/freqtrade/user_data/strategies/TrendVolTarget.py:50: PerformanceWarning: DataFrame is highly fragmented.  This is usually the result of calling `frame.insert` many times, which has poor performance.  Consider joining all columns at once using pd.concat(axis=1) instead. To get a de-fragmented frame, use `newframe = frame.copy()`
  dataframe[f"dc_hi_{n}"] = dataframe["high"].rolling(n).max().shift(1)
/freqtrade/user_data/strategies/TrendVolTarget.py:50: PerformanceWarning: DataFrame is highly fragmented.  This is usually the result of calling `frame.insert` many times, which has poor performance.  Consider joining all columns at once using pd.concat(axis=1) instead. To get a de-fragmented frame, use `newframe = frame.copy()`
  dataframe[f"dc_hi_{n}"] = dataframe["high"].rolling(n).max().shift(1)
/freqtrade/user_data/strategies/TrendVolTarget.py:50: PerformanceWarning: DataFrame is highly fragmented.  This is usually the result of calling `frame.insert` many times, which has poor performance.  Consider joining all columns at once using pd.concat(axis=1) instead. To get a de-fragmented frame, use `newframe = frame.copy()`
  dataframe[f"dc_hi_{n}"] = dataframe["high"].rolling(n).max().shift(1)
/freqtrade/user_data/strategies/TrendVolTarget.py:50: PerformanceWarning: DataFrame is highly fragmented.  This is usually the result of calling `frame.insert` many times, which has poor performance.  Consider joining all columns at once using pd.concat(axis=1) instead. To get a de-fragmented frame, use `newframe = frame.copy()`
  dataframe[f"dc_hi_{n}"] = dataframe["high"].rolling(n).max().shift(1)
/freqtrade/user_data/strategies/TrendVolTarget.py:50: PerformanceWarning: DataFrame is highly fragmented.  This is usually the result of calling `frame.insert` many times, which has poor performance.  Consider joining all columns at once using pd.concat(axis=1) instead. To get a de-fragmented frame, use `newframe = frame.copy()`
  dataframe[f"dc_hi_{n}"] = dataframe["high"].rolling(n).max().shift(1)
/freqtrade/user_data/strategies/TrendVolTarget.py:50: PerformanceWarning: DataFrame is highly fragmented.  This is usually the result of calling `frame.insert` many times, which has poor performance.  Consider joining all columns at once using pd.concat(axis=1) instead. To get a de-fragmented frame, use `newframe = frame.copy()`
  dataframe[f"dc_hi_{n}"] = dataframe["high"].rolling(n).max().shift(1)
/freqtrade/user_data/strategies/TrendVolTarget.py:50: PerformanceWarning: DataFrame is highly fragmented.  This is usually the result of calling `frame.insert` many times, which has poor performance.  Consider joining all columns at once using pd.concat(axis=1) instead. To get a de-fragmented frame, use `newframe = frame.copy()`
  dataframe[f"dc_hi_{n}"] = dataframe["high"].rolling(n).max().shift(1)
/freqtrade/user_data/strategies/TrendVolTarget.py:50: PerformanceWarning: DataFrame is highly fragmented.  This is usually the result of calling `frame.insert` many times, which has poor performance.  Consider joining all columns at once using pd.concat(axis=1) instead. To get a de-fragmented frame, use `newframe = frame.copy()`
  dataframe[f"dc_hi_{n}"] = dataframe["high"].rolling(n).max().shift(1)
/freqtrade/user_data/strategies/TrendVolTarget.py:50: PerformanceWarning: DataFrame is highly fragmented.  This is usually the result of calling `frame.insert` many times, which has poor performance.  Consider joining all columns at once using pd.concat(axis=1) instead. To get a de-fragmented frame, use `newframe = frame.copy()`
  dataframe[f"dc_hi_{n}"] = dataframe["high"].rolling(n).max().shift(1)
/freqtrade/user_data/strategies/TrendVolTarget.py:50: PerformanceWarning: DataFrame is highly fragmented.  This is usually the result of calling `frame.insert` many times, which has poor performance.  Consider joining all columns at once using pd.concat(axis=1) instead. To get a de-fragmented frame, use `newframe = frame.copy()`
  dataframe[f"dc_hi_{n}"] = dataframe["high"].rolling(n).max().shift(1)
/freqtrade/user_data/strategies/TrendVolTarget.py:50: PerformanceWarning: DataFrame is highly fragmented.  This is usually the result of calling `frame.insert` many times, which has poor performance.  Consider joining all columns at once using pd.concat(axis=1) instead. To get a de-fragmented frame, use `newframe = frame.copy()`
  dataframe[f"dc_hi_{n}"] = dataframe["high"].rolling(n).max().shift(1)
/freqtrade/user_data/strategies/TrendVolTarget.py:50: PerformanceWarning: DataFrame is highly fragmented.  This is usually the result of calling `frame.insert` many times, which has poor performance.  Consider joining all columns at once using pd.concat(axis=1) instead. To get a de-fragmented frame, use `newframe = frame.copy()`
  dataframe[f"dc_hi_{n}"] = dataframe["high"].rolling(n).max().shift(1)
/freqtrade/user_data/strategies/TrendVolTarget.py:50: PerformanceWarning: DataFrame is highly fragmented.  This is usually the result of calling `frame.insert` many times, which has poor performance.  Consider joining all columns at once using pd.concat(axis=1) instead. To get a de-fragmented frame, use `newframe = frame.copy()`
  dataframe[f"dc_hi_{n}"] = dataframe["high"].rolling(n).max().shift(1)
/freqtrade/user_data/strategies/TrendVolTarget.py:50: PerformanceWarning: DataFrame is highly fragmented.  This is usually the result of calling `frame.insert` many times, which has poor performance.  Consider joining all columns at once using pd.concat(axis=1) instead. To get a de-fragmented frame, use `newframe = frame.copy()`
  dataframe[f"dc_hi_{n}"] = dataframe["high"].rolling(n).max().shift(1)
/freqtrade/user_data/strategies/TrendVolTarget.py:50: PerformanceWarning: DataFrame is highly fragmented.  This is usually the result of calling `frame.insert` many times, which has poor performance.  Consider joining all columns at once using pd.concat(axis=1) instead. To get a de-fragmented frame, use `newframe = frame.copy()`
  dataframe[f"dc_hi_{n}"] = dataframe["high"].rolling(n).max().shift(1)
/freqtrade/user_data/strategies/TrendVolTarget.py:50: PerformanceWarning: DataFrame is highly fragmented.  This is usually the result of calling `frame.insert` many times, which has poor performance.  Consider joining all columns at once using pd.concat(axis=1) instead. To get a de-fragmented frame, use `newframe = frame.copy()`
  dataframe[f"dc_hi_{n}"] = dataframe["high"].rolling(n).max().shift(1)
/freqtrade/user_data/strategies/TrendVolTarget.py:50: PerformanceWarning: DataFrame is highly fragmented.  This is usually the result of calling `frame.insert` many times, which has poor performance.  Consider joining all columns at once using pd.concat(axis=1) instead. To get a de-fragmented frame, use `newframe = frame.copy()`
  dataframe[f"dc_hi_{n}"] = dataframe["high"].rolling(n).max().shift(1)
/freqtrade/user_data/strategies/TrendVolTarget.py:50: PerformanceWarning: DataFrame is highly fragmented.  This is usually the result of calling `frame.insert` many times, which has poor performance.  Consider joining all columns at once using pd.concat(axis=1) instead. To get a de-fragmented frame, use `newframe = frame.copy()`
  dataframe[f"dc_hi_{n}"] = dataframe["high"].rolling(n).max().shift(1)
/freqtrade/user_data/strategies/TrendVolTarget.py:50: PerformanceWarning: DataFrame is highly fragmented.  This is usually the result of calling `frame.insert` many times, which has poor performance.  Consider joining all columns at once using pd.concat(axis=1) instead. To get a de-fragmented frame, use `newframe = frame.copy()`
  dataframe[f"dc_hi_{n}"] = dataframe["high"].rolling(n).max().shift(1)
/freqtrade/user_data/strategies/TrendVolTarget.py:50: PerformanceWarning: DataFrame is highly fragmented.  This is usually the result of calling `frame.insert` many times, which has poor performance.  Consider joining all columns at once using pd.concat(axis=1) instead. To get a de-fragmented frame, use `newframe = frame.copy()`
  dataframe[f"dc_hi_{n}"] = dataframe["high"].rolling(n).max().shift(1)
/freqtrade/user_data/strategies/TrendVolTarget.py:50: PerformanceWarning: DataFrame is highly fragmented.  This is usually the result of calling `frame.insert` many times, which has poor performance.  Consider joining all columns at once using pd.concat(axis=1) instead. To get a de-fragmented frame, use `newframe = frame.copy()`
  dataframe[f"dc_hi_{n}"] = dataframe["high"].rolling(n).max().shift(1)
/freqtrade/user_data/strategies/TrendVolTarget.py:50: PerformanceWarning: DataFrame is highly fragmented.  This is usually the result of calling `frame.insert` many times, which has poor performance.  Consider joining all columns at once using pd.concat(axis=1) instead. To get a de-fragmented frame, use `newframe = frame.copy()`
  dataframe[f"dc_hi_{n}"] = dataframe["high"].rolling(n).max().shift(1)
/freqtrade/user_data/strategies/TrendVolTarget.py:50: PerformanceWarning: DataFrame is highly fragmented.  This is usually the result of calling `frame.insert` many times, which has poor performance.  Consider joining all columns at once using pd.concat(axis=1) instead. To get a de-fragmented frame, use `newframe = frame.copy()`
  dataframe[f"dc_hi_{n}"] = dataframe["high"].rolling(n).max().shift(1)
/freqtrade/user_data/strategies/TrendVolTarget.py:50: PerformanceWarning: DataFrame is highly fragmented.  This is usually the result of calling `frame.insert` many times, which has poor performance.  Consider joining all columns at once using pd.concat(axis=1) instead. To get a de-fragmented frame, use `newframe = frame.copy()`
  dataframe[f"dc_hi_{n}"] = dataframe["high"].rolling(n).max().shift(1)
/freqtrade/user_data/strategies/TrendVolTarget.py:50: PerformanceWarning: DataFrame is highly fragmented.  This is usually the result of calling `frame.insert` many times, which has poor performance.  Consider joining all columns at once using pd.concat(axis=1) instead. To get a de-fragmented frame, use `newframe = frame.copy()`
  dataframe[f"dc_hi_{n}"] = dataframe["high"].rolling(n).max().shift(1)
/freqtrade/user_data/strategies/TrendVolTarget.py:50: PerformanceWarning: DataFrame is highly fragmented.  This is usually the result of calling `frame.insert` many times, which has poor performance.  Consider joining all columns at once using pd.concat(axis=1) instead. To get a de-fragmented frame, use `newframe = frame.copy()`
  dataframe[f"dc_hi_{n}"] = dataframe["high"].rolling(n).max().shift(1)
/freqtrade/user_data/strategies/TrendVolTarget.py:50: PerformanceWarning: DataFrame is highly fragmented.  This is usually the result of calling `frame.insert` many times, which has poor performance.  Consider joining all columns at once using pd.concat(axis=1) instead. To get a de-fragmented frame, use `newframe = frame.copy()`
  dataframe[f"dc_hi_{n}"] = dataframe["high"].rolling(n).max().shift(1)
/freqtrade/user_data/strategies/TrendVolTarget.py:50: PerformanceWarning: DataFrame is highly fragmented.  This is usually the result of calling `frame.insert` many times, which has poor performance.  Consider joining all columns at once using pd.concat(axis=1) instead. To get a de-fragmented frame, use `newframe = frame.copy()`
  dataframe[f"dc_hi_{n}"] = dataframe["high"].rolling(n).max().shift(1)
/freqtrade/user_data/strategies/TrendVolTarget.py:50: PerformanceWarning: DataFrame is highly fragmented.  This is usually the result of calling `frame.insert` many times, which has poor performance.  Consider joining all columns at once using pd.concat(axis=1) instead. To get a de-fragmented frame, use `newframe = frame.copy()`
  dataframe[f"dc_hi_{n}"] = dataframe["high"].rolling(n).max().shift(1)
/freqtrade/user_data/strategies/TrendVolTarget.py:50: PerformanceWarning: DataFrame is highly fragmented.  This is usually the result of calling `frame.insert` many times, which has poor performance.  Consider joining all columns at once using pd.concat(axis=1) instead. To get a de-fragmented frame, use `newframe = frame.copy()`
  dataframe[f"dc_hi_{n}"] = dataframe["high"].rolling(n).max().shift(1)
/freqtrade/user_data/strategies/TrendVolTarget.py:50: PerformanceWarning: DataFrame is highly fragmented.  This is usually the result of calling `frame.insert` many times, which has poor performance.  Consider joining all columns at once using pd.concat(axis=1) instead. To get a de-fragmented frame, use `newframe = frame.copy()`
  dataframe[f"dc_hi_{n}"] = dataframe["high"].rolling(n).max().shift(1)
/freqtrade/user_data/strategies/TrendVolTarget.py:50: PerformanceWarning: DataFrame is highly fragmented.  This is usually the result of calling `frame.insert` many times, which has poor performance.  Consider joining all columns at once using pd.concat(axis=1) instead. To get a de-fragmented frame, use `newframe = frame.copy()`
  dataframe[f"dc_hi_{n}"] = dataframe["high"].rolling(n).max().shift(1)
/freqtrade/user_data/strategies/TrendVolTarget.py:50: PerformanceWarning: DataFrame is highly fragmented.  This is usually the result of calling `frame.insert` many times, which has poor performance.  Consider joining all columns at once using pd.concat(axis=1) instead. To get a de-fragmented frame, use `newframe = frame.copy()`
  dataframe[f"dc_hi_{n}"] = dataframe["high"].rolling(n).max().shift(1)
/freqtrade/user_data/strategies/TrendVolTarget.py:50: PerformanceWarning: DataFrame is highly fragmented.  This is usually the result of calling `frame.insert` many times, which has poor performance.  Consider joining all columns at once using pd.concat(axis=1) instead. To get a de-fragmented frame, use `newframe = frame.copy()`
  dataframe[f"dc_hi_{n}"] = dataframe["high"].rolling(n).max().shift(1)
/freqtrade/user_data/strategies/TrendVolTarget.py:50: PerformanceWarning: DataFrame is highly fragmented.  This is usually the result of calling `frame.insert` many times, which has poor performance.  Consider joining all columns at once using pd.concat(axis=1) instead. To get a de-fragmented frame, use `newframe = frame.copy()`
  dataframe[f"dc_hi_{n}"] = dataframe["high"].rolling(n).max().shift(1)
/freqtrade/user_data/strategies/TrendVolTarget.py:50: PerformanceWarning: DataFrame is highly fragmented.  This is usually the result of calling `frame.insert` many times, which has poor performance.  Consider joining all columns at once using pd.concat(axis=1) instead. To get a de-fragmented frame, use `newframe = frame.copy()`
  dataframe[f"dc_hi_{n}"] = dataframe["high"].rolling(n).max().shift(1)
/freqtrade/user_data/strategies/TrendVolTarget.py:50: PerformanceWarning: DataFrame is highly fragmented.  This is usually the result of calling `frame.insert` many times, which has poor performance.  Consider joining all columns at once using pd.concat(axis=1) instead. To get a de-fragmented frame, use `newframe = frame.copy()`
  dataframe[f"dc_hi_{n}"] = dataframe["high"].rolling(n).max().shift(1)
/freqtrade/user_data/strategies/TrendVolTarget.py:50: PerformanceWarning: DataFrame is highly fragmented.  This is usually the result of calling `frame.insert` many times, which has poor performance.  Consider joining all columns at once using pd.concat(axis=1) instead. To get a de-fragmented frame, use `newframe = frame.copy()`
  dataframe[f"dc_hi_{n}"] = dataframe["high"].rolling(n).max().shift(1)
/freqtrade/user_data/strategies/TrendVolTarget.py:50: PerformanceWarning: DataFrame is highly fragmented.  This is usually the result of calling `frame.insert` many times, which has poor performance.  Consider joining all columns at once using pd.concat(axis=1) instead. To get a de-fragmented frame, use `newframe = frame.copy()`
  dataframe[f"dc_hi_{n}"] = dataframe["high"].rolling(n).max().shift(1)
/freqtrade/user_data/strategies/TrendVolTarget.py:50: PerformanceWarning: DataFrame is highly fragmented.  This is usually the result of calling `frame.insert` many times, which has poor performance.  Consider joining all columns at once using pd.concat(axis=1) instead. To get a de-fragmented frame, use `newframe = frame.copy()`
  dataframe[f"dc_hi_{n}"] = dataframe["high"].rolling(n).max().shift(1)
/freqtrade/user_data/strategies/TrendVolTarget.py:50: PerformanceWarning: DataFrame is highly fragmented.  This is usually the result of calling `frame.insert` many times, which has poor performance.  Consider joining all columns at once using pd.concat(axis=1) instead. To get a de-fragmented frame, use `newframe = frame.copy()`
  dataframe[f"dc_hi_{n}"] = dataframe["high"].rolling(n).max().shift(1)
/freqtrade/user_data/strategies/TrendVolTarget.py:50: PerformanceWarning: DataFrame is highly fragmented.  This is usually the result of calling `frame.insert` many times, which has poor performance.  Consider joining all columns at once using pd.concat(axis=1) instead. To get a de-fragmented frame, use `newframe = frame.copy()`
  dataframe[f"dc_hi_{n}"] = dataframe["high"].rolling(n).max().shift(1)
/freqtrade/user_data/strategies/TrendVolTarget.py:50: PerformanceWarning: DataFrame is highly fragmented.  This is usually the result of calling `frame.insert` many times, which has poor performance.  Consider joining all columns at once using pd.concat(axis=1) instead. To get a de-fragmented frame, use `newframe = frame.copy()`
  dataframe[f"dc_hi_{n}"] = dataframe["high"].rolling(n).max().shift(1)
/freqtrade/user_data/strategies/TrendVolTarget.py:50: PerformanceWarning: DataFrame is highly fragmented.  This is usually the result of calling `frame.insert` many times, which has poor performance.  Consider joining all columns at once using pd.concat(axis=1) instead. To get a de-fragmented frame, use `newframe = frame.copy()`
  dataframe[f"dc_hi_{n}"] = dataframe["high"].rolling(n).max().shift(1)
/freqtrade/user_data/strategies/TrendVolTarget.py:50: PerformanceWarning: DataFrame is highly fragmented.  This is usually the result of calling `frame.insert` many times, which has poor performance.  Consider joining all columns at once using pd.concat(axis=1) instead. To get a de-fragmented frame, use `newframe = frame.copy()`
  dataframe[f"dc_hi_{n}"] = dataframe["high"].rolling(n).max().shift(1)
/freqtrade/user_data/strategies/TrendVolTarget.py:50: PerformanceWarning: DataFrame is highly fragmented.  This is usually the result of calling `frame.insert` many times, which has poor performance.  Consider joining all columns at once using pd.concat(axis=1) instead. To get a de-fragmented frame, use `newframe = frame.copy()`
  dataframe[f"dc_hi_{n}"] = dataframe["high"].rolling(n).max().shift(1)
/freqtrade/user_data/strategies/TrendVolTarget.py:50: PerformanceWarning: DataFrame is highly fragmented.  This is usually the result of calling `frame.insert` many times, which has poor performance.  Consider joining all columns at once using pd.concat(axis=1) instead. To get a de-fragmented frame, use `newframe = frame.copy()`
  dataframe[f"dc_hi_{n}"] = dataframe["high"].rolling(n).max().shift(1)
/freqtrade/user_data/strategies/TrendVolTarget.py:50: PerformanceWarning: DataFrame is highly fragmented.  This is usually the result of calling `frame.insert` many times, which has poor performance.  Consider joining all columns at once using pd.concat(axis=1) instead. To get a de-fragmented frame, use `newframe = frame.copy()`
  dataframe[f"dc_hi_{n}"] = dataframe["high"].rolling(n).max().shift(1)
/freqtrade/user_data/strategies/TrendVolTarget.py:50: PerformanceWarning: DataFrame is highly fragmented.  This is usually the result of calling `frame.insert` many times, which has poor performance.  Consider joining all columns at once using pd.concat(axis=1) instead. To get a de-fragmented frame, use `newframe = frame.copy()`
  dataframe[f"dc_hi_{n}"] = dataframe["high"].rolling(n).max().shift(1)
/freqtrade/user_data/strategies/TrendVolTarget.py:50: PerformanceWarning: DataFrame is highly fragmented.  This is usually the result of calling `frame.insert` many times, which has poor performance.  Consider joining all columns at once using pd.concat(axis=1) instead. To get a de-fragmented frame, use `newframe = frame.copy()`
  dataframe[f"dc_hi_{n}"] = dataframe["high"].rolling(n).max().shift(1)
/freqtrade/user_data/strategies/TrendVolTarget.py:50: PerformanceWarning: DataFrame is highly fragmented.  This is usually the result of calling `frame.insert` many times, which has poor performance.  Consider joining all columns at once using pd.concat(axis=1) instead. To get a de-fragmented frame, use `newframe = frame.copy()`
  dataframe[f"dc_hi_{n}"] = dataframe["high"].rolling(n).max().shift(1)
/freqtrade/user_data/strategies/TrendVolTarget.py:50: PerformanceWarning: DataFrame is highly fragmented.  This is usually the result of calling `frame.insert` many times, which has poor performance.  Consider joining all columns at once using pd.concat(axis=1) instead. To get a de-fragmented frame, use `newframe = frame.copy()`
  dataframe[f"dc_hi_{n}"] = dataframe["high"].rolling(n).max().shift(1)
/freqtrade/user_data/strategies/TrendVolTarget.py:50: PerformanceWarning: DataFrame is highly fragmented.  This is usually the result of calling `frame.insert` many times, which has poor performance.  Consider joining all columns at once using pd.concat(axis=1) instead. To get a de-fragmented frame, use `newframe = frame.copy()`
  dataframe[f"dc_hi_{n}"] = dataframe["high"].rolling(n).max().shift(1)
/freqtrade/user_data/strategies/TrendVolTarget.py:50: PerformanceWarning: DataFrame is highly fragmented.  This is usually the result of calling `frame.insert` many times, which has poor performance.  Consider joining all columns at once using pd.concat(axis=1) instead. To get a de-fragmented frame, use `newframe = frame.copy()`
  dataframe[f"dc_hi_{n}"] = dataframe["high"].rolling(n).max().shift(1)
/freqtrade/user_data/strategies/TrendVolTarget.py:50: PerformanceWarning: DataFrame is highly fragmented.  This is usually the result of calling `frame.insert` many times, which has poor performance.  Consider joining all columns at once using pd.concat(axis=1) instead. To get a de-fragmented frame, use `newframe = frame.copy()`
  dataframe[f"dc_hi_{n}"] = dataframe["high"].rolling(n).max().shift(1)
/freqtrade/user_data/strategies/TrendVolTarget.py:50: PerformanceWarning: DataFrame is highly fragmented.  This is usually the result of calling `frame.insert` many times, which has poor performance.  Consider joining all columns at once using pd.concat(axis=1) instead. To get a de-fragmented frame, use `newframe = frame.copy()`
  dataframe[f"dc_hi_{n}"] = dataframe["high"].rolling(n).max().shift(1)
/freqtrade/user_data/strategies/TrendVolTarget.py:50: PerformanceWarning: DataFrame is highly fragmented.  This is usually the result of calling `frame.insert` many times, which has poor performance.  Consider joining all columns at once using pd.concat(axis=1) instead. To get a de-fragmented frame, use `newframe = frame.copy()`
  dataframe[f"dc_hi_{n}"] = dataframe["high"].rolling(n).max().shift(1)
/freqtrade/user_data/strategies/TrendVolTarget.py:50: PerformanceWarning: DataFrame is highly fragmented.  This is usually the result of calling `frame.insert` many times, which has poor performance.  Consider joining all columns at once using pd.concat(axis=1) instead. To get a de-fragmented frame, use `newframe = frame.copy()`
  dataframe[f"dc_hi_{n}"] = dataframe["high"].rolling(n).max().shift(1)
/freqtrade/user_data/strategies/TrendVolTarget.py:50: PerformanceWarning: DataFrame is highly fragmented.  This is usually the result of calling `frame.insert` many times, which has poor performance.  Consider joining all columns at once using pd.concat(axis=1) instead. To get a de-fragmented frame, use `newframe = frame.copy()`
  dataframe[f"dc_hi_{n}"] = dataframe["high"].rolling(n).max().shift(1)
/freqtrade/user_data/strategies/TrendVolTarget.py:50: PerformanceWarning: DataFrame is highly fragmented.  This is usually the result of calling `frame.insert` many times, which has poor performance.  Consider joining all columns at once using pd.concat(axis=1) instead. To get a de-fragmented frame, use `newframe = frame.copy()`
  dataframe[f"dc_hi_{n}"] = dataframe["high"].rolling(n).max().shift(1)
/freqtrade/user_data/strategies/TrendVolTarget.py:50: PerformanceWarning: DataFrame is highly fragmented.  This is usually the result of calling `frame.insert` many times, which has poor performance.  Consider joining all columns at once using pd.concat(axis=1) instead. To get a de-fragmented frame, use `newframe = frame.copy()`
  dataframe[f"dc_hi_{n}"] = dataframe["high"].rolling(n).max().shift(1)
/freqtrade/user_data/strategies/TrendVolTarget.py:50: PerformanceWarning: DataFrame is highly fragmented.  This is usually the result of calling `frame.insert` many times, which has poor performance.  Consider joining all columns at once using pd.concat(axis=1) instead. To get a de-fragmented frame, use `newframe = frame.copy()`
  dataframe[f"dc_hi_{n}"] = dataframe["high"].rolling(n).max().shift(1)
/freqtrade/user_data/strategies/TrendVolTarget.py:50: PerformanceWarning: DataFrame is highly fragmented.  This is usually the result of calling `frame.insert` many times, which has poor performance.  Consider joining all columns at once using pd.concat(axis=1) instead. To get a de-fragmented frame, use `newframe = frame.copy()`
  dataframe[f"dc_hi_{n}"] = dataframe["high"].rolling(n).max().shift(1)
/freqtrade/user_data/strategies/TrendVolTarget.py:50: PerformanceWarning: DataFrame is highly fragmented.  This is usually the result of calling `frame.insert` many times, which has poor performance.  Consider joining all columns at once using pd.concat(axis=1) instead. To get a de-fragmented frame, use `newframe = frame.copy()`
  dataframe[f"dc_hi_{n}"] = dataframe["high"].rolling(n).max().shift(1)
/freqtrade/user_data/strategies/TrendVolTarget.py:50: PerformanceWarning: DataFrame is highly fragmented.  This is usually the result of calling `frame.insert` many times, which has poor performance.  Consider joining all columns at once using pd.concat(axis=1) instead. To get a de-fragmented frame, use `newframe = frame.copy()`
  dataframe[f"dc_hi_{n}"] = dataframe["high"].rolling(n).max().shift(1)
/freqtrade/user_data/strategies/TrendVolTarget.py:50: PerformanceWarning: DataFrame is highly fragmented.  This is usually the result of calling `frame.insert` many times, which has poor performance.  Consider joining all columns at once using pd.concat(axis=1) instead. To get a de-fragmented frame, use `newframe = frame.copy()`
  dataframe[f"dc_hi_{n}"] = dataframe["high"].rolling(n).max().shift(1)
/freqtrade/user_data/strategies/TrendVolTarget.py:53: PerformanceWarning: DataFrame is highly fragmented.  This is usually the result of calling `frame.insert` many times, which has poor performance.  Consider joining all columns at once using pd.concat(axis=1) instead. To get a de-fragmented frame, use `newframe = frame.copy()`
  dataframe["sma_f"] = ta.SMA(dataframe, timeperiod=60)
/freqtrade/user_data/strategies/TrendVolTarget.py:54: PerformanceWarning: DataFrame is highly fragmented.  This is usually the result of calling `frame.insert` many times, which has poor performance.  Consider joining all columns at once using pd.concat(axis=1) instead. To get a de-fragmented frame, use `newframe = frame.copy()`
  dataframe["sma_s"] = ta.SMA(dataframe, timeperiod=240)
/freqtrade/user_data/strategies/TrendVolTarget.py:56: PerformanceWarning: DataFrame is highly fragmented.  This is usually the result of calling `frame.insert` many times, which has poor performance.  Consider joining all columns at once using pd.concat(axis=1) instead. To get a de-fragmented frame, use `newframe = frame.copy()`
  dataframe["rvol"] = dataframe["close"].pct_change().rolling(90).std() * np.sqrt(6 * 365)
/freqtrade/user_data/strategies/TrendVolTarget.py:50: PerformanceWarning: DataFrame is highly fragmented.  This is usually the result of calling `frame.insert` many times, which has poor performance.  Consider joining all columns at once using pd.concat(axis=1) instead. To get a de-fragmented frame, use `newframe = frame.copy()`
  dataframe[f"dc_hi_{n}"] = dataframe["high"].rolling(n).max().shift(1)
/freqtrade/user_data/strategies/TrendVolTarget.py:50: PerformanceWarning: DataFrame is highly fragmented.  This is usually the result of calling `frame.insert` many times, which has poor performance.  Consider joining all columns at once using pd.concat(axis=1) instead. To get a de-fragmented frame, use `newframe = frame.copy()`
  dataframe[f"dc_hi_{n}"] = dataframe["high"].rolling(n).max().shift(1)
/freqtrade/user_data/strategies/TrendVolTarget.py:50: PerformanceWarning: DataFrame is highly fragmented.  This is usually the result of calling `frame.insert` many times, which has poor performance.  Consider joining all columns at once using pd.concat(axis=1) instead. To get a de-fragmented frame, use `newframe = frame.copy()`
  dataframe[f"dc_hi_{n}"] = dataframe["high"].rolling(n).max().shift(1)
/freqtrade/user_data/strategies/TrendVolTarget.py:50: PerformanceWarning: DataFrame is highly fragmented.  This is usually the result of calling `frame.insert` many times, which has poor performance.  Consider joining all columns at once using pd.concat(axis=1) instead. To get a de-fragmented frame, use `newframe = frame.copy()`
  dataframe[f"dc_hi_{n}"] = dataframe["high"].rolling(n).max().shift(1)
/freqtrade/user_data/strategies/TrendVolTarget.py:50: PerformanceWarning: DataFrame is highly fragmented.  This is usually the result of calling `frame.insert` many times, which has poor performance.  Consider joining all columns at once using pd.concat(axis=1) instead. To get a de-fragmented frame, use `newframe = frame.copy()`
  dataframe[f"dc_hi_{n}"] = dataframe["high"].rolling(n).max().shift(1)
/freqtrade/user_data/strategies/TrendVolTarget.py:50: PerformanceWarning: DataFrame is highly fragmented.  This is usually the result of calling `frame.insert` many times, which has poor performance.  Consider joining all columns at once using pd.concat(axis=1) instead. To get a de-fragmented frame, use `newframe = frame.copy()`
  dataframe[f"dc_hi_{n}"] = dataframe["high"].rolling(n).max().shift(1)
/freqtrade/user_data/strategies/TrendVolTarget.py:50: PerformanceWarning: DataFrame is highly fragmented.  This is usually the result of calling `frame.insert` many times, which has poor performance.  Consider joining all columns at once using pd.concat(axis=1) instead. To get a de-fragmented frame, use `newframe = frame.copy()`
  dataframe[f"dc_hi_{n}"] = dataframe["high"].rolling(n).max().shift(1)
/freqtrade/user_data/strategies/TrendVolTarget.py:50: PerformanceWarning: DataFrame is highly fragmented.  This is usually the result of calling `frame.insert` many times, which has poor performance.  Consider joining all columns at once using pd.concat(axis=1) instead. To get a de-fragmented frame, use `newframe = frame.copy()`
  dataframe[f"dc_hi_{n}"] = dataframe["high"].rolling(n).max().shift(1)
/freqtrade/user_data/strategies/TrendVolTarget.py:50: PerformanceWarning: DataFrame is highly fragmented.  This is usually the result of calling `frame.insert` many times, which has poor performance.  Consider joining all columns at once using pd.concat(axis=1) instead. To get a de-fragmented frame, use `newframe = frame.copy()`
  dataframe[f"dc_hi_{n}"] = dataframe["high"].rolling(n).max().shift(1)
/freqtrade/user_data/strategies/TrendVolTarget.py:50: PerformanceWarning: DataFrame is highly fragmented.  This is usually the result of calling `frame.insert` many times, which has poor performance.  Consider joining all columns at once using pd.concat(axis=1) instead. To get a de-fragmented frame, use `newframe = frame.copy()`
  dataframe[f"dc_hi_{n}"] = dataframe["high"].rolling(n).max().shift(1)
/freqtrade/user_data/strategies/TrendVolTarget.py:50: PerformanceWarning: DataFrame is highly fragmented.  This is usually the result of calling `frame.insert` many times, which has poor performance.  Consider joining all columns at once using pd.concat(axis=1) instead. To get a de-fragmented frame, use `newframe = frame.copy()`
  dataframe[f"dc_hi_{n}"] = dataframe["high"].rolling(n).max().shift(1)
/freqtrade/user_data/strategies/TrendVolTarget.py:50: PerformanceWarning: DataFrame is highly fragmented.  This is usually the result of calling `frame.insert` many times, which has poor performance.  Consider joining all columns at once using pd.concat(axis=1) instead. To get a de-fragmented frame, use `newframe = frame.copy()`
  dataframe[f"dc_hi_{n}"] = dataframe["high"].rolling(n).max().shift(1)
/freqtrade/user_data/strategies/TrendVolTarget.py:50: PerformanceWarning: DataFrame is highly fragmented.  This is usually the result of calling `frame.insert` many times, which has poor performance.  Consider joining all columns at once using pd.concat(axis=1) instead. To get a de-fragmented frame, use `newframe = frame.copy()`
  dataframe[f"dc_hi_{n}"] = dataframe["high"].rolling(n).max().shift(1)
/freqtrade/user_data/strategies/TrendVolTarget.py:50: PerformanceWarning: DataFrame is highly fragmented.  This is usually the result of calling `frame.insert` many times, which has poor performance.  Consider joining all columns at once using pd.concat(axis=1) instead. To get a de-fragmented frame, use `newframe = frame.copy()`
  dataframe[f"dc_hi_{n}"] = dataframe["high"].rolling(n).max().shift(1)
/freqtrade/user_data/strategies/TrendVolTarget.py:50: PerformanceWarning: DataFrame is highly fragmented.  This is usually the result of calling `frame.insert` many times, which has poor performance.  Consider joining all columns at once using pd.concat(axis=1) instead. To get a de-fragmented frame, use `newframe = frame.copy()`
  dataframe[f"dc_hi_{n}"] = dataframe["high"].rolling(n).max().shift(1)
/freqtrade/user_data/strategies/TrendVolTarget.py:50: PerformanceWarning: DataFrame is highly fragmented.  This is usually the result of calling `frame.insert` many times, which has poor performance.  Consider joining all columns at once using pd.concat(axis=1) instead. To get a de-fragmented frame, use `newframe = frame.copy()`
  dataframe[f"dc_hi_{n}"] = dataframe["high"].rolling(n).max().shift(1)
/freqtrade/user_data/strategies/TrendVolTarget.py:50: PerformanceWarning: DataFrame is highly fragmented.  This is usually the result of calling `frame.insert` many times, which has poor performance.  Consider joining all columns at once using pd.concat(axis=1) instead. To get a de-fragmented frame, use `newframe = frame.copy()`
  dataframe[f"dc_hi_{n}"] = dataframe["high"].rolling(n).max().shift(1)
/freqtrade/user_data/strategies/TrendVolTarget.py:50: PerformanceWarning: DataFrame is highly fragmented.  This is usually the result of calling `frame.insert` many times, which has poor performance.  Consider joining all columns at once using pd.concat(axis=1) instead. To get a de-fragmented frame, use `newframe = frame.copy()`
  dataframe[f"dc_hi_{n}"] = dataframe["high"].rolling(n).max().shift(1)
/freqtrade/user_data/strategies/TrendVolTarget.py:50: PerformanceWarning: DataFrame is highly fragmented.  This is usually the result of calling `frame.insert` many times, which has poor performance.  Consider joining all columns at once using pd.concat(axis=1) instead. To get a de-fragmented frame, use `newframe = frame.copy()`
  dataframe[f"dc_hi_{n}"] = dataframe["high"].rolling(n).max().shift(1)
/freqtrade/user_data/strategies/TrendVolTarget.py:50: PerformanceWarning: DataFrame is highly fragmented.  This is usually the result of calling `frame.insert` many times, which has poor performance.  Consider joining all columns at once using pd.concat(axis=1) instead. To get a de-fragmented frame, use `newframe = frame.copy()`
  dataframe[f"dc_hi_{n}"] = dataframe["high"].rolling(n).max().shift(1)
/freqtrade/user_data/strategies/TrendVolTarget.py:50: PerformanceWarning: DataFrame is highly fragmented.  This is usually the result of calling `frame.insert` many times, which has poor performance.  Consider joining all columns at once using pd.concat(axis=1) instead. To get a de-fragmented frame, use `newframe = frame.copy()`
  dataframe[f"dc_hi_{n}"] = dataframe["high"].rolling(n).max().shift(1)
/freqtrade/user_data/strategies/TrendVolTarget.py:50: PerformanceWarning: DataFrame is highly fragmented.  This is usually the result of calling `frame.insert` many times, which has poor performance.  Consider joining all columns at once using pd.concat(axis=1) instead. To get a de-fragmented frame, use `newframe = frame.copy()`
  dataframe[f"dc_hi_{n}"] = dataframe["high"].rolling(n).max().shift(1)
/freqtrade/user_data/strategies/TrendVolTarget.py:50: PerformanceWarning: DataFrame is highly fragmented.  This is usually the result of calling `frame.insert` many times, which has poor performance.  Consider joining all columns at once using pd.concat(axis=1) instead. To get a de-fragmented frame, use `newframe = frame.copy()`
  dataframe[f"dc_hi_{n}"] = dataframe["high"].rolling(n).max().shift(1)
/freqtrade/user_data/strategies/TrendVolTarget.py:50: PerformanceWarning: DataFrame is highly fragmented.  This is usually the result of calling `frame.insert` many times, which has poor performance.  Consider joining all columns at once using pd.concat(axis=1) instead. To get a de-fragmented frame, use `newframe = frame.copy()`
  dataframe[f"dc_hi_{n}"] = dataframe["high"].rolling(n).max().shift(1)
/freqtrade/user_data/strategies/TrendVolTarget.py:50: PerformanceWarning: DataFrame is highly fragmented.  This is usually the result of calling `frame.insert` many times, which has poor performance.  Consider joining all columns at once using pd.concat(axis=1) instead. To get a de-fragmented frame, use `newframe = frame.copy()`
  dataframe[f"dc_hi_{n}"] = dataframe["high"].rolling(n).max().shift(1)
/freqtrade/user_data/strategies/TrendVolTarget.py:50: PerformanceWarning: DataFrame is highly fragmented.  This is usually the result of calling `frame.insert` many times, which has poor performance.  Consider joining all columns at once using pd.concat(axis=1) instead. To get a de-fragmented frame, use `newframe = frame.copy()`
  dataframe[f"dc_hi_{n}"] = dataframe["high"].rolling(n).max().shift(1)
/freqtrade/user_data/strategies/TrendVolTarget.py:50: PerformanceWarning: DataFrame is highly fragmented.  This is usually the result of calling `frame.insert` many times, which has poor performance.  Consider joining all columns at once using pd.concat(axis=1) instead. To get a de-fragmented frame, use `newframe = frame.copy()`
  dataframe[f"dc_hi_{n}"] = dataframe["high"].rolling(n).max().shift(1)
/freqtrade/user_data/strategies/TrendVolTarget.py:50: PerformanceWarning: DataFrame is highly fragmented.  This is usually the result of calling `frame.insert` many times, which has poor performance.  Consider joining all columns at once using pd.concat(axis=1) instead. To get a de-fragmented frame, use `newframe = frame.copy()`
  dataframe[f"dc_hi_{n}"] = dataframe["high"].rolling(n).max().shift(1)
/freqtrade/user_data/strategies/TrendVolTarget.py:50: PerformanceWarning: DataFrame is highly fragmented.  This is usually the result of calling `frame.insert` many times, which has poor performance.  Consider joining all columns at once using pd.concat(axis=1) instead. To get a de-fragmented frame, use `newframe = frame.copy()`
  dataframe[f"dc_hi_{n}"] = dataframe["high"].rolling(n).max().shift(1)
/freqtrade/user_data/strategies/TrendVolTarget.py:50: PerformanceWarning: DataFrame is highly fragmented.  This is usually the result of calling `frame.insert` many times, which has poor performance.  Consider joining all columns at once using pd.concat(axis=1) instead. To get a de-fragmented frame, use `newframe = frame.copy()`
  dataframe[f"dc_hi_{n}"] = dataframe["high"].rolling(n).max().shift(1)
/freqtrade/user_data/strategies/TrendVolTarget.py:50: PerformanceWarning: DataFrame is highly fragmented.  This is usually the result of calling `frame.insert` many times, which has poor performance.  Consider joining all columns at once using pd.concat(axis=1) instead. To get a de-fragmented frame, use `newframe = frame.copy()`
  dataframe[f"dc_hi_{n}"] = dataframe["high"].rolling(n).max().shift(1)
/freqtrade/user_data/strategies/TrendVolTarget.py:50: PerformanceWarning: DataFrame is highly fragmented.  This is usually the result of calling `frame.insert` many times, which has poor performance.  Consider joining all columns at once using pd.concat(axis=1) instead. To get a de-fragmented frame, use `newframe = frame.copy()`
  dataframe[f"dc_hi_{n}"] = dataframe["high"].rolling(n).max().shift(1)
/freqtrade/user_data/strategies/TrendVolTarget.py:50: PerformanceWarning: DataFrame is highly fragmented.  This is usually the result of calling `frame.insert` many times, which has poor performance.  Consider joining all columns at once using pd.concat(axis=1) instead. To get a de-fragmented frame, use `newframe = frame.copy()`
  dataframe[f"dc_hi_{n}"] = dataframe["high"].rolling(n).max().shift(1)
/freqtrade/user_data/strategies/TrendVolTarget.py:50: PerformanceWarning: DataFrame is highly fragmented.  This is usually the result of calling `frame.insert` many times, which has poor performance.  Consider joining all columns at once using pd.concat(axis=1) instead. To get a de-fragmented frame, use `newframe = frame.copy()`
  dataframe[f"dc_hi_{n}"] = dataframe["high"].rolling(n).max().shift(1)
/freqtrade/user_data/strategies/TrendVolTarget.py:50: PerformanceWarning: DataFrame is highly fragmented.  This is usually the result of calling `frame.insert` many times, which has poor performance.  Consider joining all columns at once using pd.concat(axis=1) instead. To get a de-fragmented frame, use `newframe = frame.copy()`
  dataframe[f"dc_hi_{n}"] = dataframe["high"].rolling(n).max().shift(1)
/freqtrade/user_data/strategies/TrendVolTarget.py:50: PerformanceWarning: DataFrame is highly fragmented.  This is usually the result of calling `frame.insert` many times, which has poor performance.  Consider joining all columns at once using pd.concat(axis=1) instead. To get a de-fragmented frame, use `newframe = frame.copy()`
  dataframe[f"dc_hi_{n}"] = dataframe["high"].rolling(n).max().shift(1)
/freqtrade/user_data/strategies/TrendVolTarget.py:50: PerformanceWarning: DataFrame is highly fragmented.  This is usually the result of calling `frame.insert` many times, which has poor performance.  Consider joining all columns at once using pd.concat(axis=1) instead. To get a de-fragmented frame, use `newframe = frame.copy()`
  dataframe[f"dc_hi_{n}"] = dataframe["high"].rolling(n).max().shift(1)
/freqtrade/user_data/strategies/TrendVolTarget.py:50: PerformanceWarning: DataFrame is highly fragmented.  This is usually the result of calling `frame.insert` many times, which has poor performance.  Consider joining all columns at once using pd.concat(axis=1) instead. To get a de-fragmented frame, use `newframe = frame.copy()`
  dataframe[f"dc_hi_{n}"] = dataframe["high"].rolling(n).max().shift(1)
/freqtrade/user_data/strategies/TrendVolTarget.py:50: PerformanceWarning: DataFrame is highly fragmented.  This is usually the result of calling `frame.insert` many times, which has poor performance.  Consider joining all columns at once using pd.concat(axis=1) instead. To get a de-fragmented frame, use `newframe = frame.copy()`
  dataframe[f"dc_hi_{n}"] = dataframe["high"].rolling(n).max().shift(1)
/freqtrade/user_data/strategies/TrendVolTarget.py:50: PerformanceWarning: DataFrame is highly fragmented.  This is usually the result of calling `frame.insert` many times, which has poor performance.  Consider joining all columns at once using pd.concat(axis=1) instead. To get a de-fragmented frame, use `newframe = frame.copy()`
  dataframe[f"dc_hi_{n}"] = dataframe["high"].rolling(n).max().shift(1)
/freqtrade/user_data/strategies/TrendVolTarget.py:50: PerformanceWarning: DataFrame is highly fragmented.  This is usually the result of calling `frame.insert` many times, which has poor performance.  Consider joining all columns at once using pd.concat(axis=1) instead. To get a de-fragmented frame, use `newframe = frame.copy()`
  dataframe[f"dc_hi_{n}"] = dataframe["high"].rolling(n).max().shift(1)
/freqtrade/user_data/strategies/TrendVolTarget.py:50: PerformanceWarning: DataFrame is highly fragmented.  This is usually the result of calling `frame.insert` many times, which has poor performance.  Consider joining all columns at once using pd.concat(axis=1) instead. To get a de-fragmented frame, use `newframe = frame.copy()`
  dataframe[f"dc_hi_{n}"] = dataframe["high"].rolling(n).max().shift(1)
/freqtrade/user_data/strategies/TrendVolTarget.py:50: PerformanceWarning: DataFrame is highly fragmented.  This is usually the result of calling `frame.insert` many times, which has poor performance.  Consider joining all columns at once using pd.concat(axis=1) instead. To get a de-fragmented frame, use `newframe = frame.copy()`
  dataframe[f"dc_hi_{n}"] = dataframe["high"].rolling(n).max().shift(1)
/freqtrade/user_data/strategies/TrendVolTarget.py:50: PerformanceWarning: DataFrame is highly fragmented.  This is usually the result of calling `frame.insert` many times, which has poor performance.  Consider joining all columns at once using pd.concat(axis=1) instead. To get a de-fragmented frame, use `newframe = frame.copy()`
  dataframe[f"dc_hi_{n}"] = dataframe["high"].rolling(n).max().shift(1)
/freqtrade/user_data/strategies/TrendVolTarget.py:50: PerformanceWarning: DataFrame is highly fragmented.  This is usually the result of calling `frame.insert` many times, which has poor performance.  Consider joining all columns at once using pd.concat(axis=1) instead. To get a de-fragmented frame, use `newframe = frame.copy()`
  dataframe[f"dc_hi_{n}"] = dataframe["high"].rolling(n).max().shift(1)
/freqtrade/user_data/strategies/TrendVolTarget.py:50: PerformanceWarning: DataFrame is highly fragmented.  This is usually the result of calling `frame.insert` many times, which has poor performance.  Consider joining all columns at once using pd.concat(axis=1) instead. To get a de-fragmented frame, use `newframe = frame.copy()`
  dataframe[f"dc_hi_{n}"] = dataframe["high"].rolling(n).max().shift(1)
/freqtrade/user_data/strategies/TrendVolTarget.py:50: PerformanceWarning: DataFrame is highly fragmented.  This is usually the result of calling `frame.insert` many times, which has poor performance.  Consider joining all columns at once using pd.concat(axis=1) instead. To get a de-fragmented frame, use `newframe = frame.copy()`
  dataframe[f"dc_hi_{n}"] = dataframe["high"].rolling(n).max().shift(1)
/freqtrade/user_data/strategies/TrendVolTarget.py:50: PerformanceWarning: DataFrame is highly fragmented.  This is usually the result of calling `frame.insert` many times, which has poor performance.  Consider joining all columns at once using pd.concat(axis=1) instead. To get a de-fragmented frame, use `newframe = frame.copy()`
  dataframe[f"dc_hi_{n}"] = dataframe["high"].rolling(n).max().shift(1)
/freqtrade/user_data/strategies/TrendVolTarget.py:50: PerformanceWarning: DataFrame is highly fragmented.  This is usually the result of calling `frame.insert` many times, which has poor performance.  Consider joining all columns at once using pd.concat(axis=1) instead. To get a de-fragmented frame, use `newframe = frame.copy()`
  dataframe[f"dc_hi_{n}"] = dataframe["high"].rolling(n).max().shift(1)
/freqtrade/user_data/strategies/TrendVolTarget.py:50: PerformanceWarning: DataFrame is highly fragmented.  This is usually the result of calling `frame.insert` many times, which has poor performance.  Consider joining all columns at once using pd.concat(axis=1) instead. To get a de-fragmented frame, use `newframe = frame.copy()`
  dataframe[f"dc_hi_{n}"] = dataframe["high"].rolling(n).max().shift(1)
/freqtrade/user_data/strategies/TrendVolTarget.py:50: PerformanceWarning: DataFrame is highly fragmented.  This is usually the result of calling `frame.insert` many times, which has poor performance.  Consider joining all columns at once using pd.concat(axis=1) instead. To get a de-fragmented frame, use `newframe = frame.copy()`
  dataframe[f"dc_hi_{n}"] = dataframe["high"].rolling(n).max().shift(1)
/freqtrade/user_data/strategies/TrendVolTarget.py:50: PerformanceWarning: DataFrame is highly fragmented.  This is usually the result of calling `frame.insert` many times, which has poor performance.  Consider joining all columns at once using pd.concat(axis=1) instead. To get a de-fragmented frame, use `newframe = frame.copy()`
  dataframe[f"dc_hi_{n}"] = dataframe["high"].rolling(n).max().shift(1)
/freqtrade/user_data/strategies/TrendVolTarget.py:50: PerformanceWarning: DataFrame is highly fragmented.  This is usually the result of calling `frame.insert` many times, which has poor performance.  Consider joining all columns at once using pd.concat(axis=1) instead. To get a de-fragmented frame, use `newframe = frame.copy()`
  dataframe[f"dc_hi_{n}"] = dataframe["high"].rolling(n).max().shift(1)
/freqtrade/user_data/strategies/TrendVolTarget.py:50: PerformanceWarning: DataFrame is highly fragmented.  This is usually the result of calling `frame.insert` many times, which has poor performance.  Consider joining all columns at once using pd.concat(axis=1) instead. To get a de-fragmented frame, use `newframe = frame.copy()`
  dataframe[f"dc_hi_{n}"] = dataframe["high"].rolling(n).max().shift(1)
/freqtrade/user_data/strategies/TrendVolTarget.py:50: PerformanceWarning: DataFrame is highly fragmented.  This is usually the result of calling `frame.insert` many times, which has poor performance.  Consider joining all columns at once using pd.concat(axis=1) instead. To get a de-fragmented frame, use `newframe = frame.copy()`
  dataframe[f"dc_hi_{n}"] = dataframe["high"].rolling(n).max().shift(1)
/freqtrade/user_data/strategies/TrendVolTarget.py:50: PerformanceWarning: DataFrame is highly fragmented.  This is usually the result of calling `frame.insert` many times, which has poor performance.  Consider joining all columns at once using pd.concat(axis=1) instead. To get a de-fragmented frame, use `newframe = frame.copy()`
  dataframe[f"dc_hi_{n}"] = dataframe["high"].rolling(n).max().shift(1)
/freqtrade/user_data/strategies/TrendVolTarget.py:50: PerformanceWarning: DataFrame is highly fragmented.  This is usually the result of calling `frame.insert` many times, which has poor performance.  Consider joining all columns at once using pd.concat(axis=1) instead. To get a de-fragmented frame, use `newframe = frame.copy()`
  dataframe[f"dc_hi_{n}"] = dataframe["high"].rolling(n).max().shift(1)
/freqtrade/user_data/strategies/TrendVolTarget.py:50: PerformanceWarning: DataFrame is highly fragmented.  This is usually the result of calling `frame.insert` many times, which has poor performance.  Consider joining all columns at once using pd.concat(axis=1) instead. To get a de-fragmented frame, use `newframe = frame.copy()`
  dataframe[f"dc_hi_{n}"] = dataframe["high"].rolling(n).max().shift(1)
/freqtrade/user_data/strategies/TrendVolTarget.py:50: PerformanceWarning: DataFrame is highly fragmented.  This is usually the result of calling `frame.insert` many times, which has poor performance.  Consider joining all columns at once using pd.concat(axis=1) instead. To get a de-fragmented frame, use `newframe = frame.copy()`
  dataframe[f"dc_hi_{n}"] = dataframe["high"].rolling(n).max().shift(1)
/freqtrade/user_data/strategies/TrendVolTarget.py:50: PerformanceWarning: DataFrame is highly fragmented.  This is usually the result of calling `frame.insert` many times, which has poor performance.  Consider joining all columns at once using pd.concat(axis=1) instead. To get a de-fragmented frame, use `newframe = frame.copy()`
  dataframe[f"dc_hi_{n}"] = dataframe["high"].rolling(n).max().shift(1)
/freqtrade/user_data/strategies/TrendVolTarget.py:50: PerformanceWarning: DataFrame is highly fragmented.  This is usually the result of calling `frame.insert` many times, which has poor performance.  Consider joining all columns at once using pd.concat(axis=1) instead. To get a de-fragmented frame, use `newframe = frame.copy()`
  dataframe[f"dc_hi_{n}"] = dataframe["high"].rolling(n).max().shift(1)
/freqtrade/user_data/strategies/TrendVolTarget.py:50: PerformanceWarning: DataFrame is highly fragmented.  This is usually the result of calling `frame.insert` many times, which has poor performance.  Consider joining all columns at once using pd.concat(axis=1) instead. To get a de-fragmented frame, use `newframe = frame.copy()`
  dataframe[f"dc_hi_{n}"] = dataframe["high"].rolling(n).max().shift(1)
/freqtrade/user_data/strategies/TrendVolTarget.py:50: PerformanceWarning: DataFrame is highly fragmented.  This is usually the result of calling `frame.insert` many times, which has poor performance.  Consider joining all columns at once using pd.concat(axis=1) instead. To get a de-fragmented frame, use `newframe = frame.copy()`
  dataframe[f"dc_hi_{n}"] = dataframe["high"].rolling(n).max().shift(1)
/freqtrade/user_data/strategies/TrendVolTarget.py:50: PerformanceWarning: DataFrame is highly fragmented.  This is usually the result of calling `frame.insert` many times, which has poor performance.  Consider joining all columns at once using pd.concat(axis=1) instead. To get a de-fragmented frame, use `newframe = frame.copy()`
  dataframe[f"dc_hi_{n}"] = dataframe["high"].rolling(n).max().shift(1)
/freqtrade/user_data/strategies/TrendVolTarget.py:50: PerformanceWarning: DataFrame is highly fragmented.  This is usually the result of calling `frame.insert` many times, which has poor performance.  Consider joining all columns at once using pd.concat(axis=1) instead. To get a de-fragmented frame, use `newframe = frame.copy()`
  dataframe[f"dc_hi_{n}"] = dataframe["high"].rolling(n).max().shift(1)
/freqtrade/user_data/strategies/TrendVolTarget.py:50: PerformanceWarning: DataFrame is highly fragmented.  This is usually the result of calling `frame.insert` many times, which has poor performance.  Consider joining all columns at once using pd.concat(axis=1) instead. To get a de-fragmented frame, use `newframe = frame.copy()`
  dataframe[f"dc_hi_{n}"] = dataframe["high"].rolling(n).max().shift(1)
/freqtrade/user_data/strategies/TrendVolTarget.py:50: PerformanceWarning: DataFrame is highly fragmented.  This is usually the result of calling `frame.insert` many times, which has poor performance.  Consider joining all columns at once using pd.concat(axis=1) instead. To get a de-fragmented frame, use `newframe = frame.copy()`
  dataframe[f"dc_hi_{n}"] = dataframe["high"].rolling(n).max().shift(1)
/freqtrade/user_data/strategies/TrendVolTarget.py:50: PerformanceWarning: DataFrame is highly fragmented.  This is usually the result of calling `frame.insert` many times, which has poor performance.  Consider joining all columns at once using pd.concat(axis=1) instead. To get a de-fragmented frame, use `newframe = frame.copy()`
  dataframe[f"dc_hi_{n}"] = dataframe["high"].rolling(n).max().shift(1)
/freqtrade/user_data/strategies/TrendVolTarget.py:50: PerformanceWarning: DataFrame is highly fragmented.  This is usually the result of calling `frame.insert` many times, which has poor performance.  Consider joining all columns at once using pd.concat(axis=1) instead. To get a de-fragmented frame, use `newframe = frame.copy()`
  dataframe[f"dc_hi_{n}"] = dataframe["high"].rolling(n).max().shift(1)
/freqtrade/user_data/strategies/TrendVolTarget.py:50: PerformanceWarning: DataFrame is highly fragmented.  This is usually the result of calling `frame.insert` many times, which has poor performance.  Consider joining all columns at once using pd.concat(axis=1) instead. To get a de-fragmented frame, use `newframe = frame.copy()`
  dataframe[f"dc_hi_{n}"] = dataframe["high"].rolling(n).max().shift(1)
/freqtrade/user_data/strategies/TrendVolTarget.py:50: PerformanceWarning: DataFrame is highly fragmented.  This is usually the result of calling `frame.insert` many times, which has poor performance.  Consider joining all columns at once using pd.concat(axis=1) instead. To get a de-fragmented frame, use `newframe = frame.copy()`
  dataframe[f"dc_hi_{n}"] = dataframe["high"].rolling(n).max().shift(1)
/freqtrade/user_data/strategies/TrendVolTarget.py:50: PerformanceWarning: DataFrame is highly fragmented.  This is usually the result of calling `frame.insert` many times, which has poor performance.  Consider joining all columns at once using pd.concat(axis=1) instead. To get a de-fragmented frame, use `newframe = frame.copy()`
  dataframe[f"dc_hi_{n}"] = dataframe["high"].rolling(n).max().shift(1)
/freqtrade/user_data/strategies/TrendVolTarget.py:50: PerformanceWarning: DataFrame is highly fragmented.  This is usually the result of calling `frame.insert` many times, which has poor performance.  Consider joining all columns at once using pd.concat(axis=1) instead. To get a de-fragmented frame, use `newframe = frame.copy()`
  dataframe[f"dc_hi_{n}"] = dataframe["high"].rolling(n).max().shift(1)
/freqtrade/user_data/strategies/TrendVolTarget.py:50: PerformanceWarning: DataFrame is highly fragmented.  This is usually the result of calling `frame.insert` many times, which has poor performance.  Consider joining all columns at once using pd.concat(axis=1) instead. To get a de-fragmented frame, use `newframe = frame.copy()`
  dataframe[f"dc_hi_{n}"] = dataframe["high"].rolling(n).max().shift(1)
/freqtrade/user_data/strategies/TrendVolTarget.py:50: PerformanceWarning: DataFrame is highly fragmented.  This is usually the result of calling `frame.insert` many times, which has poor performance.  Consider joining all columns at once using pd.concat(axis=1) instead. To get a de-fragmented frame, use `newframe = frame.copy()`
  dataframe[f"dc_hi_{n}"] = dataframe["high"].rolling(n).max().shift(1)
/freqtrade/user_data/strategies/TrendVolTarget.py:50: PerformanceWarning: DataFrame is highly fragmented.  This is usually the result of calling `frame.insert` many times, which has poor performance.  Consider joining all columns at once using pd.concat(axis=1) instead. To get a de-fragmented frame, use `newframe = frame.copy()`
  dataframe[f"dc_hi_{n}"] = dataframe["high"].rolling(n).max().shift(1)
/freqtrade/user_data/strategies/TrendVolTarget.py:50: PerformanceWarning: DataFrame is highly fragmented.  This is usually the result of calling `frame.insert` many times, which has poor performance.  Consider joining all columns at once using pd.concat(axis=1) instead. To get a de-fragmented frame, use `newframe = frame.copy()`
  dataframe[f"dc_hi_{n}"] = dataframe["high"].rolling(n).max().shift(1)
/freqtrade/user_data/strategies/TrendVolTarget.py:50: PerformanceWarning: DataFrame is highly fragmented.  This is usually the result of calling `frame.insert` many times, which has poor performance.  Consider joining all columns at once using pd.concat(axis=1) instead. To get a de-fragmented frame, use `newframe = frame.copy()`
  dataframe[f"dc_hi_{n}"] = dataframe["high"].rolling(n).max().shift(1)
/freqtrade/user_data/strategies/TrendVolTarget.py:50: PerformanceWarning: DataFrame is highly fragmented.  This is usually the result of calling `frame.insert` many times, which has poor performance.  Consider joining all columns at once using pd.concat(axis=1) instead. To get a de-fragmented frame, use `newframe = frame.copy()`
  dataframe[f"dc_hi_{n}"] = dataframe["high"].rolling(n).max().shift(1)
/freqtrade/user_data/strategies/TrendVolTarget.py:50: PerformanceWarning: DataFrame is highly fragmented.  This is usually the result of calling `frame.insert` many times, which has poor performance.  Consider joining all columns at once using pd.concat(axis=1) instead. To get a de-fragmented frame, use `newframe = frame.copy()`
  dataframe[f"dc_hi_{n}"] = dataframe["high"].rolling(n).max().shift(1)
/freqtrade/user_data/strategies/TrendVolTarget.py:50: PerformanceWarning: DataFrame is highly fragmented.  This is usually the result of calling `frame.insert` many times, which has poor performance.  Consider joining all columns at once using pd.concat(axis=1) instead. To get a de-fragmented frame, use `newframe = frame.copy()`
  dataframe[f"dc_hi_{n}"] = dataframe["high"].rolling(n).max().shift(1)
/freqtrade/user_data/strategies/TrendVolTarget.py:50: PerformanceWarning: DataFrame is highly fragmented.  This is usually the result of calling `frame.insert` many times, which has poor performance.  Consider joining all columns at once using pd.concat(axis=1) instead. To get a de-fragmented frame, use `newframe = frame.copy()`
  dataframe[f"dc_hi_{n}"] = dataframe["high"].rolling(n).max().shift(1)
/freqtrade/user_data/strategies/TrendVolTarget.py:50: PerformanceWarning: DataFrame is highly fragmented.  This is usually the result of calling `frame.insert` many times, which has poor performance.  Consider joining all columns at once using pd.concat(axis=1) instead. To get a de-fragmented frame, use `newframe = frame.copy()`
  dataframe[f"dc_hi_{n}"] = dataframe["high"].rolling(n).max().shift(1)
/freqtrade/user_data/strategies/TrendVolTarget.py:50: PerformanceWarning: DataFrame is highly fragmented.  This is usually the result of calling `frame.insert` many times, which has poor performance.  Consider joining all columns at once using pd.concat(axis=1) instead. To get a de-fragmented frame, use `newframe = frame.copy()`
  dataframe[f"dc_hi_{n}"] = dataframe["high"].rolling(n).max().shift(1)
/freqtrade/user_data/strategies/TrendVolTarget.py:50: PerformanceWarning: DataFrame is highly fragmented.  This is usually the result of calling `frame.insert` many times, which has poor performance.  Consider joining all columns at once using pd.concat(axis=1) instead. To get a de-fragmented frame, use `newframe = frame.copy()`
  dataframe[f"dc_hi_{n}"] = dataframe["high"].rolling(n).max().shift(1)
/freqtrade/user_data/strategies/TrendVolTarget.py:53: PerformanceWarning: DataFrame is highly fragmented.  This is usually the result of calling `frame.insert` many times, which has poor performance.  Consider joining all columns at once using pd.concat(axis=1) instead. To get a de-fragmented frame, use `newframe = frame.copy()`
  dataframe["sma_f"] = ta.SMA(dataframe, timeperiod=60)
/freqtrade/user_data/strategies/TrendVolTarget.py:54: PerformanceWarning: DataFrame is highly fragmented.  This is usually the result of calling `frame.insert` many times, which has poor performance.  Consider joining all columns at once using pd.concat(axis=1) instead. To get a de-fragmented frame, use `newframe = frame.copy()`
  dataframe["sma_s"] = ta.SMA(dataframe, timeperiod=240)
/freqtrade/user_data/strategies/TrendVolTarget.py:56: PerformanceWarning: DataFrame is highly fragmented.  This is usually the result of calling `frame.insert` many times, which has poor performance.  Consider joining all columns at once using pd.concat(axis=1) instead. To get a de-fragmented frame, use `newframe = frame.copy()`
  dataframe["rvol"] = dataframe["close"].pct_change().rolling(90).std() * np.sqrt(6 * 365)
/freqtrade/user_data/strategies/TrendVolTarget.py:50: PerformanceWarning: DataFrame is highly fragmented.  This is usually the result of calling `frame.insert` many times, which has poor performance.  Consider joining all columns at once using pd.concat(axis=1) instead. To get a de-fragmented frame, use `newframe = frame.copy()`
  dataframe[f"dc_hi_{n}"] = dataframe["high"].rolling(n).max().shift(1)
/freqtrade/user_data/strategies/TrendVolTarget.py:50: PerformanceWarning: DataFrame is highly fragmented.  This is usually the result of calling `frame.insert` many times, which has poor performance.  Consider joining all columns at once using pd.concat(axis=1) instead. To get a de-fragmented frame, use `newframe = frame.copy()`
  dataframe[f"dc_hi_{n}"] = dataframe["high"].rolling(n).max().shift(1)
/freqtrade/user_data/strategies/TrendVolTarget.py:50: PerformanceWarning: DataFrame is highly fragmented.  This is usually the result of calling `frame.insert` many times, which has poor performance.  Consider joining all columns at once using pd.concat(axis=1) instead. To get a de-fragmented frame, use `newframe = frame.copy()`
  dataframe[f"dc_hi_{n}"] = dataframe["high"].rolling(n).max().shift(1)
/freqtrade/user_data/strategies/TrendVolTarget.py:50: PerformanceWarning: DataFrame is highly fragmented.  This is usually the result of calling `frame.insert` many times, which has poor performance.  Consider joining all columns at once using pd.concat(axis=1) instead. To get a de-fragmented frame, use `newframe = frame.copy()`
  dataframe[f"dc_hi_{n}"] = dataframe["high"].rolling(n).max().shift(1)
/freqtrade/user_data/strategies/TrendVolTarget.py:50: PerformanceWarning: DataFrame is highly fragmented.  This is usually the result of calling `frame.insert` many times, which has poor performance.  Consider joining all columns at once using pd.concat(axis=1) instead. To get a de-fragmented frame, use `newframe = frame.copy()`
  dataframe[f"dc_hi_{n}"] = dataframe["high"].rolling(n).max().shift(1)
/freqtrade/user_data/strategies/TrendVolTarget.py:50: PerformanceWarning: DataFrame is highly fragmented.  This is usually the result of calling `frame.insert` many times, which has poor performance.  Consider joining all columns at once using pd.concat(axis=1) instead. To get a de-fragmented frame, use `newframe = frame.copy()`
  dataframe[f"dc_hi_{n}"] = dataframe["high"].rolling(n).max().shift(1)
/freqtrade/user_data/strategies/TrendVolTarget.py:50: PerformanceWarning: DataFrame is highly fragmented.  This is usually the result of calling `frame.insert` many times, which has poor performance.  Consider joining all columns at once using pd.concat(axis=1) instead. To get a de-fragmented frame, use `newframe = frame.copy()`
  dataframe[f"dc_hi_{n}"] = dataframe["high"].rolling(n).max().shift(1)
/freqtrade/user_data/strategies/TrendVolTarget.py:50: PerformanceWarning: DataFrame is highly fragmented.  This is usually the result of calling `frame.insert` many times, which has poor performance.  Consider joining all columns at once using pd.concat(axis=1) instead. To get a de-fragmented frame, use `newframe = frame.copy()`
  dataframe[f"dc_hi_{n}"] = dataframe["high"].rolling(n).max().shift(1)
/freqtrade/user_data/strategies/TrendVolTarget.py:50: PerformanceWarning: DataFrame is highly fragmented.  This is usually the result of calling `frame.insert` many times, which has poor performance.  Consider joining all columns at once using pd.concat(axis=1) instead. To get a de-fragmented frame, use `newframe = frame.copy()`
  dataframe[f"dc_hi_{n}"] = dataframe["high"].rolling(n).max().shift(1)
/freqtrade/user_data/strategies/TrendVolTarget.py:50: PerformanceWarning: DataFrame is highly fragmented.  This is usually the result of calling `frame.insert` many times, which has poor performance.  Consider joining all columns at once using pd.concat(axis=1) instead. To get a de-fragmented frame, use `newframe = frame.copy()`
  dataframe[f"dc_hi_{n}"] = dataframe["high"].rolling(n).max().shift(1)
/freqtrade/user_data/strategies/TrendVolTarget.py:50: PerformanceWarning: DataFrame is highly fragmented.  This is usually the result of calling `frame.insert` many times, which has poor performance.  Consider joining all columns at once using pd.concat(axis=1) instead. To get a de-fragmented frame, use `newframe = frame.copy()`
  dataframe[f"dc_hi_{n}"] = dataframe["high"].rolling(n).max().shift(1)
/freqtrade/user_data/strategies/TrendVolTarget.py:50: PerformanceWarning: DataFrame is highly fragmented.  This is usually the result of calling `frame.insert` many times, which has poor performance.  Consider joining all columns at once using pd.concat(axis=1) instead. To get a de-fragmented frame, use `newframe = frame.copy()`
  dataframe[f"dc_hi_{n}"] = dataframe["high"].rolling(n).max().shift(1)
/freqtrade/user_data/strategies/TrendVolTarget.py:50: PerformanceWarning: DataFrame is highly fragmented.  This is usually the result of calling `frame.insert` many times, which has poor performance.  Consider joining all columns at once using pd.concat(axis=1) instead. To get a de-fragmented frame, use `newframe = frame.copy()`
  dataframe[f"dc_hi_{n}"] = dataframe["high"].rolling(n).max().shift(1)
/freqtrade/user_data/strategies/TrendVolTarget.py:50: PerformanceWarning: DataFrame is highly fragmented.  This is usually the result of calling `frame.insert` many times, which has poor performance.  Consider joining all columns at once using pd.concat(axis=1) instead. To get a de-fragmented frame, use `newframe = frame.copy()`
  dataframe[f"dc_hi_{n}"] = dataframe["high"].rolling(n).max().shift(1)
/freqtrade/user_data/strategies/TrendVolTarget.py:50: PerformanceWarning: DataFrame is highly fragmented.  This is usually the result of calling `frame.insert` many times, which has poor performance.  Consider joining all columns at once using pd.concat(axis=1) instead. To get a de-fragmented frame, use `newframe = frame.copy()`
  dataframe[f"dc_hi_{n}"] = dataframe["high"].rolling(n).max().shift(1)
/freqtrade/user_data/strategies/TrendVolTarget.py:50: PerformanceWarning: DataFrame is highly fragmented.  This is usually the result of calling `frame.insert` many times, which has poor performance.  Consider joining all columns at once using pd.concat(axis=1) instead. To get a de-fragmented frame, use `newframe = frame.copy()`
  dataframe[f"dc_hi_{n}"] = dataframe["high"].rolling(n).max().shift(1)
/freqtrade/user_data/strategies/TrendVolTarget.py:50: PerformanceWarning: DataFrame is highly fragmented.  This is usually the result of calling `frame.insert` many times, which has poor performance.  Consider joining all columns at once using pd.concat(axis=1) instead. To get a de-fragmented frame, use `newframe = frame.copy()`
  dataframe[f"dc_hi_{n}"] = dataframe["high"].rolling(n).max().shift(1)
/freqtrade/user_data/strategies/TrendVolTarget.py:50: PerformanceWarning: DataFrame is highly fragmented.  This is usually the result of calling `frame.insert` many times, which has poor performance.  Consider joining all columns at once using pd.concat(axis=1) instead. To get a de-fragmented frame, use `newframe = frame.copy()`
  dataframe[f"dc_hi_{n}"] = dataframe["high"].rolling(n).max().shift(1)
/freqtrade/user_data/strategies/TrendVolTarget.py:50: PerformanceWarning: DataFrame is highly fragmented.  This is usually the result of calling `frame.insert` many times, which has poor performance.  Consider joining all columns at once using pd.concat(axis=1) instead. To get a de-fragmented frame, use `newframe = frame.copy()`
  dataframe[f"dc_hi_{n}"] = dataframe["high"].rolling(n).max().shift(1)
/freqtrade/user_data/strategies/TrendVolTarget.py:50: PerformanceWarning: DataFrame is highly fragmented.  This is usually the result of calling `frame.insert` many times, which has poor performance.  Consider joining all columns at once using pd.concat(axis=1) instead. To get a de-fragmented frame, use `newframe = frame.copy()`
  dataframe[f"dc_hi_{n}"] = dataframe["high"].rolling(n).max().shift(1)
/freqtrade/user_data/strategies/TrendVolTarget.py:50: PerformanceWarning: DataFrame is highly fragmented.  This is usually the result of calling `frame.insert` many times, which has poor performance.  Consider joining all columns at once using pd.concat(axis=1) instead. To get a de-fragmented frame, use `newframe = frame.copy()`
  dataframe[f"dc_hi_{n}"] = dataframe["high"].rolling(n).max().shift(1)
/freqtrade/user_data/strategies/TrendVolTarget.py:50: PerformanceWarning: DataFrame is highly fragmented.  This is usually the result of calling `frame.insert` many times, which has poor performance.  Consider joining all columns at once using pd.concat(axis=1) instead. To get a de-fragmented frame, use `newframe = frame.copy()`
  dataframe[f"dc_hi_{n}"] = dataframe["high"].rolling(n).max().shift(1)
/freqtrade/user_data/strategies/TrendVolTarget.py:50: PerformanceWarning: DataFrame is highly fragmented.  This is usually the result of calling `frame.insert` many times, which has poor performance.  Consider joining all columns at once using pd.concat(axis=1) instead. To get a de-fragmented frame, use `newframe = frame.copy()`
  dataframe[f"dc_hi_{n}"] = dataframe["high"].rolling(n).max().shift(1)
/freqtrade/user_data/strategies/TrendVolTarget.py:50: PerformanceWarning: DataFrame is highly fragmented.  This is usually the result of calling `frame.insert` many times, which has poor performance.  Consider joining all columns at once using pd.concat(axis=1) instead. To get a de-fragmented frame, use `newframe = frame.copy()`
  dataframe[f"dc_hi_{n}"] = dataframe["high"].rolling(n).max().shift(1)
/freqtrade/user_data/strategies/TrendVolTarget.py:50: PerformanceWarning: DataFrame is highly fragmented.  This is usually the result of calling `frame.insert` many times, which has poor performance.  Consider joining all columns at once using pd.concat(axis=1) instead. To get a de-fragmented frame, use `newframe = frame.copy()`
  dataframe[f"dc_hi_{n}"] = dataframe["high"].rolling(n).max().shift(1)
/freqtrade/user_data/strategies/TrendVolTarget.py:50: PerformanceWarning: DataFrame is highly fragmented.  This is usually the result of calling `frame.insert` many times, which has poor performance.  Consider joining all columns at once using pd.concat(axis=1) instead. To get a de-fragmented frame, use `newframe = frame.copy()`
  dataframe[f"dc_hi_{n}"] = dataframe["high"].rolling(n).max().shift(1)
/freqtrade/user_data/strategies/TrendVolTarget.py:50: PerformanceWarning: DataFrame is highly fragmented.  This is usually the result of calling `frame.insert` many times, which has poor performance.  Consider joining all columns at once using pd.concat(axis=1) instead. To get a de-fragmented frame, use `newframe = frame.copy()`
  dataframe[f"dc_hi_{n}"] = dataframe["high"].rolling(n).max().shift(1)
/freqtrade/user_data/strategies/TrendVolTarget.py:50: PerformanceWarning: DataFrame is highly fragmented.  This is usually the result of calling `frame.insert` many times, which has poor performance.  Consider joining all columns at once using pd.concat(axis=1) instead. To get a de-fragmented frame, use `newframe = frame.copy()`
  dataframe[f"dc_hi_{n}"] = dataframe["high"].rolling(n).max().shift(1)
/freqtrade/user_data/strategies/TrendVolTarget.py:50: PerformanceWarning: DataFrame is highly fragmented.  This is usually the result of calling `frame.insert` many times, which has poor performance.  Consider joining all columns at once using pd.concat(axis=1) instead. To get a de-fragmented frame, use `newframe = frame.copy()`
  dataframe[f"dc_hi_{n}"] = dataframe["high"].rolling(n).max().shift(1)
/freqtrade/user_data/strategies/TrendVolTarget.py:50: PerformanceWarning: DataFrame is highly fragmented.  This is usually the result of calling `frame.insert` many times, which has poor performance.  Consider joining all columns at once using pd.concat(axis=1) instead. To get a de-fragmented frame, use `newframe = frame.copy()`
  dataframe[f"dc_hi_{n}"] = dataframe["high"].rolling(n).max().shift(1)
/freqtrade/user_data/strategies/TrendVolTarget.py:50: PerformanceWarning: DataFrame is highly fragmented.  This is usually the result of calling `frame.insert` many times, which has poor performance.  Consider joining all columns at once using pd.concat(axis=1) instead. To get a de-fragmented frame, use `newframe = frame.copy()`
  dataframe[f"dc_hi_{n}"] = dataframe["high"].rolling(n).max().shift(1)
/freqtrade/user_data/strategies/TrendVolTarget.py:50: PerformanceWarning: DataFrame is highly fragmented.  This is usually the result of calling `frame.insert` many times, which has poor performance.  Consider joining all columns at once using pd.concat(axis=1) instead. To get a de-fragmented frame, use `newframe = frame.copy()`
  dataframe[f"dc_hi_{n}"] = dataframe["high"].rolling(n).max().shift(1)
/freqtrade/user_data/strategies/TrendVolTarget.py:50: PerformanceWarning: DataFrame is highly fragmented.  This is usually the result of calling `frame.insert` many times, which has poor performance.  Consider joining all columns at once using pd.concat(axis=1) instead. To get a de-fragmented frame, use `newframe = frame.copy()`
  dataframe[f"dc_hi_{n}"] = dataframe["high"].rolling(n).max().shift(1)
/freqtrade/user_data/strategies/TrendVolTarget.py:50: PerformanceWarning: DataFrame is highly fragmented.  This is usually the result of calling `frame.insert` many times, which has poor performance.  Consider joining all columns at once using pd.concat(axis=1) instead. To get a de-fragmented frame, use `newframe = frame.copy()`
  dataframe[f"dc_hi_{n}"] = dataframe["high"].rolling(n).max().shift(1)
/freqtrade/user_data/strategies/TrendVolTarget.py:50: PerformanceWarning: DataFrame is highly fragmented.  This is usually the result of calling `frame.insert` many times, which has poor performance.  Consider joining all columns at once using pd.concat(axis=1) instead. To get a de-fragmented frame, use `newframe = frame.copy()`
  dataframe[f"dc_hi_{n}"] = dataframe["high"].rolling(n).max().shift(1)
/freqtrade/user_data/strategies/TrendVolTarget.py:50: PerformanceWarning: DataFrame is highly fragmented.  This is usually the result of calling `frame.insert` many times, which has poor performance.  Consider joining all columns at once using pd.concat(axis=1) instead. To get a de-fragmented frame, use `newframe = frame.copy()`
  dataframe[f"dc_hi_{n}"] = dataframe["high"].rolling(n).max().shift(1)
/freqtrade/user_data/strategies/TrendVolTarget.py:50: PerformanceWarning: DataFrame is highly fragmented.  This is usually the result of calling `frame.insert` many times, which has poor performance.  Consider joining all columns at once using pd.concat(axis=1) instead. To get a de-fragmented frame, use `newframe = frame.copy()`
  dataframe[f"dc_hi_{n}"] = dataframe["high"].rolling(n).max().shift(1)
/freqtrade/user_data/strategies/TrendVolTarget.py:50: PerformanceWarning: DataFrame is highly fragmented.  This is usually the result of calling `frame.insert` many times, which has poor performance.  Consider joining all columns at once using pd.concat(axis=1) instead. To get a de-fragmented frame, use `newframe = frame.copy()`
  dataframe[f"dc_hi_{n}"] = dataframe["high"].rolling(n).max().shift(1)
/freqtrade/user_data/strategies/TrendVolTarget.py:50: PerformanceWarning: DataFrame is highly fragmented.  This is usually the result of calling `frame.insert` many times, which has poor performance.  Consider joining all columns at once using pd.concat(axis=1) instead. To get a de-fragmented frame, use `newframe = frame.copy()`
  dataframe[f"dc_hi_{n}"] = dataframe["high"].rolling(n).max().shift(1)
/freqtrade/user_data/strategies/TrendVolTarget.py:50: PerformanceWarning: DataFrame is highly fragmented.  This is usually the result of calling `frame.insert` many times, which has poor performance.  Consider joining all columns at once using pd.concat(axis=1) instead. To get a de-fragmented frame, use `newframe = frame.copy()`
  dataframe[f"dc_hi_{n}"] = dataframe["high"].rolling(n).max().shift(1)
/freqtrade/user_data/strategies/TrendVolTarget.py:50: PerformanceWarning: DataFrame is highly fragmented.  This is usually the result of calling `frame.insert` many times, which has poor performance.  Consider joining all columns at once using pd.concat(axis=1) instead. To get a de-fragmented frame, use `newframe = frame.copy()`
  dataframe[f"dc_hi_{n}"] = dataframe["high"].rolling(n).max().shift(1)
/freqtrade/user_data/strategies/TrendVolTarget.py:50: PerformanceWarning: DataFrame is highly fragmented.  This is usually the result of calling `frame.insert` many times, which has poor performance.  Consider joining all columns at once using pd.concat(axis=1) instead. To get a de-fragmented frame, use `newframe = frame.copy()`
  dataframe[f"dc_hi_{n}"] = dataframe["high"].rolling(n).max().shift(1)
/freqtrade/user_data/strategies/TrendVolTarget.py:50: PerformanceWarning: DataFrame is highly fragmented.  This is usually the result of calling `frame.insert` many times, which has poor performance.  Consider joining all columns at once using pd.concat(axis=1) instead. To get a de-fragmented frame, use `newframe = frame.copy()`
  dataframe[f"dc_hi_{n}"] = dataframe["high"].rolling(n).max().shift(1)
/freqtrade/user_data/strategies/TrendVolTarget.py:50: PerformanceWarning: DataFrame is highly fragmented.  This is usually the result of calling `frame.insert` many times, which has poor performance.  Consider joining all columns at once using pd.concat(axis=1) instead. To get a de-fragmented frame, use `newframe = frame.copy()`
  dataframe[f"dc_hi_{n}"] = dataframe["high"].rolling(n).max().shift(1)
/freqtrade/user_data/strategies/TrendVolTarget.py:50: PerformanceWarning: DataFrame is highly fragmented.  This is usually the result of calling `frame.insert` many times, which has poor performance.  Consider joining all columns at once using pd.concat(axis=1) instead. To get a de-fragmented frame, use `newframe = frame.copy()`
  dataframe[f"dc_hi_{n}"] = dataframe["high"].rolling(n).max().shift(1)
/freqtrade/user_data/strategies/TrendVolTarget.py:50: PerformanceWarning: DataFrame is highly fragmented.  This is usually the result of calling `frame.insert` many times, which has poor performance.  Consider joining all columns at once using pd.concat(axis=1) instead. To get a de-fragmented frame, use `newframe = frame.copy()`
  dataframe[f"dc_hi_{n}"] = dataframe["high"].rolling(n).max().shift(1)
/freqtrade/user_data/strategies/TrendVolTarget.py:50: PerformanceWarning: DataFrame is highly fragmented.  This is usually the result of calling `frame.insert` many times, which has poor performance.  Consider joining all columns at once using pd.concat(axis=1) instead. To get a de-fragmented frame, use `newframe = frame.copy()`
  dataframe[f"dc_hi_{n}"] = dataframe["high"].rolling(n).max().shift(1)
/freqtrade/user_data/strategies/TrendVolTarget.py:50: PerformanceWarning: DataFrame is highly fragmented.  This is usually the result of calling `frame.insert` many times, which has poor performance.  Consider joining all columns at once using pd.concat(axis=1) instead. To get a de-fragmented frame, use `newframe = frame.copy()`
  dataframe[f"dc_hi_{n}"] = dataframe["high"].rolling(n).max().shift(1)
/freqtrade/user_data/strategies/TrendVolTarget.py:50: PerformanceWarning: DataFrame is highly fragmented.  This is usually the result of calling `frame.insert` many times, which has poor performance.  Consider joining all columns at once using pd.concat(axis=1) instead. To get a de-fragmented frame, use `newframe = frame.copy()`
  dataframe[f"dc_hi_{n}"] = dataframe["high"].rolling(n).max().shift(1)
/freqtrade/user_data/strategies/TrendVolTarget.py:50: PerformanceWarning: DataFrame is highly fragmented.  This is usually the result of calling `frame.insert` many times, which has poor performance.  Consider joining all columns at once using pd.concat(axis=1) instead. To get a de-fragmented frame, use `newframe = frame.copy()`
  dataframe[f"dc_hi_{n}"] = dataframe["high"].rolling(n).max().shift(1)
/freqtrade/user_data/strategies/TrendVolTarget.py:50: PerformanceWarning: DataFrame is highly fragmented.  This is usually the result of calling `frame.insert` many times, which has poor performance.  Consider joining all columns at once using pd.concat(axis=1) instead. To get a de-fragmented frame, use `newframe = frame.copy()`
  dataframe[f"dc_hi_{n}"] = dataframe["high"].rolling(n).max().shift(1)
/freqtrade/user_data/strategies/TrendVolTarget.py:50: PerformanceWarning: DataFrame is highly fragmented.  This is usually the result of calling `frame.insert` many times, which has poor performance.  Consider joining all columns at once using pd.concat(axis=1) instead. To get a de-fragmented frame, use `newframe = frame.copy()`
  dataframe[f"dc_hi_{n}"] = dataframe["high"].rolling(n).max().shift(1)
/freqtrade/user_data/strategies/TrendVolTarget.py:50: PerformanceWarning: DataFrame is highly fragmented.  This is usually the result of calling `frame.insert` many times, which has poor performance.  Consider joining all columns at once using pd.concat(axis=1) instead. To get a de-fragmented frame, use `newframe = frame.copy()`
  dataframe[f"dc_hi_{n}"] = dataframe["high"].rolling(n).max().shift(1)
/freqtrade/user_data/strategies/TrendVolTarget.py:50: PerformanceWarning: DataFrame is highly fragmented.  This is usually the result of calling `frame.insert` many times, which has poor performance.  Consider joining all columns at once using pd.concat(axis=1) instead. To get a de-fragmented frame, use `newframe = frame.copy()`
  dataframe[f"dc_hi_{n}"] = dataframe["high"].rolling(n).max().shift(1)
/freqtrade/user_data/strategies/TrendVolTarget.py:50: PerformanceWarning: DataFrame is highly fragmented.  This is usually the result of calling `frame.insert` many times, which has poor performance.  Consider joining all columns at once using pd.concat(axis=1) instead. To get a de-fragmented frame, use `newframe = frame.copy()`
  dataframe[f"dc_hi_{n}"] = dataframe["high"].rolling(n).max().shift(1)
/freqtrade/user_data/strategies/TrendVolTarget.py:50: PerformanceWarning: DataFrame is highly fragmented.  This is usually the result of calling `frame.insert` many times, which has poor performance.  Consider joining all columns at once using pd.concat(axis=1) instead. To get a de-fragmented frame, use `newframe = frame.copy()`
  dataframe[f"dc_hi_{n}"] = dataframe["high"].rolling(n).max().shift(1)
/freqtrade/user_data/strategies/TrendVolTarget.py:50: PerformanceWarning: DataFrame is highly fragmented.  This is usually the result of calling `frame.insert` many times, which has poor performance.  Consider joining all columns at once using pd.concat(axis=1) instead. To get a de-fragmented frame, use `newframe = frame.copy()`
  dataframe[f"dc_hi_{n}"] = dataframe["high"].rolling(n).max().shift(1)
/freqtrade/user_data/strategies/TrendVolTarget.py:50: PerformanceWarning: DataFrame is highly fragmented.  This is usually the result of calling `frame.insert` many times, which has poor performance.  Consider joining all columns at once using pd.concat(axis=1) instead. To get a de-fragmented frame, use `newframe = frame.copy()`
  dataframe[f"dc_hi_{n}"] = dataframe["high"].rolling(n).max().shift(1)
/freqtrade/user_data/strategies/TrendVolTarget.py:50: PerformanceWarning: DataFrame is highly fragmented.  This is usually the result of calling `frame.insert` many times, which has poor performance.  Consider joining all columns at once using pd.concat(axis=1) instead. To get a de-fragmented frame, use `newframe = frame.copy()`
  dataframe[f"dc_hi_{n}"] = dataframe["high"].rolling(n).max().shift(1)
/freqtrade/user_data/strategies/TrendVolTarget.py:50: PerformanceWarning: DataFrame is highly fragmented.  This is usually the result of calling `frame.insert` many times, which has poor performance.  Consider joining all columns at once using pd.concat(axis=1) instead. To get a de-fragmented frame, use `newframe = frame.copy()`
  dataframe[f"dc_hi_{n}"] = dataframe["high"].rolling(n).max().shift(1)
/freqtrade/user_data/strategies/TrendVolTarget.py:50: PerformanceWarning: DataFrame is highly fragmented.  This is usually the result of calling `frame.insert` many times, which has poor performance.  Consider joining all columns at once using pd.concat(axis=1) instead. To get a de-fragmented frame, use `newframe = frame.copy()`
  dataframe[f"dc_hi_{n}"] = dataframe["high"].rolling(n).max().shift(1)
/freqtrade/user_data/strategies/TrendVolTarget.py:50: PerformanceWarning: DataFrame is highly fragmented.  This is usually the result of calling `frame.insert` many times, which has poor performance.  Consider joining all columns at once using pd.concat(axis=1) instead. To get a de-fragmented frame, use `newframe = frame.copy()`
  dataframe[f"dc_hi_{n}"] = dataframe["high"].rolling(n).max().shift(1)
/freqtrade/user_data/strategies/TrendVolTarget.py:50: PerformanceWarning: DataFrame is highly fragmented.  This is usually the result of calling `frame.insert` many times, which has poor performance.  Consider joining all columns at once using pd.concat(axis=1) instead. To get a de-fragmented frame, use `newframe = frame.copy()`
  dataframe[f"dc_hi_{n}"] = dataframe["high"].rolling(n).max().shift(1)
/freqtrade/user_data/strategies/TrendVolTarget.py:50: PerformanceWarning: DataFrame is highly fragmented.  This is usually the result of calling `frame.insert` many times, which has poor performance.  Consider joining all columns at once using pd.concat(axis=1) instead. To get a de-fragmented frame, use `newframe = frame.copy()`
  dataframe[f"dc_hi_{n}"] = dataframe["high"].rolling(n).max().shift(1)
/freqtrade/user_data/strategies/TrendVolTarget.py:50: PerformanceWarning: DataFrame is highly fragmented.  This is usually the result of calling `frame.insert` many times, which has poor performance.  Consider joining all columns at once using pd.concat(axis=1) instead. To get a de-fragmented frame, use `newframe = frame.copy()`
  dataframe[f"dc_hi_{n}"] = dataframe["high"].rolling(n).max().shift(1)
/freqtrade/user_data/strategies/TrendVolTarget.py:50: PerformanceWarning: DataFrame is highly fragmented.  This is usually the result of calling `frame.insert` many times, which has poor performance.  Consider joining all columns at once using pd.concat(axis=1) instead. To get a de-fragmented frame, use `newframe = frame.copy()`
  dataframe[f"dc_hi_{n}"] = dataframe["high"].rolling(n).max().shift(1)
/freqtrade/user_data/strategies/TrendVolTarget.py:50: PerformanceWarning: DataFrame is highly fragmented.  This is usually the result of calling `frame.insert` many times, which has poor performance.  Consider joining all columns at once using pd.concat(axis=1) instead. To get a de-fragmented frame, use `newframe = frame.copy()`
  dataframe[f"dc_hi_{n}"] = dataframe["high"].rolling(n).max().shift(1)
/freqtrade/user_data/strategies/TrendVolTarget.py:50: PerformanceWarning: DataFrame is highly fragmented.  This is usually the result of calling `frame.insert` many times, which has poor performance.  Consider joining all columns at once using pd.concat(axis=1) instead. To get a de-fragmented frame, use `newframe = frame.copy()`
  dataframe[f"dc_hi_{n}"] = dataframe["high"].rolling(n).max().shift(1)
/freqtrade/user_data/strategies/TrendVolTarget.py:50: PerformanceWarning: DataFrame is highly fragmented.  This is usually the result of calling `frame.insert` many times, which has poor performance.  Consider joining all columns at once using pd.concat(axis=1) instead. To get a de-fragmented frame, use `newframe = frame.copy()`
  dataframe[f"dc_hi_{n}"] = dataframe["high"].rolling(n).max().shift(1)
/freqtrade/user_data/strategies/TrendVolTarget.py:50: PerformanceWarning: DataFrame is highly fragmented.  This is usually the result of calling `frame.insert` many times, which has poor performance.  Consider joining all columns at once using pd.concat(axis=1) instead. To get a de-fragmented frame, use `newframe = frame.copy()`
  dataframe[f"dc_hi_{n}"] = dataframe["high"].rolling(n).max().shift(1)
/freqtrade/user_data/strategies/TrendVolTarget.py:50: PerformanceWarning: DataFrame is highly fragmented.  This is usually the result of calling `frame.insert` many times, which has poor performance.  Consider joining all columns at once using pd.concat(axis=1) instead. To get a de-fragmented frame, use `newframe = frame.copy()`
  dataframe[f"dc_hi_{n}"] = dataframe["high"].rolling(n).max().shift(1)
/freqtrade/user_data/strategies/TrendVolTarget.py:50: PerformanceWarning: DataFrame is highly fragmented.  This is usually the result of calling `frame.insert` many times, which has poor performance.  Consider joining all columns at once using pd.concat(axis=1) instead. To get a de-fragmented frame, use `newframe = frame.copy()`
  dataframe[f"dc_hi_{n}"] = dataframe["high"].rolling(n).max().shift(1)
/freqtrade/user_data/strategies/TrendVolTarget.py:50: PerformanceWarning: DataFrame is highly fragmented.  This is usually the result of calling `frame.insert` many times, which has poor performance.  Consider joining all columns at once using pd.concat(axis=1) instead. To get a de-fragmented frame, use `newframe = frame.copy()`
  dataframe[f"dc_hi_{n}"] = dataframe["high"].rolling(n).max().shift(1)
/freqtrade/user_data/strategies/TrendVolTarget.py:50: PerformanceWarning: DataFrame is highly fragmented.  This is usually the result of calling `frame.insert` many times, which has poor performance.  Consider joining all columns at once using pd.concat(axis=1) instead. To get a de-fragmented frame, use `newframe = frame.copy()`
  dataframe[f"dc_hi_{n}"] = dataframe["high"].rolling(n).max().shift(1)
/freqtrade/user_data/strategies/TrendVolTarget.py:50: PerformanceWarning: DataFrame is highly fragmented.  This is usually the result of calling `frame.insert` many times, which has poor performance.  Consider joining all columns at once using pd.concat(axis=1) instead. To get a de-fragmented frame, use `newframe = frame.copy()`
  dataframe[f"dc_hi_{n}"] = dataframe["high"].rolling(n).max().shift(1)
/freqtrade/user_data/strategies/TrendVolTarget.py:50: PerformanceWarning: DataFrame is highly fragmented.  This is usually the result of calling `frame.insert` many times, which has poor performance.  Consider joining all columns at once using pd.concat(axis=1) instead. To get a de-fragmented frame, use `newframe = frame.copy()`
  dataframe[f"dc_hi_{n}"] = dataframe["high"].rolling(n).max().shift(1)
/freqtrade/user_data/strategies/TrendVolTarget.py:50: PerformanceWarning: DataFrame is highly fragmented.  This is usually the result of calling `frame.insert` many times, which has poor performance.  Consider joining all columns at once using pd.concat(axis=1) instead. To get a de-fragmented frame, use `newframe = frame.copy()`
  dataframe[f"dc_hi_{n}"] = dataframe["high"].rolling(n).max().shift(1)
/freqtrade/user_data/strategies/TrendVolTarget.py:50: PerformanceWarning: DataFrame is highly fragmented.  This is usually the result of calling `frame.insert` many times, which has poor performance.  Consider joining all columns at once using pd.concat(axis=1) instead. To get a de-fragmented frame, use `newframe = frame.copy()`
  dataframe[f"dc_hi_{n}"] = dataframe["high"].rolling(n).max().shift(1)
/freqtrade/user_data/strategies/TrendVolTarget.py:50: PerformanceWarning: DataFrame is highly fragmented.  This is usually the result of calling `frame.insert` many times, which has poor performance.  Consider joining all columns at once using pd.concat(axis=1) instead. To get a de-fragmented frame, use `newframe = frame.copy()`
  dataframe[f"dc_hi_{n}"] = dataframe["high"].rolling(n).max().shift(1)
/freqtrade/user_data/strategies/TrendVolTarget.py:50: PerformanceWarning: DataFrame is highly fragmented.  This is usually the result of calling `frame.insert` many times, which has poor performance.  Consider joining all columns at once using pd.concat(axis=1) instead. To get a de-fragmented frame, use `newframe = frame.copy()`
  dataframe[f"dc_hi_{n}"] = dataframe["high"].rolling(n).max().shift(1)
/freqtrade/user_data/strategies/TrendVolTarget.py:50: PerformanceWarning: DataFrame is highly fragmented.  This is usually the result of calling `frame.insert` many times, which has poor performance.  Consider joining all columns at once using pd.concat(axis=1) instead. To get a de-fragmented frame, use `newframe = frame.copy()`
  dataframe[f"dc_hi_{n}"] = dataframe["high"].rolling(n).max().shift(1)
/freqtrade/user_data/strategies/TrendVolTarget.py:50: PerformanceWarning: DataFrame is highly fragmented.  This is usually the result of calling `frame.insert` many times, which has poor performance.  Consider joining all columns at once using pd.concat(axis=1) instead. To get a de-fragmented frame, use `newframe = frame.copy()`
  dataframe[f"dc_hi_{n}"] = dataframe["high"].rolling(n).max().shift(1)
/freqtrade/user_data/strategies/TrendVolTarget.py:50: PerformanceWarning: DataFrame is highly fragmented.  This is usually the result of calling `frame.insert` many times, which has poor performance.  Consider joining all columns at once using pd.concat(axis=1) instead. To get a de-fragmented frame, use `newframe = frame.copy()`
  dataframe[f"dc_hi_{n}"] = dataframe["high"].rolling(n).max().shift(1)
/freqtrade/user_data/strategies/TrendVolTarget.py:50: PerformanceWarning: DataFrame is highly fragmented.  This is usually the result of calling `frame.insert` many times, which has poor performance.  Consider joining all columns at once using pd.concat(axis=1) instead. To get a de-fragmented frame, use `newframe = frame.copy()`
  dataframe[f"dc_hi_{n}"] = dataframe["high"].rolling(n).max().shift(1)
/freqtrade/user_data/strategies/TrendVolTarget.py:53: PerformanceWarning: DataFrame is highly fragmented.  This is usually the result of calling `frame.insert` many times, which has poor performance.  Consider joining all columns at once using pd.concat(axis=1) instead. To get a de-fragmented frame, use `newframe = frame.copy()`
  dataframe["sma_f"] = ta.SMA(dataframe, timeperiod=60)
/freqtrade/user_data/strategies/TrendVolTarget.py:54: PerformanceWarning: DataFrame is highly fragmented.  This is usually the result of calling `frame.insert` many times, which has poor performance.  Consider joining all columns at once using pd.concat(axis=1) instead. To get a de-fragmented frame, use `newframe = frame.copy()`
  dataframe["sma_s"] = ta.SMA(dataframe, timeperiod=240)
/freqtrade/user_data/strategies/TrendVolTarget.py:56: PerformanceWarning: DataFrame is highly fragmented.  This is usually the result of calling `frame.insert` many times, which has poor performance.  Consider joining all columns at once using pd.concat(axis=1) instead. To get a de-fragmented frame, use `newframe = frame.copy()`
  dataframe["rvol"] = dataframe["close"].pct_change().rolling(90).std() * np.sqrt(6 * 365)
2026-09-28 20:15:16,326 - freqtrade.optimize.hyperopt.hyperopt_optimizer - INFO - Hyperopting with data from 2024-01-01 00:00:00 up to 2025-07-01 00:00:00 (547 days)..
2026-09-28 20:15:16,623 - freqtrade.optimize.hyperopt.hyperopt - INFO - Found 12 CPU cores. Let's make them scream!
2026-09-28 20:15:16,624 - freqtrade.optimize.hyperopt.hyperopt - INFO - Number of parallel jobs set as: -1
2026-09-28 20:15:16,624 - freqtrade.optimize.hyperopt.hyperopt_optimizer - INFO - Using optuna sampler NSGAIIISampler.
[I 2026-09-28 20:15:16,625] A new study created in memory with name: no-name-5911d15c-c4b2-41bc-9529-1af90ef2efc7
2026-09-28 20:15:16,626 - freqtrade.optimize.hyperopt.hyperopt - INFO - Effective number of parallel workers used: 12
                                                                                           Hyperopt results                                                                                             
                         ┏━━━━━━━━┳━━━━━━━━┳━━━━━━━━┳━━━━━━━━━━━━━━━━━━━━━━━━┳━━━━━━━━━━━━┳━━━━━━━━━━━━━━━━━━━━━━━━━┳━━━━━━━━━━━━━━━━━━┳━━━━━━━━━━━┳━━━━━━━━━━━━━━━━━━━━━━━━━┓                          
                         ┃ Best   ┃  Epoch ┃ Trades ┃  Win  Draw  Loss  Win% ┃ Avg profit ┃                  Profit ┃     Avg duration ┃ Objective ┃     Max Drawdown (Acct) ┃                          
                         ┡━━━━━━━━╇━━━━━━━━╇━━━━━━━━╇━━━━━━━━━━━━━━━━━━━━━━━━╇━━━━━━━━━━━━╇━━━━━━━━━━━━━━━━━━━━━━━━━╇━━━━━━━━━━━━━━━━━━╇━━━━━━━━━━━╇━━━━━━━━━━━━━━━━━━━━━━━━━┩                          
                         │ * Best │  1/100 │    116 │   32     0    84  27.6 │     -0.37% │ -73.301 USDT   (-3.67%) │ 5 days, 16:12:00 │   0.29029 │ 196.273 USDT    (9.68%) │                          
                         │ * Best │  2/100 │     93 │   39     0    54  41.9 │      1.09% │  68.535 USDT    (3.43%) │  4 days, 1:07:00 │  -0.26180 │  84.241 USDT    (4.21%) │                          
                         │ * Best │  5/100 │    131 │   49     0    82  37.4 │      1.09% │  81.455 USDT    (4.07%) │  3 days, 5:37:00 │  -0.32570 │ 108.502 USDT    (5.43%) │                          
                         │ * Best │  9/100 │    102 │   34     0    68  33.3 │      1.44% │ 179.874 USDT    (8.99%) │ 8 days, 11:27:00 │  -0.34053 │ 116.024 USDT    (5.57%) │                          
                         │ * Best │ 20/100 │     99 │   33     0    66  33.3 │      3.27% │ 323.756 USDT   (16.19%) │  8 days, 2:50:00 │  -0.40994 │ 145.934 USDT    (6.98%) │                          
                         │ Best   │ 64/100 │     57 │   23     0    34  40.4 │      7.40% │ 246.126 USDT   (12.31%) │  9 days, 7:01:00 │  -0.43388 │  76.762 USDT    (3.81%) │                          
                         └────────┴────────┴────────┴────────────────────────┴────────────┴─────────────────────────┴──────────────────┴───────────┴─────────────────────────┘                          
Epochs ━━━━━━━━━━━━━━━━━━━━━━━━━━━━━━━━━━━━━━━━━━━━━━━━━━━━━━━━━━━━━━━━━━━━━━━━━━━━━━━━━━━━━━━━━━━━━━━━━━━━━━━━━━━━━━━━━━━━━━━━━━━━━━━━━━━━━━━━━━━━━━━━━━━━━━━━━━━━━━━━ 100/100 100% • 0:00:47 • 0:00:00
2026-09-28 20:16:04,202 - freqtrade.optimize.hyperopt.hyperopt - INFO - 100 epochs saved to '/freqtrade/user_data/hyperopt_results/strategy_TrendVolTarget_2026-09-28_23-15-12.fthypt'.
/freqtrade/user_data/strategies/Strategy002.py:8: FutureWarning: 'freqtrade.vendor.qtpylib.indicators' is deprecated and will be removed in a future release. Import from technical instead - either the module (`from technical import qtpylib`) or a single function (`from technical.qtpylib import crossed_above`).
  import freqtrade.vendor.qtpylib.indicators as qtpylib
2026-09-28 20:16:04,392 - freqtrade.optimize.hyperopt_tools - INFO - Dumping parameters to /freqtrade/user_data/strategies/TrendVolTarget.json

Best result:

    64/100:     57 trades. 23/0/34 Wins/Draws/Losses. Avg profit   7.40%. Median profit  -5.16%. Total profit 246.12648917 USDT (  12.31%). Avg duration 9 days, 7:01:00 min. Objective: -0.43388


    # Buy parameters:
    buy_params = {
        "entry_len": 202,
        "vol_floor": 0.026,
    }

    # Sell parameters:
    sell_params = {
        "atr_stop": 5.7,
    }

    # ROI parameters:  # value loaded from strategy
    minimal_roi = {
        "0": 100
    }

    # Stoploss parameters:
    stoploss = -0.1  # value loaded from strategy

    # Trailing stop parameters:
    trailing_stop = False  # value loaded from strategy
    trailing_stop_positive = None  # value loaded from strategy
    trailing_stop_positive_offset = 0.0  # value loaded from strategy
    trailing_only_offset_is_reached = False  # value loaded from strategy
    

    # max_open_trades parameters:
    max_open_trades = 5  # value loaded from strategy
