2026-09-28 20:13:55,088 - freqtrade - INFO - freqtrade 2026.8
2026-09-28 20:13:55,421 - numexpr.utils - INFO - NumExpr defaulting to 12 threads.
2026-09-28 20:13:56,431 - freqtrade.configuration.load_config - INFO - Using config: user_data/config.json ...
2026-09-28 20:13:56,433 - freqtrade.loggers - INFO - Enabling colorized output.
2026-09-28 20:13:56,433 - freqtrade.loggers - INFO - Logfile configured
2026-09-28 20:13:56,433 - freqtrade.loggers - INFO - Verbosity set to 0
2026-09-28 20:13:56,433 - freqtrade.configuration.configuration - INFO - Parameter -i/--timeframe detected ... Using timeframe: 4h ...
2026-09-28 20:13:56,434 - freqtrade.configuration.configuration - INFO - Using max_open_trades: 5 ...
2026-09-28 20:13:56,434 - freqtrade.configuration.configuration - INFO - Parameter --fee detected, setting fee to: 0.001 ...
2026-09-28 20:13:56,434 - freqtrade.configuration.configuration - INFO - Parameter --timerange detected: 20230702-20241230 ...
2026-09-28 20:13:56,444 - freqtrade.configuration.configuration - INFO - Using user-data directory: /freqtrade/user_data ...
2026-09-28 20:13:56,444 - freqtrade.configuration.configuration - INFO - Using data directory: /freqtrade/user_data/data/binance ...
2026-09-28 20:13:56,444 - freqtrade.configuration.configuration - INFO - Parameter --epochs detected ... Will run Hyperopt with for 100 epochs ...
2026-09-28 20:13:56,444 - freqtrade.configuration.configuration - INFO - Parameter -s/--spaces detected: ['buy', 'sell']
2026-09-28 20:13:56,445 - freqtrade.configuration.configuration - INFO - Parameter -j/--job-workers detected: -1
2026-09-28 20:13:56,445 - freqtrade.configuration.configuration - INFO - Parameter --random-state detected: 2006
2026-09-28 20:13:56,445 - freqtrade.configuration.configuration - INFO - Parameter --min-trades detected: 1
2026-09-28 20:13:56,445 - freqtrade.configuration.configuration - INFO - Using Hyperopt loss class name: SharpeHyperOptLoss
2026-09-28 20:13:56,445 - freqtrade.configuration.configuration - INFO - Filter trades by timerange: 20230702-20241230
2026-09-28 20:13:56,446 - freqtrade.exchange.check_exchange - INFO - Checking exchange...
2026-09-28 20:13:56,451 - freqtrade.exchange.check_exchange - INFO - Exchange "binance" is officially supported by the Freqtrade development team.
2026-09-28 20:13:56,451 - freqtrade.configuration.configuration - INFO - Using pairlist from configuration.
2026-09-28 20:13:56,451 - freqtrade.configuration.config_validation - INFO - Validating configuration ...
2026-09-28 20:13:56,453 - freqtrade.commands.optimize_commands - INFO - Starting freqtrade in Hyperopt mode
2026-09-28 20:13:56,453 - freqtrade.optimize.hyperopt.hyperopt - INFO - Removing `/freqtrade/user_data/hyperopt_results/hyperopt_tickerdata.pkl`.
2026-09-28 20:13:56,458 - freqtrade.exchange.exchange - INFO - Instance is running with dry_run enabled
2026-09-28 20:13:56,458 - freqtrade.exchange.exchange - INFO - Using CCXT 4.5.76
2026-09-28 20:13:56,458 - freqtrade.exchange.exchange - INFO - Applying additional ccxt config: {'enableRateLimit': True}
2026-09-28 20:13:56,463 - freqtrade.exchange.exchange - INFO - Applying additional ccxt config: {'enableRateLimit': True}
2026-09-28 20:13:56,467 - freqtrade.exchange.exchange - INFO - Using Exchange "Binance"
2026-09-28 20:13:57,922 - freqtrade.resolvers.exchange_resolver - INFO - Using resolved exchange class 'Binance' ...
2026-09-28 20:13:57,931 - freqtrade.resolvers.iresolver - INFO - Using resolved strategy TrendVolTarget from '/freqtrade/user_data/strategies/TrendVolTarget.py'...
2026-09-28 20:13:57,931 - freqtrade.strategy.hyper - INFO - Found no parameter file.
2026-09-28 20:13:57,931 - freqtrade.resolvers.strategy_resolver - INFO - Override strategy 'timeframe' with value from the configuration: 4h.
2026-09-28 20:13:57,931 - freqtrade.resolvers.strategy_resolver - INFO - Override strategy 'stoploss' with value from the configuration: -0.1.
2026-09-28 20:13:57,932 - freqtrade.resolvers.strategy_resolver - INFO - Override strategy 'stake_currency' with value from the configuration: USDT.
2026-09-28 20:13:57,932 - freqtrade.resolvers.strategy_resolver - INFO - Override strategy 'stake_amount' with value from the configuration: 100.
2026-09-28 20:13:57,932 - freqtrade.resolvers.strategy_resolver - INFO - Override strategy 'unfilledtimeout' with value from the configuration: {'entry': 10, 'exit': 30, 'exit_timeout_count': 0, 
'unit': 'minutes'}.
2026-09-28 20:13:57,932 - freqtrade.resolvers.strategy_resolver - INFO - Override strategy 'use_exit_signal' with value from the configuration: True.
2026-09-28 20:13:57,932 - freqtrade.resolvers.strategy_resolver - INFO - Override strategy 'exit_profit_only' with value from the configuration: False.
2026-09-28 20:13:57,933 - freqtrade.resolvers.strategy_resolver - INFO - Override strategy 'ignore_roi_if_entry_signal' with value from the configuration: False.
2026-09-28 20:13:57,933 - freqtrade.resolvers.strategy_resolver - INFO - Override strategy 'max_open_trades' with value from the configuration: 5.
2026-09-28 20:13:57,933 - freqtrade.resolvers.strategy_resolver - INFO - Strategy using minimal_roi: {'0': 100}
2026-09-28 20:13:57,933 - freqtrade.resolvers.strategy_resolver - INFO - Strategy using timeframe: 4h
2026-09-28 20:13:57,933 - freqtrade.resolvers.strategy_resolver - INFO - Strategy using stoploss: -0.1
2026-09-28 20:13:57,934 - freqtrade.resolvers.strategy_resolver - INFO - Strategy using trailing_stop: False
2026-09-28 20:13:57,934 - freqtrade.resolvers.strategy_resolver - INFO - Strategy using trailing_stop_positive_offset: 0.0
2026-09-28 20:13:57,934 - freqtrade.resolvers.strategy_resolver - INFO - Strategy using trailing_only_offset_is_reached: False
2026-09-28 20:13:57,934 - freqtrade.resolvers.strategy_resolver - INFO - Strategy using use_custom_stoploss: True
2026-09-28 20:13:57,934 - freqtrade.resolvers.strategy_resolver - INFO - Strategy using process_only_new_candles: True
2026-09-28 20:13:57,934 - freqtrade.resolvers.strategy_resolver - INFO - Strategy using order_types: {'entry': 'limit', 'exit': 'limit', 'stoploss': 'limit', 'stoploss_on_exchange': False, 
'stoploss_on_exchange_interval': 60}
2026-09-28 20:13:57,935 - freqtrade.resolvers.strategy_resolver - INFO - Strategy using order_time_in_force: {'entry': 'GTC', 'exit': 'GTC'}
2026-09-28 20:13:57,935 - freqtrade.resolvers.strategy_resolver - INFO - Strategy using stake_currency: USDT
2026-09-28 20:13:57,935 - freqtrade.resolvers.strategy_resolver - INFO - Strategy using stake_amount: 100
2026-09-28 20:13:57,935 - freqtrade.resolvers.strategy_resolver - INFO - Strategy using startup_candle_count: 300
2026-09-28 20:13:57,935 - freqtrade.resolvers.strategy_resolver - INFO - Strategy using unfilledtimeout: {'entry': 10, 'exit': 30, 'exit_timeout_count': 0, 'unit': 'minutes'}
2026-09-28 20:13:57,936 - freqtrade.resolvers.strategy_resolver - INFO - Strategy using use_exit_signal: True
2026-09-28 20:13:57,936 - freqtrade.resolvers.strategy_resolver - INFO - Strategy using exit_profit_only: False
2026-09-28 20:13:57,936 - freqtrade.resolvers.strategy_resolver - INFO - Strategy using ignore_roi_if_entry_signal: False
2026-09-28 20:13:57,936 - freqtrade.resolvers.strategy_resolver - INFO - Strategy using exit_profit_offset: 0.0
2026-09-28 20:13:57,937 - freqtrade.resolvers.strategy_resolver - INFO - Strategy using disable_dataframe_checks: False
2026-09-28 20:13:57,937 - freqtrade.resolvers.strategy_resolver - INFO - Strategy using ignore_buying_expired_candle_after: 0
2026-09-28 20:13:57,937 - freqtrade.resolvers.strategy_resolver - INFO - Strategy using position_adjustment_enable: False
2026-09-28 20:13:57,937 - freqtrade.resolvers.strategy_resolver - INFO - Strategy using max_entry_position_adjustment: -1
2026-09-28 20:13:57,937 - freqtrade.resolvers.strategy_resolver - INFO - Strategy using max_open_trades: 5
2026-09-28 20:13:57,937 - freqtrade.configuration.config_validation - INFO - Validating configuration ...
2026-09-28 20:13:57,940 - freqtrade.resolvers.iresolver - INFO - Using resolved pairlist StaticPairList from '/freqtrade/freqtrade/plugins/pairlist/StaticPairList.py'...
2026-09-28 20:13:57,950 - freqtrade.optimize.backtesting - INFO - Using fee 0.1000% from config.
2026-09-28 20:13:57,951 - freqtrade.strategy.hyper - INFO - No params for sell found, using default values.
2026-09-28 20:13:57,951 - freqtrade.strategy.hyper - INFO - Strategy Parameter(default): atr_stop = 3.5
2026-09-28 20:13:57,951 - freqtrade.strategy.hyper - INFO - No params for buy found, using default values.
2026-09-28 20:13:57,951 - freqtrade.strategy.hyper - INFO - Strategy Parameter(default): entry_len = 120
2026-09-28 20:13:57,951 - freqtrade.strategy.hyper - INFO - Strategy Parameter(default): vol_floor = 0.012
2026-09-28 20:13:57,952 - freqtrade.resolvers.iresolver - INFO - Using resolved hyperoptloss SharpeHyperOptLoss from '/freqtrade/freqtrade/optimize/hyperopt_loss/hyperopt_loss_sharpe.py'...
2026-09-28 20:13:58,266 - freqtrade.optimize.hyperopt.hyperopt_optimizer - INFO - manager queue <class 'multiprocessing.managers.AutoProxy[Queue]'>
2026-09-28 20:13:58,266 - freqtrade.optimize.hyperopt.hyperopt - INFO - Using optimizer random state: 2006
2026-09-28 20:13:58,413 - freqtrade.optimize.backtesting - INFO - Loading data from 2023-05-13 00:00:00 up to 2024-12-30 00:00:00 (597 days).
2026-09-28 20:13:58,732 - freqtrade.optimize.hyperopt.hyperopt_optimizer - INFO - Dataload complete. Calculating indicators
/freqtrade/user_data/strategies/TrendVolTarget.py:50: PerformanceWarning: DataFrame is highly fragmented.  This is usually the result of calling `frame.insert` many times, which has poor performance.  Consider joining all columns at once using pd.concat(axis=1) instead. To get a de-fragmented frame, use `newframe = frame.copy()`
  dataframe[f"dc_hi_{n}"] = dataframe["high"].rolling(n).max().shift(1)
/freqtrade/user_data/strategies/TrendVolTarget.py:50: PerformanceWarning: DataFrame is highly fragmented.  This is usually the result of calling `frame.insert` many times, which has poor performance.  Consider joining all columns at once using pd.concat(axis=1) instead. To get a de-fragmented frame, use `newframe = frame.copy()`
  dataframe[f"dc_hi_{n}"] = dataframe["high"].rolling(n).max().shift(1)
/freqtrade/user_data/strategies/TrendVolTarget.py:50: PerformanceWarning: DataFrame is highly fragmented.  This is usually the result of calling `frame.insert` many times, which has poor performance.  Consider joining all columns at once using pd.concat(axis=1) instead. To get a de-fragmented frame, use `newframe = frame.copy()`
  dataframe[f"dc_hi_{n}"] = dataframe["high"].rolling(n).max().shift(1)
/freqtrade/user_data/strategies/TrendVolTarget.py:50: PerformanceWarning: DataFrame is highly fragmented.  This is usually the result of calling `frame.insert` many times, which has poor performance.  Consider joining all columns at once using pd.concat(axis=1) instead. To get a de-fragmented frame, use `newframe = frame.copy()`
  dataframe[f"dc_hi_{n}"] = dataframe["high"].rolling(n).max().shift(1)
/freqtrade/user_data/strategies/TrendVolTarget.py:50: PerformanceWarning: DataFrame is highly fragmented.  This is usually the result of calling `frame.insert` many times, which has poor performance.  Consider joining all columns at once using pd.concat(axis=1) instead. To get a de-fragmented frame, use `newframe = frame.copy()`
  dataframe[f"dc_hi_{n}"] = dataframe["high"].rolling(n).max().shift(1)
/freqtrade/user_data/strategies/TrendVolTarget.py:50: PerformanceWarning: DataFrame is highly fragmented.  This is usually the result of calling `frame.insert` many times, which has poor performance.  Consider joining all columns at once using pd.concat(axis=1) instead. To get a de-fragmented frame, use `newframe = frame.copy()`
  dataframe[f"dc_hi_{n}"] = dataframe["high"].rolling(n).max().shift(1)
/freqtrade/user_data/strategies/TrendVolTarget.py:50: PerformanceWarning: DataFrame is highly fragmented.  This is usually the result of calling `frame.insert` many times, which has poor performance.  Consider joining all columns at once using pd.concat(axis=1) instead. To get a de-fragmented frame, use `newframe = frame.copy()`
  dataframe[f"dc_hi_{n}"] = dataframe["high"].rolling(n).max().shift(1)
/freqtrade/user_data/strategies/TrendVolTarget.py:50: PerformanceWarning: DataFrame is highly fragmented.  This is usually the result of calling `frame.insert` many times, which has poor performance.  Consider joining all columns at once using pd.concat(axis=1) instead. To get a de-fragmented frame, use `newframe = frame.copy()`
  dataframe[f"dc_hi_{n}"] = dataframe["high"].rolling(n).max().shift(1)
/freqtrade/user_data/strategies/TrendVolTarget.py:50: PerformanceWarning: DataFrame is highly fragmented.  This is usually the result of calling `frame.insert` many times, which has poor performance.  Consider joining all columns at once using pd.concat(axis=1) instead. To get a de-fragmented frame, use `newframe = frame.copy()`
  dataframe[f"dc_hi_{n}"] = dataframe["high"].rolling(n).max().shift(1)
/freqtrade/user_data/strategies/TrendVolTarget.py:50: PerformanceWarning: DataFrame is highly fragmented.  This is usually the result of calling `frame.insert` many times, which has poor performance.  Consider joining all columns at once using pd.concat(axis=1) instead. To get a de-fragmented frame, use `newframe = frame.copy()`
  dataframe[f"dc_hi_{n}"] = dataframe["high"].rolling(n).max().shift(1)
/freqtrade/user_data/strategies/TrendVolTarget.py:50: PerformanceWarning: DataFrame is highly fragmented.  This is usually the result of calling `frame.insert` many times, which has poor performance.  Consider joining all columns at once using pd.concat(axis=1) instead. To get a de-fragmented frame, use `newframe = frame.copy()`
  dataframe[f"dc_hi_{n}"] = dataframe["high"].rolling(n).max().shift(1)
/freqtrade/user_data/strategies/TrendVolTarget.py:50: PerformanceWarning: DataFrame is highly fragmented.  This is usually the result of calling `frame.insert` many times, which has poor performance.  Consider joining all columns at once using pd.concat(axis=1) instead. To get a de-fragmented frame, use `newframe = frame.copy()`
  dataframe[f"dc_hi_{n}"] = dataframe["high"].rolling(n).max().shift(1)
/freqtrade/user_data/strategies/TrendVolTarget.py:50: PerformanceWarning: DataFrame is highly fragmented.  This is usually the result of calling `frame.insert` many times, which has poor performance.  Consider joining all columns at once using pd.concat(axis=1) instead. To get a de-fragmented frame, use `newframe = frame.copy()`
  dataframe[f"dc_hi_{n}"] = dataframe["high"].rolling(n).max().shift(1)
/freqtrade/user_data/strategies/TrendVolTarget.py:50: PerformanceWarning: DataFrame is highly fragmented.  This is usually the result of calling `frame.insert` many times, which has poor performance.  Consider joining all columns at once using pd.concat(axis=1) instead. To get a de-fragmented frame, use `newframe = frame.copy()`
  dataframe[f"dc_hi_{n}"] = dataframe["high"].rolling(n).max().shift(1)
/freqtrade/user_data/strategies/TrendVolTarget.py:50: PerformanceWarning: DataFrame is highly fragmented.  This is usually the result of calling `frame.insert` many times, which has poor performance.  Consider joining all columns at once using pd.concat(axis=1) instead. To get a de-fragmented frame, use `newframe = frame.copy()`
  dataframe[f"dc_hi_{n}"] = dataframe["high"].rolling(n).max().shift(1)
/freqtrade/user_data/strategies/TrendVolTarget.py:50: PerformanceWarning: DataFrame is highly fragmented.  This is usually the result of calling `frame.insert` many times, which has poor performance.  Consider joining all columns at once using pd.concat(axis=1) instead. To get a de-fragmented frame, use `newframe = frame.copy()`
  dataframe[f"dc_hi_{n}"] = dataframe["high"].rolling(n).max().shift(1)
/freqtrade/user_data/strategies/TrendVolTarget.py:50: PerformanceWarning: DataFrame is highly fragmented.  This is usually the result of calling `frame.insert` many times, which has poor performance.  Consider joining all columns at once using pd.concat(axis=1) instead. To get a de-fragmented frame, use `newframe = frame.copy()`
  dataframe[f"dc_hi_{n}"] = dataframe["high"].rolling(n).max().shift(1)
/freqtrade/user_data/strategies/TrendVolTarget.py:50: PerformanceWarning: DataFrame is highly fragmented.  This is usually the result of calling `frame.insert` many times, which has poor performance.  Consider joining all columns at once using pd.concat(axis=1) instead. To get a de-fragmented frame, use `newframe = frame.copy()`
  dataframe[f"dc_hi_{n}"] = dataframe["high"].rolling(n).max().shift(1)
/freqtrade/user_data/strategies/TrendVolTarget.py:50: PerformanceWarning: DataFrame is highly fragmented.  This is usually the result of calling `frame.insert` many times, which has poor performance.  Consider joining all columns at once using pd.concat(axis=1) instead. To get a de-fragmented frame, use `newframe = frame.copy()`
  dataframe[f"dc_hi_{n}"] = dataframe["high"].rolling(n).max().shift(1)
/freqtrade/user_data/strategies/TrendVolTarget.py:50: PerformanceWarning: DataFrame is highly fragmented.  This is usually the result of calling `frame.insert` many times, which has poor performance.  Consider joining all columns at once using pd.concat(axis=1) instead. To get a de-fragmented frame, use `newframe = frame.copy()`
  dataframe[f"dc_hi_{n}"] = dataframe["high"].rolling(n).max().shift(1)
/freqtrade/user_data/strategies/TrendVolTarget.py:50: PerformanceWarning: DataFrame is highly fragmented.  This is usually the result of calling `frame.insert` many times, which has poor performance.  Consider joining all columns at once using pd.concat(axis=1) instead. To get a de-fragmented frame, use `newframe = frame.copy()`
  dataframe[f"dc_hi_{n}"] = dataframe["high"].rolling(n).max().shift(1)
/freqtrade/user_data/strategies/TrendVolTarget.py:50: PerformanceWarning: DataFrame is highly fragmented.  This is usually the result of calling `frame.insert` many times, which has poor performance.  Consider joining all columns at once using pd.concat(axis=1) instead. To get a de-fragmented frame, use `newframe = frame.copy()`
  dataframe[f"dc_hi_{n}"] = dataframe["high"].rolling(n).max().shift(1)
/freqtrade/user_data/strategies/TrendVolTarget.py:50: PerformanceWarning: DataFrame is highly fragmented.  This is usually the result of calling `frame.insert` many times, which has poor performance.  Consider joining all columns at once using pd.concat(axis=1) instead. To get a de-fragmented frame, use `newframe = frame.copy()`
  dataframe[f"dc_hi_{n}"] = dataframe["high"].rolling(n).max().shift(1)
/freqtrade/user_data/strategies/TrendVolTarget.py:50: PerformanceWarning: DataFrame is highly fragmented.  This is usually the result of calling `frame.insert` many times, which has poor performance.  Consider joining all columns at once using pd.concat(axis=1) instead. To get a de-fragmented frame, use `newframe = frame.copy()`
  dataframe[f"dc_hi_{n}"] = dataframe["high"].rolling(n).max().shift(1)
/freqtrade/user_data/strategies/TrendVolTarget.py:50: PerformanceWarning: DataFrame is highly fragmented.  This is usually the result of calling `frame.insert` many times, which has poor performance.  Consider joining all columns at once using pd.concat(axis=1) instead. To get a de-fragmented frame, use `newframe = frame.copy()`
  dataframe[f"dc_hi_{n}"] = dataframe["high"].rolling(n).max().shift(1)
/freqtrade/user_data/strategies/TrendVolTarget.py:50: PerformanceWarning: DataFrame is highly fragmented.  This is usually the result of calling `frame.insert` many times, which has poor performance.  Consider joining all columns at once using pd.concat(axis=1) instead. To get a de-fragmented frame, use `newframe = frame.copy()`
  dataframe[f"dc_hi_{n}"] = dataframe["high"].rolling(n).max().shift(1)
/freqtrade/user_data/strategies/TrendVolTarget.py:50: PerformanceWarning: DataFrame is highly fragmented.  This is usually the result of calling `frame.insert` many times, which has poor performance.  Consider joining all columns at once using pd.concat(axis=1) instead. To get a de-fragmented frame, use `newframe = frame.copy()`
  dataframe[f"dc_hi_{n}"] = dataframe["high"].rolling(n).max().shift(1)
/freqtrade/user_data/strategies/TrendVolTarget.py:50: PerformanceWarning: DataFrame is highly fragmented.  This is usually the result of calling `frame.insert` many times, which has poor performance.  Consider joining all columns at once using pd.concat(axis=1) instead. To get a de-fragmented frame, use `newframe = frame.copy()`
  dataframe[f"dc_hi_{n}"] = dataframe["high"].rolling(n).max().shift(1)
/freqtrade/user_data/strategies/TrendVolTarget.py:50: PerformanceWarning: DataFrame is highly fragmented.  This is usually the result of calling `frame.insert` many times, which has poor performance.  Consider joining all columns at once using pd.concat(axis=1) instead. To get a de-fragmented frame, use `newframe = frame.copy()`
  dataframe[f"dc_hi_{n}"] = dataframe["high"].rolling(n).max().shift(1)
/freqtrade/user_data/strategies/TrendVolTarget.py:50: PerformanceWarning: DataFrame is highly fragmented.  This is usually the result of calling `frame.insert` many times, which has poor performance.  Consider joining all columns at once using pd.concat(axis=1) instead. To get a de-fragmented frame, use `newframe = frame.copy()`
  dataframe[f"dc_hi_{n}"] = dataframe["high"].rolling(n).max().shift(1)
/freqtrade/user_data/strategies/TrendVolTarget.py:50: PerformanceWarning: DataFrame is highly fragmented.  This is usually the result of calling `frame.insert` many times, which has poor performance.  Consider joining all columns at once using pd.concat(axis=1) instead. To get a de-fragmented frame, use `newframe = frame.copy()`
  dataframe[f"dc_hi_{n}"] = dataframe["high"].rolling(n).max().shift(1)
/freqtrade/user_data/strategies/TrendVolTarget.py:50: PerformanceWarning: DataFrame is highly fragmented.  This is usually the result of calling `frame.insert` many times, which has poor performance.  Consider joining all columns at once using pd.concat(axis=1) instead. To get a de-fragmented frame, use `newframe = frame.copy()`
  dataframe[f"dc_hi_{n}"] = dataframe["high"].rolling(n).max().shift(1)
/freqtrade/user_data/strategies/TrendVolTarget.py:50: PerformanceWarning: DataFrame is highly fragmented.  This is usually the result of calling `frame.insert` many times, which has poor performance.  Consider joining all columns at once using pd.concat(axis=1) instead. To get a de-fragmented frame, use `newframe = frame.copy()`
  dataframe[f"dc_hi_{n}"] = dataframe["high"].rolling(n).max().shift(1)
/freqtrade/user_data/strategies/TrendVolTarget.py:50: PerformanceWarning: DataFrame is highly fragmented.  This is usually the result of calling `frame.insert` many times, which has poor performance.  Consider joining all columns at once using pd.concat(axis=1) instead. To get a de-fragmented frame, use `newframe = frame.copy()`
  dataframe[f"dc_hi_{n}"] = dataframe["high"].rolling(n).max().shift(1)
/freqtrade/user_data/strategies/TrendVolTarget.py:50: PerformanceWarning: DataFrame is highly fragmented.  This is usually the result of calling `frame.insert` many times, which has poor performance.  Consider joining all columns at once using pd.concat(axis=1) instead. To get a de-fragmented frame, use `newframe = frame.copy()`
  dataframe[f"dc_hi_{n}"] = dataframe["high"].rolling(n).max().shift(1)
/freqtrade/user_data/strategies/TrendVolTarget.py:50: PerformanceWarning: DataFrame is highly fragmented.  This is usually the result of calling `frame.insert` many times, which has poor performance.  Consider joining all columns at once using pd.concat(axis=1) instead. To get a de-fragmented frame, use `newframe = frame.copy()`
  dataframe[f"dc_hi_{n}"] = dataframe["high"].rolling(n).max().shift(1)
/freqtrade/user_data/strategies/TrendVolTarget.py:50: PerformanceWarning: DataFrame is highly fragmented.  This is usually the result of calling `frame.insert` many times, which has poor performance.  Consider joining all columns at once using pd.concat(axis=1) instead. To get a de-fragmented frame, use `newframe = frame.copy()`
  dataframe[f"dc_hi_{n}"] = dataframe["high"].rolling(n).max().shift(1)
/freqtrade/user_data/strategies/TrendVolTarget.py:50: PerformanceWarning: DataFrame is highly fragmented.  This is usually the result of calling `frame.insert` many times, which has poor performance.  Consider joining all columns at once using pd.concat(axis=1) instead. To get a de-fragmented frame, use `newframe = frame.copy()`
  dataframe[f"dc_hi_{n}"] = dataframe["high"].rolling(n).max().shift(1)
/freqtrade/user_data/strategies/TrendVolTarget.py:50: PerformanceWarning: DataFrame is highly fragmented.  This is usually the result of calling `frame.insert` many times, which has poor performance.  Consider joining all columns at once using pd.concat(axis=1) instead. To get a de-fragmented frame, use `newframe = frame.copy()`
  dataframe[f"dc_hi_{n}"] = dataframe["high"].rolling(n).max().shift(1)
/freqtrade/user_data/strategies/TrendVolTarget.py:50: PerformanceWarning: DataFrame is highly fragmented.  This is usually the result of calling `frame.insert` many times, which has poor performance.  Consider joining all columns at once using pd.concat(axis=1) instead. To get a de-fragmented frame, use `newframe = frame.copy()`
  dataframe[f"dc_hi_{n}"] = dataframe["high"].rolling(n).max().shift(1)
/freqtrade/user_data/strategies/TrendVolTarget.py:50: PerformanceWarning: DataFrame is highly fragmented.  This is usually the result of calling `frame.insert` many times, which has poor performance.  Consider joining all columns at once using pd.concat(axis=1) instead. To get a de-fragmented frame, use `newframe = frame.copy()`
  dataframe[f"dc_hi_{n}"] = dataframe["high"].rolling(n).max().shift(1)
/freqtrade/user_data/strategies/TrendVolTarget.py:50: PerformanceWarning: DataFrame is highly fragmented.  This is usually the result of calling `frame.insert` many times, which has poor performance.  Consider joining all columns at once using pd.concat(axis=1) instead. To get a de-fragmented frame, use `newframe = frame.copy()`
  dataframe[f"dc_hi_{n}"] = dataframe["high"].rolling(n).max().shift(1)
/freqtrade/user_data/strategies/TrendVolTarget.py:50: PerformanceWarning: DataFrame is highly fragmented.  This is usually the result of calling `frame.insert` many times, which has poor performance.  Consider joining all columns at once using pd.concat(axis=1) instead. To get a de-fragmented frame, use `newframe = frame.copy()`
  dataframe[f"dc_hi_{n}"] = dataframe["high"].rolling(n).max().shift(1)
/freqtrade/user_data/strategies/TrendVolTarget.py:50: PerformanceWarning: DataFrame is highly fragmented.  This is usually the result of calling `frame.insert` many times, which has poor performance.  Consider joining all columns at once using pd.concat(axis=1) instead. To get a de-fragmented frame, use `newframe = frame.copy()`
  dataframe[f"dc_hi_{n}"] = dataframe["high"].rolling(n).max().shift(1)
/freqtrade/user_data/strategies/TrendVolTarget.py:50: PerformanceWarning: DataFrame is highly fragmented.  This is usually the result of calling `frame.insert` many times, which has poor performance.  Consider joining all columns at once using pd.concat(axis=1) instead. To get a de-fragmented frame, use `newframe = frame.copy()`
  dataframe[f"dc_hi_{n}"] = dataframe["high"].rolling(n).max().shift(1)
/freqtrade/user_data/strategies/TrendVolTarget.py:50: PerformanceWarning: DataFrame is highly fragmented.  This is usually the result of calling `frame.insert` many times, which has poor performance.  Consider joining all columns at once using pd.concat(axis=1) instead. To get a de-fragmented frame, use `newframe = frame.copy()`
  dataframe[f"dc_hi_{n}"] = dataframe["high"].rolling(n).max().shift(1)
/freqtrade/user_data/strategies/TrendVolTarget.py:50: PerformanceWarning: DataFrame is highly fragmented.  This is usually the result of calling `frame.insert` many times, which has poor performance.  Consider joining all columns at once using pd.concat(axis=1) instead. To get a de-fragmented frame, use `newframe = frame.copy()`
  dataframe[f"dc_hi_{n}"] = dataframe["high"].rolling(n).max().shift(1)
/freqtrade/user_data/strategies/TrendVolTarget.py:50: PerformanceWarning: DataFrame is highly fragmented.  This is usually the result of calling `frame.insert` many times, which has poor performance.  Consider joining all columns at once using pd.concat(axis=1) instead. To get a de-fragmented frame, use `newframe = frame.copy()`
  dataframe[f"dc_hi_{n}"] = dataframe["high"].rolling(n).max().shift(1)
/freqtrade/user_data/strategies/TrendVolTarget.py:50: PerformanceWarning: DataFrame is highly fragmented.  This is usually the result of calling `frame.insert` many times, which has poor performance.  Consider joining all columns at once using pd.concat(axis=1) instead. To get a de-fragmented frame, use `newframe = frame.copy()`
  dataframe[f"dc_hi_{n}"] = dataframe["high"].rolling(n).max().shift(1)
/freqtrade/user_data/strategies/TrendVolTarget.py:50: PerformanceWarning: DataFrame is highly fragmented.  This is usually the result of calling `frame.insert` many times, which has poor performance.  Consider joining all columns at once using pd.concat(axis=1) instead. To get a de-fragmented frame, use `newframe = frame.copy()`
  dataframe[f"dc_hi_{n}"] = dataframe["high"].rolling(n).max().shift(1)
/freqtrade/user_data/strategies/TrendVolTarget.py:50: PerformanceWarning: DataFrame is highly fragmented.  This is usually the result of calling `frame.insert` many times, which has poor performance.  Consider joining all columns at once using pd.concat(axis=1) instead. To get a de-fragmented frame, use `newframe = frame.copy()`
  dataframe[f"dc_hi_{n}"] = dataframe["high"].rolling(n).max().shift(1)
/freqtrade/user_data/strategies/TrendVolTarget.py:50: PerformanceWarning: DataFrame is highly fragmented.  This is usually the result of calling `frame.insert` many times, which has poor performance.  Consider joining all columns at once using pd.concat(axis=1) instead. To get a de-fragmented frame, use `newframe = frame.copy()`
  dataframe[f"dc_hi_{n}"] = dataframe["high"].rolling(n).max().shift(1)
/freqtrade/user_data/strategies/TrendVolTarget.py:50: PerformanceWarning: DataFrame is highly fragmented.  This is usually the result of calling `frame.insert` many times, which has poor performance.  Consider joining all columns at once using pd.concat(axis=1) instead. To get a de-fragmented frame, use `newframe = frame.copy()`
  dataframe[f"dc_hi_{n}"] = dataframe["high"].rolling(n).max().shift(1)
/freqtrade/user_data/strategies/TrendVolTarget.py:50: PerformanceWarning: DataFrame is highly fragmented.  This is usually the result of calling `frame.insert` many times, which has poor performance.  Consider joining all columns at once using pd.concat(axis=1) instead. To get a de-fragmented frame, use `newframe = frame.copy()`
  dataframe[f"dc_hi_{n}"] = dataframe["high"].rolling(n).max().shift(1)
/freqtrade/user_data/strategies/TrendVolTarget.py:50: PerformanceWarning: DataFrame is highly fragmented.  This is usually the result of calling `frame.insert` many times, which has poor performance.  Consider joining all columns at once using pd.concat(axis=1) instead. To get a de-fragmented frame, use `newframe = frame.copy()`
  dataframe[f"dc_hi_{n}"] = dataframe["high"].rolling(n).max().shift(1)
/freqtrade/user_data/strategies/TrendVolTarget.py:50: PerformanceWarning: DataFrame is highly fragmented.  This is usually the result of calling `frame.insert` many times, which has poor performance.  Consider joining all columns at once using pd.concat(axis=1) instead. To get a de-fragmented frame, use `newframe = frame.copy()`
  dataframe[f"dc_hi_{n}"] = dataframe["high"].rolling(n).max().shift(1)
/freqtrade/user_data/strategies/TrendVolTarget.py:50: PerformanceWarning: DataFrame is highly fragmented.  This is usually the result of calling `frame.insert` many times, which has poor performance.  Consider joining all columns at once using pd.concat(axis=1) instead. To get a de-fragmented frame, use `newframe = frame.copy()`
  dataframe[f"dc_hi_{n}"] = dataframe["high"].rolling(n).max().shift(1)
/freqtrade/user_data/strategies/TrendVolTarget.py:50: PerformanceWarning: DataFrame is highly fragmented.  This is usually the result of calling `frame.insert` many times, which has poor performance.  Consider joining all columns at once using pd.concat(axis=1) instead. To get a de-fragmented frame, use `newframe = frame.copy()`
  dataframe[f"dc_hi_{n}"] = dataframe["high"].rolling(n).max().shift(1)
/freqtrade/user_data/strategies/TrendVolTarget.py:50: PerformanceWarning: DataFrame is highly fragmented.  This is usually the result of calling `frame.insert` many times, which has poor performance.  Consider joining all columns at once using pd.concat(axis=1) instead. To get a de-fragmented frame, use `newframe = frame.copy()`
  dataframe[f"dc_hi_{n}"] = dataframe["high"].rolling(n).max().shift(1)
/freqtrade/user_data/strategies/TrendVolTarget.py:50: PerformanceWarning: DataFrame is highly fragmented.  This is usually the result of calling `frame.insert` many times, which has poor performance.  Consider joining all columns at once using pd.concat(axis=1) instead. To get a de-fragmented frame, use `newframe = frame.copy()`
  dataframe[f"dc_hi_{n}"] = dataframe["high"].rolling(n).max().shift(1)
/freqtrade/user_data/strategies/TrendVolTarget.py:50: PerformanceWarning: DataFrame is highly fragmented.  This is usually the result of calling `frame.insert` many times, which has poor performance.  Consider joining all columns at once using pd.concat(axis=1) instead. To get a de-fragmented frame, use `newframe = frame.copy()`
  dataframe[f"dc_hi_{n}"] = dataframe["high"].rolling(n).max().shift(1)
/freqtrade/user_data/strategies/TrendVolTarget.py:50: PerformanceWarning: DataFrame is highly fragmented.  This is usually the result of calling `frame.insert` many times, which has poor performance.  Consider joining all columns at once using pd.concat(axis=1) instead. To get a de-fragmented frame, use `newframe = frame.copy()`
  dataframe[f"dc_hi_{n}"] = dataframe["high"].rolling(n).max().shift(1)
/freqtrade/user_data/strategies/TrendVolTarget.py:50: PerformanceWarning: DataFrame is highly fragmented.  This is usually the result of calling `frame.insert` many times, which has poor performance.  Consider joining all columns at once using pd.concat(axis=1) instead. To get a de-fragmented frame, use `newframe = frame.copy()`
  dataframe[f"dc_hi_{n}"] = dataframe["high"].rolling(n).max().shift(1)
/freqtrade/user_data/strategies/TrendVolTarget.py:50: PerformanceWarning: DataFrame is highly fragmented.  This is usually the result of calling `frame.insert` many times, which has poor performance.  Consider joining all columns at once using pd.concat(axis=1) instead. To get a de-fragmented frame, use `newframe = frame.copy()`
  dataframe[f"dc_hi_{n}"] = dataframe["high"].rolling(n).max().shift(1)
/freqtrade/user_data/strategies/TrendVolTarget.py:50: PerformanceWarning: DataFrame is highly fragmented.  This is usually the result of calling `frame.insert` many times, which has poor performance.  Consider joining all columns at once using pd.concat(axis=1) instead. To get a de-fragmented frame, use `newframe = frame.copy()`
  dataframe[f"dc_hi_{n}"] = dataframe["high"].rolling(n).max().shift(1)
/freqtrade/user_data/strategies/TrendVolTarget.py:50: PerformanceWarning: DataFrame is highly fragmented.  This is usually the result of calling `frame.insert` many times, which has poor performance.  Consider joining all columns at once using pd.concat(axis=1) instead. To get a de-fragmented frame, use `newframe = frame.copy()`
  dataframe[f"dc_hi_{n}"] = dataframe["high"].rolling(n).max().shift(1)
/freqtrade/user_data/strategies/TrendVolTarget.py:50: PerformanceWarning: DataFrame is highly fragmented.  This is usually the result of calling `frame.insert` many times, which has poor performance.  Consider joining all columns at once using pd.concat(axis=1) instead. To get a de-fragmented frame, use `newframe = frame.copy()`
  dataframe[f"dc_hi_{n}"] = dataframe["high"].rolling(n).max().shift(1)
/freqtrade/user_data/strategies/TrendVolTarget.py:50: PerformanceWarning: DataFrame is highly fragmented.  This is usually the result of calling `frame.insert` many times, which has poor performance.  Consider joining all columns at once using pd.concat(axis=1) instead. To get a de-fragmented frame, use `newframe = frame.copy()`
  dataframe[f"dc_hi_{n}"] = dataframe["high"].rolling(n).max().shift(1)
/freqtrade/user_data/strategies/TrendVolTarget.py:50: PerformanceWarning: DataFrame is highly fragmented.  This is usually the result of calling `frame.insert` many times, which has poor performance.  Consider joining all columns at once using pd.concat(axis=1) instead. To get a de-fragmented frame, use `newframe = frame.copy()`
  dataframe[f"dc_hi_{n}"] = dataframe["high"].rolling(n).max().shift(1)
/freqtrade/user_data/strategies/TrendVolTarget.py:50: PerformanceWarning: DataFrame is highly fragmented.  This is usually the result of calling `frame.insert` many times, which has poor performance.  Consider joining all columns at once using pd.concat(axis=1) instead. To get a de-fragmented frame, use `newframe = frame.copy()`
  dataframe[f"dc_hi_{n}"] = dataframe["high"].rolling(n).max().shift(1)
/freqtrade/user_data/strategies/TrendVolTarget.py:50: PerformanceWarning: DataFrame is highly fragmented.  This is usually the result of calling `frame.insert` many times, which has poor performance.  Consider joining all columns at once using pd.concat(axis=1) instead. To get a de-fragmented frame, use `newframe = frame.copy()`
  dataframe[f"dc_hi_{n}"] = dataframe["high"].rolling(n).max().shift(1)
/freqtrade/user_data/strategies/TrendVolTarget.py:50: PerformanceWarning: DataFrame is highly fragmented.  This is usually the result of calling `frame.insert` many times, which has poor performance.  Consider joining all columns at once using pd.concat(axis=1) instead. To get a de-fragmented frame, use `newframe = frame.copy()`
  dataframe[f"dc_hi_{n}"] = dataframe["high"].rolling(n).max().shift(1)
/freqtrade/user_data/strategies/TrendVolTarget.py:50: PerformanceWarning: DataFrame is highly fragmented.  This is usually the result of calling `frame.insert` many times, which has poor performance.  Consider joining all columns at once using pd.concat(axis=1) instead. To get a de-fragmented frame, use `newframe = frame.copy()`
  dataframe[f"dc_hi_{n}"] = dataframe["high"].rolling(n).max().shift(1)
/freqtrade/user_data/strategies/TrendVolTarget.py:50: PerformanceWarning: DataFrame is highly fragmented.  This is usually the result of calling `frame.insert` many times, which has poor performance.  Consider joining all columns at once using pd.concat(axis=1) instead. To get a de-fragmented frame, use `newframe = frame.copy()`
  dataframe[f"dc_hi_{n}"] = dataframe["high"].rolling(n).max().shift(1)
/freqtrade/user_data/strategies/TrendVolTarget.py:50: PerformanceWarning: DataFrame is highly fragmented.  This is usually the result of calling `frame.insert` many times, which has poor performance.  Consider joining all columns at once using pd.concat(axis=1) instead. To get a de-fragmented frame, use `newframe = frame.copy()`
  dataframe[f"dc_hi_{n}"] = dataframe["high"].rolling(n).max().shift(1)
/freqtrade/user_data/strategies/TrendVolTarget.py:50: PerformanceWarning: DataFrame is highly fragmented.  This is usually the result of calling `frame.insert` many times, which has poor performance.  Consider joining all columns at once using pd.concat(axis=1) instead. To get a de-fragmented frame, use `newframe = frame.copy()`
  dataframe[f"dc_hi_{n}"] = dataframe["high"].rolling(n).max().shift(1)
/freqtrade/user_data/strategies/TrendVolTarget.py:50: PerformanceWarning: DataFrame is highly fragmented.  This is usually the result of calling `frame.insert` many times, which has poor performance.  Consider joining all columns at once using pd.concat(axis=1) instead. To get a de-fragmented frame, use `newframe = frame.copy()`
  dataframe[f"dc_hi_{n}"] = dataframe["high"].rolling(n).max().shift(1)
/freqtrade/user_data/strategies/TrendVolTarget.py:50: PerformanceWarning: DataFrame is highly fragmented.  This is usually the result of calling `frame.insert` many times, which has poor performance.  Consider joining all columns at once using pd.concat(axis=1) instead. To get a de-fragmented frame, use `newframe = frame.copy()`
  dataframe[f"dc_hi_{n}"] = dataframe["high"].rolling(n).max().shift(1)
/freqtrade/user_data/strategies/TrendVolTarget.py:50: PerformanceWarning: DataFrame is highly fragmented.  This is usually the result of calling `frame.insert` many times, which has poor performance.  Consider joining all columns at once using pd.concat(axis=1) instead. To get a de-fragmented frame, use `newframe = frame.copy()`
  dataframe[f"dc_hi_{n}"] = dataframe["high"].rolling(n).max().shift(1)
/freqtrade/user_data/strategies/TrendVolTarget.py:50: PerformanceWarning: DataFrame is highly fragmented.  This is usually the result of calling `frame.insert` many times, which has poor performance.  Consider joining all columns at once using pd.concat(axis=1) instead. To get a de-fragmented frame, use `newframe = frame.copy()`
  dataframe[f"dc_hi_{n}"] = dataframe["high"].rolling(n).max().shift(1)
/freqtrade/user_data/strategies/TrendVolTarget.py:50: PerformanceWarning: DataFrame is highly fragmented.  This is usually the result of calling `frame.insert` many times, which has poor performance.  Consider joining all columns at once using pd.concat(axis=1) instead. To get a de-fragmented frame, use `newframe = frame.copy()`
  dataframe[f"dc_hi_{n}"] = dataframe["high"].rolling(n).max().shift(1)
/freqtrade/user_data/strategies/TrendVolTarget.py:50: PerformanceWarning: DataFrame is highly fragmented.  This is usually the result of calling `frame.insert` many times, which has poor performance.  Consider joining all columns at once using pd.concat(axis=1) instead. To get a de-fragmented frame, use `newframe = frame.copy()`
  dataframe[f"dc_hi_{n}"] = dataframe["high"].rolling(n).max().shift(1)
/freqtrade/user_data/strategies/TrendVolTarget.py:50: PerformanceWarning: DataFrame is highly fragmented.  This is usually the result of calling `frame.insert` many times, which has poor performance.  Consider joining all columns at once using pd.concat(axis=1) instead. To get a de-fragmented frame, use `newframe = frame.copy()`
  dataframe[f"dc_hi_{n}"] = dataframe["high"].rolling(n).max().shift(1)
/freqtrade/user_data/strategies/TrendVolTarget.py:50: PerformanceWarning: DataFrame is highly fragmented.  This is usually the result of calling `frame.insert` many times, which has poor performance.  Consider joining all columns at once using pd.concat(axis=1) instead. To get a de-fragmented frame, use `newframe = frame.copy()`
  dataframe[f"dc_hi_{n}"] = dataframe["high"].rolling(n).max().shift(1)
/freqtrade/user_data/strategies/TrendVolTarget.py:53: PerformanceWarning: DataFrame is highly fragmented.  This is usually the result of calling `frame.insert` many times, which has poor performance.  Consider joining all columns at once using pd.concat(axis=1) instead. To get a de-fragmented frame, use `newframe = frame.copy()`
  dataframe["sma_f"] = ta.SMA(dataframe, timeperiod=60)
/freqtrade/user_data/strategies/TrendVolTarget.py:54: PerformanceWarning: DataFrame is highly fragmented.  This is usually the result of calling `frame.insert` many times, which has poor performance.  Consider joining all columns at once using pd.concat(axis=1) instead. To get a de-fragmented frame, use `newframe = frame.copy()`
  dataframe["sma_s"] = ta.SMA(dataframe, timeperiod=240)
/freqtrade/user_data/strategies/TrendVolTarget.py:56: PerformanceWarning: DataFrame is highly fragmented.  This is usually the result of calling `frame.insert` many times, which has poor performance.  Consider joining all columns at once using pd.concat(axis=1) instead. To get a de-fragmented frame, use `newframe = frame.copy()`
  dataframe["rvol"] = dataframe["close"].pct_change().rolling(90).std() * np.sqrt(6 * 365)
/freqtrade/user_data/strategies/TrendVolTarget.py:50: PerformanceWarning: DataFrame is highly fragmented.  This is usually the result of calling `frame.insert` many times, which has poor performance.  Consider joining all columns at once using pd.concat(axis=1) instead. To get a de-fragmented frame, use `newframe = frame.copy()`
  dataframe[f"dc_hi_{n}"] = dataframe["high"].rolling(n).max().shift(1)
/freqtrade/user_data/strategies/TrendVolTarget.py:50: PerformanceWarning: DataFrame is highly fragmented.  This is usually the result of calling `frame.insert` many times, which has poor performance.  Consider joining all columns at once using pd.concat(axis=1) instead. To get a de-fragmented frame, use `newframe = frame.copy()`
  dataframe[f"dc_hi_{n}"] = dataframe["high"].rolling(n).max().shift(1)
/freqtrade/user_data/strategies/TrendVolTarget.py:50: PerformanceWarning: DataFrame is highly fragmented.  This is usually the result of calling `frame.insert` many times, which has poor performance.  Consider joining all columns at once using pd.concat(axis=1) instead. To get a de-fragmented frame, use `newframe = frame.copy()`
  dataframe[f"dc_hi_{n}"] = dataframe["high"].rolling(n).max().shift(1)
/freqtrade/user_data/strategies/TrendVolTarget.py:50: PerformanceWarning: DataFrame is highly fragmented.  This is usually the result of calling `frame.insert` many times, which has poor performance.  Consider joining all columns at once using pd.concat(axis=1) instead. To get a de-fragmented frame, use `newframe = frame.copy()`
  dataframe[f"dc_hi_{n}"] = dataframe["high"].rolling(n).max().shift(1)
/freqtrade/user_data/strategies/TrendVolTarget.py:50: PerformanceWarning: DataFrame is highly fragmented.  This is usually the result of calling `frame.insert` many times, which has poor performance.  Consider joining all columns at once using pd.concat(axis=1) instead. To get a de-fragmented frame, use `newframe = frame.copy()`
  dataframe[f"dc_hi_{n}"] = dataframe["high"].rolling(n).max().shift(1)
/freqtrade/user_data/strategies/TrendVolTarget.py:50: PerformanceWarning: DataFrame is highly fragmented.  This is usually the result of calling `frame.insert` many times, which has poor performance.  Consider joining all columns at once using pd.concat(axis=1) instead. To get a de-fragmented frame, use `newframe = frame.copy()`
  dataframe[f"dc_hi_{n}"] = dataframe["high"].rolling(n).max().shift(1)
/freqtrade/user_data/strategies/TrendVolTarget.py:50: PerformanceWarning: DataFrame is highly fragmented.  This is usually the result of calling `frame.insert` many times, which has poor performance.  Consider joining all columns at once using pd.concat(axis=1) instead. To get a de-fragmented frame, use `newframe = frame.copy()`
  dataframe[f"dc_hi_{n}"] = dataframe["high"].rolling(n).max().shift(1)
/freqtrade/user_data/strategies/TrendVolTarget.py:50: PerformanceWarning: DataFrame is highly fragmented.  This is usually the result of calling `frame.insert` many times, which has poor performance.  Consider joining all columns at once using pd.concat(axis=1) instead. To get a de-fragmented frame, use `newframe = frame.copy()`
  dataframe[f"dc_hi_{n}"] = dataframe["high"].rolling(n).max().shift(1)
/freqtrade/user_data/strategies/TrendVolTarget.py:50: PerformanceWarning: DataFrame is highly fragmented.  This is usually the result of calling `frame.insert` many times, which has poor performance.  Consider joining all columns at once using pd.concat(axis=1) instead. To get a de-fragmented frame, use `newframe = frame.copy()`
  dataframe[f"dc_hi_{n}"] = dataframe["high"].rolling(n).max().shift(1)
/freqtrade/user_data/strategies/TrendVolTarget.py:50: PerformanceWarning: DataFrame is highly fragmented.  This is usually the result of calling `frame.insert` many times, which has poor performance.  Consider joining all columns at once using pd.concat(axis=1) instead. To get a de-fragmented frame, use `newframe = frame.copy()`
  dataframe[f"dc_hi_{n}"] = dataframe["high"].rolling(n).max().shift(1)
/freqtrade/user_data/strategies/TrendVolTarget.py:50: PerformanceWarning: DataFrame is highly fragmented.  This is usually the result of calling `frame.insert` many times, which has poor performance.  Consider joining all columns at once using pd.concat(axis=1) instead. To get a de-fragmented frame, use `newframe = frame.copy()`
  dataframe[f"dc_hi_{n}"] = dataframe["high"].rolling(n).max().shift(1)
/freqtrade/user_data/strategies/TrendVolTarget.py:50: PerformanceWarning: DataFrame is highly fragmented.  This is usually the result of calling `frame.insert` many times, which has poor performance.  Consider joining all columns at once using pd.concat(axis=1) instead. To get a de-fragmented frame, use `newframe = frame.copy()`
  dataframe[f"dc_hi_{n}"] = dataframe["high"].rolling(n).max().shift(1)
/freqtrade/user_data/strategies/TrendVolTarget.py:50: PerformanceWarning: DataFrame is highly fragmented.  This is usually the result of calling `frame.insert` many times, which has poor performance.  Consider joining all columns at once using pd.concat(axis=1) instead. To get a de-fragmented frame, use `newframe = frame.copy()`
  dataframe[f"dc_hi_{n}"] = dataframe["high"].rolling(n).max().shift(1)
/freqtrade/user_data/strategies/TrendVolTarget.py:50: PerformanceWarning: DataFrame is highly fragmented.  This is usually the result of calling `frame.insert` many times, which has poor performance.  Consider joining all columns at once using pd.concat(axis=1) instead. To get a de-fragmented frame, use `newframe = frame.copy()`
  dataframe[f"dc_hi_{n}"] = dataframe["high"].rolling(n).max().shift(1)
/freqtrade/user_data/strategies/TrendVolTarget.py:50: PerformanceWarning: DataFrame is highly fragmented.  This is usually the result of calling `frame.insert` many times, which has poor performance.  Consider joining all columns at once using pd.concat(axis=1) instead. To get a de-fragmented frame, use `newframe = frame.copy()`
  dataframe[f"dc_hi_{n}"] = dataframe["high"].rolling(n).max().shift(1)
/freqtrade/user_data/strategies/TrendVolTarget.py:50: PerformanceWarning: DataFrame is highly fragmented.  This is usually the result of calling `frame.insert` many times, which has poor performance.  Consider joining all columns at once using pd.concat(axis=1) instead. To get a de-fragmented frame, use `newframe = frame.copy()`
  dataframe[f"dc_hi_{n}"] = dataframe["high"].rolling(n).max().shift(1)
/freqtrade/user_data/strategies/TrendVolTarget.py:50: PerformanceWarning: DataFrame is highly fragmented.  This is usually the result of calling `frame.insert` many times, which has poor performance.  Consider joining all columns at once using pd.concat(axis=1) instead. To get a de-fragmented frame, use `newframe = frame.copy()`
  dataframe[f"dc_hi_{n}"] = dataframe["high"].rolling(n).max().shift(1)
/freqtrade/user_data/strategies/TrendVolTarget.py:50: PerformanceWarning: DataFrame is highly fragmented.  This is usually the result of calling `frame.insert` many times, which has poor performance.  Consider joining all columns at once using pd.concat(axis=1) instead. To get a de-fragmented frame, use `newframe = frame.copy()`
  dataframe[f"dc_hi_{n}"] = dataframe["high"].rolling(n).max().shift(1)
/freqtrade/user_data/strategies/TrendVolTarget.py:50: PerformanceWarning: DataFrame is highly fragmented.  This is usually the result of calling `frame.insert` many times, which has poor performance.  Consider joining all columns at once using pd.concat(axis=1) instead. To get a de-fragmented frame, use `newframe = frame.copy()`
  dataframe[f"dc_hi_{n}"] = dataframe["high"].rolling(n).max().shift(1)
/freqtrade/user_data/strategies/TrendVolTarget.py:50: PerformanceWarning: DataFrame is highly fragmented.  This is usually the result of calling `frame.insert` many times, which has poor performance.  Consider joining all columns at once using pd.concat(axis=1) instead. To get a de-fragmented frame, use `newframe = frame.copy()`
  dataframe[f"dc_hi_{n}"] = dataframe["high"].rolling(n).max().shift(1)
/freqtrade/user_data/strategies/TrendVolTarget.py:50: PerformanceWarning: DataFrame is highly fragmented.  This is usually the result of calling `frame.insert` many times, which has poor performance.  Consider joining all columns at once using pd.concat(axis=1) instead. To get a de-fragmented frame, use `newframe = frame.copy()`
  dataframe[f"dc_hi_{n}"] = dataframe["high"].rolling(n).max().shift(1)
/freqtrade/user_data/strategies/TrendVolTarget.py:50: PerformanceWarning: DataFrame is highly fragmented.  This is usually the result of calling `frame.insert` many times, which has poor performance.  Consider joining all columns at once using pd.concat(axis=1) instead. To get a de-fragmented frame, use `newframe = frame.copy()`
  dataframe[f"dc_hi_{n}"] = dataframe["high"].rolling(n).max().shift(1)
/freqtrade/user_data/strategies/TrendVolTarget.py:50: PerformanceWarning: DataFrame is highly fragmented.  This is usually the result of calling `frame.insert` many times, which has poor performance.  Consider joining all columns at once using pd.concat(axis=1) instead. To get a de-fragmented frame, use `newframe = frame.copy()`
  dataframe[f"dc_hi_{n}"] = dataframe["high"].rolling(n).max().shift(1)
/freqtrade/user_data/strategies/TrendVolTarget.py:50: PerformanceWarning: DataFrame is highly fragmented.  This is usually the result of calling `frame.insert` many times, which has poor performance.  Consider joining all columns at once using pd.concat(axis=1) instead. To get a de-fragmented frame, use `newframe = frame.copy()`
  dataframe[f"dc_hi_{n}"] = dataframe["high"].rolling(n).max().shift(1)
/freqtrade/user_data/strategies/TrendVolTarget.py:50: PerformanceWarning: DataFrame is highly fragmented.  This is usually the result of calling `frame.insert` many times, which has poor performance.  Consider joining all columns at once using pd.concat(axis=1) instead. To get a de-fragmented frame, use `newframe = frame.copy()`
  dataframe[f"dc_hi_{n}"] = dataframe["high"].rolling(n).max().shift(1)
/freqtrade/user_data/strategies/TrendVolTarget.py:50: PerformanceWarning: DataFrame is highly fragmented.  This is usually the result of calling `frame.insert` many times, which has poor performance.  Consider joining all columns at once using pd.concat(axis=1) instead. To get a de-fragmented frame, use `newframe = frame.copy()`
  dataframe[f"dc_hi_{n}"] = dataframe["high"].rolling(n).max().shift(1)
/freqtrade/user_data/strategies/TrendVolTarget.py:50: PerformanceWarning: DataFrame is highly fragmented.  This is usually the result of calling `frame.insert` many times, which has poor performance.  Consider joining all columns at once using pd.concat(axis=1) instead. To get a de-fragmented frame, use `newframe = frame.copy()`
  dataframe[f"dc_hi_{n}"] = dataframe["high"].rolling(n).max().shift(1)
/freqtrade/user_data/strategies/TrendVolTarget.py:50: PerformanceWarning: DataFrame is highly fragmented.  This is usually the result of calling `frame.insert` many times, which has poor performance.  Consider joining all columns at once using pd.concat(axis=1) instead. To get a de-fragmented frame, use `newframe = frame.copy()`
  dataframe[f"dc_hi_{n}"] = dataframe["high"].rolling(n).max().shift(1)
/freqtrade/user_data/strategies/TrendVolTarget.py:50: PerformanceWarning: DataFrame is highly fragmented.  This is usually the result of calling `frame.insert` many times, which has poor performance.  Consider joining all columns at once using pd.concat(axis=1) instead. To get a de-fragmented frame, use `newframe = frame.copy()`
  dataframe[f"dc_hi_{n}"] = dataframe["high"].rolling(n).max().shift(1)
/freqtrade/user_data/strategies/TrendVolTarget.py:50: PerformanceWarning: DataFrame is highly fragmented.  This is usually the result of calling `frame.insert` many times, which has poor performance.  Consider joining all columns at once using pd.concat(axis=1) instead. To get a de-fragmented frame, use `newframe = frame.copy()`
  dataframe[f"dc_hi_{n}"] = dataframe["high"].rolling(n).max().shift(1)
/freqtrade/user_data/strategies/TrendVolTarget.py:50: PerformanceWarning: DataFrame is highly fragmented.  This is usually the result of calling `frame.insert` many times, which has poor performance.  Consider joining all columns at once using pd.concat(axis=1) instead. To get a de-fragmented frame, use `newframe = frame.copy()`
  dataframe[f"dc_hi_{n}"] = dataframe["high"].rolling(n).max().shift(1)
/freqtrade/user_data/strategies/TrendVolTarget.py:50: PerformanceWarning: DataFrame is highly fragmented.  This is usually the result of calling `frame.insert` many times, which has poor performance.  Consider joining all columns at once using pd.concat(axis=1) instead. To get a de-fragmented frame, use `newframe = frame.copy()`
  dataframe[f"dc_hi_{n}"] = dataframe["high"].rolling(n).max().shift(1)
/freqtrade/user_data/strategies/TrendVolTarget.py:50: PerformanceWarning: DataFrame is highly fragmented.  This is usually the result of calling `frame.insert` many times, which has poor performance.  Consider joining all columns at once using pd.concat(axis=1) instead. To get a de-fragmented frame, use `newframe = frame.copy()`
  dataframe[f"dc_hi_{n}"] = dataframe["high"].rolling(n).max().shift(1)
/freqtrade/user_data/strategies/TrendVolTarget.py:50: PerformanceWarning: DataFrame is highly fragmented.  This is usually the result of calling `frame.insert` many times, which has poor performance.  Consider joining all columns at once using pd.concat(axis=1) instead. To get a de-fragmented frame, use `newframe = frame.copy()`
  dataframe[f"dc_hi_{n}"] = dataframe["high"].rolling(n).max().shift(1)
/freqtrade/user_data/strategies/TrendVolTarget.py:50: PerformanceWarning: DataFrame is highly fragmented.  This is usually the result of calling `frame.insert` many times, which has poor performance.  Consider joining all columns at once using pd.concat(axis=1) instead. To get a de-fragmented frame, use `newframe = frame.copy()`
  dataframe[f"dc_hi_{n}"] = dataframe["high"].rolling(n).max().shift(1)
/freqtrade/user_data/strategies/TrendVolTarget.py:50: PerformanceWarning: DataFrame is highly fragmented.  This is usually the result of calling `frame.insert` many times, which has poor performance.  Consider joining all columns at once using pd.concat(axis=1) instead. To get a de-fragmented frame, use `newframe = frame.copy()`
  dataframe[f"dc_hi_{n}"] = dataframe["high"].rolling(n).max().shift(1)
/freqtrade/user_data/strategies/TrendVolTarget.py:50: PerformanceWarning: DataFrame is highly fragmented.  This is usually the result of calling `frame.insert` many times, which has poor performance.  Consider joining all columns at once using pd.concat(axis=1) instead. To get a de-fragmented frame, use `newframe = frame.copy()`
  dataframe[f"dc_hi_{n}"] = dataframe["high"].rolling(n).max().shift(1)
/freqtrade/user_data/strategies/TrendVolTarget.py:50: PerformanceWarning: DataFrame is highly fragmented.  This is usually the result of calling `frame.insert` many times, which has poor performance.  Consider joining all columns at once using pd.concat(axis=1) instead. To get a de-fragmented frame, use `newframe = frame.copy()`
  dataframe[f"dc_hi_{n}"] = dataframe["high"].rolling(n).max().shift(1)
/freqtrade/user_data/strategies/TrendVolTarget.py:50: PerformanceWarning: DataFrame is highly fragmented.  This is usually the result of calling `frame.insert` many times, which has poor performance.  Consider joining all columns at once using pd.concat(axis=1) instead. To get a de-fragmented frame, use `newframe = frame.copy()`
  dataframe[f"dc_hi_{n}"] = dataframe["high"].rolling(n).max().shift(1)
/freqtrade/user_data/strategies/TrendVolTarget.py:50: PerformanceWarning: DataFrame is highly fragmented.  This is usually the result of calling `frame.insert` many times, which has poor performance.  Consider joining all columns at once using pd.concat(axis=1) instead. To get a de-fragmented frame, use `newframe = frame.copy()`
  dataframe[f"dc_hi_{n}"] = dataframe["high"].rolling(n).max().shift(1)
/freqtrade/user_data/strategies/TrendVolTarget.py:50: PerformanceWarning: DataFrame is highly fragmented.  This is usually the result of calling `frame.insert` many times, which has poor performance.  Consider joining all columns at once using pd.concat(axis=1) instead. To get a de-fragmented frame, use `newframe = frame.copy()`
  dataframe[f"dc_hi_{n}"] = dataframe["high"].rolling(n).max().shift(1)
/freqtrade/user_data/strategies/TrendVolTarget.py:50: PerformanceWarning: DataFrame is highly fragmented.  This is usually the result of calling `frame.insert` many times, which has poor performance.  Consider joining all columns at once using pd.concat(axis=1) instead. To get a de-fragmented frame, use `newframe = frame.copy()`
  dataframe[f"dc_hi_{n}"] = dataframe["high"].rolling(n).max().shift(1)
/freqtrade/user_data/strategies/TrendVolTarget.py:50: PerformanceWarning: DataFrame is highly fragmented.  This is usually the result of calling `frame.insert` many times, which has poor performance.  Consider joining all columns at once using pd.concat(axis=1) instead. To get a de-fragmented frame, use `newframe = frame.copy()`
  dataframe[f"dc_hi_{n}"] = dataframe["high"].rolling(n).max().shift(1)
/freqtrade/user_data/strategies/TrendVolTarget.py:50: PerformanceWarning: DataFrame is highly fragmented.  This is usually the result of calling `frame.insert` many times, which has poor performance.  Consider joining all columns at once using pd.concat(axis=1) instead. To get a de-fragmented frame, use `newframe = frame.copy()`
  dataframe[f"dc_hi_{n}"] = dataframe["high"].rolling(n).max().shift(1)
/freqtrade/user_data/strategies/TrendVolTarget.py:50: PerformanceWarning: DataFrame is highly fragmented.  This is usually the result of calling `frame.insert` many times, which has poor performance.  Consider joining all columns at once using pd.concat(axis=1) instead. To get a de-fragmented frame, use `newframe = frame.copy()`
  dataframe[f"dc_hi_{n}"] = dataframe["high"].rolling(n).max().shift(1)
/freqtrade/user_data/strategies/TrendVolTarget.py:50: PerformanceWarning: DataFrame is highly fragmented.  This is usually the result of calling `frame.insert` many times, which has poor performance.  Consider joining all columns at once using pd.concat(axis=1) instead. To get a de-fragmented frame, use `newframe = frame.copy()`
  dataframe[f"dc_hi_{n}"] = dataframe["high"].rolling(n).max().shift(1)
/freqtrade/user_data/strategies/TrendVolTarget.py:50: PerformanceWarning: DataFrame is highly fragmented.  This is usually the result of calling `frame.insert` many times, which has poor performance.  Consider joining all columns at once using pd.concat(axis=1) instead. To get a de-fragmented frame, use `newframe = frame.copy()`
  dataframe[f"dc_hi_{n}"] = dataframe["high"].rolling(n).max().shift(1)
/freqtrade/user_data/strategies/TrendVolTarget.py:50: PerformanceWarning: DataFrame is highly fragmented.  This is usually the result of calling `frame.insert` many times, which has poor performance.  Consider joining all columns at once using pd.concat(axis=1) instead. To get a de-fragmented frame, use `newframe = frame.copy()`
  dataframe[f"dc_hi_{n}"] = dataframe["high"].rolling(n).max().shift(1)
/freqtrade/user_data/strategies/TrendVolTarget.py:50: PerformanceWarning: DataFrame is highly fragmented.  This is usually the result of calling `frame.insert` many times, which has poor performance.  Consider joining all columns at once using pd.concat(axis=1) instead. To get a de-fragmented frame, use `newframe = frame.copy()`
  dataframe[f"dc_hi_{n}"] = dataframe["high"].rolling(n).max().shift(1)
/freqtrade/user_data/strategies/TrendVolTarget.py:50: PerformanceWarning: DataFrame is highly fragmented.  This is usually the result of calling `frame.insert` many times, which has poor performance.  Consider joining all columns at once using pd.concat(axis=1) instead. To get a de-fragmented frame, use `newframe = frame.copy()`
  dataframe[f"dc_hi_{n}"] = dataframe["high"].rolling(n).max().shift(1)
/freqtrade/user_data/strategies/TrendVolTarget.py:50: PerformanceWarning: DataFrame is highly fragmented.  This is usually the result of calling `frame.insert` many times, which has poor performance.  Consider joining all columns at once using pd.concat(axis=1) instead. To get a de-fragmented frame, use `newframe = frame.copy()`
  dataframe[f"dc_hi_{n}"] = dataframe["high"].rolling(n).max().shift(1)
/freqtrade/user_data/strategies/TrendVolTarget.py:50: PerformanceWarning: DataFrame is highly fragmented.  This is usually the result of calling `frame.insert` many times, which has poor performance.  Consider joining all columns at once using pd.concat(axis=1) instead. To get a de-fragmented frame, use `newframe = frame.copy()`
  dataframe[f"dc_hi_{n}"] = dataframe["high"].rolling(n).max().shift(1)
/freqtrade/user_data/strategies/TrendVolTarget.py:50: PerformanceWarning: DataFrame is highly fragmented.  This is usually the result of calling `frame.insert` many times, which has poor performance.  Consider joining all columns at once using pd.concat(axis=1) instead. To get a de-fragmented frame, use `newframe = frame.copy()`
  dataframe[f"dc_hi_{n}"] = dataframe["high"].rolling(n).max().shift(1)
/freqtrade/user_data/strategies/TrendVolTarget.py:50: PerformanceWarning: DataFrame is highly fragmented.  This is usually the result of calling `frame.insert` many times, which has poor performance.  Consider joining all columns at once using pd.concat(axis=1) instead. To get a de-fragmented frame, use `newframe = frame.copy()`
  dataframe[f"dc_hi_{n}"] = dataframe["high"].rolling(n).max().shift(1)
/freqtrade/user_data/strategies/TrendVolTarget.py:50: PerformanceWarning: DataFrame is highly fragmented.  This is usually the result of calling `frame.insert` many times, which has poor performance.  Consider joining all columns at once using pd.concat(axis=1) instead. To get a de-fragmented frame, use `newframe = frame.copy()`
  dataframe[f"dc_hi_{n}"] = dataframe["high"].rolling(n).max().shift(1)
/freqtrade/user_data/strategies/TrendVolTarget.py:50: PerformanceWarning: DataFrame is highly fragmented.  This is usually the result of calling `frame.insert` many times, which has poor performance.  Consider joining all columns at once using pd.concat(axis=1) instead. To get a de-fragmented frame, use `newframe = frame.copy()`
  dataframe[f"dc_hi_{n}"] = dataframe["high"].rolling(n).max().shift(1)
/freqtrade/user_data/strategies/TrendVolTarget.py:50: PerformanceWarning: DataFrame is highly fragmented.  This is usually the result of calling `frame.insert` many times, which has poor performance.  Consider joining all columns at once using pd.concat(axis=1) instead. To get a de-fragmented frame, use `newframe = frame.copy()`
  dataframe[f"dc_hi_{n}"] = dataframe["high"].rolling(n).max().shift(1)
/freqtrade/user_data/strategies/TrendVolTarget.py:50: PerformanceWarning: DataFrame is highly fragmented.  This is usually the result of calling `frame.insert` many times, which has poor performance.  Consider joining all columns at once using pd.concat(axis=1) instead. To get a de-fragmented frame, use `newframe = frame.copy()`
  dataframe[f"dc_hi_{n}"] = dataframe["high"].rolling(n).max().shift(1)
/freqtrade/user_data/strategies/TrendVolTarget.py:50: PerformanceWarning: DataFrame is highly fragmented.  This is usually the result of calling `frame.insert` many times, which has poor performance.  Consider joining all columns at once using pd.concat(axis=1) instead. To get a de-fragmented frame, use `newframe = frame.copy()`
  dataframe[f"dc_hi_{n}"] = dataframe["high"].rolling(n).max().shift(1)
/freqtrade/user_data/strategies/TrendVolTarget.py:50: PerformanceWarning: DataFrame is highly fragmented.  This is usually the result of calling `frame.insert` many times, which has poor performance.  Consider joining all columns at once using pd.concat(axis=1) instead. To get a de-fragmented frame, use `newframe = frame.copy()`
  dataframe[f"dc_hi_{n}"] = dataframe["high"].rolling(n).max().shift(1)
/freqtrade/user_data/strategies/TrendVolTarget.py:50: PerformanceWarning: DataFrame is highly fragmented.  This is usually the result of calling `frame.insert` many times, which has poor performance.  Consider joining all columns at once using pd.concat(axis=1) instead. To get a de-fragmented frame, use `newframe = frame.copy()`
  dataframe[f"dc_hi_{n}"] = dataframe["high"].rolling(n).max().shift(1)
/freqtrade/user_data/strategies/TrendVolTarget.py:50: PerformanceWarning: DataFrame is highly fragmented.  This is usually the result of calling `frame.insert` many times, which has poor performance.  Consider joining all columns at once using pd.concat(axis=1) instead. To get a de-fragmented frame, use `newframe = frame.copy()`
  dataframe[f"dc_hi_{n}"] = dataframe["high"].rolling(n).max().shift(1)
/freqtrade/user_data/strategies/TrendVolTarget.py:50: PerformanceWarning: DataFrame is highly fragmented.  This is usually the result of calling `frame.insert` many times, which has poor performance.  Consider joining all columns at once using pd.concat(axis=1) instead. To get a de-fragmented frame, use `newframe = frame.copy()`
  dataframe[f"dc_hi_{n}"] = dataframe["high"].rolling(n).max().shift(1)
/freqtrade/user_data/strategies/TrendVolTarget.py:50: PerformanceWarning: DataFrame is highly fragmented.  This is usually the result of calling `frame.insert` many times, which has poor performance.  Consider joining all columns at once using pd.concat(axis=1) instead. To get a de-fragmented frame, use `newframe = frame.copy()`
  dataframe[f"dc_hi_{n}"] = dataframe["high"].rolling(n).max().shift(1)
/freqtrade/user_data/strategies/TrendVolTarget.py:50: PerformanceWarning: DataFrame is highly fragmented.  This is usually the result of calling `frame.insert` many times, which has poor performance.  Consider joining all columns at once using pd.concat(axis=1) instead. To get a de-fragmented frame, use `newframe = frame.copy()`
  dataframe[f"dc_hi_{n}"] = dataframe["high"].rolling(n).max().shift(1)
/freqtrade/user_data/strategies/TrendVolTarget.py:50: PerformanceWarning: DataFrame is highly fragmented.  This is usually the result of calling `frame.insert` many times, which has poor performance.  Consider joining all columns at once using pd.concat(axis=1) instead. To get a de-fragmented frame, use `newframe = frame.copy()`
  dataframe[f"dc_hi_{n}"] = dataframe["high"].rolling(n).max().shift(1)
/freqtrade/user_data/strategies/TrendVolTarget.py:50: PerformanceWarning: DataFrame is highly fragmented.  This is usually the result of calling `frame.insert` many times, which has poor performance.  Consider joining all columns at once using pd.concat(axis=1) instead. To get a de-fragmented frame, use `newframe = frame.copy()`
  dataframe[f"dc_hi_{n}"] = dataframe["high"].rolling(n).max().shift(1)
/freqtrade/user_data/strategies/TrendVolTarget.py:50: PerformanceWarning: DataFrame is highly fragmented.  This is usually the result of calling `frame.insert` many times, which has poor performance.  Consider joining all columns at once using pd.concat(axis=1) instead. To get a de-fragmented frame, use `newframe = frame.copy()`
  dataframe[f"dc_hi_{n}"] = dataframe["high"].rolling(n).max().shift(1)
/freqtrade/user_data/strategies/TrendVolTarget.py:50: PerformanceWarning: DataFrame is highly fragmented.  This is usually the result of calling `frame.insert` many times, which has poor performance.  Consider joining all columns at once using pd.concat(axis=1) instead. To get a de-fragmented frame, use `newframe = frame.copy()`
  dataframe[f"dc_hi_{n}"] = dataframe["high"].rolling(n).max().shift(1)
/freqtrade/user_data/strategies/TrendVolTarget.py:50: PerformanceWarning: DataFrame is highly fragmented.  This is usually the result of calling `frame.insert` many times, which has poor performance.  Consider joining all columns at once using pd.concat(axis=1) instead. To get a de-fragmented frame, use `newframe = frame.copy()`
  dataframe[f"dc_hi_{n}"] = dataframe["high"].rolling(n).max().shift(1)
/freqtrade/user_data/strategies/TrendVolTarget.py:50: PerformanceWarning: DataFrame is highly fragmented.  This is usually the result of calling `frame.insert` many times, which has poor performance.  Consider joining all columns at once using pd.concat(axis=1) instead. To get a de-fragmented frame, use `newframe = frame.copy()`
  dataframe[f"dc_hi_{n}"] = dataframe["high"].rolling(n).max().shift(1)
/freqtrade/user_data/strategies/TrendVolTarget.py:50: PerformanceWarning: DataFrame is highly fragmented.  This is usually the result of calling `frame.insert` many times, which has poor performance.  Consider joining all columns at once using pd.concat(axis=1) instead. To get a de-fragmented frame, use `newframe = frame.copy()`
  dataframe[f"dc_hi_{n}"] = dataframe["high"].rolling(n).max().shift(1)
/freqtrade/user_data/strategies/TrendVolTarget.py:50: PerformanceWarning: DataFrame is highly fragmented.  This is usually the result of calling `frame.insert` many times, which has poor performance.  Consider joining all columns at once using pd.concat(axis=1) instead. To get a de-fragmented frame, use `newframe = frame.copy()`
  dataframe[f"dc_hi_{n}"] = dataframe["high"].rolling(n).max().shift(1)
/freqtrade/user_data/strategies/TrendVolTarget.py:50: PerformanceWarning: DataFrame is highly fragmented.  This is usually the result of calling `frame.insert` many times, which has poor performance.  Consider joining all columns at once using pd.concat(axis=1) instead. To get a de-fragmented frame, use `newframe = frame.copy()`
  dataframe[f"dc_hi_{n}"] = dataframe["high"].rolling(n).max().shift(1)
/freqtrade/user_data/strategies/TrendVolTarget.py:50: PerformanceWarning: DataFrame is highly fragmented.  This is usually the result of calling `frame.insert` many times, which has poor performance.  Consider joining all columns at once using pd.concat(axis=1) instead. To get a de-fragmented frame, use `newframe = frame.copy()`
  dataframe[f"dc_hi_{n}"] = dataframe["high"].rolling(n).max().shift(1)
/freqtrade/user_data/strategies/TrendVolTarget.py:50: PerformanceWarning: DataFrame is highly fragmented.  This is usually the result of calling `frame.insert` many times, which has poor performance.  Consider joining all columns at once using pd.concat(axis=1) instead. To get a de-fragmented frame, use `newframe = frame.copy()`
  dataframe[f"dc_hi_{n}"] = dataframe["high"].rolling(n).max().shift(1)
/freqtrade/user_data/strategies/TrendVolTarget.py:50: PerformanceWarning: DataFrame is highly fragmented.  This is usually the result of calling `frame.insert` many times, which has poor performance.  Consider joining all columns at once using pd.concat(axis=1) instead. To get a de-fragmented frame, use `newframe = frame.copy()`
  dataframe[f"dc_hi_{n}"] = dataframe["high"].rolling(n).max().shift(1)
/freqtrade/user_data/strategies/TrendVolTarget.py:50: PerformanceWarning: DataFrame is highly fragmented.  This is usually the result of calling `frame.insert` many times, which has poor performance.  Consider joining all columns at once using pd.concat(axis=1) instead. To get a de-fragmented frame, use `newframe = frame.copy()`
  dataframe[f"dc_hi_{n}"] = dataframe["high"].rolling(n).max().shift(1)
/freqtrade/user_data/strategies/TrendVolTarget.py:50: PerformanceWarning: DataFrame is highly fragmented.  This is usually the result of calling `frame.insert` many times, which has poor performance.  Consider joining all columns at once using pd.concat(axis=1) instead. To get a de-fragmented frame, use `newframe = frame.copy()`
  dataframe[f"dc_hi_{n}"] = dataframe["high"].rolling(n).max().shift(1)
/freqtrade/user_data/strategies/TrendVolTarget.py:50: PerformanceWarning: DataFrame is highly fragmented.  This is usually the result of calling `frame.insert` many times, which has poor performance.  Consider joining all columns at once using pd.concat(axis=1) instead. To get a de-fragmented frame, use `newframe = frame.copy()`
  dataframe[f"dc_hi_{n}"] = dataframe["high"].rolling(n).max().shift(1)
/freqtrade/user_data/strategies/TrendVolTarget.py:50: PerformanceWarning: DataFrame is highly fragmented.  This is usually the result of calling `frame.insert` many times, which has poor performance.  Consider joining all columns at once using pd.concat(axis=1) instead. To get a de-fragmented frame, use `newframe = frame.copy()`
  dataframe[f"dc_hi_{n}"] = dataframe["high"].rolling(n).max().shift(1)
/freqtrade/user_data/strategies/TrendVolTarget.py:50: PerformanceWarning: DataFrame is highly fragmented.  This is usually the result of calling `frame.insert` many times, which has poor performance.  Consider joining all columns at once using pd.concat(axis=1) instead. To get a de-fragmented frame, use `newframe = frame.copy()`
  dataframe[f"dc_hi_{n}"] = dataframe["high"].rolling(n).max().shift(1)
/freqtrade/user_data/strategies/TrendVolTarget.py:50: PerformanceWarning: DataFrame is highly fragmented.  This is usually the result of calling `frame.insert` many times, which has poor performance.  Consider joining all columns at once using pd.concat(axis=1) instead. To get a de-fragmented frame, use `newframe = frame.copy()`
  dataframe[f"dc_hi_{n}"] = dataframe["high"].rolling(n).max().shift(1)
/freqtrade/user_data/strategies/TrendVolTarget.py:50: PerformanceWarning: DataFrame is highly fragmented.  This is usually the result of calling `frame.insert` many times, which has poor performance.  Consider joining all columns at once using pd.concat(axis=1) instead. To get a de-fragmented frame, use `newframe = frame.copy()`
  dataframe[f"dc_hi_{n}"] = dataframe["high"].rolling(n).max().shift(1)
/freqtrade/user_data/strategies/TrendVolTarget.py:53: PerformanceWarning: DataFrame is highly fragmented.  This is usually the result of calling `frame.insert` many times, which has poor performance.  Consider joining all columns at once using pd.concat(axis=1) instead. To get a de-fragmented frame, use `newframe = frame.copy()`
  dataframe["sma_f"] = ta.SMA(dataframe, timeperiod=60)
/freqtrade/user_data/strategies/TrendVolTarget.py:54: PerformanceWarning: DataFrame is highly fragmented.  This is usually the result of calling `frame.insert` many times, which has poor performance.  Consider joining all columns at once using pd.concat(axis=1) instead. To get a de-fragmented frame, use `newframe = frame.copy()`
  dataframe["sma_s"] = ta.SMA(dataframe, timeperiod=240)
/freqtrade/user_data/strategies/TrendVolTarget.py:56: PerformanceWarning: DataFrame is highly fragmented.  This is usually the result of calling `frame.insert` many times, which has poor performance.  Consider joining all columns at once using pd.concat(axis=1) instead. To get a de-fragmented frame, use `newframe = frame.copy()`
  dataframe["rvol"] = dataframe["close"].pct_change().rolling(90).std() * np.sqrt(6 * 365)
/freqtrade/user_data/strategies/TrendVolTarget.py:50: PerformanceWarning: DataFrame is highly fragmented.  This is usually the result of calling `frame.insert` many times, which has poor performance.  Consider joining all columns at once using pd.concat(axis=1) instead. To get a de-fragmented frame, use `newframe = frame.copy()`
  dataframe[f"dc_hi_{n}"] = dataframe["high"].rolling(n).max().shift(1)
/freqtrade/user_data/strategies/TrendVolTarget.py:50: PerformanceWarning: DataFrame is highly fragmented.  This is usually the result of calling `frame.insert` many times, which has poor performance.  Consider joining all columns at once using pd.concat(axis=1) instead. To get a de-fragmented frame, use `newframe = frame.copy()`
  dataframe[f"dc_hi_{n}"] = dataframe["high"].rolling(n).max().shift(1)
/freqtrade/user_data/strategies/TrendVolTarget.py:50: PerformanceWarning: DataFrame is highly fragmented.  This is usually the result of calling `frame.insert` many times, which has poor performance.  Consider joining all columns at once using pd.concat(axis=1) instead. To get a de-fragmented frame, use `newframe = frame.copy()`
  dataframe[f"dc_hi_{n}"] = dataframe["high"].rolling(n).max().shift(1)
/freqtrade/user_data/strategies/TrendVolTarget.py:50: PerformanceWarning: DataFrame is highly fragmented.  This is usually the result of calling `frame.insert` many times, which has poor performance.  Consider joining all columns at once using pd.concat(axis=1) instead. To get a de-fragmented frame, use `newframe = frame.copy()`
  dataframe[f"dc_hi_{n}"] = dataframe["high"].rolling(n).max().shift(1)
/freqtrade/user_data/strategies/TrendVolTarget.py:50: PerformanceWarning: DataFrame is highly fragmented.  This is usually the result of calling `frame.insert` many times, which has poor performance.  Consider joining all columns at once using pd.concat(axis=1) instead. To get a de-fragmented frame, use `newframe = frame.copy()`
  dataframe[f"dc_hi_{n}"] = dataframe["high"].rolling(n).max().shift(1)
/freqtrade/user_data/strategies/TrendVolTarget.py:50: PerformanceWarning: DataFrame is highly fragmented.  This is usually the result of calling `frame.insert` many times, which has poor performance.  Consider joining all columns at once using pd.concat(axis=1) instead. To get a de-fragmented frame, use `newframe = frame.copy()`
  dataframe[f"dc_hi_{n}"] = dataframe["high"].rolling(n).max().shift(1)
/freqtrade/user_data/strategies/TrendVolTarget.py:50: PerformanceWarning: DataFrame is highly fragmented.  This is usually the result of calling `frame.insert` many times, which has poor performance.  Consider joining all columns at once using pd.concat(axis=1) instead. To get a de-fragmented frame, use `newframe = frame.copy()`
  dataframe[f"dc_hi_{n}"] = dataframe["high"].rolling(n).max().shift(1)
/freqtrade/user_data/strategies/TrendVolTarget.py:50: PerformanceWarning: DataFrame is highly fragmented.  This is usually the result of calling `frame.insert` many times, which has poor performance.  Consider joining all columns at once using pd.concat(axis=1) instead. To get a de-fragmented frame, use `newframe = frame.copy()`
  dataframe[f"dc_hi_{n}"] = dataframe["high"].rolling(n).max().shift(1)
/freqtrade/user_data/strategies/TrendVolTarget.py:50: PerformanceWarning: DataFrame is highly fragmented.  This is usually the result of calling `frame.insert` many times, which has poor performance.  Consider joining all columns at once using pd.concat(axis=1) instead. To get a de-fragmented frame, use `newframe = frame.copy()`
  dataframe[f"dc_hi_{n}"] = dataframe["high"].rolling(n).max().shift(1)
/freqtrade/user_data/strategies/TrendVolTarget.py:50: PerformanceWarning: DataFrame is highly fragmented.  This is usually the result of calling `frame.insert` many times, which has poor performance.  Consider joining all columns at once using pd.concat(axis=1) instead. To get a de-fragmented frame, use `newframe = frame.copy()`
  dataframe[f"dc_hi_{n}"] = dataframe["high"].rolling(n).max().shift(1)
/freqtrade/user_data/strategies/TrendVolTarget.py:50: PerformanceWarning: DataFrame is highly fragmented.  This is usually the result of calling `frame.insert` many times, which has poor performance.  Consider joining all columns at once using pd.concat(axis=1) instead. To get a de-fragmented frame, use `newframe = frame.copy()`
  dataframe[f"dc_hi_{n}"] = dataframe["high"].rolling(n).max().shift(1)
/freqtrade/user_data/strategies/TrendVolTarget.py:50: PerformanceWarning: DataFrame is highly fragmented.  This is usually the result of calling `frame.insert` many times, which has poor performance.  Consider joining all columns at once using pd.concat(axis=1) instead. To get a de-fragmented frame, use `newframe = frame.copy()`
  dataframe[f"dc_hi_{n}"] = dataframe["high"].rolling(n).max().shift(1)
/freqtrade/user_data/strategies/TrendVolTarget.py:50: PerformanceWarning: DataFrame is highly fragmented.  This is usually the result of calling `frame.insert` many times, which has poor performance.  Consider joining all columns at once using pd.concat(axis=1) instead. To get a de-fragmented frame, use `newframe = frame.copy()`
  dataframe[f"dc_hi_{n}"] = dataframe["high"].rolling(n).max().shift(1)
/freqtrade/user_data/strategies/TrendVolTarget.py:50: PerformanceWarning: DataFrame is highly fragmented.  This is usually the result of calling `frame.insert` many times, which has poor performance.  Consider joining all columns at once using pd.concat(axis=1) instead. To get a de-fragmented frame, use `newframe = frame.copy()`
  dataframe[f"dc_hi_{n}"] = dataframe["high"].rolling(n).max().shift(1)
/freqtrade/user_data/strategies/TrendVolTarget.py:50: PerformanceWarning: DataFrame is highly fragmented.  This is usually the result of calling `frame.insert` many times, which has poor performance.  Consider joining all columns at once using pd.concat(axis=1) instead. To get a de-fragmented frame, use `newframe = frame.copy()`
  dataframe[f"dc_hi_{n}"] = dataframe["high"].rolling(n).max().shift(1)
/freqtrade/user_data/strategies/TrendVolTarget.py:50: PerformanceWarning: DataFrame is highly fragmented.  This is usually the result of calling `frame.insert` many times, which has poor performance.  Consider joining all columns at once using pd.concat(axis=1) instead. To get a de-fragmented frame, use `newframe = frame.copy()`
  dataframe[f"dc_hi_{n}"] = dataframe["high"].rolling(n).max().shift(1)
/freqtrade/user_data/strategies/TrendVolTarget.py:50: PerformanceWarning: DataFrame is highly fragmented.  This is usually the result of calling `frame.insert` many times, which has poor performance.  Consider joining all columns at once using pd.concat(axis=1) instead. To get a de-fragmented frame, use `newframe = frame.copy()`
  dataframe[f"dc_hi_{n}"] = dataframe["high"].rolling(n).max().shift(1)
/freqtrade/user_data/strategies/TrendVolTarget.py:50: PerformanceWarning: DataFrame is highly fragmented.  This is usually the result of calling `frame.insert` many times, which has poor performance.  Consider joining all columns at once using pd.concat(axis=1) instead. To get a de-fragmented frame, use `newframe = frame.copy()`
  dataframe[f"dc_hi_{n}"] = dataframe["high"].rolling(n).max().shift(1)
/freqtrade/user_data/strategies/TrendVolTarget.py:50: PerformanceWarning: DataFrame is highly fragmented.  This is usually the result of calling `frame.insert` many times, which has poor performance.  Consider joining all columns at once using pd.concat(axis=1) instead. To get a de-fragmented frame, use `newframe = frame.copy()`
  dataframe[f"dc_hi_{n}"] = dataframe["high"].rolling(n).max().shift(1)
/freqtrade/user_data/strategies/TrendVolTarget.py:50: PerformanceWarning: DataFrame is highly fragmented.  This is usually the result of calling `frame.insert` many times, which has poor performance.  Consider joining all columns at once using pd.concat(axis=1) instead. To get a de-fragmented frame, use `newframe = frame.copy()`
  dataframe[f"dc_hi_{n}"] = dataframe["high"].rolling(n).max().shift(1)
/freqtrade/user_data/strategies/TrendVolTarget.py:50: PerformanceWarning: DataFrame is highly fragmented.  This is usually the result of calling `frame.insert` many times, which has poor performance.  Consider joining all columns at once using pd.concat(axis=1) instead. To get a de-fragmented frame, use `newframe = frame.copy()`
  dataframe[f"dc_hi_{n}"] = dataframe["high"].rolling(n).max().shift(1)
/freqtrade/user_data/strategies/TrendVolTarget.py:50: PerformanceWarning: DataFrame is highly fragmented.  This is usually the result of calling `frame.insert` many times, which has poor performance.  Consider joining all columns at once using pd.concat(axis=1) instead. To get a de-fragmented frame, use `newframe = frame.copy()`
  dataframe[f"dc_hi_{n}"] = dataframe["high"].rolling(n).max().shift(1)
/freqtrade/user_data/strategies/TrendVolTarget.py:50: PerformanceWarning: DataFrame is highly fragmented.  This is usually the result of calling `frame.insert` many times, which has poor performance.  Consider joining all columns at once using pd.concat(axis=1) instead. To get a de-fragmented frame, use `newframe = frame.copy()`
  dataframe[f"dc_hi_{n}"] = dataframe["high"].rolling(n).max().shift(1)
/freqtrade/user_data/strategies/TrendVolTarget.py:50: PerformanceWarning: DataFrame is highly fragmented.  This is usually the result of calling `frame.insert` many times, which has poor performance.  Consider joining all columns at once using pd.concat(axis=1) instead. To get a de-fragmented frame, use `newframe = frame.copy()`
  dataframe[f"dc_hi_{n}"] = dataframe["high"].rolling(n).max().shift(1)
/freqtrade/user_data/strategies/TrendVolTarget.py:50: PerformanceWarning: DataFrame is highly fragmented.  This is usually the result of calling `frame.insert` many times, which has poor performance.  Consider joining all columns at once using pd.concat(axis=1) instead. To get a de-fragmented frame, use `newframe = frame.copy()`
  dataframe[f"dc_hi_{n}"] = dataframe["high"].rolling(n).max().shift(1)
/freqtrade/user_data/strategies/TrendVolTarget.py:50: PerformanceWarning: DataFrame is highly fragmented.  This is usually the result of calling `frame.insert` many times, which has poor performance.  Consider joining all columns at once using pd.concat(axis=1) instead. To get a de-fragmented frame, use `newframe = frame.copy()`
  dataframe[f"dc_hi_{n}"] = dataframe["high"].rolling(n).max().shift(1)
/freqtrade/user_data/strategies/TrendVolTarget.py:50: PerformanceWarning: DataFrame is highly fragmented.  This is usually the result of calling `frame.insert` many times, which has poor performance.  Consider joining all columns at once using pd.concat(axis=1) instead. To get a de-fragmented frame, use `newframe = frame.copy()`
  dataframe[f"dc_hi_{n}"] = dataframe["high"].rolling(n).max().shift(1)
/freqtrade/user_data/strategies/TrendVolTarget.py:50: PerformanceWarning: DataFrame is highly fragmented.  This is usually the result of calling `frame.insert` many times, which has poor performance.  Consider joining all columns at once using pd.concat(axis=1) instead. To get a de-fragmented frame, use `newframe = frame.copy()`
  dataframe[f"dc_hi_{n}"] = dataframe["high"].rolling(n).max().shift(1)
/freqtrade/user_data/strategies/TrendVolTarget.py:50: PerformanceWarning: DataFrame is highly fragmented.  This is usually the result of calling `frame.insert` many times, which has poor performance.  Consider joining all columns at once using pd.concat(axis=1) instead. To get a de-fragmented frame, use `newframe = frame.copy()`
  dataframe[f"dc_hi_{n}"] = dataframe["high"].rolling(n).max().shift(1)
/freqtrade/user_data/strategies/TrendVolTarget.py:50: PerformanceWarning: DataFrame is highly fragmented.  This is usually the result of calling `frame.insert` many times, which has poor performance.  Consider joining all columns at once using pd.concat(axis=1) instead. To get a de-fragmented frame, use `newframe = frame.copy()`
  dataframe[f"dc_hi_{n}"] = dataframe["high"].rolling(n).max().shift(1)
/freqtrade/user_data/strategies/TrendVolTarget.py:50: PerformanceWarning: DataFrame is highly fragmented.  This is usually the result of calling `frame.insert` many times, which has poor performance.  Consider joining all columns at once using pd.concat(axis=1) instead. To get a de-fragmented frame, use `newframe = frame.copy()`
  dataframe[f"dc_hi_{n}"] = dataframe["high"].rolling(n).max().shift(1)
/freqtrade/user_data/strategies/TrendVolTarget.py:50: PerformanceWarning: DataFrame is highly fragmented.  This is usually the result of calling `frame.insert` many times, which has poor performance.  Consider joining all columns at once using pd.concat(axis=1) instead. To get a de-fragmented frame, use `newframe = frame.copy()`
  dataframe[f"dc_hi_{n}"] = dataframe["high"].rolling(n).max().shift(1)
/freqtrade/user_data/strategies/TrendVolTarget.py:50: PerformanceWarning: DataFrame is highly fragmented.  This is usually the result of calling `frame.insert` many times, which has poor performance.  Consider joining all columns at once using pd.concat(axis=1) instead. To get a de-fragmented frame, use `newframe = frame.copy()`
  dataframe[f"dc_hi_{n}"] = dataframe["high"].rolling(n).max().shift(1)
/freqtrade/user_data/strategies/TrendVolTarget.py:50: PerformanceWarning: DataFrame is highly fragmented.  This is usually the result of calling `frame.insert` many times, which has poor performance.  Consider joining all columns at once using pd.concat(axis=1) instead. To get a de-fragmented frame, use `newframe = frame.copy()`
  dataframe[f"dc_hi_{n}"] = dataframe["high"].rolling(n).max().shift(1)
/freqtrade/user_data/strategies/TrendVolTarget.py:50: PerformanceWarning: DataFrame is highly fragmented.  This is usually the result of calling `frame.insert` many times, which has poor performance.  Consider joining all columns at once using pd.concat(axis=1) instead. To get a de-fragmented frame, use `newframe = frame.copy()`
  dataframe[f"dc_hi_{n}"] = dataframe["high"].rolling(n).max().shift(1)
/freqtrade/user_data/strategies/TrendVolTarget.py:50: PerformanceWarning: DataFrame is highly fragmented.  This is usually the result of calling `frame.insert` many times, which has poor performance.  Consider joining all columns at once using pd.concat(axis=1) instead. To get a de-fragmented frame, use `newframe = frame.copy()`
  dataframe[f"dc_hi_{n}"] = dataframe["high"].rolling(n).max().shift(1)
/freqtrade/user_data/strategies/TrendVolTarget.py:50: PerformanceWarning: DataFrame is highly fragmented.  This is usually the result of calling `frame.insert` many times, which has poor performance.  Consider joining all columns at once using pd.concat(axis=1) instead. To get a de-fragmented frame, use `newframe = frame.copy()`
  dataframe[f"dc_hi_{n}"] = dataframe["high"].rolling(n).max().shift(1)
/freqtrade/user_data/strategies/TrendVolTarget.py:50: PerformanceWarning: DataFrame is highly fragmented.  This is usually the result of calling `frame.insert` many times, which has poor performance.  Consider joining all columns at once using pd.concat(axis=1) instead. To get a de-fragmented frame, use `newframe = frame.copy()`
  dataframe[f"dc_hi_{n}"] = dataframe["high"].rolling(n).max().shift(1)
/freqtrade/user_data/strategies/TrendVolTarget.py:50: PerformanceWarning: DataFrame is highly fragmented.  This is usually the result of calling `frame.insert` many times, which has poor performance.  Consider joining all columns at once using pd.concat(axis=1) instead. To get a de-fragmented frame, use `newframe = frame.copy()`
  dataframe[f"dc_hi_{n}"] = dataframe["high"].rolling(n).max().shift(1)
/freqtrade/user_data/strategies/TrendVolTarget.py:50: PerformanceWarning: DataFrame is highly fragmented.  This is usually the result of calling `frame.insert` many times, which has poor performance.  Consider joining all columns at once using pd.concat(axis=1) instead. To get a de-fragmented frame, use `newframe = frame.copy()`
  dataframe[f"dc_hi_{n}"] = dataframe["high"].rolling(n).max().shift(1)
/freqtrade/user_data/strategies/TrendVolTarget.py:50: PerformanceWarning: DataFrame is highly fragmented.  This is usually the result of calling `frame.insert` many times, which has poor performance.  Consider joining all columns at once using pd.concat(axis=1) instead. To get a de-fragmented frame, use `newframe = frame.copy()`
  dataframe[f"dc_hi_{n}"] = dataframe["high"].rolling(n).max().shift(1)
/freqtrade/user_data/strategies/TrendVolTarget.py:50: PerformanceWarning: DataFrame is highly fragmented.  This is usually the result of calling `frame.insert` many times, which has poor performance.  Consider joining all columns at once using pd.concat(axis=1) instead. To get a de-fragmented frame, use `newframe = frame.copy()`
  dataframe[f"dc_hi_{n}"] = dataframe["high"].rolling(n).max().shift(1)
/freqtrade/user_data/strategies/TrendVolTarget.py:50: PerformanceWarning: DataFrame is highly fragmented.  This is usually the result of calling `frame.insert` many times, which has poor performance.  Consider joining all columns at once using pd.concat(axis=1) instead. To get a de-fragmented frame, use `newframe = frame.copy()`
  dataframe[f"dc_hi_{n}"] = dataframe["high"].rolling(n).max().shift(1)
/freqtrade/user_data/strategies/TrendVolTarget.py:50: PerformanceWarning: DataFrame is highly fragmented.  This is usually the result of calling `frame.insert` many times, which has poor performance.  Consider joining all columns at once using pd.concat(axis=1) instead. To get a de-fragmented frame, use `newframe = frame.copy()`
  dataframe[f"dc_hi_{n}"] = dataframe["high"].rolling(n).max().shift(1)
/freqtrade/user_data/strategies/TrendVolTarget.py:50: PerformanceWarning: DataFrame is highly fragmented.  This is usually the result of calling `frame.insert` many times, which has poor performance.  Consider joining all columns at once using pd.concat(axis=1) instead. To get a de-fragmented frame, use `newframe = frame.copy()`
  dataframe[f"dc_hi_{n}"] = dataframe["high"].rolling(n).max().shift(1)
/freqtrade/user_data/strategies/TrendVolTarget.py:50: PerformanceWarning: DataFrame is highly fragmented.  This is usually the result of calling `frame.insert` many times, which has poor performance.  Consider joining all columns at once using pd.concat(axis=1) instead. To get a de-fragmented frame, use `newframe = frame.copy()`
  dataframe[f"dc_hi_{n}"] = dataframe["high"].rolling(n).max().shift(1)
/freqtrade/user_data/strategies/TrendVolTarget.py:50: PerformanceWarning: DataFrame is highly fragmented.  This is usually the result of calling `frame.insert` many times, which has poor performance.  Consider joining all columns at once using pd.concat(axis=1) instead. To get a de-fragmented frame, use `newframe = frame.copy()`
  dataframe[f"dc_hi_{n}"] = dataframe["high"].rolling(n).max().shift(1)
/freqtrade/user_data/strategies/TrendVolTarget.py:50: PerformanceWarning: DataFrame is highly fragmented.  This is usually the result of calling `frame.insert` many times, which has poor performance.  Consider joining all columns at once using pd.concat(axis=1) instead. To get a de-fragmented frame, use `newframe = frame.copy()`
  dataframe[f"dc_hi_{n}"] = dataframe["high"].rolling(n).max().shift(1)
/freqtrade/user_data/strategies/TrendVolTarget.py:50: PerformanceWarning: DataFrame is highly fragmented.  This is usually the result of calling `frame.insert` many times, which has poor performance.  Consider joining all columns at once using pd.concat(axis=1) instead. To get a de-fragmented frame, use `newframe = frame.copy()`
  dataframe[f"dc_hi_{n}"] = dataframe["high"].rolling(n).max().shift(1)
/freqtrade/user_data/strategies/TrendVolTarget.py:50: PerformanceWarning: DataFrame is highly fragmented.  This is usually the result of calling `frame.insert` many times, which has poor performance.  Consider joining all columns at once using pd.concat(axis=1) instead. To get a de-fragmented frame, use `newframe = frame.copy()`
  dataframe[f"dc_hi_{n}"] = dataframe["high"].rolling(n).max().shift(1)
/freqtrade/user_data/strategies/TrendVolTarget.py:50: PerformanceWarning: DataFrame is highly fragmented.  This is usually the result of calling `frame.insert` many times, which has poor performance.  Consider joining all columns at once using pd.concat(axis=1) instead. To get a de-fragmented frame, use `newframe = frame.copy()`
  dataframe[f"dc_hi_{n}"] = dataframe["high"].rolling(n).max().shift(1)
/freqtrade/user_data/strategies/TrendVolTarget.py:50: PerformanceWarning: DataFrame is highly fragmented.  This is usually the result of calling `frame.insert` many times, which has poor performance.  Consider joining all columns at once using pd.concat(axis=1) instead. To get a de-fragmented frame, use `newframe = frame.copy()`
  dataframe[f"dc_hi_{n}"] = dataframe["high"].rolling(n).max().shift(1)
/freqtrade/user_data/strategies/TrendVolTarget.py:50: PerformanceWarning: DataFrame is highly fragmented.  This is usually the result of calling `frame.insert` many times, which has poor performance.  Consider joining all columns at once using pd.concat(axis=1) instead. To get a de-fragmented frame, use `newframe = frame.copy()`
  dataframe[f"dc_hi_{n}"] = dataframe["high"].rolling(n).max().shift(1)
/freqtrade/user_data/strategies/TrendVolTarget.py:50: PerformanceWarning: DataFrame is highly fragmented.  This is usually the result of calling `frame.insert` many times, which has poor performance.  Consider joining all columns at once using pd.concat(axis=1) instead. To get a de-fragmented frame, use `newframe = frame.copy()`
  dataframe[f"dc_hi_{n}"] = dataframe["high"].rolling(n).max().shift(1)
/freqtrade/user_data/strategies/TrendVolTarget.py:50: PerformanceWarning: DataFrame is highly fragmented.  This is usually the result of calling `frame.insert` many times, which has poor performance.  Consider joining all columns at once using pd.concat(axis=1) instead. To get a de-fragmented frame, use `newframe = frame.copy()`
  dataframe[f"dc_hi_{n}"] = dataframe["high"].rolling(n).max().shift(1)
/freqtrade/user_data/strategies/TrendVolTarget.py:50: PerformanceWarning: DataFrame is highly fragmented.  This is usually the result of calling `frame.insert` many times, which has poor performance.  Consider joining all columns at once using pd.concat(axis=1) instead. To get a de-fragmented frame, use `newframe = frame.copy()`
  dataframe[f"dc_hi_{n}"] = dataframe["high"].rolling(n).max().shift(1)
/freqtrade/user_data/strategies/TrendVolTarget.py:50: PerformanceWarning: DataFrame is highly fragmented.  This is usually the result of calling `frame.insert` many times, which has poor performance.  Consider joining all columns at once using pd.concat(axis=1) instead. To get a de-fragmented frame, use `newframe = frame.copy()`
  dataframe[f"dc_hi_{n}"] = dataframe["high"].rolling(n).max().shift(1)
/freqtrade/user_data/strategies/TrendVolTarget.py:50: PerformanceWarning: DataFrame is highly fragmented.  This is usually the result of calling `frame.insert` many times, which has poor performance.  Consider joining all columns at once using pd.concat(axis=1) instead. To get a de-fragmented frame, use `newframe = frame.copy()`
  dataframe[f"dc_hi_{n}"] = dataframe["high"].rolling(n).max().shift(1)
/freqtrade/user_data/strategies/TrendVolTarget.py:50: PerformanceWarning: DataFrame is highly fragmented.  This is usually the result of calling `frame.insert` many times, which has poor performance.  Consider joining all columns at once using pd.concat(axis=1) instead. To get a de-fragmented frame, use `newframe = frame.copy()`
  dataframe[f"dc_hi_{n}"] = dataframe["high"].rolling(n).max().shift(1)
/freqtrade/user_data/strategies/TrendVolTarget.py:50: PerformanceWarning: DataFrame is highly fragmented.  This is usually the result of calling `frame.insert` many times, which has poor performance.  Consider joining all columns at once using pd.concat(axis=1) instead. To get a de-fragmented frame, use `newframe = frame.copy()`
  dataframe[f"dc_hi_{n}"] = dataframe["high"].rolling(n).max().shift(1)
/freqtrade/user_data/strategies/TrendVolTarget.py:50: PerformanceWarning: DataFrame is highly fragmented.  This is usually the result of calling `frame.insert` many times, which has poor performance.  Consider joining all columns at once using pd.concat(axis=1) instead. To get a de-fragmented frame, use `newframe = frame.copy()`
  dataframe[f"dc_hi_{n}"] = dataframe["high"].rolling(n).max().shift(1)
/freqtrade/user_data/strategies/TrendVolTarget.py:50: PerformanceWarning: DataFrame is highly fragmented.  This is usually the result of calling `frame.insert` many times, which has poor performance.  Consider joining all columns at once using pd.concat(axis=1) instead. To get a de-fragmented frame, use `newframe = frame.copy()`
  dataframe[f"dc_hi_{n}"] = dataframe["high"].rolling(n).max().shift(1)
/freqtrade/user_data/strategies/TrendVolTarget.py:50: PerformanceWarning: DataFrame is highly fragmented.  This is usually the result of calling `frame.insert` many times, which has poor performance.  Consider joining all columns at once using pd.concat(axis=1) instead. To get a de-fragmented frame, use `newframe = frame.copy()`
  dataframe[f"dc_hi_{n}"] = dataframe["high"].rolling(n).max().shift(1)
/freqtrade/user_data/strategies/TrendVolTarget.py:50: PerformanceWarning: DataFrame is highly fragmented.  This is usually the result of calling `frame.insert` many times, which has poor performance.  Consider joining all columns at once using pd.concat(axis=1) instead. To get a de-fragmented frame, use `newframe = frame.copy()`
  dataframe[f"dc_hi_{n}"] = dataframe["high"].rolling(n).max().shift(1)
/freqtrade/user_data/strategies/TrendVolTarget.py:50: PerformanceWarning: DataFrame is highly fragmented.  This is usually the result of calling `frame.insert` many times, which has poor performance.  Consider joining all columns at once using pd.concat(axis=1) instead. To get a de-fragmented frame, use `newframe = frame.copy()`
  dataframe[f"dc_hi_{n}"] = dataframe["high"].rolling(n).max().shift(1)
/freqtrade/user_data/strategies/TrendVolTarget.py:50: PerformanceWarning: DataFrame is highly fragmented.  This is usually the result of calling `frame.insert` many times, which has poor performance.  Consider joining all columns at once using pd.concat(axis=1) instead. To get a de-fragmented frame, use `newframe = frame.copy()`
  dataframe[f"dc_hi_{n}"] = dataframe["high"].rolling(n).max().shift(1)
/freqtrade/user_data/strategies/TrendVolTarget.py:50: PerformanceWarning: DataFrame is highly fragmented.  This is usually the result of calling `frame.insert` many times, which has poor performance.  Consider joining all columns at once using pd.concat(axis=1) instead. To get a de-fragmented frame, use `newframe = frame.copy()`
  dataframe[f"dc_hi_{n}"] = dataframe["high"].rolling(n).max().shift(1)
/freqtrade/user_data/strategies/TrendVolTarget.py:50: PerformanceWarning: DataFrame is highly fragmented.  This is usually the result of calling `frame.insert` many times, which has poor performance.  Consider joining all columns at once using pd.concat(axis=1) instead. To get a de-fragmented frame, use `newframe = frame.copy()`
  dataframe[f"dc_hi_{n}"] = dataframe["high"].rolling(n).max().shift(1)
/freqtrade/user_data/strategies/TrendVolTarget.py:50: PerformanceWarning: DataFrame is highly fragmented.  This is usually the result of calling `frame.insert` many times, which has poor performance.  Consider joining all columns at once using pd.concat(axis=1) instead. To get a de-fragmented frame, use `newframe = frame.copy()`
  dataframe[f"dc_hi_{n}"] = dataframe["high"].rolling(n).max().shift(1)
/freqtrade/user_data/strategies/TrendVolTarget.py:50: PerformanceWarning: DataFrame is highly fragmented.  This is usually the result of calling `frame.insert` many times, which has poor performance.  Consider joining all columns at once using pd.concat(axis=1) instead. To get a de-fragmented frame, use `newframe = frame.copy()`
  dataframe[f"dc_hi_{n}"] = dataframe["high"].rolling(n).max().shift(1)
/freqtrade/user_data/strategies/TrendVolTarget.py:50: PerformanceWarning: DataFrame is highly fragmented.  This is usually the result of calling `frame.insert` many times, which has poor performance.  Consider joining all columns at once using pd.concat(axis=1) instead. To get a de-fragmented frame, use `newframe = frame.copy()`
  dataframe[f"dc_hi_{n}"] = dataframe["high"].rolling(n).max().shift(1)
/freqtrade/user_data/strategies/TrendVolTarget.py:50: PerformanceWarning: DataFrame is highly fragmented.  This is usually the result of calling `frame.insert` many times, which has poor performance.  Consider joining all columns at once using pd.concat(axis=1) instead. To get a de-fragmented frame, use `newframe = frame.copy()`
  dataframe[f"dc_hi_{n}"] = dataframe["high"].rolling(n).max().shift(1)
/freqtrade/user_data/strategies/TrendVolTarget.py:50: PerformanceWarning: DataFrame is highly fragmented.  This is usually the result of calling `frame.insert` many times, which has poor performance.  Consider joining all columns at once using pd.concat(axis=1) instead. To get a de-fragmented frame, use `newframe = frame.copy()`
  dataframe[f"dc_hi_{n}"] = dataframe["high"].rolling(n).max().shift(1)
/freqtrade/user_data/strategies/TrendVolTarget.py:50: PerformanceWarning: DataFrame is highly fragmented.  This is usually the result of calling `frame.insert` many times, which has poor performance.  Consider joining all columns at once using pd.concat(axis=1) instead. To get a de-fragmented frame, use `newframe = frame.copy()`
  dataframe[f"dc_hi_{n}"] = dataframe["high"].rolling(n).max().shift(1)
/freqtrade/user_data/strategies/TrendVolTarget.py:50: PerformanceWarning: DataFrame is highly fragmented.  This is usually the result of calling `frame.insert` many times, which has poor performance.  Consider joining all columns at once using pd.concat(axis=1) instead. To get a de-fragmented frame, use `newframe = frame.copy()`
  dataframe[f"dc_hi_{n}"] = dataframe["high"].rolling(n).max().shift(1)
/freqtrade/user_data/strategies/TrendVolTarget.py:50: PerformanceWarning: DataFrame is highly fragmented.  This is usually the result of calling `frame.insert` many times, which has poor performance.  Consider joining all columns at once using pd.concat(axis=1) instead. To get a de-fragmented frame, use `newframe = frame.copy()`
  dataframe[f"dc_hi_{n}"] = dataframe["high"].rolling(n).max().shift(1)
/freqtrade/user_data/strategies/TrendVolTarget.py:50: PerformanceWarning: DataFrame is highly fragmented.  This is usually the result of calling `frame.insert` many times, which has poor performance.  Consider joining all columns at once using pd.concat(axis=1) instead. To get a de-fragmented frame, use `newframe = frame.copy()`
  dataframe[f"dc_hi_{n}"] = dataframe["high"].rolling(n).max().shift(1)
/freqtrade/user_data/strategies/TrendVolTarget.py:50: PerformanceWarning: DataFrame is highly fragmented.  This is usually the result of calling `frame.insert` many times, which has poor performance.  Consider joining all columns at once using pd.concat(axis=1) instead. To get a de-fragmented frame, use `newframe = frame.copy()`
  dataframe[f"dc_hi_{n}"] = dataframe["high"].rolling(n).max().shift(1)
/freqtrade/user_data/strategies/TrendVolTarget.py:50: PerformanceWarning: DataFrame is highly fragmented.  This is usually the result of calling `frame.insert` many times, which has poor performance.  Consider joining all columns at once using pd.concat(axis=1) instead. To get a de-fragmented frame, use `newframe = frame.copy()`
  dataframe[f"dc_hi_{n}"] = dataframe["high"].rolling(n).max().shift(1)
/freqtrade/user_data/strategies/TrendVolTarget.py:50: PerformanceWarning: DataFrame is highly fragmented.  This is usually the result of calling `frame.insert` many times, which has poor performance.  Consider joining all columns at once using pd.concat(axis=1) instead. To get a de-fragmented frame, use `newframe = frame.copy()`
  dataframe[f"dc_hi_{n}"] = dataframe["high"].rolling(n).max().shift(1)
/freqtrade/user_data/strategies/TrendVolTarget.py:50: PerformanceWarning: DataFrame is highly fragmented.  This is usually the result of calling `frame.insert` many times, which has poor performance.  Consider joining all columns at once using pd.concat(axis=1) instead. To get a de-fragmented frame, use `newframe = frame.copy()`
  dataframe[f"dc_hi_{n}"] = dataframe["high"].rolling(n).max().shift(1)
/freqtrade/user_data/strategies/TrendVolTarget.py:50: PerformanceWarning: DataFrame is highly fragmented.  This is usually the result of calling `frame.insert` many times, which has poor performance.  Consider joining all columns at once using pd.concat(axis=1) instead. To get a de-fragmented frame, use `newframe = frame.copy()`
  dataframe[f"dc_hi_{n}"] = dataframe["high"].rolling(n).max().shift(1)
/freqtrade/user_data/strategies/TrendVolTarget.py:50: PerformanceWarning: DataFrame is highly fragmented.  This is usually the result of calling `frame.insert` many times, which has poor performance.  Consider joining all columns at once using pd.concat(axis=1) instead. To get a de-fragmented frame, use `newframe = frame.copy()`
  dataframe[f"dc_hi_{n}"] = dataframe["high"].rolling(n).max().shift(1)
/freqtrade/user_data/strategies/TrendVolTarget.py:50: PerformanceWarning: DataFrame is highly fragmented.  This is usually the result of calling `frame.insert` many times, which has poor performance.  Consider joining all columns at once using pd.concat(axis=1) instead. To get a de-fragmented frame, use `newframe = frame.copy()`
  dataframe[f"dc_hi_{n}"] = dataframe["high"].rolling(n).max().shift(1)
/freqtrade/user_data/strategies/TrendVolTarget.py:53: PerformanceWarning: DataFrame is highly fragmented.  This is usually the result of calling `frame.insert` many times, which has poor performance.  Consider joining all columns at once using pd.concat(axis=1) instead. To get a de-fragmented frame, use `newframe = frame.copy()`
  dataframe["sma_f"] = ta.SMA(dataframe, timeperiod=60)
/freqtrade/user_data/strategies/TrendVolTarget.py:54: PerformanceWarning: DataFrame is highly fragmented.  This is usually the result of calling `frame.insert` many times, which has poor performance.  Consider joining all columns at once using pd.concat(axis=1) instead. To get a de-fragmented frame, use `newframe = frame.copy()`
  dataframe["sma_s"] = ta.SMA(dataframe, timeperiod=240)
/freqtrade/user_data/strategies/TrendVolTarget.py:56: PerformanceWarning: DataFrame is highly fragmented.  This is usually the result of calling `frame.insert` many times, which has poor performance.  Consider joining all columns at once using pd.concat(axis=1) instead. To get a de-fragmented frame, use `newframe = frame.copy()`
  dataframe["rvol"] = dataframe["close"].pct_change().rolling(90).std() * np.sqrt(6 * 365)
/freqtrade/user_data/strategies/TrendVolTarget.py:50: PerformanceWarning: DataFrame is highly fragmented.  This is usually the result of calling `frame.insert` many times, which has poor performance.  Consider joining all columns at once using pd.concat(axis=1) instead. To get a de-fragmented frame, use `newframe = frame.copy()`
  dataframe[f"dc_hi_{n}"] = dataframe["high"].rolling(n).max().shift(1)
/freqtrade/user_data/strategies/TrendVolTarget.py:50: PerformanceWarning: DataFrame is highly fragmented.  This is usually the result of calling `frame.insert` many times, which has poor performance.  Consider joining all columns at once using pd.concat(axis=1) instead. To get a de-fragmented frame, use `newframe = frame.copy()`
  dataframe[f"dc_hi_{n}"] = dataframe["high"].rolling(n).max().shift(1)
/freqtrade/user_data/strategies/TrendVolTarget.py:50: PerformanceWarning: DataFrame is highly fragmented.  This is usually the result of calling `frame.insert` many times, which has poor performance.  Consider joining all columns at once using pd.concat(axis=1) instead. To get a de-fragmented frame, use `newframe = frame.copy()`
  dataframe[f"dc_hi_{n}"] = dataframe["high"].rolling(n).max().shift(1)
/freqtrade/user_data/strategies/TrendVolTarget.py:50: PerformanceWarning: DataFrame is highly fragmented.  This is usually the result of calling `frame.insert` many times, which has poor performance.  Consider joining all columns at once using pd.concat(axis=1) instead. To get a de-fragmented frame, use `newframe = frame.copy()`
  dataframe[f"dc_hi_{n}"] = dataframe["high"].rolling(n).max().shift(1)
/freqtrade/user_data/strategies/TrendVolTarget.py:50: PerformanceWarning: DataFrame is highly fragmented.  This is usually the result of calling `frame.insert` many times, which has poor performance.  Consider joining all columns at once using pd.concat(axis=1) instead. To get a de-fragmented frame, use `newframe = frame.copy()`
  dataframe[f"dc_hi_{n}"] = dataframe["high"].rolling(n).max().shift(1)
/freqtrade/user_data/strategies/TrendVolTarget.py:50: PerformanceWarning: DataFrame is highly fragmented.  This is usually the result of calling `frame.insert` many times, which has poor performance.  Consider joining all columns at once using pd.concat(axis=1) instead. To get a de-fragmented frame, use `newframe = frame.copy()`
  dataframe[f"dc_hi_{n}"] = dataframe["high"].rolling(n).max().shift(1)
/freqtrade/user_data/strategies/TrendVolTarget.py:50: PerformanceWarning: DataFrame is highly fragmented.  This is usually the result of calling `frame.insert` many times, which has poor performance.  Consider joining all columns at once using pd.concat(axis=1) instead. To get a de-fragmented frame, use `newframe = frame.copy()`
  dataframe[f"dc_hi_{n}"] = dataframe["high"].rolling(n).max().shift(1)
/freqtrade/user_data/strategies/TrendVolTarget.py:50: PerformanceWarning: DataFrame is highly fragmented.  This is usually the result of calling `frame.insert` many times, which has poor performance.  Consider joining all columns at once using pd.concat(axis=1) instead. To get a de-fragmented frame, use `newframe = frame.copy()`
  dataframe[f"dc_hi_{n}"] = dataframe["high"].rolling(n).max().shift(1)
/freqtrade/user_data/strategies/TrendVolTarget.py:50: PerformanceWarning: DataFrame is highly fragmented.  This is usually the result of calling `frame.insert` many times, which has poor performance.  Consider joining all columns at once using pd.concat(axis=1) instead. To get a de-fragmented frame, use `newframe = frame.copy()`
  dataframe[f"dc_hi_{n}"] = dataframe["high"].rolling(n).max().shift(1)
/freqtrade/user_data/strategies/TrendVolTarget.py:50: PerformanceWarning: DataFrame is highly fragmented.  This is usually the result of calling `frame.insert` many times, which has poor performance.  Consider joining all columns at once using pd.concat(axis=1) instead. To get a de-fragmented frame, use `newframe = frame.copy()`
  dataframe[f"dc_hi_{n}"] = dataframe["high"].rolling(n).max().shift(1)
/freqtrade/user_data/strategies/TrendVolTarget.py:50: PerformanceWarning: DataFrame is highly fragmented.  This is usually the result of calling `frame.insert` many times, which has poor performance.  Consider joining all columns at once using pd.concat(axis=1) instead. To get a de-fragmented frame, use `newframe = frame.copy()`
  dataframe[f"dc_hi_{n}"] = dataframe["high"].rolling(n).max().shift(1)
/freqtrade/user_data/strategies/TrendVolTarget.py:50: PerformanceWarning: DataFrame is highly fragmented.  This is usually the result of calling `frame.insert` many times, which has poor performance.  Consider joining all columns at once using pd.concat(axis=1) instead. To get a de-fragmented frame, use `newframe = frame.copy()`
  dataframe[f"dc_hi_{n}"] = dataframe["high"].rolling(n).max().shift(1)
/freqtrade/user_data/strategies/TrendVolTarget.py:50: PerformanceWarning: DataFrame is highly fragmented.  This is usually the result of calling `frame.insert` many times, which has poor performance.  Consider joining all columns at once using pd.concat(axis=1) instead. To get a de-fragmented frame, use `newframe = frame.copy()`
  dataframe[f"dc_hi_{n}"] = dataframe["high"].rolling(n).max().shift(1)
/freqtrade/user_data/strategies/TrendVolTarget.py:50: PerformanceWarning: DataFrame is highly fragmented.  This is usually the result of calling `frame.insert` many times, which has poor performance.  Consider joining all columns at once using pd.concat(axis=1) instead. To get a de-fragmented frame, use `newframe = frame.copy()`
  dataframe[f"dc_hi_{n}"] = dataframe["high"].rolling(n).max().shift(1)
/freqtrade/user_data/strategies/TrendVolTarget.py:50: PerformanceWarning: DataFrame is highly fragmented.  This is usually the result of calling `frame.insert` many times, which has poor performance.  Consider joining all columns at once using pd.concat(axis=1) instead. To get a de-fragmented frame, use `newframe = frame.copy()`
  dataframe[f"dc_hi_{n}"] = dataframe["high"].rolling(n).max().shift(1)
/freqtrade/user_data/strategies/TrendVolTarget.py:50: PerformanceWarning: DataFrame is highly fragmented.  This is usually the result of calling `frame.insert` many times, which has poor performance.  Consider joining all columns at once using pd.concat(axis=1) instead. To get a de-fragmented frame, use `newframe = frame.copy()`
  dataframe[f"dc_hi_{n}"] = dataframe["high"].rolling(n).max().shift(1)
/freqtrade/user_data/strategies/TrendVolTarget.py:50: PerformanceWarning: DataFrame is highly fragmented.  This is usually the result of calling `frame.insert` many times, which has poor performance.  Consider joining all columns at once using pd.concat(axis=1) instead. To get a de-fragmented frame, use `newframe = frame.copy()`
  dataframe[f"dc_hi_{n}"] = dataframe["high"].rolling(n).max().shift(1)
/freqtrade/user_data/strategies/TrendVolTarget.py:50: PerformanceWarning: DataFrame is highly fragmented.  This is usually the result of calling `frame.insert` many times, which has poor performance.  Consider joining all columns at once using pd.concat(axis=1) instead. To get a de-fragmented frame, use `newframe = frame.copy()`
  dataframe[f"dc_hi_{n}"] = dataframe["high"].rolling(n).max().shift(1)
/freqtrade/user_data/strategies/TrendVolTarget.py:50: PerformanceWarning: DataFrame is highly fragmented.  This is usually the result of calling `frame.insert` many times, which has poor performance.  Consider joining all columns at once using pd.concat(axis=1) instead. To get a de-fragmented frame, use `newframe = frame.copy()`
  dataframe[f"dc_hi_{n}"] = dataframe["high"].rolling(n).max().shift(1)
/freqtrade/user_data/strategies/TrendVolTarget.py:50: PerformanceWarning: DataFrame is highly fragmented.  This is usually the result of calling `frame.insert` many times, which has poor performance.  Consider joining all columns at once using pd.concat(axis=1) instead. To get a de-fragmented frame, use `newframe = frame.copy()`
  dataframe[f"dc_hi_{n}"] = dataframe["high"].rolling(n).max().shift(1)
/freqtrade/user_data/strategies/TrendVolTarget.py:50: PerformanceWarning: DataFrame is highly fragmented.  This is usually the result of calling `frame.insert` many times, which has poor performance.  Consider joining all columns at once using pd.concat(axis=1) instead. To get a de-fragmented frame, use `newframe = frame.copy()`
  dataframe[f"dc_hi_{n}"] = dataframe["high"].rolling(n).max().shift(1)
/freqtrade/user_data/strategies/TrendVolTarget.py:50: PerformanceWarning: DataFrame is highly fragmented.  This is usually the result of calling `frame.insert` many times, which has poor performance.  Consider joining all columns at once using pd.concat(axis=1) instead. To get a de-fragmented frame, use `newframe = frame.copy()`
  dataframe[f"dc_hi_{n}"] = dataframe["high"].rolling(n).max().shift(1)
/freqtrade/user_data/strategies/TrendVolTarget.py:50: PerformanceWarning: DataFrame is highly fragmented.  This is usually the result of calling `frame.insert` many times, which has poor performance.  Consider joining all columns at once using pd.concat(axis=1) instead. To get a de-fragmented frame, use `newframe = frame.copy()`
  dataframe[f"dc_hi_{n}"] = dataframe["high"].rolling(n).max().shift(1)
/freqtrade/user_data/strategies/TrendVolTarget.py:50: PerformanceWarning: DataFrame is highly fragmented.  This is usually the result of calling `frame.insert` many times, which has poor performance.  Consider joining all columns at once using pd.concat(axis=1) instead. To get a de-fragmented frame, use `newframe = frame.copy()`
  dataframe[f"dc_hi_{n}"] = dataframe["high"].rolling(n).max().shift(1)
/freqtrade/user_data/strategies/TrendVolTarget.py:50: PerformanceWarning: DataFrame is highly fragmented.  This is usually the result of calling `frame.insert` many times, which has poor performance.  Consider joining all columns at once using pd.concat(axis=1) instead. To get a de-fragmented frame, use `newframe = frame.copy()`
  dataframe[f"dc_hi_{n}"] = dataframe["high"].rolling(n).max().shift(1)
/freqtrade/user_data/strategies/TrendVolTarget.py:50: PerformanceWarning: DataFrame is highly fragmented.  This is usually the result of calling `frame.insert` many times, which has poor performance.  Consider joining all columns at once using pd.concat(axis=1) instead. To get a de-fragmented frame, use `newframe = frame.copy()`
  dataframe[f"dc_hi_{n}"] = dataframe["high"].rolling(n).max().shift(1)
/freqtrade/user_data/strategies/TrendVolTarget.py:50: PerformanceWarning: DataFrame is highly fragmented.  This is usually the result of calling `frame.insert` many times, which has poor performance.  Consider joining all columns at once using pd.concat(axis=1) instead. To get a de-fragmented frame, use `newframe = frame.copy()`
  dataframe[f"dc_hi_{n}"] = dataframe["high"].rolling(n).max().shift(1)
/freqtrade/user_data/strategies/TrendVolTarget.py:50: PerformanceWarning: DataFrame is highly fragmented.  This is usually the result of calling `frame.insert` many times, which has poor performance.  Consider joining all columns at once using pd.concat(axis=1) instead. To get a de-fragmented frame, use `newframe = frame.copy()`
  dataframe[f"dc_hi_{n}"] = dataframe["high"].rolling(n).max().shift(1)
/freqtrade/user_data/strategies/TrendVolTarget.py:50: PerformanceWarning: DataFrame is highly fragmented.  This is usually the result of calling `frame.insert` many times, which has poor performance.  Consider joining all columns at once using pd.concat(axis=1) instead. To get a de-fragmented frame, use `newframe = frame.copy()`
  dataframe[f"dc_hi_{n}"] = dataframe["high"].rolling(n).max().shift(1)
/freqtrade/user_data/strategies/TrendVolTarget.py:50: PerformanceWarning: DataFrame is highly fragmented.  This is usually the result of calling `frame.insert` many times, which has poor performance.  Consider joining all columns at once using pd.concat(axis=1) instead. To get a de-fragmented frame, use `newframe = frame.copy()`
  dataframe[f"dc_hi_{n}"] = dataframe["high"].rolling(n).max().shift(1)
/freqtrade/user_data/strategies/TrendVolTarget.py:50: PerformanceWarning: DataFrame is highly fragmented.  This is usually the result of calling `frame.insert` many times, which has poor performance.  Consider joining all columns at once using pd.concat(axis=1) instead. To get a de-fragmented frame, use `newframe = frame.copy()`
  dataframe[f"dc_hi_{n}"] = dataframe["high"].rolling(n).max().shift(1)
/freqtrade/user_data/strategies/TrendVolTarget.py:50: PerformanceWarning: DataFrame is highly fragmented.  This is usually the result of calling `frame.insert` many times, which has poor performance.  Consider joining all columns at once using pd.concat(axis=1) instead. To get a de-fragmented frame, use `newframe = frame.copy()`
  dataframe[f"dc_hi_{n}"] = dataframe["high"].rolling(n).max().shift(1)
/freqtrade/user_data/strategies/TrendVolTarget.py:50: PerformanceWarning: DataFrame is highly fragmented.  This is usually the result of calling `frame.insert` many times, which has poor performance.  Consider joining all columns at once using pd.concat(axis=1) instead. To get a de-fragmented frame, use `newframe = frame.copy()`
  dataframe[f"dc_hi_{n}"] = dataframe["high"].rolling(n).max().shift(1)
/freqtrade/user_data/strategies/TrendVolTarget.py:50: PerformanceWarning: DataFrame is highly fragmented.  This is usually the result of calling `frame.insert` many times, which has poor performance.  Consider joining all columns at once using pd.concat(axis=1) instead. To get a de-fragmented frame, use `newframe = frame.copy()`
  dataframe[f"dc_hi_{n}"] = dataframe["high"].rolling(n).max().shift(1)
/freqtrade/user_data/strategies/TrendVolTarget.py:50: PerformanceWarning: DataFrame is highly fragmented.  This is usually the result of calling `frame.insert` many times, which has poor performance.  Consider joining all columns at once using pd.concat(axis=1) instead. To get a de-fragmented frame, use `newframe = frame.copy()`
  dataframe[f"dc_hi_{n}"] = dataframe["high"].rolling(n).max().shift(1)
/freqtrade/user_data/strategies/TrendVolTarget.py:50: PerformanceWarning: DataFrame is highly fragmented.  This is usually the result of calling `frame.insert` many times, which has poor performance.  Consider joining all columns at once using pd.concat(axis=1) instead. To get a de-fragmented frame, use `newframe = frame.copy()`
  dataframe[f"dc_hi_{n}"] = dataframe["high"].rolling(n).max().shift(1)
/freqtrade/user_data/strategies/TrendVolTarget.py:50: PerformanceWarning: DataFrame is highly fragmented.  This is usually the result of calling `frame.insert` many times, which has poor performance.  Consider joining all columns at once using pd.concat(axis=1) instead. To get a de-fragmented frame, use `newframe = frame.copy()`
  dataframe[f"dc_hi_{n}"] = dataframe["high"].rolling(n).max().shift(1)
/freqtrade/user_data/strategies/TrendVolTarget.py:50: PerformanceWarning: DataFrame is highly fragmented.  This is usually the result of calling `frame.insert` many times, which has poor performance.  Consider joining all columns at once using pd.concat(axis=1) instead. To get a de-fragmented frame, use `newframe = frame.copy()`
  dataframe[f"dc_hi_{n}"] = dataframe["high"].rolling(n).max().shift(1)
/freqtrade/user_data/strategies/TrendVolTarget.py:50: PerformanceWarning: DataFrame is highly fragmented.  This is usually the result of calling `frame.insert` many times, which has poor performance.  Consider joining all columns at once using pd.concat(axis=1) instead. To get a de-fragmented frame, use `newframe = frame.copy()`
  dataframe[f"dc_hi_{n}"] = dataframe["high"].rolling(n).max().shift(1)
/freqtrade/user_data/strategies/TrendVolTarget.py:50: PerformanceWarning: DataFrame is highly fragmented.  This is usually the result of calling `frame.insert` many times, which has poor performance.  Consider joining all columns at once using pd.concat(axis=1) instead. To get a de-fragmented frame, use `newframe = frame.copy()`
  dataframe[f"dc_hi_{n}"] = dataframe["high"].rolling(n).max().shift(1)
/freqtrade/user_data/strategies/TrendVolTarget.py:50: PerformanceWarning: DataFrame is highly fragmented.  This is usually the result of calling `frame.insert` many times, which has poor performance.  Consider joining all columns at once using pd.concat(axis=1) instead. To get a de-fragmented frame, use `newframe = frame.copy()`
  dataframe[f"dc_hi_{n}"] = dataframe["high"].rolling(n).max().shift(1)
/freqtrade/user_data/strategies/TrendVolTarget.py:50: PerformanceWarning: DataFrame is highly fragmented.  This is usually the result of calling `frame.insert` many times, which has poor performance.  Consider joining all columns at once using pd.concat(axis=1) instead. To get a de-fragmented frame, use `newframe = frame.copy()`
  dataframe[f"dc_hi_{n}"] = dataframe["high"].rolling(n).max().shift(1)
/freqtrade/user_data/strategies/TrendVolTarget.py:50: PerformanceWarning: DataFrame is highly fragmented.  This is usually the result of calling `frame.insert` many times, which has poor performance.  Consider joining all columns at once using pd.concat(axis=1) instead. To get a de-fragmented frame, use `newframe = frame.copy()`
  dataframe[f"dc_hi_{n}"] = dataframe["high"].rolling(n).max().shift(1)
/freqtrade/user_data/strategies/TrendVolTarget.py:50: PerformanceWarning: DataFrame is highly fragmented.  This is usually the result of calling `frame.insert` many times, which has poor performance.  Consider joining all columns at once using pd.concat(axis=1) instead. To get a de-fragmented frame, use `newframe = frame.copy()`
  dataframe[f"dc_hi_{n}"] = dataframe["high"].rolling(n).max().shift(1)
/freqtrade/user_data/strategies/TrendVolTarget.py:50: PerformanceWarning: DataFrame is highly fragmented.  This is usually the result of calling `frame.insert` many times, which has poor performance.  Consider joining all columns at once using pd.concat(axis=1) instead. To get a de-fragmented frame, use `newframe = frame.copy()`
  dataframe[f"dc_hi_{n}"] = dataframe["high"].rolling(n).max().shift(1)
/freqtrade/user_data/strategies/TrendVolTarget.py:50: PerformanceWarning: DataFrame is highly fragmented.  This is usually the result of calling `frame.insert` many times, which has poor performance.  Consider joining all columns at once using pd.concat(axis=1) instead. To get a de-fragmented frame, use `newframe = frame.copy()`
  dataframe[f"dc_hi_{n}"] = dataframe["high"].rolling(n).max().shift(1)
/freqtrade/user_data/strategies/TrendVolTarget.py:50: PerformanceWarning: DataFrame is highly fragmented.  This is usually the result of calling `frame.insert` many times, which has poor performance.  Consider joining all columns at once using pd.concat(axis=1) instead. To get a de-fragmented frame, use `newframe = frame.copy()`
  dataframe[f"dc_hi_{n}"] = dataframe["high"].rolling(n).max().shift(1)
/freqtrade/user_data/strategies/TrendVolTarget.py:50: PerformanceWarning: DataFrame is highly fragmented.  This is usually the result of calling `frame.insert` many times, which has poor performance.  Consider joining all columns at once using pd.concat(axis=1) instead. To get a de-fragmented frame, use `newframe = frame.copy()`
  dataframe[f"dc_hi_{n}"] = dataframe["high"].rolling(n).max().shift(1)
/freqtrade/user_data/strategies/TrendVolTarget.py:50: PerformanceWarning: DataFrame is highly fragmented.  This is usually the result of calling `frame.insert` many times, which has poor performance.  Consider joining all columns at once using pd.concat(axis=1) instead. To get a de-fragmented frame, use `newframe = frame.copy()`
  dataframe[f"dc_hi_{n}"] = dataframe["high"].rolling(n).max().shift(1)
/freqtrade/user_data/strategies/TrendVolTarget.py:50: PerformanceWarning: DataFrame is highly fragmented.  This is usually the result of calling `frame.insert` many times, which has poor performance.  Consider joining all columns at once using pd.concat(axis=1) instead. To get a de-fragmented frame, use `newframe = frame.copy()`
  dataframe[f"dc_hi_{n}"] = dataframe["high"].rolling(n).max().shift(1)
/freqtrade/user_data/strategies/TrendVolTarget.py:50: PerformanceWarning: DataFrame is highly fragmented.  This is usually the result of calling `frame.insert` many times, which has poor performance.  Consider joining all columns at once using pd.concat(axis=1) instead. To get a de-fragmented frame, use `newframe = frame.copy()`
  dataframe[f"dc_hi_{n}"] = dataframe["high"].rolling(n).max().shift(1)
/freqtrade/user_data/strategies/TrendVolTarget.py:50: PerformanceWarning: DataFrame is highly fragmented.  This is usually the result of calling `frame.insert` many times, which has poor performance.  Consider joining all columns at once using pd.concat(axis=1) instead. To get a de-fragmented frame, use `newframe = frame.copy()`
  dataframe[f"dc_hi_{n}"] = dataframe["high"].rolling(n).max().shift(1)
/freqtrade/user_data/strategies/TrendVolTarget.py:50: PerformanceWarning: DataFrame is highly fragmented.  This is usually the result of calling `frame.insert` many times, which has poor performance.  Consider joining all columns at once using pd.concat(axis=1) instead. To get a de-fragmented frame, use `newframe = frame.copy()`
  dataframe[f"dc_hi_{n}"] = dataframe["high"].rolling(n).max().shift(1)
/freqtrade/user_data/strategies/TrendVolTarget.py:50: PerformanceWarning: DataFrame is highly fragmented.  This is usually the result of calling `frame.insert` many times, which has poor performance.  Consider joining all columns at once using pd.concat(axis=1) instead. To get a de-fragmented frame, use `newframe = frame.copy()`
  dataframe[f"dc_hi_{n}"] = dataframe["high"].rolling(n).max().shift(1)
/freqtrade/user_data/strategies/TrendVolTarget.py:50: PerformanceWarning: DataFrame is highly fragmented.  This is usually the result of calling `frame.insert` many times, which has poor performance.  Consider joining all columns at once using pd.concat(axis=1) instead. To get a de-fragmented frame, use `newframe = frame.copy()`
  dataframe[f"dc_hi_{n}"] = dataframe["high"].rolling(n).max().shift(1)
/freqtrade/user_data/strategies/TrendVolTarget.py:50: PerformanceWarning: DataFrame is highly fragmented.  This is usually the result of calling `frame.insert` many times, which has poor performance.  Consider joining all columns at once using pd.concat(axis=1) instead. To get a de-fragmented frame, use `newframe = frame.copy()`
  dataframe[f"dc_hi_{n}"] = dataframe["high"].rolling(n).max().shift(1)
/freqtrade/user_data/strategies/TrendVolTarget.py:50: PerformanceWarning: DataFrame is highly fragmented.  This is usually the result of calling `frame.insert` many times, which has poor performance.  Consider joining all columns at once using pd.concat(axis=1) instead. To get a de-fragmented frame, use `newframe = frame.copy()`
  dataframe[f"dc_hi_{n}"] = dataframe["high"].rolling(n).max().shift(1)
/freqtrade/user_data/strategies/TrendVolTarget.py:50: PerformanceWarning: DataFrame is highly fragmented.  This is usually the result of calling `frame.insert` many times, which has poor performance.  Consider joining all columns at once using pd.concat(axis=1) instead. To get a de-fragmented frame, use `newframe = frame.copy()`
  dataframe[f"dc_hi_{n}"] = dataframe["high"].rolling(n).max().shift(1)
/freqtrade/user_data/strategies/TrendVolTarget.py:50: PerformanceWarning: DataFrame is highly fragmented.  This is usually the result of calling `frame.insert` many times, which has poor performance.  Consider joining all columns at once using pd.concat(axis=1) instead. To get a de-fragmented frame, use `newframe = frame.copy()`
  dataframe[f"dc_hi_{n}"] = dataframe["high"].rolling(n).max().shift(1)
/freqtrade/user_data/strategies/TrendVolTarget.py:50: PerformanceWarning: DataFrame is highly fragmented.  This is usually the result of calling `frame.insert` many times, which has poor performance.  Consider joining all columns at once using pd.concat(axis=1) instead. To get a de-fragmented frame, use `newframe = frame.copy()`
  dataframe[f"dc_hi_{n}"] = dataframe["high"].rolling(n).max().shift(1)
/freqtrade/user_data/strategies/TrendVolTarget.py:50: PerformanceWarning: DataFrame is highly fragmented.  This is usually the result of calling `frame.insert` many times, which has poor performance.  Consider joining all columns at once using pd.concat(axis=1) instead. To get a de-fragmented frame, use `newframe = frame.copy()`
  dataframe[f"dc_hi_{n}"] = dataframe["high"].rolling(n).max().shift(1)
/freqtrade/user_data/strategies/TrendVolTarget.py:50: PerformanceWarning: DataFrame is highly fragmented.  This is usually the result of calling `frame.insert` many times, which has poor performance.  Consider joining all columns at once using pd.concat(axis=1) instead. To get a de-fragmented frame, use `newframe = frame.copy()`
  dataframe[f"dc_hi_{n}"] = dataframe["high"].rolling(n).max().shift(1)
/freqtrade/user_data/strategies/TrendVolTarget.py:50: PerformanceWarning: DataFrame is highly fragmented.  This is usually the result of calling `frame.insert` many times, which has poor performance.  Consider joining all columns at once using pd.concat(axis=1) instead. To get a de-fragmented frame, use `newframe = frame.copy()`
  dataframe[f"dc_hi_{n}"] = dataframe["high"].rolling(n).max().shift(1)
/freqtrade/user_data/strategies/TrendVolTarget.py:50: PerformanceWarning: DataFrame is highly fragmented.  This is usually the result of calling `frame.insert` many times, which has poor performance.  Consider joining all columns at once using pd.concat(axis=1) instead. To get a de-fragmented frame, use `newframe = frame.copy()`
  dataframe[f"dc_hi_{n}"] = dataframe["high"].rolling(n).max().shift(1)
/freqtrade/user_data/strategies/TrendVolTarget.py:50: PerformanceWarning: DataFrame is highly fragmented.  This is usually the result of calling `frame.insert` many times, which has poor performance.  Consider joining all columns at once using pd.concat(axis=1) instead. To get a de-fragmented frame, use `newframe = frame.copy()`
  dataframe[f"dc_hi_{n}"] = dataframe["high"].rolling(n).max().shift(1)
/freqtrade/user_data/strategies/TrendVolTarget.py:50: PerformanceWarning: DataFrame is highly fragmented.  This is usually the result of calling `frame.insert` many times, which has poor performance.  Consider joining all columns at once using pd.concat(axis=1) instead. To get a de-fragmented frame, use `newframe = frame.copy()`
  dataframe[f"dc_hi_{n}"] = dataframe["high"].rolling(n).max().shift(1)
/freqtrade/user_data/strategies/TrendVolTarget.py:50: PerformanceWarning: DataFrame is highly fragmented.  This is usually the result of calling `frame.insert` many times, which has poor performance.  Consider joining all columns at once using pd.concat(axis=1) instead. To get a de-fragmented frame, use `newframe = frame.copy()`
  dataframe[f"dc_hi_{n}"] = dataframe["high"].rolling(n).max().shift(1)
/freqtrade/user_data/strategies/TrendVolTarget.py:50: PerformanceWarning: DataFrame is highly fragmented.  This is usually the result of calling `frame.insert` many times, which has poor performance.  Consider joining all columns at once using pd.concat(axis=1) instead. To get a de-fragmented frame, use `newframe = frame.copy()`
  dataframe[f"dc_hi_{n}"] = dataframe["high"].rolling(n).max().shift(1)
/freqtrade/user_data/strategies/TrendVolTarget.py:50: PerformanceWarning: DataFrame is highly fragmented.  This is usually the result of calling `frame.insert` many times, which has poor performance.  Consider joining all columns at once using pd.concat(axis=1) instead. To get a de-fragmented frame, use `newframe = frame.copy()`
  dataframe[f"dc_hi_{n}"] = dataframe["high"].rolling(n).max().shift(1)
/freqtrade/user_data/strategies/TrendVolTarget.py:50: PerformanceWarning: DataFrame is highly fragmented.  This is usually the result of calling `frame.insert` many times, which has poor performance.  Consider joining all columns at once using pd.concat(axis=1) instead. To get a de-fragmented frame, use `newframe = frame.copy()`
  dataframe[f"dc_hi_{n}"] = dataframe["high"].rolling(n).max().shift(1)
/freqtrade/user_data/strategies/TrendVolTarget.py:50: PerformanceWarning: DataFrame is highly fragmented.  This is usually the result of calling `frame.insert` many times, which has poor performance.  Consider joining all columns at once using pd.concat(axis=1) instead. To get a de-fragmented frame, use `newframe = frame.copy()`
  dataframe[f"dc_hi_{n}"] = dataframe["high"].rolling(n).max().shift(1)
/freqtrade/user_data/strategies/TrendVolTarget.py:50: PerformanceWarning: DataFrame is highly fragmented.  This is usually the result of calling `frame.insert` many times, which has poor performance.  Consider joining all columns at once using pd.concat(axis=1) instead. To get a de-fragmented frame, use `newframe = frame.copy()`
  dataframe[f"dc_hi_{n}"] = dataframe["high"].rolling(n).max().shift(1)
/freqtrade/user_data/strategies/TrendVolTarget.py:50: PerformanceWarning: DataFrame is highly fragmented.  This is usually the result of calling `frame.insert` many times, which has poor performance.  Consider joining all columns at once using pd.concat(axis=1) instead. To get a de-fragmented frame, use `newframe = frame.copy()`
  dataframe[f"dc_hi_{n}"] = dataframe["high"].rolling(n).max().shift(1)
/freqtrade/user_data/strategies/TrendVolTarget.py:50: PerformanceWarning: DataFrame is highly fragmented.  This is usually the result of calling `frame.insert` many times, which has poor performance.  Consider joining all columns at once using pd.concat(axis=1) instead. To get a de-fragmented frame, use `newframe = frame.copy()`
  dataframe[f"dc_hi_{n}"] = dataframe["high"].rolling(n).max().shift(1)
/freqtrade/user_data/strategies/TrendVolTarget.py:50: PerformanceWarning: DataFrame is highly fragmented.  This is usually the result of calling `frame.insert` many times, which has poor performance.  Consider joining all columns at once using pd.concat(axis=1) instead. To get a de-fragmented frame, use `newframe = frame.copy()`
  dataframe[f"dc_hi_{n}"] = dataframe["high"].rolling(n).max().shift(1)
/freqtrade/user_data/strategies/TrendVolTarget.py:50: PerformanceWarning: DataFrame is highly fragmented.  This is usually the result of calling `frame.insert` many times, which has poor performance.  Consider joining all columns at once using pd.concat(axis=1) instead. To get a de-fragmented frame, use `newframe = frame.copy()`
  dataframe[f"dc_hi_{n}"] = dataframe["high"].rolling(n).max().shift(1)
/freqtrade/user_data/strategies/TrendVolTarget.py:50: PerformanceWarning: DataFrame is highly fragmented.  This is usually the result of calling `frame.insert` many times, which has poor performance.  Consider joining all columns at once using pd.concat(axis=1) instead. To get a de-fragmented frame, use `newframe = frame.copy()`
  dataframe[f"dc_hi_{n}"] = dataframe["high"].rolling(n).max().shift(1)
/freqtrade/user_data/strategies/TrendVolTarget.py:50: PerformanceWarning: DataFrame is highly fragmented.  This is usually the result of calling `frame.insert` many times, which has poor performance.  Consider joining all columns at once using pd.concat(axis=1) instead. To get a de-fragmented frame, use `newframe = frame.copy()`
  dataframe[f"dc_hi_{n}"] = dataframe["high"].rolling(n).max().shift(1)
/freqtrade/user_data/strategies/TrendVolTarget.py:50: PerformanceWarning: DataFrame is highly fragmented.  This is usually the result of calling `frame.insert` many times, which has poor performance.  Consider joining all columns at once using pd.concat(axis=1) instead. To get a de-fragmented frame, use `newframe = frame.copy()`
  dataframe[f"dc_hi_{n}"] = dataframe["high"].rolling(n).max().shift(1)
/freqtrade/user_data/strategies/TrendVolTarget.py:50: PerformanceWarning: DataFrame is highly fragmented.  This is usually the result of calling `frame.insert` many times, which has poor performance.  Consider joining all columns at once using pd.concat(axis=1) instead. To get a de-fragmented frame, use `newframe = frame.copy()`
  dataframe[f"dc_hi_{n}"] = dataframe["high"].rolling(n).max().shift(1)
/freqtrade/user_data/strategies/TrendVolTarget.py:50: PerformanceWarning: DataFrame is highly fragmented.  This is usually the result of calling `frame.insert` many times, which has poor performance.  Consider joining all columns at once using pd.concat(axis=1) instead. To get a de-fragmented frame, use `newframe = frame.copy()`
  dataframe[f"dc_hi_{n}"] = dataframe["high"].rolling(n).max().shift(1)
/freqtrade/user_data/strategies/TrendVolTarget.py:50: PerformanceWarning: DataFrame is highly fragmented.  This is usually the result of calling `frame.insert` many times, which has poor performance.  Consider joining all columns at once using pd.concat(axis=1) instead. To get a de-fragmented frame, use `newframe = frame.copy()`
  dataframe[f"dc_hi_{n}"] = dataframe["high"].rolling(n).max().shift(1)
/freqtrade/user_data/strategies/TrendVolTarget.py:50: PerformanceWarning: DataFrame is highly fragmented.  This is usually the result of calling `frame.insert` many times, which has poor performance.  Consider joining all columns at once using pd.concat(axis=1) instead. To get a de-fragmented frame, use `newframe = frame.copy()`
  dataframe[f"dc_hi_{n}"] = dataframe["high"].rolling(n).max().shift(1)
/freqtrade/user_data/strategies/TrendVolTarget.py:50: PerformanceWarning: DataFrame is highly fragmented.  This is usually the result of calling `frame.insert` many times, which has poor performance.  Consider joining all columns at once using pd.concat(axis=1) instead. To get a de-fragmented frame, use `newframe = frame.copy()`
  dataframe[f"dc_hi_{n}"] = dataframe["high"].rolling(n).max().shift(1)
/freqtrade/user_data/strategies/TrendVolTarget.py:50: PerformanceWarning: DataFrame is highly fragmented.  This is usually the result of calling `frame.insert` many times, which has poor performance.  Consider joining all columns at once using pd.concat(axis=1) instead. To get a de-fragmented frame, use `newframe = frame.copy()`
  dataframe[f"dc_hi_{n}"] = dataframe["high"].rolling(n).max().shift(1)
/freqtrade/user_data/strategies/TrendVolTarget.py:53: PerformanceWarning: DataFrame is highly fragmented.  This is usually the result of calling `frame.insert` many times, which has poor performance.  Consider joining all columns at once using pd.concat(axis=1) instead. To get a de-fragmented frame, use `newframe = frame.copy()`
  dataframe["sma_f"] = ta.SMA(dataframe, timeperiod=60)
/freqtrade/user_data/strategies/TrendVolTarget.py:54: PerformanceWarning: DataFrame is highly fragmented.  This is usually the result of calling `frame.insert` many times, which has poor performance.  Consider joining all columns at once using pd.concat(axis=1) instead. To get a de-fragmented frame, use `newframe = frame.copy()`
  dataframe["sma_s"] = ta.SMA(dataframe, timeperiod=240)
/freqtrade/user_data/strategies/TrendVolTarget.py:56: PerformanceWarning: DataFrame is highly fragmented.  This is usually the result of calling `frame.insert` many times, which has poor performance.  Consider joining all columns at once using pd.concat(axis=1) instead. To get a de-fragmented frame, use `newframe = frame.copy()`
  dataframe["rvol"] = dataframe["close"].pct_change().rolling(90).std() * np.sqrt(6 * 365)
/freqtrade/user_data/strategies/TrendVolTarget.py:50: PerformanceWarning: DataFrame is highly fragmented.  This is usually the result of calling `frame.insert` many times, which has poor performance.  Consider joining all columns at once using pd.concat(axis=1) instead. To get a de-fragmented frame, use `newframe = frame.copy()`
  dataframe[f"dc_hi_{n}"] = dataframe["high"].rolling(n).max().shift(1)
/freqtrade/user_data/strategies/TrendVolTarget.py:50: PerformanceWarning: DataFrame is highly fragmented.  This is usually the result of calling `frame.insert` many times, which has poor performance.  Consider joining all columns at once using pd.concat(axis=1) instead. To get a de-fragmented frame, use `newframe = frame.copy()`
  dataframe[f"dc_hi_{n}"] = dataframe["high"].rolling(n).max().shift(1)
/freqtrade/user_data/strategies/TrendVolTarget.py:50: PerformanceWarning: DataFrame is highly fragmented.  This is usually the result of calling `frame.insert` many times, which has poor performance.  Consider joining all columns at once using pd.concat(axis=1) instead. To get a de-fragmented frame, use `newframe = frame.copy()`
  dataframe[f"dc_hi_{n}"] = dataframe["high"].rolling(n).max().shift(1)
/freqtrade/user_data/strategies/TrendVolTarget.py:50: PerformanceWarning: DataFrame is highly fragmented.  This is usually the result of calling `frame.insert` many times, which has poor performance.  Consider joining all columns at once using pd.concat(axis=1) instead. To get a de-fragmented frame, use `newframe = frame.copy()`
  dataframe[f"dc_hi_{n}"] = dataframe["high"].rolling(n).max().shift(1)
/freqtrade/user_data/strategies/TrendVolTarget.py:50: PerformanceWarning: DataFrame is highly fragmented.  This is usually the result of calling `frame.insert` many times, which has poor performance.  Consider joining all columns at once using pd.concat(axis=1) instead. To get a de-fragmented frame, use `newframe = frame.copy()`
  dataframe[f"dc_hi_{n}"] = dataframe["high"].rolling(n).max().shift(1)
/freqtrade/user_data/strategies/TrendVolTarget.py:50: PerformanceWarning: DataFrame is highly fragmented.  This is usually the result of calling `frame.insert` many times, which has poor performance.  Consider joining all columns at once using pd.concat(axis=1) instead. To get a de-fragmented frame, use `newframe = frame.copy()`
  dataframe[f"dc_hi_{n}"] = dataframe["high"].rolling(n).max().shift(1)
/freqtrade/user_data/strategies/TrendVolTarget.py:50: PerformanceWarning: DataFrame is highly fragmented.  This is usually the result of calling `frame.insert` many times, which has poor performance.  Consider joining all columns at once using pd.concat(axis=1) instead. To get a de-fragmented frame, use `newframe = frame.copy()`
  dataframe[f"dc_hi_{n}"] = dataframe["high"].rolling(n).max().shift(1)
/freqtrade/user_data/strategies/TrendVolTarget.py:50: PerformanceWarning: DataFrame is highly fragmented.  This is usually the result of calling `frame.insert` many times, which has poor performance.  Consider joining all columns at once using pd.concat(axis=1) instead. To get a de-fragmented frame, use `newframe = frame.copy()`
  dataframe[f"dc_hi_{n}"] = dataframe["high"].rolling(n).max().shift(1)
/freqtrade/user_data/strategies/TrendVolTarget.py:50: PerformanceWarning: DataFrame is highly fragmented.  This is usually the result of calling `frame.insert` many times, which has poor performance.  Consider joining all columns at once using pd.concat(axis=1) instead. To get a de-fragmented frame, use `newframe = frame.copy()`
  dataframe[f"dc_hi_{n}"] = dataframe["high"].rolling(n).max().shift(1)
/freqtrade/user_data/strategies/TrendVolTarget.py:50: PerformanceWarning: DataFrame is highly fragmented.  This is usually the result of calling `frame.insert` many times, which has poor performance.  Consider joining all columns at once using pd.concat(axis=1) instead. To get a de-fragmented frame, use `newframe = frame.copy()`
  dataframe[f"dc_hi_{n}"] = dataframe["high"].rolling(n).max().shift(1)
/freqtrade/user_data/strategies/TrendVolTarget.py:50: PerformanceWarning: DataFrame is highly fragmented.  This is usually the result of calling `frame.insert` many times, which has poor performance.  Consider joining all columns at once using pd.concat(axis=1) instead. To get a de-fragmented frame, use `newframe = frame.copy()`
  dataframe[f"dc_hi_{n}"] = dataframe["high"].rolling(n).max().shift(1)
/freqtrade/user_data/strategies/TrendVolTarget.py:50: PerformanceWarning: DataFrame is highly fragmented.  This is usually the result of calling `frame.insert` many times, which has poor performance.  Consider joining all columns at once using pd.concat(axis=1) instead. To get a de-fragmented frame, use `newframe = frame.copy()`
  dataframe[f"dc_hi_{n}"] = dataframe["high"].rolling(n).max().shift(1)
/freqtrade/user_data/strategies/TrendVolTarget.py:50: PerformanceWarning: DataFrame is highly fragmented.  This is usually the result of calling `frame.insert` many times, which has poor performance.  Consider joining all columns at once using pd.concat(axis=1) instead. To get a de-fragmented frame, use `newframe = frame.copy()`
  dataframe[f"dc_hi_{n}"] = dataframe["high"].rolling(n).max().shift(1)
/freqtrade/user_data/strategies/TrendVolTarget.py:50: PerformanceWarning: DataFrame is highly fragmented.  This is usually the result of calling `frame.insert` many times, which has poor performance.  Consider joining all columns at once using pd.concat(axis=1) instead. To get a de-fragmented frame, use `newframe = frame.copy()`
  dataframe[f"dc_hi_{n}"] = dataframe["high"].rolling(n).max().shift(1)
/freqtrade/user_data/strategies/TrendVolTarget.py:50: PerformanceWarning: DataFrame is highly fragmented.  This is usually the result of calling `frame.insert` many times, which has poor performance.  Consider joining all columns at once using pd.concat(axis=1) instead. To get a de-fragmented frame, use `newframe = frame.copy()`
  dataframe[f"dc_hi_{n}"] = dataframe["high"].rolling(n).max().shift(1)
/freqtrade/user_data/strategies/TrendVolTarget.py:50: PerformanceWarning: DataFrame is highly fragmented.  This is usually the result of calling `frame.insert` many times, which has poor performance.  Consider joining all columns at once using pd.concat(axis=1) instead. To get a de-fragmented frame, use `newframe = frame.copy()`
  dataframe[f"dc_hi_{n}"] = dataframe["high"].rolling(n).max().shift(1)
/freqtrade/user_data/strategies/TrendVolTarget.py:50: PerformanceWarning: DataFrame is highly fragmented.  This is usually the result of calling `frame.insert` many times, which has poor performance.  Consider joining all columns at once using pd.concat(axis=1) instead. To get a de-fragmented frame, use `newframe = frame.copy()`
  dataframe[f"dc_hi_{n}"] = dataframe["high"].rolling(n).max().shift(1)
/freqtrade/user_data/strategies/TrendVolTarget.py:50: PerformanceWarning: DataFrame is highly fragmented.  This is usually the result of calling `frame.insert` many times, which has poor performance.  Consider joining all columns at once using pd.concat(axis=1) instead. To get a de-fragmented frame, use `newframe = frame.copy()`
  dataframe[f"dc_hi_{n}"] = dataframe["high"].rolling(n).max().shift(1)
/freqtrade/user_data/strategies/TrendVolTarget.py:50: PerformanceWarning: DataFrame is highly fragmented.  This is usually the result of calling `frame.insert` many times, which has poor performance.  Consider joining all columns at once using pd.concat(axis=1) instead. To get a de-fragmented frame, use `newframe = frame.copy()`
  dataframe[f"dc_hi_{n}"] = dataframe["high"].rolling(n).max().shift(1)
/freqtrade/user_data/strategies/TrendVolTarget.py:50: PerformanceWarning: DataFrame is highly fragmented.  This is usually the result of calling `frame.insert` many times, which has poor performance.  Consider joining all columns at once using pd.concat(axis=1) instead. To get a de-fragmented frame, use `newframe = frame.copy()`
  dataframe[f"dc_hi_{n}"] = dataframe["high"].rolling(n).max().shift(1)
/freqtrade/user_data/strategies/TrendVolTarget.py:50: PerformanceWarning: DataFrame is highly fragmented.  This is usually the result of calling `frame.insert` many times, which has poor performance.  Consider joining all columns at once using pd.concat(axis=1) instead. To get a de-fragmented frame, use `newframe = frame.copy()`
  dataframe[f"dc_hi_{n}"] = dataframe["high"].rolling(n).max().shift(1)
/freqtrade/user_data/strategies/TrendVolTarget.py:50: PerformanceWarning: DataFrame is highly fragmented.  This is usually the result of calling `frame.insert` many times, which has poor performance.  Consider joining all columns at once using pd.concat(axis=1) instead. To get a de-fragmented frame, use `newframe = frame.copy()`
  dataframe[f"dc_hi_{n}"] = dataframe["high"].rolling(n).max().shift(1)
/freqtrade/user_data/strategies/TrendVolTarget.py:50: PerformanceWarning: DataFrame is highly fragmented.  This is usually the result of calling `frame.insert` many times, which has poor performance.  Consider joining all columns at once using pd.concat(axis=1) instead. To get a de-fragmented frame, use `newframe = frame.copy()`
  dataframe[f"dc_hi_{n}"] = dataframe["high"].rolling(n).max().shift(1)
/freqtrade/user_data/strategies/TrendVolTarget.py:50: PerformanceWarning: DataFrame is highly fragmented.  This is usually the result of calling `frame.insert` many times, which has poor performance.  Consider joining all columns at once using pd.concat(axis=1) instead. To get a de-fragmented frame, use `newframe = frame.copy()`
  dataframe[f"dc_hi_{n}"] = dataframe["high"].rolling(n).max().shift(1)
/freqtrade/user_data/strategies/TrendVolTarget.py:50: PerformanceWarning: DataFrame is highly fragmented.  This is usually the result of calling `frame.insert` many times, which has poor performance.  Consider joining all columns at once using pd.concat(axis=1) instead. To get a de-fragmented frame, use `newframe = frame.copy()`
  dataframe[f"dc_hi_{n}"] = dataframe["high"].rolling(n).max().shift(1)
/freqtrade/user_data/strategies/TrendVolTarget.py:50: PerformanceWarning: DataFrame is highly fragmented.  This is usually the result of calling `frame.insert` many times, which has poor performance.  Consider joining all columns at once using pd.concat(axis=1) instead. To get a de-fragmented frame, use `newframe = frame.copy()`
  dataframe[f"dc_hi_{n}"] = dataframe["high"].rolling(n).max().shift(1)
/freqtrade/user_data/strategies/TrendVolTarget.py:50: PerformanceWarning: DataFrame is highly fragmented.  This is usually the result of calling `frame.insert` many times, which has poor performance.  Consider joining all columns at once using pd.concat(axis=1) instead. To get a de-fragmented frame, use `newframe = frame.copy()`
  dataframe[f"dc_hi_{n}"] = dataframe["high"].rolling(n).max().shift(1)
/freqtrade/user_data/strategies/TrendVolTarget.py:50: PerformanceWarning: DataFrame is highly fragmented.  This is usually the result of calling `frame.insert` many times, which has poor performance.  Consider joining all columns at once using pd.concat(axis=1) instead. To get a de-fragmented frame, use `newframe = frame.copy()`
  dataframe[f"dc_hi_{n}"] = dataframe["high"].rolling(n).max().shift(1)
/freqtrade/user_data/strategies/TrendVolTarget.py:50: PerformanceWarning: DataFrame is highly fragmented.  This is usually the result of calling `frame.insert` many times, which has poor performance.  Consider joining all columns at once using pd.concat(axis=1) instead. To get a de-fragmented frame, use `newframe = frame.copy()`
  dataframe[f"dc_hi_{n}"] = dataframe["high"].rolling(n).max().shift(1)
/freqtrade/user_data/strategies/TrendVolTarget.py:50: PerformanceWarning: DataFrame is highly fragmented.  This is usually the result of calling `frame.insert` many times, which has poor performance.  Consider joining all columns at once using pd.concat(axis=1) instead. To get a de-fragmented frame, use `newframe = frame.copy()`
  dataframe[f"dc_hi_{n}"] = dataframe["high"].rolling(n).max().shift(1)
/freqtrade/user_data/strategies/TrendVolTarget.py:50: PerformanceWarning: DataFrame is highly fragmented.  This is usually the result of calling `frame.insert` many times, which has poor performance.  Consider joining all columns at once using pd.concat(axis=1) instead. To get a de-fragmented frame, use `newframe = frame.copy()`
  dataframe[f"dc_hi_{n}"] = dataframe["high"].rolling(n).max().shift(1)
/freqtrade/user_data/strategies/TrendVolTarget.py:50: PerformanceWarning: DataFrame is highly fragmented.  This is usually the result of calling `frame.insert` many times, which has poor performance.  Consider joining all columns at once using pd.concat(axis=1) instead. To get a de-fragmented frame, use `newframe = frame.copy()`
  dataframe[f"dc_hi_{n}"] = dataframe["high"].rolling(n).max().shift(1)
/freqtrade/user_data/strategies/TrendVolTarget.py:50: PerformanceWarning: DataFrame is highly fragmented.  This is usually the result of calling `frame.insert` many times, which has poor performance.  Consider joining all columns at once using pd.concat(axis=1) instead. To get a de-fragmented frame, use `newframe = frame.copy()`
  dataframe[f"dc_hi_{n}"] = dataframe["high"].rolling(n).max().shift(1)
/freqtrade/user_data/strategies/TrendVolTarget.py:50: PerformanceWarning: DataFrame is highly fragmented.  This is usually the result of calling `frame.insert` many times, which has poor performance.  Consider joining all columns at once using pd.concat(axis=1) instead. To get a de-fragmented frame, use `newframe = frame.copy()`
  dataframe[f"dc_hi_{n}"] = dataframe["high"].rolling(n).max().shift(1)
/freqtrade/user_data/strategies/TrendVolTarget.py:50: PerformanceWarning: DataFrame is highly fragmented.  This is usually the result of calling `frame.insert` many times, which has poor performance.  Consider joining all columns at once using pd.concat(axis=1) instead. To get a de-fragmented frame, use `newframe = frame.copy()`
  dataframe[f"dc_hi_{n}"] = dataframe["high"].rolling(n).max().shift(1)
/freqtrade/user_data/strategies/TrendVolTarget.py:50: PerformanceWarning: DataFrame is highly fragmented.  This is usually the result of calling `frame.insert` many times, which has poor performance.  Consider joining all columns at once using pd.concat(axis=1) instead. To get a de-fragmented frame, use `newframe = frame.copy()`
  dataframe[f"dc_hi_{n}"] = dataframe["high"].rolling(n).max().shift(1)
/freqtrade/user_data/strategies/TrendVolTarget.py:50: PerformanceWarning: DataFrame is highly fragmented.  This is usually the result of calling `frame.insert` many times, which has poor performance.  Consider joining all columns at once using pd.concat(axis=1) instead. To get a de-fragmented frame, use `newframe = frame.copy()`
  dataframe[f"dc_hi_{n}"] = dataframe["high"].rolling(n).max().shift(1)
/freqtrade/user_data/strategies/TrendVolTarget.py:50: PerformanceWarning: DataFrame is highly fragmented.  This is usually the result of calling `frame.insert` many times, which has poor performance.  Consider joining all columns at once using pd.concat(axis=1) instead. To get a de-fragmented frame, use `newframe = frame.copy()`
  dataframe[f"dc_hi_{n}"] = dataframe["high"].rolling(n).max().shift(1)
/freqtrade/user_data/strategies/TrendVolTarget.py:50: PerformanceWarning: DataFrame is highly fragmented.  This is usually the result of calling `frame.insert` many times, which has poor performance.  Consider joining all columns at once using pd.concat(axis=1) instead. To get a de-fragmented frame, use `newframe = frame.copy()`
  dataframe[f"dc_hi_{n}"] = dataframe["high"].rolling(n).max().shift(1)
/freqtrade/user_data/strategies/TrendVolTarget.py:50: PerformanceWarning: DataFrame is highly fragmented.  This is usually the result of calling `frame.insert` many times, which has poor performance.  Consider joining all columns at once using pd.concat(axis=1) instead. To get a de-fragmented frame, use `newframe = frame.copy()`
  dataframe[f"dc_hi_{n}"] = dataframe["high"].rolling(n).max().shift(1)
/freqtrade/user_data/strategies/TrendVolTarget.py:50: PerformanceWarning: DataFrame is highly fragmented.  This is usually the result of calling `frame.insert` many times, which has poor performance.  Consider joining all columns at once using pd.concat(axis=1) instead. To get a de-fragmented frame, use `newframe = frame.copy()`
  dataframe[f"dc_hi_{n}"] = dataframe["high"].rolling(n).max().shift(1)
/freqtrade/user_data/strategies/TrendVolTarget.py:50: PerformanceWarning: DataFrame is highly fragmented.  This is usually the result of calling `frame.insert` many times, which has poor performance.  Consider joining all columns at once using pd.concat(axis=1) instead. To get a de-fragmented frame, use `newframe = frame.copy()`
  dataframe[f"dc_hi_{n}"] = dataframe["high"].rolling(n).max().shift(1)
/freqtrade/user_data/strategies/TrendVolTarget.py:50: PerformanceWarning: DataFrame is highly fragmented.  This is usually the result of calling `frame.insert` many times, which has poor performance.  Consider joining all columns at once using pd.concat(axis=1) instead. To get a de-fragmented frame, use `newframe = frame.copy()`
  dataframe[f"dc_hi_{n}"] = dataframe["high"].rolling(n).max().shift(1)
/freqtrade/user_data/strategies/TrendVolTarget.py:50: PerformanceWarning: DataFrame is highly fragmented.  This is usually the result of calling `frame.insert` many times, which has poor performance.  Consider joining all columns at once using pd.concat(axis=1) instead. To get a de-fragmented frame, use `newframe = frame.copy()`
  dataframe[f"dc_hi_{n}"] = dataframe["high"].rolling(n).max().shift(1)
/freqtrade/user_data/strategies/TrendVolTarget.py:50: PerformanceWarning: DataFrame is highly fragmented.  This is usually the result of calling `frame.insert` many times, which has poor performance.  Consider joining all columns at once using pd.concat(axis=1) instead. To get a de-fragmented frame, use `newframe = frame.copy()`
  dataframe[f"dc_hi_{n}"] = dataframe["high"].rolling(n).max().shift(1)
/freqtrade/user_data/strategies/TrendVolTarget.py:50: PerformanceWarning: DataFrame is highly fragmented.  This is usually the result of calling `frame.insert` many times, which has poor performance.  Consider joining all columns at once using pd.concat(axis=1) instead. To get a de-fragmented frame, use `newframe = frame.copy()`
  dataframe[f"dc_hi_{n}"] = dataframe["high"].rolling(n).max().shift(1)
/freqtrade/user_data/strategies/TrendVolTarget.py:50: PerformanceWarning: DataFrame is highly fragmented.  This is usually the result of calling `frame.insert` many times, which has poor performance.  Consider joining all columns at once using pd.concat(axis=1) instead. To get a de-fragmented frame, use `newframe = frame.copy()`
  dataframe[f"dc_hi_{n}"] = dataframe["high"].rolling(n).max().shift(1)
/freqtrade/user_data/strategies/TrendVolTarget.py:50: PerformanceWarning: DataFrame is highly fragmented.  This is usually the result of calling `frame.insert` many times, which has poor performance.  Consider joining all columns at once using pd.concat(axis=1) instead. To get a de-fragmented frame, use `newframe = frame.copy()`
  dataframe[f"dc_hi_{n}"] = dataframe["high"].rolling(n).max().shift(1)
/freqtrade/user_data/strategies/TrendVolTarget.py:50: PerformanceWarning: DataFrame is highly fragmented.  This is usually the result of calling `frame.insert` many times, which has poor performance.  Consider joining all columns at once using pd.concat(axis=1) instead. To get a de-fragmented frame, use `newframe = frame.copy()`
  dataframe[f"dc_hi_{n}"] = dataframe["high"].rolling(n).max().shift(1)
/freqtrade/user_data/strategies/TrendVolTarget.py:50: PerformanceWarning: DataFrame is highly fragmented.  This is usually the result of calling `frame.insert` many times, which has poor performance.  Consider joining all columns at once using pd.concat(axis=1) instead. To get a de-fragmented frame, use `newframe = frame.copy()`
  dataframe[f"dc_hi_{n}"] = dataframe["high"].rolling(n).max().shift(1)
/freqtrade/user_data/strategies/TrendVolTarget.py:50: PerformanceWarning: DataFrame is highly fragmented.  This is usually the result of calling `frame.insert` many times, which has poor performance.  Consider joining all columns at once using pd.concat(axis=1) instead. To get a de-fragmented frame, use `newframe = frame.copy()`
  dataframe[f"dc_hi_{n}"] = dataframe["high"].rolling(n).max().shift(1)
/freqtrade/user_data/strategies/TrendVolTarget.py:50: PerformanceWarning: DataFrame is highly fragmented.  This is usually the result of calling `frame.insert` many times, which has poor performance.  Consider joining all columns at once using pd.concat(axis=1) instead. To get a de-fragmented frame, use `newframe = frame.copy()`
  dataframe[f"dc_hi_{n}"] = dataframe["high"].rolling(n).max().shift(1)
/freqtrade/user_data/strategies/TrendVolTarget.py:50: PerformanceWarning: DataFrame is highly fragmented.  This is usually the result of calling `frame.insert` many times, which has poor performance.  Consider joining all columns at once using pd.concat(axis=1) instead. To get a de-fragmented frame, use `newframe = frame.copy()`
  dataframe[f"dc_hi_{n}"] = dataframe["high"].rolling(n).max().shift(1)
/freqtrade/user_data/strategies/TrendVolTarget.py:50: PerformanceWarning: DataFrame is highly fragmented.  This is usually the result of calling `frame.insert` many times, which has poor performance.  Consider joining all columns at once using pd.concat(axis=1) instead. To get a de-fragmented frame, use `newframe = frame.copy()`
  dataframe[f"dc_hi_{n}"] = dataframe["high"].rolling(n).max().shift(1)
/freqtrade/user_data/strategies/TrendVolTarget.py:50: PerformanceWarning: DataFrame is highly fragmented.  This is usually the result of calling `frame.insert` many times, which has poor performance.  Consider joining all columns at once using pd.concat(axis=1) instead. To get a de-fragmented frame, use `newframe = frame.copy()`
  dataframe[f"dc_hi_{n}"] = dataframe["high"].rolling(n).max().shift(1)
/freqtrade/user_data/strategies/TrendVolTarget.py:50: PerformanceWarning: DataFrame is highly fragmented.  This is usually the result of calling `frame.insert` many times, which has poor performance.  Consider joining all columns at once using pd.concat(axis=1) instead. To get a de-fragmented frame, use `newframe = frame.copy()`
  dataframe[f"dc_hi_{n}"] = dataframe["high"].rolling(n).max().shift(1)
/freqtrade/user_data/strategies/TrendVolTarget.py:50: PerformanceWarning: DataFrame is highly fragmented.  This is usually the result of calling `frame.insert` many times, which has poor performance.  Consider joining all columns at once using pd.concat(axis=1) instead. To get a de-fragmented frame, use `newframe = frame.copy()`
  dataframe[f"dc_hi_{n}"] = dataframe["high"].rolling(n).max().shift(1)
/freqtrade/user_data/strategies/TrendVolTarget.py:50: PerformanceWarning: DataFrame is highly fragmented.  This is usually the result of calling `frame.insert` many times, which has poor performance.  Consider joining all columns at once using pd.concat(axis=1) instead. To get a de-fragmented frame, use `newframe = frame.copy()`
  dataframe[f"dc_hi_{n}"] = dataframe["high"].rolling(n).max().shift(1)
/freqtrade/user_data/strategies/TrendVolTarget.py:50: PerformanceWarning: DataFrame is highly fragmented.  This is usually the result of calling `frame.insert` many times, which has poor performance.  Consider joining all columns at once using pd.concat(axis=1) instead. To get a de-fragmented frame, use `newframe = frame.copy()`
  dataframe[f"dc_hi_{n}"] = dataframe["high"].rolling(n).max().shift(1)
/freqtrade/user_data/strategies/TrendVolTarget.py:50: PerformanceWarning: DataFrame is highly fragmented.  This is usually the result of calling `frame.insert` many times, which has poor performance.  Consider joining all columns at once using pd.concat(axis=1) instead. To get a de-fragmented frame, use `newframe = frame.copy()`
  dataframe[f"dc_hi_{n}"] = dataframe["high"].rolling(n).max().shift(1)
/freqtrade/user_data/strategies/TrendVolTarget.py:50: PerformanceWarning: DataFrame is highly fragmented.  This is usually the result of calling `frame.insert` many times, which has poor performance.  Consider joining all columns at once using pd.concat(axis=1) instead. To get a de-fragmented frame, use `newframe = frame.copy()`
  dataframe[f"dc_hi_{n}"] = dataframe["high"].rolling(n).max().shift(1)
/freqtrade/user_data/strategies/TrendVolTarget.py:50: PerformanceWarning: DataFrame is highly fragmented.  This is usually the result of calling `frame.insert` many times, which has poor performance.  Consider joining all columns at once using pd.concat(axis=1) instead. To get a de-fragmented frame, use `newframe = frame.copy()`
  dataframe[f"dc_hi_{n}"] = dataframe["high"].rolling(n).max().shift(1)
/freqtrade/user_data/strategies/TrendVolTarget.py:50: PerformanceWarning: DataFrame is highly fragmented.  This is usually the result of calling `frame.insert` many times, which has poor performance.  Consider joining all columns at once using pd.concat(axis=1) instead. To get a de-fragmented frame, use `newframe = frame.copy()`
  dataframe[f"dc_hi_{n}"] = dataframe["high"].rolling(n).max().shift(1)
/freqtrade/user_data/strategies/TrendVolTarget.py:50: PerformanceWarning: DataFrame is highly fragmented.  This is usually the result of calling `frame.insert` many times, which has poor performance.  Consider joining all columns at once using pd.concat(axis=1) instead. To get a de-fragmented frame, use `newframe = frame.copy()`
  dataframe[f"dc_hi_{n}"] = dataframe["high"].rolling(n).max().shift(1)
/freqtrade/user_data/strategies/TrendVolTarget.py:50: PerformanceWarning: DataFrame is highly fragmented.  This is usually the result of calling `frame.insert` many times, which has poor performance.  Consider joining all columns at once using pd.concat(axis=1) instead. To get a de-fragmented frame, use `newframe = frame.copy()`
  dataframe[f"dc_hi_{n}"] = dataframe["high"].rolling(n).max().shift(1)
/freqtrade/user_data/strategies/TrendVolTarget.py:50: PerformanceWarning: DataFrame is highly fragmented.  This is usually the result of calling `frame.insert` many times, which has poor performance.  Consider joining all columns at once using pd.concat(axis=1) instead. To get a de-fragmented frame, use `newframe = frame.copy()`
  dataframe[f"dc_hi_{n}"] = dataframe["high"].rolling(n).max().shift(1)
/freqtrade/user_data/strategies/TrendVolTarget.py:50: PerformanceWarning: DataFrame is highly fragmented.  This is usually the result of calling `frame.insert` many times, which has poor performance.  Consider joining all columns at once using pd.concat(axis=1) instead. To get a de-fragmented frame, use `newframe = frame.copy()`
  dataframe[f"dc_hi_{n}"] = dataframe["high"].rolling(n).max().shift(1)
/freqtrade/user_data/strategies/TrendVolTarget.py:50: PerformanceWarning: DataFrame is highly fragmented.  This is usually the result of calling `frame.insert` many times, which has poor performance.  Consider joining all columns at once using pd.concat(axis=1) instead. To get a de-fragmented frame, use `newframe = frame.copy()`
  dataframe[f"dc_hi_{n}"] = dataframe["high"].rolling(n).max().shift(1)
/freqtrade/user_data/strategies/TrendVolTarget.py:50: PerformanceWarning: DataFrame is highly fragmented.  This is usually the result of calling `frame.insert` many times, which has poor performance.  Consider joining all columns at once using pd.concat(axis=1) instead. To get a de-fragmented frame, use `newframe = frame.copy()`
  dataframe[f"dc_hi_{n}"] = dataframe["high"].rolling(n).max().shift(1)
/freqtrade/user_data/strategies/TrendVolTarget.py:50: PerformanceWarning: DataFrame is highly fragmented.  This is usually the result of calling `frame.insert` many times, which has poor performance.  Consider joining all columns at once using pd.concat(axis=1) instead. To get a de-fragmented frame, use `newframe = frame.copy()`
  dataframe[f"dc_hi_{n}"] = dataframe["high"].rolling(n).max().shift(1)
/freqtrade/user_data/strategies/TrendVolTarget.py:50: PerformanceWarning: DataFrame is highly fragmented.  This is usually the result of calling `frame.insert` many times, which has poor performance.  Consider joining all columns at once using pd.concat(axis=1) instead. To get a de-fragmented frame, use `newframe = frame.copy()`
  dataframe[f"dc_hi_{n}"] = dataframe["high"].rolling(n).max().shift(1)
/freqtrade/user_data/strategies/TrendVolTarget.py:50: PerformanceWarning: DataFrame is highly fragmented.  This is usually the result of calling `frame.insert` many times, which has poor performance.  Consider joining all columns at once using pd.concat(axis=1) instead. To get a de-fragmented frame, use `newframe = frame.copy()`
  dataframe[f"dc_hi_{n}"] = dataframe["high"].rolling(n).max().shift(1)
/freqtrade/user_data/strategies/TrendVolTarget.py:50: PerformanceWarning: DataFrame is highly fragmented.  This is usually the result of calling `frame.insert` many times, which has poor performance.  Consider joining all columns at once using pd.concat(axis=1) instead. To get a de-fragmented frame, use `newframe = frame.copy()`
  dataframe[f"dc_hi_{n}"] = dataframe["high"].rolling(n).max().shift(1)
/freqtrade/user_data/strategies/TrendVolTarget.py:50: PerformanceWarning: DataFrame is highly fragmented.  This is usually the result of calling `frame.insert` many times, which has poor performance.  Consider joining all columns at once using pd.concat(axis=1) instead. To get a de-fragmented frame, use `newframe = frame.copy()`
  dataframe[f"dc_hi_{n}"] = dataframe["high"].rolling(n).max().shift(1)
/freqtrade/user_data/strategies/TrendVolTarget.py:50: PerformanceWarning: DataFrame is highly fragmented.  This is usually the result of calling `frame.insert` many times, which has poor performance.  Consider joining all columns at once using pd.concat(axis=1) instead. To get a de-fragmented frame, use `newframe = frame.copy()`
  dataframe[f"dc_hi_{n}"] = dataframe["high"].rolling(n).max().shift(1)
/freqtrade/user_data/strategies/TrendVolTarget.py:50: PerformanceWarning: DataFrame is highly fragmented.  This is usually the result of calling `frame.insert` many times, which has poor performance.  Consider joining all columns at once using pd.concat(axis=1) instead. To get a de-fragmented frame, use `newframe = frame.copy()`
  dataframe[f"dc_hi_{n}"] = dataframe["high"].rolling(n).max().shift(1)
/freqtrade/user_data/strategies/TrendVolTarget.py:50: PerformanceWarning: DataFrame is highly fragmented.  This is usually the result of calling `frame.insert` many times, which has poor performance.  Consider joining all columns at once using pd.concat(axis=1) instead. To get a de-fragmented frame, use `newframe = frame.copy()`
  dataframe[f"dc_hi_{n}"] = dataframe["high"].rolling(n).max().shift(1)
/freqtrade/user_data/strategies/TrendVolTarget.py:50: PerformanceWarning: DataFrame is highly fragmented.  This is usually the result of calling `frame.insert` many times, which has poor performance.  Consider joining all columns at once using pd.concat(axis=1) instead. To get a de-fragmented frame, use `newframe = frame.copy()`
  dataframe[f"dc_hi_{n}"] = dataframe["high"].rolling(n).max().shift(1)
/freqtrade/user_data/strategies/TrendVolTarget.py:50: PerformanceWarning: DataFrame is highly fragmented.  This is usually the result of calling `frame.insert` many times, which has poor performance.  Consider joining all columns at once using pd.concat(axis=1) instead. To get a de-fragmented frame, use `newframe = frame.copy()`
  dataframe[f"dc_hi_{n}"] = dataframe["high"].rolling(n).max().shift(1)
/freqtrade/user_data/strategies/TrendVolTarget.py:50: PerformanceWarning: DataFrame is highly fragmented.  This is usually the result of calling `frame.insert` many times, which has poor performance.  Consider joining all columns at once using pd.concat(axis=1) instead. To get a de-fragmented frame, use `newframe = frame.copy()`
  dataframe[f"dc_hi_{n}"] = dataframe["high"].rolling(n).max().shift(1)
/freqtrade/user_data/strategies/TrendVolTarget.py:50: PerformanceWarning: DataFrame is highly fragmented.  This is usually the result of calling `frame.insert` many times, which has poor performance.  Consider joining all columns at once using pd.concat(axis=1) instead. To get a de-fragmented frame, use `newframe = frame.copy()`
  dataframe[f"dc_hi_{n}"] = dataframe["high"].rolling(n).max().shift(1)
/freqtrade/user_data/strategies/TrendVolTarget.py:50: PerformanceWarning: DataFrame is highly fragmented.  This is usually the result of calling `frame.insert` many times, which has poor performance.  Consider joining all columns at once using pd.concat(axis=1) instead. To get a de-fragmented frame, use `newframe = frame.copy()`
  dataframe[f"dc_hi_{n}"] = dataframe["high"].rolling(n).max().shift(1)
/freqtrade/user_data/strategies/TrendVolTarget.py:50: PerformanceWarning: DataFrame is highly fragmented.  This is usually the result of calling `frame.insert` many times, which has poor performance.  Consider joining all columns at once using pd.concat(axis=1) instead. To get a de-fragmented frame, use `newframe = frame.copy()`
  dataframe[f"dc_hi_{n}"] = dataframe["high"].rolling(n).max().shift(1)
/freqtrade/user_data/strategies/TrendVolTarget.py:50: PerformanceWarning: DataFrame is highly fragmented.  This is usually the result of calling `frame.insert` many times, which has poor performance.  Consider joining all columns at once using pd.concat(axis=1) instead. To get a de-fragmented frame, use `newframe = frame.copy()`
  dataframe[f"dc_hi_{n}"] = dataframe["high"].rolling(n).max().shift(1)
/freqtrade/user_data/strategies/TrendVolTarget.py:50: PerformanceWarning: DataFrame is highly fragmented.  This is usually the result of calling `frame.insert` many times, which has poor performance.  Consider joining all columns at once using pd.concat(axis=1) instead. To get a de-fragmented frame, use `newframe = frame.copy()`
  dataframe[f"dc_hi_{n}"] = dataframe["high"].rolling(n).max().shift(1)
/freqtrade/user_data/strategies/TrendVolTarget.py:53: PerformanceWarning: DataFrame is highly fragmented.  This is usually the result of calling `frame.insert` many times, which has poor performance.  Consider joining all columns at once using pd.concat(axis=1) instead. To get a de-fragmented frame, use `newframe = frame.copy()`
  dataframe["sma_f"] = ta.SMA(dataframe, timeperiod=60)
/freqtrade/user_data/strategies/TrendVolTarget.py:54: PerformanceWarning: DataFrame is highly fragmented.  This is usually the result of calling `frame.insert` many times, which has poor performance.  Consider joining all columns at once using pd.concat(axis=1) instead. To get a de-fragmented frame, use `newframe = frame.copy()`
  dataframe["sma_s"] = ta.SMA(dataframe, timeperiod=240)
/freqtrade/user_data/strategies/TrendVolTarget.py:56: PerformanceWarning: DataFrame is highly fragmented.  This is usually the result of calling `frame.insert` many times, which has poor performance.  Consider joining all columns at once using pd.concat(axis=1) instead. To get a de-fragmented frame, use `newframe = frame.copy()`
  dataframe["rvol"] = dataframe["close"].pct_change().rolling(90).std() * np.sqrt(6 * 365)
/freqtrade/user_data/strategies/TrendVolTarget.py:50: PerformanceWarning: DataFrame is highly fragmented.  This is usually the result of calling `frame.insert` many times, which has poor performance.  Consider joining all columns at once using pd.concat(axis=1) instead. To get a de-fragmented frame, use `newframe = frame.copy()`
  dataframe[f"dc_hi_{n}"] = dataframe["high"].rolling(n).max().shift(1)
/freqtrade/user_data/strategies/TrendVolTarget.py:50: PerformanceWarning: DataFrame is highly fragmented.  This is usually the result of calling `frame.insert` many times, which has poor performance.  Consider joining all columns at once using pd.concat(axis=1) instead. To get a de-fragmented frame, use `newframe = frame.copy()`
  dataframe[f"dc_hi_{n}"] = dataframe["high"].rolling(n).max().shift(1)
/freqtrade/user_data/strategies/TrendVolTarget.py:50: PerformanceWarning: DataFrame is highly fragmented.  This is usually the result of calling `frame.insert` many times, which has poor performance.  Consider joining all columns at once using pd.concat(axis=1) instead. To get a de-fragmented frame, use `newframe = frame.copy()`
  dataframe[f"dc_hi_{n}"] = dataframe["high"].rolling(n).max().shift(1)
/freqtrade/user_data/strategies/TrendVolTarget.py:50: PerformanceWarning: DataFrame is highly fragmented.  This is usually the result of calling `frame.insert` many times, which has poor performance.  Consider joining all columns at once using pd.concat(axis=1) instead. To get a de-fragmented frame, use `newframe = frame.copy()`
  dataframe[f"dc_hi_{n}"] = dataframe["high"].rolling(n).max().shift(1)
/freqtrade/user_data/strategies/TrendVolTarget.py:50: PerformanceWarning: DataFrame is highly fragmented.  This is usually the result of calling `frame.insert` many times, which has poor performance.  Consider joining all columns at once using pd.concat(axis=1) instead. To get a de-fragmented frame, use `newframe = frame.copy()`
  dataframe[f"dc_hi_{n}"] = dataframe["high"].rolling(n).max().shift(1)
/freqtrade/user_data/strategies/TrendVolTarget.py:50: PerformanceWarning: DataFrame is highly fragmented.  This is usually the result of calling `frame.insert` many times, which has poor performance.  Consider joining all columns at once using pd.concat(axis=1) instead. To get a de-fragmented frame, use `newframe = frame.copy()`
  dataframe[f"dc_hi_{n}"] = dataframe["high"].rolling(n).max().shift(1)
/freqtrade/user_data/strategies/TrendVolTarget.py:50: PerformanceWarning: DataFrame is highly fragmented.  This is usually the result of calling `frame.insert` many times, which has poor performance.  Consider joining all columns at once using pd.concat(axis=1) instead. To get a de-fragmented frame, use `newframe = frame.copy()`
  dataframe[f"dc_hi_{n}"] = dataframe["high"].rolling(n).max().shift(1)
/freqtrade/user_data/strategies/TrendVolTarget.py:50: PerformanceWarning: DataFrame is highly fragmented.  This is usually the result of calling `frame.insert` many times, which has poor performance.  Consider joining all columns at once using pd.concat(axis=1) instead. To get a de-fragmented frame, use `newframe = frame.copy()`
  dataframe[f"dc_hi_{n}"] = dataframe["high"].rolling(n).max().shift(1)
/freqtrade/user_data/strategies/TrendVolTarget.py:50: PerformanceWarning: DataFrame is highly fragmented.  This is usually the result of calling `frame.insert` many times, which has poor performance.  Consider joining all columns at once using pd.concat(axis=1) instead. To get a de-fragmented frame, use `newframe = frame.copy()`
  dataframe[f"dc_hi_{n}"] = dataframe["high"].rolling(n).max().shift(1)
/freqtrade/user_data/strategies/TrendVolTarget.py:50: PerformanceWarning: DataFrame is highly fragmented.  This is usually the result of calling `frame.insert` many times, which has poor performance.  Consider joining all columns at once using pd.concat(axis=1) instead. To get a de-fragmented frame, use `newframe = frame.copy()`
  dataframe[f"dc_hi_{n}"] = dataframe["high"].rolling(n).max().shift(1)
/freqtrade/user_data/strategies/TrendVolTarget.py:50: PerformanceWarning: DataFrame is highly fragmented.  This is usually the result of calling `frame.insert` many times, which has poor performance.  Consider joining all columns at once using pd.concat(axis=1) instead. To get a de-fragmented frame, use `newframe = frame.copy()`
  dataframe[f"dc_hi_{n}"] = dataframe["high"].rolling(n).max().shift(1)
/freqtrade/user_data/strategies/TrendVolTarget.py:50: PerformanceWarning: DataFrame is highly fragmented.  This is usually the result of calling `frame.insert` many times, which has poor performance.  Consider joining all columns at once using pd.concat(axis=1) instead. To get a de-fragmented frame, use `newframe = frame.copy()`
  dataframe[f"dc_hi_{n}"] = dataframe["high"].rolling(n).max().shift(1)
/freqtrade/user_data/strategies/TrendVolTarget.py:50: PerformanceWarning: DataFrame is highly fragmented.  This is usually the result of calling `frame.insert` many times, which has poor performance.  Consider joining all columns at once using pd.concat(axis=1) instead. To get a de-fragmented frame, use `newframe = frame.copy()`
  dataframe[f"dc_hi_{n}"] = dataframe["high"].rolling(n).max().shift(1)
/freqtrade/user_data/strategies/TrendVolTarget.py:50: PerformanceWarning: DataFrame is highly fragmented.  This is usually the result of calling `frame.insert` many times, which has poor performance.  Consider joining all columns at once using pd.concat(axis=1) instead. To get a de-fragmented frame, use `newframe = frame.copy()`
  dataframe[f"dc_hi_{n}"] = dataframe["high"].rolling(n).max().shift(1)
/freqtrade/user_data/strategies/TrendVolTarget.py:50: PerformanceWarning: DataFrame is highly fragmented.  This is usually the result of calling `frame.insert` many times, which has poor performance.  Consider joining all columns at once using pd.concat(axis=1) instead. To get a de-fragmented frame, use `newframe = frame.copy()`
  dataframe[f"dc_hi_{n}"] = dataframe["high"].rolling(n).max().shift(1)
/freqtrade/user_data/strategies/TrendVolTarget.py:50: PerformanceWarning: DataFrame is highly fragmented.  This is usually the result of calling `frame.insert` many times, which has poor performance.  Consider joining all columns at once using pd.concat(axis=1) instead. To get a de-fragmented frame, use `newframe = frame.copy()`
  dataframe[f"dc_hi_{n}"] = dataframe["high"].rolling(n).max().shift(1)
/freqtrade/user_data/strategies/TrendVolTarget.py:50: PerformanceWarning: DataFrame is highly fragmented.  This is usually the result of calling `frame.insert` many times, which has poor performance.  Consider joining all columns at once using pd.concat(axis=1) instead. To get a de-fragmented frame, use `newframe = frame.copy()`
  dataframe[f"dc_hi_{n}"] = dataframe["high"].rolling(n).max().shift(1)
/freqtrade/user_data/strategies/TrendVolTarget.py:50: PerformanceWarning: DataFrame is highly fragmented.  This is usually the result of calling `frame.insert` many times, which has poor performance.  Consider joining all columns at once using pd.concat(axis=1) instead. To get a de-fragmented frame, use `newframe = frame.copy()`
  dataframe[f"dc_hi_{n}"] = dataframe["high"].rolling(n).max().shift(1)
/freqtrade/user_data/strategies/TrendVolTarget.py:50: PerformanceWarning: DataFrame is highly fragmented.  This is usually the result of calling `frame.insert` many times, which has poor performance.  Consider joining all columns at once using pd.concat(axis=1) instead. To get a de-fragmented frame, use `newframe = frame.copy()`
  dataframe[f"dc_hi_{n}"] = dataframe["high"].rolling(n).max().shift(1)
/freqtrade/user_data/strategies/TrendVolTarget.py:50: PerformanceWarning: DataFrame is highly fragmented.  This is usually the result of calling `frame.insert` many times, which has poor performance.  Consider joining all columns at once using pd.concat(axis=1) instead. To get a de-fragmented frame, use `newframe = frame.copy()`
  dataframe[f"dc_hi_{n}"] = dataframe["high"].rolling(n).max().shift(1)
/freqtrade/user_data/strategies/TrendVolTarget.py:50: PerformanceWarning: DataFrame is highly fragmented.  This is usually the result of calling `frame.insert` many times, which has poor performance.  Consider joining all columns at once using pd.concat(axis=1) instead. To get a de-fragmented frame, use `newframe = frame.copy()`
  dataframe[f"dc_hi_{n}"] = dataframe["high"].rolling(n).max().shift(1)
/freqtrade/user_data/strategies/TrendVolTarget.py:50: PerformanceWarning: DataFrame is highly fragmented.  This is usually the result of calling `frame.insert` many times, which has poor performance.  Consider joining all columns at once using pd.concat(axis=1) instead. To get a de-fragmented frame, use `newframe = frame.copy()`
  dataframe[f"dc_hi_{n}"] = dataframe["high"].rolling(n).max().shift(1)
/freqtrade/user_data/strategies/TrendVolTarget.py:50: PerformanceWarning: DataFrame is highly fragmented.  This is usually the result of calling `frame.insert` many times, which has poor performance.  Consider joining all columns at once using pd.concat(axis=1) instead. To get a de-fragmented frame, use `newframe = frame.copy()`
  dataframe[f"dc_hi_{n}"] = dataframe["high"].rolling(n).max().shift(1)
/freqtrade/user_data/strategies/TrendVolTarget.py:50: PerformanceWarning: DataFrame is highly fragmented.  This is usually the result of calling `frame.insert` many times, which has poor performance.  Consider joining all columns at once using pd.concat(axis=1) instead. To get a de-fragmented frame, use `newframe = frame.copy()`
  dataframe[f"dc_hi_{n}"] = dataframe["high"].rolling(n).max().shift(1)
/freqtrade/user_data/strategies/TrendVolTarget.py:50: PerformanceWarning: DataFrame is highly fragmented.  This is usually the result of calling `frame.insert` many times, which has poor performance.  Consider joining all columns at once using pd.concat(axis=1) instead. To get a de-fragmented frame, use `newframe = frame.copy()`
  dataframe[f"dc_hi_{n}"] = dataframe["high"].rolling(n).max().shift(1)
/freqtrade/user_data/strategies/TrendVolTarget.py:50: PerformanceWarning: DataFrame is highly fragmented.  This is usually the result of calling `frame.insert` many times, which has poor performance.  Consider joining all columns at once using pd.concat(axis=1) instead. To get a de-fragmented frame, use `newframe = frame.copy()`
  dataframe[f"dc_hi_{n}"] = dataframe["high"].rolling(n).max().shift(1)
/freqtrade/user_data/strategies/TrendVolTarget.py:50: PerformanceWarning: DataFrame is highly fragmented.  This is usually the result of calling `frame.insert` many times, which has poor performance.  Consider joining all columns at once using pd.concat(axis=1) instead. To get a de-fragmented frame, use `newframe = frame.copy()`
  dataframe[f"dc_hi_{n}"] = dataframe["high"].rolling(n).max().shift(1)
/freqtrade/user_data/strategies/TrendVolTarget.py:50: PerformanceWarning: DataFrame is highly fragmented.  This is usually the result of calling `frame.insert` many times, which has poor performance.  Consider joining all columns at once using pd.concat(axis=1) instead. To get a de-fragmented frame, use `newframe = frame.copy()`
  dataframe[f"dc_hi_{n}"] = dataframe["high"].rolling(n).max().shift(1)
/freqtrade/user_data/strategies/TrendVolTarget.py:50: PerformanceWarning: DataFrame is highly fragmented.  This is usually the result of calling `frame.insert` many times, which has poor performance.  Consider joining all columns at once using pd.concat(axis=1) instead. To get a de-fragmented frame, use `newframe = frame.copy()`
  dataframe[f"dc_hi_{n}"] = dataframe["high"].rolling(n).max().shift(1)
/freqtrade/user_data/strategies/TrendVolTarget.py:50: PerformanceWarning: DataFrame is highly fragmented.  This is usually the result of calling `frame.insert` many times, which has poor performance.  Consider joining all columns at once using pd.concat(axis=1) instead. To get a de-fragmented frame, use `newframe = frame.copy()`
  dataframe[f"dc_hi_{n}"] = dataframe["high"].rolling(n).max().shift(1)
/freqtrade/user_data/strategies/TrendVolTarget.py:50: PerformanceWarning: DataFrame is highly fragmented.  This is usually the result of calling `frame.insert` many times, which has poor performance.  Consider joining all columns at once using pd.concat(axis=1) instead. To get a de-fragmented frame, use `newframe = frame.copy()`
  dataframe[f"dc_hi_{n}"] = dataframe["high"].rolling(n).max().shift(1)
/freqtrade/user_data/strategies/TrendVolTarget.py:50: PerformanceWarning: DataFrame is highly fragmented.  This is usually the result of calling `frame.insert` many times, which has poor performance.  Consider joining all columns at once using pd.concat(axis=1) instead. To get a de-fragmented frame, use `newframe = frame.copy()`
  dataframe[f"dc_hi_{n}"] = dataframe["high"].rolling(n).max().shift(1)
/freqtrade/user_data/strategies/TrendVolTarget.py:50: PerformanceWarning: DataFrame is highly fragmented.  This is usually the result of calling `frame.insert` many times, which has poor performance.  Consider joining all columns at once using pd.concat(axis=1) instead. To get a de-fragmented frame, use `newframe = frame.copy()`
  dataframe[f"dc_hi_{n}"] = dataframe["high"].rolling(n).max().shift(1)
/freqtrade/user_data/strategies/TrendVolTarget.py:50: PerformanceWarning: DataFrame is highly fragmented.  This is usually the result of calling `frame.insert` many times, which has poor performance.  Consider joining all columns at once using pd.concat(axis=1) instead. To get a de-fragmented frame, use `newframe = frame.copy()`
  dataframe[f"dc_hi_{n}"] = dataframe["high"].rolling(n).max().shift(1)
/freqtrade/user_data/strategies/TrendVolTarget.py:50: PerformanceWarning: DataFrame is highly fragmented.  This is usually the result of calling `frame.insert` many times, which has poor performance.  Consider joining all columns at once using pd.concat(axis=1) instead. To get a de-fragmented frame, use `newframe = frame.copy()`
  dataframe[f"dc_hi_{n}"] = dataframe["high"].rolling(n).max().shift(1)
/freqtrade/user_data/strategies/TrendVolTarget.py:50: PerformanceWarning: DataFrame is highly fragmented.  This is usually the result of calling `frame.insert` many times, which has poor performance.  Consider joining all columns at once using pd.concat(axis=1) instead. To get a de-fragmented frame, use `newframe = frame.copy()`
  dataframe[f"dc_hi_{n}"] = dataframe["high"].rolling(n).max().shift(1)
/freqtrade/user_data/strategies/TrendVolTarget.py:50: PerformanceWarning: DataFrame is highly fragmented.  This is usually the result of calling `frame.insert` many times, which has poor performance.  Consider joining all columns at once using pd.concat(axis=1) instead. To get a de-fragmented frame, use `newframe = frame.copy()`
  dataframe[f"dc_hi_{n}"] = dataframe["high"].rolling(n).max().shift(1)
/freqtrade/user_data/strategies/TrendVolTarget.py:50: PerformanceWarning: DataFrame is highly fragmented.  This is usually the result of calling `frame.insert` many times, which has poor performance.  Consider joining all columns at once using pd.concat(axis=1) instead. To get a de-fragmented frame, use `newframe = frame.copy()`
  dataframe[f"dc_hi_{n}"] = dataframe["high"].rolling(n).max().shift(1)
/freqtrade/user_data/strategies/TrendVolTarget.py:50: PerformanceWarning: DataFrame is highly fragmented.  This is usually the result of calling `frame.insert` many times, which has poor performance.  Consider joining all columns at once using pd.concat(axis=1) instead. To get a de-fragmented frame, use `newframe = frame.copy()`
  dataframe[f"dc_hi_{n}"] = dataframe["high"].rolling(n).max().shift(1)
/freqtrade/user_data/strategies/TrendVolTarget.py:50: PerformanceWarning: DataFrame is highly fragmented.  This is usually the result of calling `frame.insert` many times, which has poor performance.  Consider joining all columns at once using pd.concat(axis=1) instead. To get a de-fragmented frame, use `newframe = frame.copy()`
  dataframe[f"dc_hi_{n}"] = dataframe["high"].rolling(n).max().shift(1)
/freqtrade/user_data/strategies/TrendVolTarget.py:50: PerformanceWarning: DataFrame is highly fragmented.  This is usually the result of calling `frame.insert` many times, which has poor performance.  Consider joining all columns at once using pd.concat(axis=1) instead. To get a de-fragmented frame, use `newframe = frame.copy()`
  dataframe[f"dc_hi_{n}"] = dataframe["high"].rolling(n).max().shift(1)
/freqtrade/user_data/strategies/TrendVolTarget.py:50: PerformanceWarning: DataFrame is highly fragmented.  This is usually the result of calling `frame.insert` many times, which has poor performance.  Consider joining all columns at once using pd.concat(axis=1) instead. To get a de-fragmented frame, use `newframe = frame.copy()`
  dataframe[f"dc_hi_{n}"] = dataframe["high"].rolling(n).max().shift(1)
/freqtrade/user_data/strategies/TrendVolTarget.py:50: PerformanceWarning: DataFrame is highly fragmented.  This is usually the result of calling `frame.insert` many times, which has poor performance.  Consider joining all columns at once using pd.concat(axis=1) instead. To get a de-fragmented frame, use `newframe = frame.copy()`
  dataframe[f"dc_hi_{n}"] = dataframe["high"].rolling(n).max().shift(1)
/freqtrade/user_data/strategies/TrendVolTarget.py:50: PerformanceWarning: DataFrame is highly fragmented.  This is usually the result of calling `frame.insert` many times, which has poor performance.  Consider joining all columns at once using pd.concat(axis=1) instead. To get a de-fragmented frame, use `newframe = frame.copy()`
  dataframe[f"dc_hi_{n}"] = dataframe["high"].rolling(n).max().shift(1)
/freqtrade/user_data/strategies/TrendVolTarget.py:50: PerformanceWarning: DataFrame is highly fragmented.  This is usually the result of calling `frame.insert` many times, which has poor performance.  Consider joining all columns at once using pd.concat(axis=1) instead. To get a de-fragmented frame, use `newframe = frame.copy()`
  dataframe[f"dc_hi_{n}"] = dataframe["high"].rolling(n).max().shift(1)
/freqtrade/user_data/strategies/TrendVolTarget.py:50: PerformanceWarning: DataFrame is highly fragmented.  This is usually the result of calling `frame.insert` many times, which has poor performance.  Consider joining all columns at once using pd.concat(axis=1) instead. To get a de-fragmented frame, use `newframe = frame.copy()`
  dataframe[f"dc_hi_{n}"] = dataframe["high"].rolling(n).max().shift(1)
/freqtrade/user_data/strategies/TrendVolTarget.py:50: PerformanceWarning: DataFrame is highly fragmented.  This is usually the result of calling `frame.insert` many times, which has poor performance.  Consider joining all columns at once using pd.concat(axis=1) instead. To get a de-fragmented frame, use `newframe = frame.copy()`
  dataframe[f"dc_hi_{n}"] = dataframe["high"].rolling(n).max().shift(1)
/freqtrade/user_data/strategies/TrendVolTarget.py:50: PerformanceWarning: DataFrame is highly fragmented.  This is usually the result of calling `frame.insert` many times, which has poor performance.  Consider joining all columns at once using pd.concat(axis=1) instead. To get a de-fragmented frame, use `newframe = frame.copy()`
  dataframe[f"dc_hi_{n}"] = dataframe["high"].rolling(n).max().shift(1)
/freqtrade/user_data/strategies/TrendVolTarget.py:50: PerformanceWarning: DataFrame is highly fragmented.  This is usually the result of calling `frame.insert` many times, which has poor performance.  Consider joining all columns at once using pd.concat(axis=1) instead. To get a de-fragmented frame, use `newframe = frame.copy()`
  dataframe[f"dc_hi_{n}"] = dataframe["high"].rolling(n).max().shift(1)
/freqtrade/user_data/strategies/TrendVolTarget.py:50: PerformanceWarning: DataFrame is highly fragmented.  This is usually the result of calling `frame.insert` many times, which has poor performance.  Consider joining all columns at once using pd.concat(axis=1) instead. To get a de-fragmented frame, use `newframe = frame.copy()`
  dataframe[f"dc_hi_{n}"] = dataframe["high"].rolling(n).max().shift(1)
/freqtrade/user_data/strategies/TrendVolTarget.py:50: PerformanceWarning: DataFrame is highly fragmented.  This is usually the result of calling `frame.insert` many times, which has poor performance.  Consider joining all columns at once using pd.concat(axis=1) instead. To get a de-fragmented frame, use `newframe = frame.copy()`
  dataframe[f"dc_hi_{n}"] = dataframe["high"].rolling(n).max().shift(1)
/freqtrade/user_data/strategies/TrendVolTarget.py:50: PerformanceWarning: DataFrame is highly fragmented.  This is usually the result of calling `frame.insert` many times, which has poor performance.  Consider joining all columns at once using pd.concat(axis=1) instead. To get a de-fragmented frame, use `newframe = frame.copy()`
  dataframe[f"dc_hi_{n}"] = dataframe["high"].rolling(n).max().shift(1)
/freqtrade/user_data/strategies/TrendVolTarget.py:50: PerformanceWarning: DataFrame is highly fragmented.  This is usually the result of calling `frame.insert` many times, which has poor performance.  Consider joining all columns at once using pd.concat(axis=1) instead. To get a de-fragmented frame, use `newframe = frame.copy()`
  dataframe[f"dc_hi_{n}"] = dataframe["high"].rolling(n).max().shift(1)
/freqtrade/user_data/strategies/TrendVolTarget.py:50: PerformanceWarning: DataFrame is highly fragmented.  This is usually the result of calling `frame.insert` many times, which has poor performance.  Consider joining all columns at once using pd.concat(axis=1) instead. To get a de-fragmented frame, use `newframe = frame.copy()`
  dataframe[f"dc_hi_{n}"] = dataframe["high"].rolling(n).max().shift(1)
/freqtrade/user_data/strategies/TrendVolTarget.py:50: PerformanceWarning: DataFrame is highly fragmented.  This is usually the result of calling `frame.insert` many times, which has poor performance.  Consider joining all columns at once using pd.concat(axis=1) instead. To get a de-fragmented frame, use `newframe = frame.copy()`
  dataframe[f"dc_hi_{n}"] = dataframe["high"].rolling(n).max().shift(1)
/freqtrade/user_data/strategies/TrendVolTarget.py:50: PerformanceWarning: DataFrame is highly fragmented.  This is usually the result of calling `frame.insert` many times, which has poor performance.  Consider joining all columns at once using pd.concat(axis=1) instead. To get a de-fragmented frame, use `newframe = frame.copy()`
  dataframe[f"dc_hi_{n}"] = dataframe["high"].rolling(n).max().shift(1)
/freqtrade/user_data/strategies/TrendVolTarget.py:50: PerformanceWarning: DataFrame is highly fragmented.  This is usually the result of calling `frame.insert` many times, which has poor performance.  Consider joining all columns at once using pd.concat(axis=1) instead. To get a de-fragmented frame, use `newframe = frame.copy()`
  dataframe[f"dc_hi_{n}"] = dataframe["high"].rolling(n).max().shift(1)
/freqtrade/user_data/strategies/TrendVolTarget.py:50: PerformanceWarning: DataFrame is highly fragmented.  This is usually the result of calling `frame.insert` many times, which has poor performance.  Consider joining all columns at once using pd.concat(axis=1) instead. To get a de-fragmented frame, use `newframe = frame.copy()`
  dataframe[f"dc_hi_{n}"] = dataframe["high"].rolling(n).max().shift(1)
/freqtrade/user_data/strategies/TrendVolTarget.py:50: PerformanceWarning: DataFrame is highly fragmented.  This is usually the result of calling `frame.insert` many times, which has poor performance.  Consider joining all columns at once using pd.concat(axis=1) instead. To get a de-fragmented frame, use `newframe = frame.copy()`
  dataframe[f"dc_hi_{n}"] = dataframe["high"].rolling(n).max().shift(1)
/freqtrade/user_data/strategies/TrendVolTarget.py:50: PerformanceWarning: DataFrame is highly fragmented.  This is usually the result of calling `frame.insert` many times, which has poor performance.  Consider joining all columns at once using pd.concat(axis=1) instead. To get a de-fragmented frame, use `newframe = frame.copy()`
  dataframe[f"dc_hi_{n}"] = dataframe["high"].rolling(n).max().shift(1)
/freqtrade/user_data/strategies/TrendVolTarget.py:50: PerformanceWarning: DataFrame is highly fragmented.  This is usually the result of calling `frame.insert` many times, which has poor performance.  Consider joining all columns at once using pd.concat(axis=1) instead. To get a de-fragmented frame, use `newframe = frame.copy()`
  dataframe[f"dc_hi_{n}"] = dataframe["high"].rolling(n).max().shift(1)
/freqtrade/user_data/strategies/TrendVolTarget.py:50: PerformanceWarning: DataFrame is highly fragmented.  This is usually the result of calling `frame.insert` many times, which has poor performance.  Consider joining all columns at once using pd.concat(axis=1) instead. To get a de-fragmented frame, use `newframe = frame.copy()`
  dataframe[f"dc_hi_{n}"] = dataframe["high"].rolling(n).max().shift(1)
/freqtrade/user_data/strategies/TrendVolTarget.py:50: PerformanceWarning: DataFrame is highly fragmented.  This is usually the result of calling `frame.insert` many times, which has poor performance.  Consider joining all columns at once using pd.concat(axis=1) instead. To get a de-fragmented frame, use `newframe = frame.copy()`
  dataframe[f"dc_hi_{n}"] = dataframe["high"].rolling(n).max().shift(1)
/freqtrade/user_data/strategies/TrendVolTarget.py:50: PerformanceWarning: DataFrame is highly fragmented.  This is usually the result of calling `frame.insert` many times, which has poor performance.  Consider joining all columns at once using pd.concat(axis=1) instead. To get a de-fragmented frame, use `newframe = frame.copy()`
  dataframe[f"dc_hi_{n}"] = dataframe["high"].rolling(n).max().shift(1)
/freqtrade/user_data/strategies/TrendVolTarget.py:50: PerformanceWarning: DataFrame is highly fragmented.  This is usually the result of calling `frame.insert` many times, which has poor performance.  Consider joining all columns at once using pd.concat(axis=1) instead. To get a de-fragmented frame, use `newframe = frame.copy()`
  dataframe[f"dc_hi_{n}"] = dataframe["high"].rolling(n).max().shift(1)
/freqtrade/user_data/strategies/TrendVolTarget.py:50: PerformanceWarning: DataFrame is highly fragmented.  This is usually the result of calling `frame.insert` many times, which has poor performance.  Consider joining all columns at once using pd.concat(axis=1) instead. To get a de-fragmented frame, use `newframe = frame.copy()`
  dataframe[f"dc_hi_{n}"] = dataframe["high"].rolling(n).max().shift(1)
/freqtrade/user_data/strategies/TrendVolTarget.py:50: PerformanceWarning: DataFrame is highly fragmented.  This is usually the result of calling `frame.insert` many times, which has poor performance.  Consider joining all columns at once using pd.concat(axis=1) instead. To get a de-fragmented frame, use `newframe = frame.copy()`
  dataframe[f"dc_hi_{n}"] = dataframe["high"].rolling(n).max().shift(1)
/freqtrade/user_data/strategies/TrendVolTarget.py:50: PerformanceWarning: DataFrame is highly fragmented.  This is usually the result of calling `frame.insert` many times, which has poor performance.  Consider joining all columns at once using pd.concat(axis=1) instead. To get a de-fragmented frame, use `newframe = frame.copy()`
  dataframe[f"dc_hi_{n}"] = dataframe["high"].rolling(n).max().shift(1)
/freqtrade/user_data/strategies/TrendVolTarget.py:50: PerformanceWarning: DataFrame is highly fragmented.  This is usually the result of calling `frame.insert` many times, which has poor performance.  Consider joining all columns at once using pd.concat(axis=1) instead. To get a de-fragmented frame, use `newframe = frame.copy()`
  dataframe[f"dc_hi_{n}"] = dataframe["high"].rolling(n).max().shift(1)
/freqtrade/user_data/strategies/TrendVolTarget.py:50: PerformanceWarning: DataFrame is highly fragmented.  This is usually the result of calling `frame.insert` many times, which has poor performance.  Consider joining all columns at once using pd.concat(axis=1) instead. To get a de-fragmented frame, use `newframe = frame.copy()`
  dataframe[f"dc_hi_{n}"] = dataframe["high"].rolling(n).max().shift(1)
/freqtrade/user_data/strategies/TrendVolTarget.py:50: PerformanceWarning: DataFrame is highly fragmented.  This is usually the result of calling `frame.insert` many times, which has poor performance.  Consider joining all columns at once using pd.concat(axis=1) instead. To get a de-fragmented frame, use `newframe = frame.copy()`
  dataframe[f"dc_hi_{n}"] = dataframe["high"].rolling(n).max().shift(1)
/freqtrade/user_data/strategies/TrendVolTarget.py:50: PerformanceWarning: DataFrame is highly fragmented.  This is usually the result of calling `frame.insert` many times, which has poor performance.  Consider joining all columns at once using pd.concat(axis=1) instead. To get a de-fragmented frame, use `newframe = frame.copy()`
  dataframe[f"dc_hi_{n}"] = dataframe["high"].rolling(n).max().shift(1)
/freqtrade/user_data/strategies/TrendVolTarget.py:50: PerformanceWarning: DataFrame is highly fragmented.  This is usually the result of calling `frame.insert` many times, which has poor performance.  Consider joining all columns at once using pd.concat(axis=1) instead. To get a de-fragmented frame, use `newframe = frame.copy()`
  dataframe[f"dc_hi_{n}"] = dataframe["high"].rolling(n).max().shift(1)
/freqtrade/user_data/strategies/TrendVolTarget.py:50: PerformanceWarning: DataFrame is highly fragmented.  This is usually the result of calling `frame.insert` many times, which has poor performance.  Consider joining all columns at once using pd.concat(axis=1) instead. To get a de-fragmented frame, use `newframe = frame.copy()`
  dataframe[f"dc_hi_{n}"] = dataframe["high"].rolling(n).max().shift(1)
/freqtrade/user_data/strategies/TrendVolTarget.py:50: PerformanceWarning: DataFrame is highly fragmented.  This is usually the result of calling `frame.insert` many times, which has poor performance.  Consider joining all columns at once using pd.concat(axis=1) instead. To get a de-fragmented frame, use `newframe = frame.copy()`
  dataframe[f"dc_hi_{n}"] = dataframe["high"].rolling(n).max().shift(1)
/freqtrade/user_data/strategies/TrendVolTarget.py:50: PerformanceWarning: DataFrame is highly fragmented.  This is usually the result of calling `frame.insert` many times, which has poor performance.  Consider joining all columns at once using pd.concat(axis=1) instead. To get a de-fragmented frame, use `newframe = frame.copy()`
  dataframe[f"dc_hi_{n}"] = dataframe["high"].rolling(n).max().shift(1)
/freqtrade/user_data/strategies/TrendVolTarget.py:50: PerformanceWarning: DataFrame is highly fragmented.  This is usually the result of calling `frame.insert` many times, which has poor performance.  Consider joining all columns at once using pd.concat(axis=1) instead. To get a de-fragmented frame, use `newframe = frame.copy()`
  dataframe[f"dc_hi_{n}"] = dataframe["high"].rolling(n).max().shift(1)
/freqtrade/user_data/strategies/TrendVolTarget.py:50: PerformanceWarning: DataFrame is highly fragmented.  This is usually the result of calling `frame.insert` many times, which has poor performance.  Consider joining all columns at once using pd.concat(axis=1) instead. To get a de-fragmented frame, use `newframe = frame.copy()`
  dataframe[f"dc_hi_{n}"] = dataframe["high"].rolling(n).max().shift(1)
/freqtrade/user_data/strategies/TrendVolTarget.py:50: PerformanceWarning: DataFrame is highly fragmented.  This is usually the result of calling `frame.insert` many times, which has poor performance.  Consider joining all columns at once using pd.concat(axis=1) instead. To get a de-fragmented frame, use `newframe = frame.copy()`
  dataframe[f"dc_hi_{n}"] = dataframe["high"].rolling(n).max().shift(1)
/freqtrade/user_data/strategies/TrendVolTarget.py:50: PerformanceWarning: DataFrame is highly fragmented.  This is usually the result of calling `frame.insert` many times, which has poor performance.  Consider joining all columns at once using pd.concat(axis=1) instead. To get a de-fragmented frame, use `newframe = frame.copy()`
  dataframe[f"dc_hi_{n}"] = dataframe["high"].rolling(n).max().shift(1)
/freqtrade/user_data/strategies/TrendVolTarget.py:50: PerformanceWarning: DataFrame is highly fragmented.  This is usually the result of calling `frame.insert` many times, which has poor performance.  Consider joining all columns at once using pd.concat(axis=1) instead. To get a de-fragmented frame, use `newframe = frame.copy()`
  dataframe[f"dc_hi_{n}"] = dataframe["high"].rolling(n).max().shift(1)
/freqtrade/user_data/strategies/TrendVolTarget.py:50: PerformanceWarning: DataFrame is highly fragmented.  This is usually the result of calling `frame.insert` many times, which has poor performance.  Consider joining all columns at once using pd.concat(axis=1) instead. To get a de-fragmented frame, use `newframe = frame.copy()`
  dataframe[f"dc_hi_{n}"] = dataframe["high"].rolling(n).max().shift(1)
/freqtrade/user_data/strategies/TrendVolTarget.py:50: PerformanceWarning: DataFrame is highly fragmented.  This is usually the result of calling `frame.insert` many times, which has poor performance.  Consider joining all columns at once using pd.concat(axis=1) instead. To get a de-fragmented frame, use `newframe = frame.copy()`
  dataframe[f"dc_hi_{n}"] = dataframe["high"].rolling(n).max().shift(1)
/freqtrade/user_data/strategies/TrendVolTarget.py:50: PerformanceWarning: DataFrame is highly fragmented.  This is usually the result of calling `frame.insert` many times, which has poor performance.  Consider joining all columns at once using pd.concat(axis=1) instead. To get a de-fragmented frame, use `newframe = frame.copy()`
  dataframe[f"dc_hi_{n}"] = dataframe["high"].rolling(n).max().shift(1)
/freqtrade/user_data/strategies/TrendVolTarget.py:53: PerformanceWarning: DataFrame is highly fragmented.  This is usually the result of calling `frame.insert` many times, which has poor performance.  Consider joining all columns at once using pd.concat(axis=1) instead. To get a de-fragmented frame, use `newframe = frame.copy()`
  dataframe["sma_f"] = ta.SMA(dataframe, timeperiod=60)
/freqtrade/user_data/strategies/TrendVolTarget.py:54: PerformanceWarning: DataFrame is highly fragmented.  This is usually the result of calling `frame.insert` many times, which has poor performance.  Consider joining all columns at once using pd.concat(axis=1) instead. To get a de-fragmented frame, use `newframe = frame.copy()`
  dataframe["sma_s"] = ta.SMA(dataframe, timeperiod=240)
/freqtrade/user_data/strategies/TrendVolTarget.py:56: PerformanceWarning: DataFrame is highly fragmented.  This is usually the result of calling `frame.insert` many times, which has poor performance.  Consider joining all columns at once using pd.concat(axis=1) instead. To get a de-fragmented frame, use `newframe = frame.copy()`
  dataframe["rvol"] = dataframe["close"].pct_change().rolling(90).std() * np.sqrt(6 * 365)
/freqtrade/user_data/strategies/TrendVolTarget.py:50: PerformanceWarning: DataFrame is highly fragmented.  This is usually the result of calling `frame.insert` many times, which has poor performance.  Consider joining all columns at once using pd.concat(axis=1) instead. To get a de-fragmented frame, use `newframe = frame.copy()`
  dataframe[f"dc_hi_{n}"] = dataframe["high"].rolling(n).max().shift(1)
/freqtrade/user_data/strategies/TrendVolTarget.py:50: PerformanceWarning: DataFrame is highly fragmented.  This is usually the result of calling `frame.insert` many times, which has poor performance.  Consider joining all columns at once using pd.concat(axis=1) instead. To get a de-fragmented frame, use `newframe = frame.copy()`
  dataframe[f"dc_hi_{n}"] = dataframe["high"].rolling(n).max().shift(1)
/freqtrade/user_data/strategies/TrendVolTarget.py:50: PerformanceWarning: DataFrame is highly fragmented.  This is usually the result of calling `frame.insert` many times, which has poor performance.  Consider joining all columns at once using pd.concat(axis=1) instead. To get a de-fragmented frame, use `newframe = frame.copy()`
  dataframe[f"dc_hi_{n}"] = dataframe["high"].rolling(n).max().shift(1)
/freqtrade/user_data/strategies/TrendVolTarget.py:50: PerformanceWarning: DataFrame is highly fragmented.  This is usually the result of calling `frame.insert` many times, which has poor performance.  Consider joining all columns at once using pd.concat(axis=1) instead. To get a de-fragmented frame, use `newframe = frame.copy()`
  dataframe[f"dc_hi_{n}"] = dataframe["high"].rolling(n).max().shift(1)
/freqtrade/user_data/strategies/TrendVolTarget.py:50: PerformanceWarning: DataFrame is highly fragmented.  This is usually the result of calling `frame.insert` many times, which has poor performance.  Consider joining all columns at once using pd.concat(axis=1) instead. To get a de-fragmented frame, use `newframe = frame.copy()`
  dataframe[f"dc_hi_{n}"] = dataframe["high"].rolling(n).max().shift(1)
/freqtrade/user_data/strategies/TrendVolTarget.py:50: PerformanceWarning: DataFrame is highly fragmented.  This is usually the result of calling `frame.insert` many times, which has poor performance.  Consider joining all columns at once using pd.concat(axis=1) instead. To get a de-fragmented frame, use `newframe = frame.copy()`
  dataframe[f"dc_hi_{n}"] = dataframe["high"].rolling(n).max().shift(1)
/freqtrade/user_data/strategies/TrendVolTarget.py:50: PerformanceWarning: DataFrame is highly fragmented.  This is usually the result of calling `frame.insert` many times, which has poor performance.  Consider joining all columns at once using pd.concat(axis=1) instead. To get a de-fragmented frame, use `newframe = frame.copy()`
  dataframe[f"dc_hi_{n}"] = dataframe["high"].rolling(n).max().shift(1)
/freqtrade/user_data/strategies/TrendVolTarget.py:50: PerformanceWarning: DataFrame is highly fragmented.  This is usually the result of calling `frame.insert` many times, which has poor performance.  Consider joining all columns at once using pd.concat(axis=1) instead. To get a de-fragmented frame, use `newframe = frame.copy()`
  dataframe[f"dc_hi_{n}"] = dataframe["high"].rolling(n).max().shift(1)
/freqtrade/user_data/strategies/TrendVolTarget.py:50: PerformanceWarning: DataFrame is highly fragmented.  This is usually the result of calling `frame.insert` many times, which has poor performance.  Consider joining all columns at once using pd.concat(axis=1) instead. To get a de-fragmented frame, use `newframe = frame.copy()`
  dataframe[f"dc_hi_{n}"] = dataframe["high"].rolling(n).max().shift(1)
/freqtrade/user_data/strategies/TrendVolTarget.py:50: PerformanceWarning: DataFrame is highly fragmented.  This is usually the result of calling `frame.insert` many times, which has poor performance.  Consider joining all columns at once using pd.concat(axis=1) instead. To get a de-fragmented frame, use `newframe = frame.copy()`
  dataframe[f"dc_hi_{n}"] = dataframe["high"].rolling(n).max().shift(1)
/freqtrade/user_data/strategies/TrendVolTarget.py:50: PerformanceWarning: DataFrame is highly fragmented.  This is usually the result of calling `frame.insert` many times, which has poor performance.  Consider joining all columns at once using pd.concat(axis=1) instead. To get a de-fragmented frame, use `newframe = frame.copy()`
  dataframe[f"dc_hi_{n}"] = dataframe["high"].rolling(n).max().shift(1)
/freqtrade/user_data/strategies/TrendVolTarget.py:50: PerformanceWarning: DataFrame is highly fragmented.  This is usually the result of calling `frame.insert` many times, which has poor performance.  Consider joining all columns at once using pd.concat(axis=1) instead. To get a de-fragmented frame, use `newframe = frame.copy()`
  dataframe[f"dc_hi_{n}"] = dataframe["high"].rolling(n).max().shift(1)
/freqtrade/user_data/strategies/TrendVolTarget.py:50: PerformanceWarning: DataFrame is highly fragmented.  This is usually the result of calling `frame.insert` many times, which has poor performance.  Consider joining all columns at once using pd.concat(axis=1) instead. To get a de-fragmented frame, use `newframe = frame.copy()`
  dataframe[f"dc_hi_{n}"] = dataframe["high"].rolling(n).max().shift(1)
/freqtrade/user_data/strategies/TrendVolTarget.py:50: PerformanceWarning: DataFrame is highly fragmented.  This is usually the result of calling `frame.insert` many times, which has poor performance.  Consider joining all columns at once using pd.concat(axis=1) instead. To get a de-fragmented frame, use `newframe = frame.copy()`
  dataframe[f"dc_hi_{n}"] = dataframe["high"].rolling(n).max().shift(1)
/freqtrade/user_data/strategies/TrendVolTarget.py:50: PerformanceWarning: DataFrame is highly fragmented.  This is usually the result of calling `frame.insert` many times, which has poor performance.  Consider joining all columns at once using pd.concat(axis=1) instead. To get a de-fragmented frame, use `newframe = frame.copy()`
  dataframe[f"dc_hi_{n}"] = dataframe["high"].rolling(n).max().shift(1)
/freqtrade/user_data/strategies/TrendVolTarget.py:50: PerformanceWarning: DataFrame is highly fragmented.  This is usually the result of calling `frame.insert` many times, which has poor performance.  Consider joining all columns at once using pd.concat(axis=1) instead. To get a de-fragmented frame, use `newframe = frame.copy()`
  dataframe[f"dc_hi_{n}"] = dataframe["high"].rolling(n).max().shift(1)
/freqtrade/user_data/strategies/TrendVolTarget.py:50: PerformanceWarning: DataFrame is highly fragmented.  This is usually the result of calling `frame.insert` many times, which has poor performance.  Consider joining all columns at once using pd.concat(axis=1) instead. To get a de-fragmented frame, use `newframe = frame.copy()`
  dataframe[f"dc_hi_{n}"] = dataframe["high"].rolling(n).max().shift(1)
/freqtrade/user_data/strategies/TrendVolTarget.py:50: PerformanceWarning: DataFrame is highly fragmented.  This is usually the result of calling `frame.insert` many times, which has poor performance.  Consider joining all columns at once using pd.concat(axis=1) instead. To get a de-fragmented frame, use `newframe = frame.copy()`
  dataframe[f"dc_hi_{n}"] = dataframe["high"].rolling(n).max().shift(1)
/freqtrade/user_data/strategies/TrendVolTarget.py:50: PerformanceWarning: DataFrame is highly fragmented.  This is usually the result of calling `frame.insert` many times, which has poor performance.  Consider joining all columns at once using pd.concat(axis=1) instead. To get a de-fragmented frame, use `newframe = frame.copy()`
  dataframe[f"dc_hi_{n}"] = dataframe["high"].rolling(n).max().shift(1)
/freqtrade/user_data/strategies/TrendVolTarget.py:50: PerformanceWarning: DataFrame is highly fragmented.  This is usually the result of calling `frame.insert` many times, which has poor performance.  Consider joining all columns at once using pd.concat(axis=1) instead. To get a de-fragmented frame, use `newframe = frame.copy()`
  dataframe[f"dc_hi_{n}"] = dataframe["high"].rolling(n).max().shift(1)
/freqtrade/user_data/strategies/TrendVolTarget.py:50: PerformanceWarning: DataFrame is highly fragmented.  This is usually the result of calling `frame.insert` many times, which has poor performance.  Consider joining all columns at once using pd.concat(axis=1) instead. To get a de-fragmented frame, use `newframe = frame.copy()`
  dataframe[f"dc_hi_{n}"] = dataframe["high"].rolling(n).max().shift(1)
/freqtrade/user_data/strategies/TrendVolTarget.py:50: PerformanceWarning: DataFrame is highly fragmented.  This is usually the result of calling `frame.insert` many times, which has poor performance.  Consider joining all columns at once using pd.concat(axis=1) instead. To get a de-fragmented frame, use `newframe = frame.copy()`
  dataframe[f"dc_hi_{n}"] = dataframe["high"].rolling(n).max().shift(1)
/freqtrade/user_data/strategies/TrendVolTarget.py:50: PerformanceWarning: DataFrame is highly fragmented.  This is usually the result of calling `frame.insert` many times, which has poor performance.  Consider joining all columns at once using pd.concat(axis=1) instead. To get a de-fragmented frame, use `newframe = frame.copy()`
  dataframe[f"dc_hi_{n}"] = dataframe["high"].rolling(n).max().shift(1)
/freqtrade/user_data/strategies/TrendVolTarget.py:50: PerformanceWarning: DataFrame is highly fragmented.  This is usually the result of calling `frame.insert` many times, which has poor performance.  Consider joining all columns at once using pd.concat(axis=1) instead. To get a de-fragmented frame, use `newframe = frame.copy()`
  dataframe[f"dc_hi_{n}"] = dataframe["high"].rolling(n).max().shift(1)
/freqtrade/user_data/strategies/TrendVolTarget.py:50: PerformanceWarning: DataFrame is highly fragmented.  This is usually the result of calling `frame.insert` many times, which has poor performance.  Consider joining all columns at once using pd.concat(axis=1) instead. To get a de-fragmented frame, use `newframe = frame.copy()`
  dataframe[f"dc_hi_{n}"] = dataframe["high"].rolling(n).max().shift(1)
/freqtrade/user_data/strategies/TrendVolTarget.py:50: PerformanceWarning: DataFrame is highly fragmented.  This is usually the result of calling `frame.insert` many times, which has poor performance.  Consider joining all columns at once using pd.concat(axis=1) instead. To get a de-fragmented frame, use `newframe = frame.copy()`
  dataframe[f"dc_hi_{n}"] = dataframe["high"].rolling(n).max().shift(1)
/freqtrade/user_data/strategies/TrendVolTarget.py:50: PerformanceWarning: DataFrame is highly fragmented.  This is usually the result of calling `frame.insert` many times, which has poor performance.  Consider joining all columns at once using pd.concat(axis=1) instead. To get a de-fragmented frame, use `newframe = frame.copy()`
  dataframe[f"dc_hi_{n}"] = dataframe["high"].rolling(n).max().shift(1)
/freqtrade/user_data/strategies/TrendVolTarget.py:50: PerformanceWarning: DataFrame is highly fragmented.  This is usually the result of calling `frame.insert` many times, which has poor performance.  Consider joining all columns at once using pd.concat(axis=1) instead. To get a de-fragmented frame, use `newframe = frame.copy()`
  dataframe[f"dc_hi_{n}"] = dataframe["high"].rolling(n).max().shift(1)
/freqtrade/user_data/strategies/TrendVolTarget.py:50: PerformanceWarning: DataFrame is highly fragmented.  This is usually the result of calling `frame.insert` many times, which has poor performance.  Consider joining all columns at once using pd.concat(axis=1) instead. To get a de-fragmented frame, use `newframe = frame.copy()`
  dataframe[f"dc_hi_{n}"] = dataframe["high"].rolling(n).max().shift(1)
/freqtrade/user_data/strategies/TrendVolTarget.py:50: PerformanceWarning: DataFrame is highly fragmented.  This is usually the result of calling `frame.insert` many times, which has poor performance.  Consider joining all columns at once using pd.concat(axis=1) instead. To get a de-fragmented frame, use `newframe = frame.copy()`
  dataframe[f"dc_hi_{n}"] = dataframe["high"].rolling(n).max().shift(1)
/freqtrade/user_data/strategies/TrendVolTarget.py:50: PerformanceWarning: DataFrame is highly fragmented.  This is usually the result of calling `frame.insert` many times, which has poor performance.  Consider joining all columns at once using pd.concat(axis=1) instead. To get a de-fragmented frame, use `newframe = frame.copy()`
  dataframe[f"dc_hi_{n}"] = dataframe["high"].rolling(n).max().shift(1)
/freqtrade/user_data/strategies/TrendVolTarget.py:50: PerformanceWarning: DataFrame is highly fragmented.  This is usually the result of calling `frame.insert` many times, which has poor performance.  Consider joining all columns at once using pd.concat(axis=1) instead. To get a de-fragmented frame, use `newframe = frame.copy()`
  dataframe[f"dc_hi_{n}"] = dataframe["high"].rolling(n).max().shift(1)
/freqtrade/user_data/strategies/TrendVolTarget.py:50: PerformanceWarning: DataFrame is highly fragmented.  This is usually the result of calling `frame.insert` many times, which has poor performance.  Consider joining all columns at once using pd.concat(axis=1) instead. To get a de-fragmented frame, use `newframe = frame.copy()`
  dataframe[f"dc_hi_{n}"] = dataframe["high"].rolling(n).max().shift(1)
/freqtrade/user_data/strategies/TrendVolTarget.py:50: PerformanceWarning: DataFrame is highly fragmented.  This is usually the result of calling `frame.insert` many times, which has poor performance.  Consider joining all columns at once using pd.concat(axis=1) instead. To get a de-fragmented frame, use `newframe = frame.copy()`
  dataframe[f"dc_hi_{n}"] = dataframe["high"].rolling(n).max().shift(1)
/freqtrade/user_data/strategies/TrendVolTarget.py:50: PerformanceWarning: DataFrame is highly fragmented.  This is usually the result of calling `frame.insert` many times, which has poor performance.  Consider joining all columns at once using pd.concat(axis=1) instead. To get a de-fragmented frame, use `newframe = frame.copy()`
  dataframe[f"dc_hi_{n}"] = dataframe["high"].rolling(n).max().shift(1)
/freqtrade/user_data/strategies/TrendVolTarget.py:50: PerformanceWarning: DataFrame is highly fragmented.  This is usually the result of calling `frame.insert` many times, which has poor performance.  Consider joining all columns at once using pd.concat(axis=1) instead. To get a de-fragmented frame, use `newframe = frame.copy()`
  dataframe[f"dc_hi_{n}"] = dataframe["high"].rolling(n).max().shift(1)
/freqtrade/user_data/strategies/TrendVolTarget.py:50: PerformanceWarning: DataFrame is highly fragmented.  This is usually the result of calling `frame.insert` many times, which has poor performance.  Consider joining all columns at once using pd.concat(axis=1) instead. To get a de-fragmented frame, use `newframe = frame.copy()`
  dataframe[f"dc_hi_{n}"] = dataframe["high"].rolling(n).max().shift(1)
/freqtrade/user_data/strategies/TrendVolTarget.py:50: PerformanceWarning: DataFrame is highly fragmented.  This is usually the result of calling `frame.insert` many times, which has poor performance.  Consider joining all columns at once using pd.concat(axis=1) instead. To get a de-fragmented frame, use `newframe = frame.copy()`
  dataframe[f"dc_hi_{n}"] = dataframe["high"].rolling(n).max().shift(1)
/freqtrade/user_data/strategies/TrendVolTarget.py:50: PerformanceWarning: DataFrame is highly fragmented.  This is usually the result of calling `frame.insert` many times, which has poor performance.  Consider joining all columns at once using pd.concat(axis=1) instead. To get a de-fragmented frame, use `newframe = frame.copy()`
  dataframe[f"dc_hi_{n}"] = dataframe["high"].rolling(n).max().shift(1)
/freqtrade/user_data/strategies/TrendVolTarget.py:50: PerformanceWarning: DataFrame is highly fragmented.  This is usually the result of calling `frame.insert` many times, which has poor performance.  Consider joining all columns at once using pd.concat(axis=1) instead. To get a de-fragmented frame, use `newframe = frame.copy()`
  dataframe[f"dc_hi_{n}"] = dataframe["high"].rolling(n).max().shift(1)
/freqtrade/user_data/strategies/TrendVolTarget.py:50: PerformanceWarning: DataFrame is highly fragmented.  This is usually the result of calling `frame.insert` many times, which has poor performance.  Consider joining all columns at once using pd.concat(axis=1) instead. To get a de-fragmented frame, use `newframe = frame.copy()`
  dataframe[f"dc_hi_{n}"] = dataframe["high"].rolling(n).max().shift(1)
/freqtrade/user_data/strategies/TrendVolTarget.py:50: PerformanceWarning: DataFrame is highly fragmented.  This is usually the result of calling `frame.insert` many times, which has poor performance.  Consider joining all columns at once using pd.concat(axis=1) instead. To get a de-fragmented frame, use `newframe = frame.copy()`
  dataframe[f"dc_hi_{n}"] = dataframe["high"].rolling(n).max().shift(1)
/freqtrade/user_data/strategies/TrendVolTarget.py:50: PerformanceWarning: DataFrame is highly fragmented.  This is usually the result of calling `frame.insert` many times, which has poor performance.  Consider joining all columns at once using pd.concat(axis=1) instead. To get a de-fragmented frame, use `newframe = frame.copy()`
  dataframe[f"dc_hi_{n}"] = dataframe["high"].rolling(n).max().shift(1)
/freqtrade/user_data/strategies/TrendVolTarget.py:50: PerformanceWarning: DataFrame is highly fragmented.  This is usually the result of calling `frame.insert` many times, which has poor performance.  Consider joining all columns at once using pd.concat(axis=1) instead. To get a de-fragmented frame, use `newframe = frame.copy()`
  dataframe[f"dc_hi_{n}"] = dataframe["high"].rolling(n).max().shift(1)
/freqtrade/user_data/strategies/TrendVolTarget.py:50: PerformanceWarning: DataFrame is highly fragmented.  This is usually the result of calling `frame.insert` many times, which has poor performance.  Consider joining all columns at once using pd.concat(axis=1) instead. To get a de-fragmented frame, use `newframe = frame.copy()`
  dataframe[f"dc_hi_{n}"] = dataframe["high"].rolling(n).max().shift(1)
/freqtrade/user_data/strategies/TrendVolTarget.py:50: PerformanceWarning: DataFrame is highly fragmented.  This is usually the result of calling `frame.insert` many times, which has poor performance.  Consider joining all columns at once using pd.concat(axis=1) instead. To get a de-fragmented frame, use `newframe = frame.copy()`
  dataframe[f"dc_hi_{n}"] = dataframe["high"].rolling(n).max().shift(1)
/freqtrade/user_data/strategies/TrendVolTarget.py:50: PerformanceWarning: DataFrame is highly fragmented.  This is usually the result of calling `frame.insert` many times, which has poor performance.  Consider joining all columns at once using pd.concat(axis=1) instead. To get a de-fragmented frame, use `newframe = frame.copy()`
  dataframe[f"dc_hi_{n}"] = dataframe["high"].rolling(n).max().shift(1)
/freqtrade/user_data/strategies/TrendVolTarget.py:50: PerformanceWarning: DataFrame is highly fragmented.  This is usually the result of calling `frame.insert` many times, which has poor performance.  Consider joining all columns at once using pd.concat(axis=1) instead. To get a de-fragmented frame, use `newframe = frame.copy()`
  dataframe[f"dc_hi_{n}"] = dataframe["high"].rolling(n).max().shift(1)
/freqtrade/user_data/strategies/TrendVolTarget.py:50: PerformanceWarning: DataFrame is highly fragmented.  This is usually the result of calling `frame.insert` many times, which has poor performance.  Consider joining all columns at once using pd.concat(axis=1) instead. To get a de-fragmented frame, use `newframe = frame.copy()`
  dataframe[f"dc_hi_{n}"] = dataframe["high"].rolling(n).max().shift(1)
/freqtrade/user_data/strategies/TrendVolTarget.py:50: PerformanceWarning: DataFrame is highly fragmented.  This is usually the result of calling `frame.insert` many times, which has poor performance.  Consider joining all columns at once using pd.concat(axis=1) instead. To get a de-fragmented frame, use `newframe = frame.copy()`
  dataframe[f"dc_hi_{n}"] = dataframe["high"].rolling(n).max().shift(1)
/freqtrade/user_data/strategies/TrendVolTarget.py:50: PerformanceWarning: DataFrame is highly fragmented.  This is usually the result of calling `frame.insert` many times, which has poor performance.  Consider joining all columns at once using pd.concat(axis=1) instead. To get a de-fragmented frame, use `newframe = frame.copy()`
  dataframe[f"dc_hi_{n}"] = dataframe["high"].rolling(n).max().shift(1)
/freqtrade/user_data/strategies/TrendVolTarget.py:50: PerformanceWarning: DataFrame is highly fragmented.  This is usually the result of calling `frame.insert` many times, which has poor performance.  Consider joining all columns at once using pd.concat(axis=1) instead. To get a de-fragmented frame, use `newframe = frame.copy()`
  dataframe[f"dc_hi_{n}"] = dataframe["high"].rolling(n).max().shift(1)
/freqtrade/user_data/strategies/TrendVolTarget.py:50: PerformanceWarning: DataFrame is highly fragmented.  This is usually the result of calling `frame.insert` many times, which has poor performance.  Consider joining all columns at once using pd.concat(axis=1) instead. To get a de-fragmented frame, use `newframe = frame.copy()`
  dataframe[f"dc_hi_{n}"] = dataframe["high"].rolling(n).max().shift(1)
/freqtrade/user_data/strategies/TrendVolTarget.py:50: PerformanceWarning: DataFrame is highly fragmented.  This is usually the result of calling `frame.insert` many times, which has poor performance.  Consider joining all columns at once using pd.concat(axis=1) instead. To get a de-fragmented frame, use `newframe = frame.copy()`
  dataframe[f"dc_hi_{n}"] = dataframe["high"].rolling(n).max().shift(1)
/freqtrade/user_data/strategies/TrendVolTarget.py:50: PerformanceWarning: DataFrame is highly fragmented.  This is usually the result of calling `frame.insert` many times, which has poor performance.  Consider joining all columns at once using pd.concat(axis=1) instead. To get a de-fragmented frame, use `newframe = frame.copy()`
  dataframe[f"dc_hi_{n}"] = dataframe["high"].rolling(n).max().shift(1)
/freqtrade/user_data/strategies/TrendVolTarget.py:50: PerformanceWarning: DataFrame is highly fragmented.  This is usually the result of calling `frame.insert` many times, which has poor performance.  Consider joining all columns at once using pd.concat(axis=1) instead. To get a de-fragmented frame, use `newframe = frame.copy()`
  dataframe[f"dc_hi_{n}"] = dataframe["high"].rolling(n).max().shift(1)
/freqtrade/user_data/strategies/TrendVolTarget.py:50: PerformanceWarning: DataFrame is highly fragmented.  This is usually the result of calling `frame.insert` many times, which has poor performance.  Consider joining all columns at once using pd.concat(axis=1) instead. To get a de-fragmented frame, use `newframe = frame.copy()`
  dataframe[f"dc_hi_{n}"] = dataframe["high"].rolling(n).max().shift(1)
/freqtrade/user_data/strategies/TrendVolTarget.py:50: PerformanceWarning: DataFrame is highly fragmented.  This is usually the result of calling `frame.insert` many times, which has poor performance.  Consider joining all columns at once using pd.concat(axis=1) instead. To get a de-fragmented frame, use `newframe = frame.copy()`
  dataframe[f"dc_hi_{n}"] = dataframe["high"].rolling(n).max().shift(1)
/freqtrade/user_data/strategies/TrendVolTarget.py:50: PerformanceWarning: DataFrame is highly fragmented.  This is usually the result of calling `frame.insert` many times, which has poor performance.  Consider joining all columns at once using pd.concat(axis=1) instead. To get a de-fragmented frame, use `newframe = frame.copy()`
  dataframe[f"dc_hi_{n}"] = dataframe["high"].rolling(n).max().shift(1)
/freqtrade/user_data/strategies/TrendVolTarget.py:50: PerformanceWarning: DataFrame is highly fragmented.  This is usually the result of calling `frame.insert` many times, which has poor performance.  Consider joining all columns at once using pd.concat(axis=1) instead. To get a de-fragmented frame, use `newframe = frame.copy()`
  dataframe[f"dc_hi_{n}"] = dataframe["high"].rolling(n).max().shift(1)
/freqtrade/user_data/strategies/TrendVolTarget.py:50: PerformanceWarning: DataFrame is highly fragmented.  This is usually the result of calling `frame.insert` many times, which has poor performance.  Consider joining all columns at once using pd.concat(axis=1) instead. To get a de-fragmented frame, use `newframe = frame.copy()`
  dataframe[f"dc_hi_{n}"] = dataframe["high"].rolling(n).max().shift(1)
/freqtrade/user_data/strategies/TrendVolTarget.py:50: PerformanceWarning: DataFrame is highly fragmented.  This is usually the result of calling `frame.insert` many times, which has poor performance.  Consider joining all columns at once using pd.concat(axis=1) instead. To get a de-fragmented frame, use `newframe = frame.copy()`
  dataframe[f"dc_hi_{n}"] = dataframe["high"].rolling(n).max().shift(1)
/freqtrade/user_data/strategies/TrendVolTarget.py:50: PerformanceWarning: DataFrame is highly fragmented.  This is usually the result of calling `frame.insert` many times, which has poor performance.  Consider joining all columns at once using pd.concat(axis=1) instead. To get a de-fragmented frame, use `newframe = frame.copy()`
  dataframe[f"dc_hi_{n}"] = dataframe["high"].rolling(n).max().shift(1)
/freqtrade/user_data/strategies/TrendVolTarget.py:50: PerformanceWarning: DataFrame is highly fragmented.  This is usually the result of calling `frame.insert` many times, which has poor performance.  Consider joining all columns at once using pd.concat(axis=1) instead. To get a de-fragmented frame, use `newframe = frame.copy()`
  dataframe[f"dc_hi_{n}"] = dataframe["high"].rolling(n).max().shift(1)
/freqtrade/user_data/strategies/TrendVolTarget.py:50: PerformanceWarning: DataFrame is highly fragmented.  This is usually the result of calling `frame.insert` many times, which has poor performance.  Consider joining all columns at once using pd.concat(axis=1) instead. To get a de-fragmented frame, use `newframe = frame.copy()`
  dataframe[f"dc_hi_{n}"] = dataframe["high"].rolling(n).max().shift(1)
/freqtrade/user_data/strategies/TrendVolTarget.py:50: PerformanceWarning: DataFrame is highly fragmented.  This is usually the result of calling `frame.insert` many times, which has poor performance.  Consider joining all columns at once using pd.concat(axis=1) instead. To get a de-fragmented frame, use `newframe = frame.copy()`
  dataframe[f"dc_hi_{n}"] = dataframe["high"].rolling(n).max().shift(1)
/freqtrade/user_data/strategies/TrendVolTarget.py:50: PerformanceWarning: DataFrame is highly fragmented.  This is usually the result of calling `frame.insert` many times, which has poor performance.  Consider joining all columns at once using pd.concat(axis=1) instead. To get a de-fragmented frame, use `newframe = frame.copy()`
  dataframe[f"dc_hi_{n}"] = dataframe["high"].rolling(n).max().shift(1)
/freqtrade/user_data/strategies/TrendVolTarget.py:50: PerformanceWarning: DataFrame is highly fragmented.  This is usually the result of calling `frame.insert` many times, which has poor performance.  Consider joining all columns at once using pd.concat(axis=1) instead. To get a de-fragmented frame, use `newframe = frame.copy()`
  dataframe[f"dc_hi_{n}"] = dataframe["high"].rolling(n).max().shift(1)
/freqtrade/user_data/strategies/TrendVolTarget.py:50: PerformanceWarning: DataFrame is highly fragmented.  This is usually the result of calling `frame.insert` many times, which has poor performance.  Consider joining all columns at once using pd.concat(axis=1) instead. To get a de-fragmented frame, use `newframe = frame.copy()`
  dataframe[f"dc_hi_{n}"] = dataframe["high"].rolling(n).max().shift(1)
/freqtrade/user_data/strategies/TrendVolTarget.py:50: PerformanceWarning: DataFrame is highly fragmented.  This is usually the result of calling `frame.insert` many times, which has poor performance.  Consider joining all columns at once using pd.concat(axis=1) instead. To get a de-fragmented frame, use `newframe = frame.copy()`
  dataframe[f"dc_hi_{n}"] = dataframe["high"].rolling(n).max().shift(1)
/freqtrade/user_data/strategies/TrendVolTarget.py:50: PerformanceWarning: DataFrame is highly fragmented.  This is usually the result of calling `frame.insert` many times, which has poor performance.  Consider joining all columns at once using pd.concat(axis=1) instead. To get a de-fragmented frame, use `newframe = frame.copy()`
  dataframe[f"dc_hi_{n}"] = dataframe["high"].rolling(n).max().shift(1)
/freqtrade/user_data/strategies/TrendVolTarget.py:50: PerformanceWarning: DataFrame is highly fragmented.  This is usually the result of calling `frame.insert` many times, which has poor performance.  Consider joining all columns at once using pd.concat(axis=1) instead. To get a de-fragmented frame, use `newframe = frame.copy()`
  dataframe[f"dc_hi_{n}"] = dataframe["high"].rolling(n).max().shift(1)
/freqtrade/user_data/strategies/TrendVolTarget.py:50: PerformanceWarning: DataFrame is highly fragmented.  This is usually the result of calling `frame.insert` many times, which has poor performance.  Consider joining all columns at once using pd.concat(axis=1) instead. To get a de-fragmented frame, use `newframe = frame.copy()`
  dataframe[f"dc_hi_{n}"] = dataframe["high"].rolling(n).max().shift(1)
/freqtrade/user_data/strategies/TrendVolTarget.py:50: PerformanceWarning: DataFrame is highly fragmented.  This is usually the result of calling `frame.insert` many times, which has poor performance.  Consider joining all columns at once using pd.concat(axis=1) instead. To get a de-fragmented frame, use `newframe = frame.copy()`
  dataframe[f"dc_hi_{n}"] = dataframe["high"].rolling(n).max().shift(1)
/freqtrade/user_data/strategies/TrendVolTarget.py:50: PerformanceWarning: DataFrame is highly fragmented.  This is usually the result of calling `frame.insert` many times, which has poor performance.  Consider joining all columns at once using pd.concat(axis=1) instead. To get a de-fragmented frame, use `newframe = frame.copy()`
  dataframe[f"dc_hi_{n}"] = dataframe["high"].rolling(n).max().shift(1)
/freqtrade/user_data/strategies/TrendVolTarget.py:50: PerformanceWarning: DataFrame is highly fragmented.  This is usually the result of calling `frame.insert` many times, which has poor performance.  Consider joining all columns at once using pd.concat(axis=1) instead. To get a de-fragmented frame, use `newframe = frame.copy()`
  dataframe[f"dc_hi_{n}"] = dataframe["high"].rolling(n).max().shift(1)
/freqtrade/user_data/strategies/TrendVolTarget.py:50: PerformanceWarning: DataFrame is highly fragmented.  This is usually the result of calling `frame.insert` many times, which has poor performance.  Consider joining all columns at once using pd.concat(axis=1) instead. To get a de-fragmented frame, use `newframe = frame.copy()`
  dataframe[f"dc_hi_{n}"] = dataframe["high"].rolling(n).max().shift(1)
/freqtrade/user_data/strategies/TrendVolTarget.py:50: PerformanceWarning: DataFrame is highly fragmented.  This is usually the result of calling `frame.insert` many times, which has poor performance.  Consider joining all columns at once using pd.concat(axis=1) instead. To get a de-fragmented frame, use `newframe = frame.copy()`
  dataframe[f"dc_hi_{n}"] = dataframe["high"].rolling(n).max().shift(1)
/freqtrade/user_data/strategies/TrendVolTarget.py:50: PerformanceWarning: DataFrame is highly fragmented.  This is usually the result of calling `frame.insert` many times, which has poor performance.  Consider joining all columns at once using pd.concat(axis=1) instead. To get a de-fragmented frame, use `newframe = frame.copy()`
  dataframe[f"dc_hi_{n}"] = dataframe["high"].rolling(n).max().shift(1)
/freqtrade/user_data/strategies/TrendVolTarget.py:50: PerformanceWarning: DataFrame is highly fragmented.  This is usually the result of calling `frame.insert` many times, which has poor performance.  Consider joining all columns at once using pd.concat(axis=1) instead. To get a de-fragmented frame, use `newframe = frame.copy()`
  dataframe[f"dc_hi_{n}"] = dataframe["high"].rolling(n).max().shift(1)
/freqtrade/user_data/strategies/TrendVolTarget.py:50: PerformanceWarning: DataFrame is highly fragmented.  This is usually the result of calling `frame.insert` many times, which has poor performance.  Consider joining all columns at once using pd.concat(axis=1) instead. To get a de-fragmented frame, use `newframe = frame.copy()`
  dataframe[f"dc_hi_{n}"] = dataframe["high"].rolling(n).max().shift(1)
/freqtrade/user_data/strategies/TrendVolTarget.py:50: PerformanceWarning: DataFrame is highly fragmented.  This is usually the result of calling `frame.insert` many times, which has poor performance.  Consider joining all columns at once using pd.concat(axis=1) instead. To get a de-fragmented frame, use `newframe = frame.copy()`
  dataframe[f"dc_hi_{n}"] = dataframe["high"].rolling(n).max().shift(1)
/freqtrade/user_data/strategies/TrendVolTarget.py:50: PerformanceWarning: DataFrame is highly fragmented.  This is usually the result of calling `frame.insert` many times, which has poor performance.  Consider joining all columns at once using pd.concat(axis=1) instead. To get a de-fragmented frame, use `newframe = frame.copy()`
  dataframe[f"dc_hi_{n}"] = dataframe["high"].rolling(n).max().shift(1)
/freqtrade/user_data/strategies/TrendVolTarget.py:50: PerformanceWarning: DataFrame is highly fragmented.  This is usually the result of calling `frame.insert` many times, which has poor performance.  Consider joining all columns at once using pd.concat(axis=1) instead. To get a de-fragmented frame, use `newframe = frame.copy()`
  dataframe[f"dc_hi_{n}"] = dataframe["high"].rolling(n).max().shift(1)
/freqtrade/user_data/strategies/TrendVolTarget.py:50: PerformanceWarning: DataFrame is highly fragmented.  This is usually the result of calling `frame.insert` many times, which has poor performance.  Consider joining all columns at once using pd.concat(axis=1) instead. To get a de-fragmented frame, use `newframe = frame.copy()`
  dataframe[f"dc_hi_{n}"] = dataframe["high"].rolling(n).max().shift(1)
/freqtrade/user_data/strategies/TrendVolTarget.py:53: PerformanceWarning: DataFrame is highly fragmented.  This is usually the result of calling `frame.insert` many times, which has poor performance.  Consider joining all columns at once using pd.concat(axis=1) instead. To get a de-fragmented frame, use `newframe = frame.copy()`
  dataframe["sma_f"] = ta.SMA(dataframe, timeperiod=60)
/freqtrade/user_data/strategies/TrendVolTarget.py:54: PerformanceWarning: DataFrame is highly fragmented.  This is usually the result of calling `frame.insert` many times, which has poor performance.  Consider joining all columns at once using pd.concat(axis=1) instead. To get a de-fragmented frame, use `newframe = frame.copy()`
  dataframe["sma_s"] = ta.SMA(dataframe, timeperiod=240)
/freqtrade/user_data/strategies/TrendVolTarget.py:56: PerformanceWarning: DataFrame is highly fragmented.  This is usually the result of calling `frame.insert` many times, which has poor performance.  Consider joining all columns at once using pd.concat(axis=1) instead. To get a de-fragmented frame, use `newframe = frame.copy()`
  dataframe["rvol"] = dataframe["close"].pct_change().rolling(90).std() * np.sqrt(6 * 365)
/freqtrade/user_data/strategies/TrendVolTarget.py:50: PerformanceWarning: DataFrame is highly fragmented.  This is usually the result of calling `frame.insert` many times, which has poor performance.  Consider joining all columns at once using pd.concat(axis=1) instead. To get a de-fragmented frame, use `newframe = frame.copy()`
  dataframe[f"dc_hi_{n}"] = dataframe["high"].rolling(n).max().shift(1)
/freqtrade/user_data/strategies/TrendVolTarget.py:50: PerformanceWarning: DataFrame is highly fragmented.  This is usually the result of calling `frame.insert` many times, which has poor performance.  Consider joining all columns at once using pd.concat(axis=1) instead. To get a de-fragmented frame, use `newframe = frame.copy()`
  dataframe[f"dc_hi_{n}"] = dataframe["high"].rolling(n).max().shift(1)
/freqtrade/user_data/strategies/TrendVolTarget.py:50: PerformanceWarning: DataFrame is highly fragmented.  This is usually the result of calling `frame.insert` many times, which has poor performance.  Consider joining all columns at once using pd.concat(axis=1) instead. To get a de-fragmented frame, use `newframe = frame.copy()`
  dataframe[f"dc_hi_{n}"] = dataframe["high"].rolling(n).max().shift(1)
/freqtrade/user_data/strategies/TrendVolTarget.py:50: PerformanceWarning: DataFrame is highly fragmented.  This is usually the result of calling `frame.insert` many times, which has poor performance.  Consider joining all columns at once using pd.concat(axis=1) instead. To get a de-fragmented frame, use `newframe = frame.copy()`
  dataframe[f"dc_hi_{n}"] = dataframe["high"].rolling(n).max().shift(1)
/freqtrade/user_data/strategies/TrendVolTarget.py:50: PerformanceWarning: DataFrame is highly fragmented.  This is usually the result of calling `frame.insert` many times, which has poor performance.  Consider joining all columns at once using pd.concat(axis=1) instead. To get a de-fragmented frame, use `newframe = frame.copy()`
  dataframe[f"dc_hi_{n}"] = dataframe["high"].rolling(n).max().shift(1)
/freqtrade/user_data/strategies/TrendVolTarget.py:50: PerformanceWarning: DataFrame is highly fragmented.  This is usually the result of calling `frame.insert` many times, which has poor performance.  Consider joining all columns at once using pd.concat(axis=1) instead. To get a de-fragmented frame, use `newframe = frame.copy()`
  dataframe[f"dc_hi_{n}"] = dataframe["high"].rolling(n).max().shift(1)
/freqtrade/user_data/strategies/TrendVolTarget.py:50: PerformanceWarning: DataFrame is highly fragmented.  This is usually the result of calling `frame.insert` many times, which has poor performance.  Consider joining all columns at once using pd.concat(axis=1) instead. To get a de-fragmented frame, use `newframe = frame.copy()`
  dataframe[f"dc_hi_{n}"] = dataframe["high"].rolling(n).max().shift(1)
/freqtrade/user_data/strategies/TrendVolTarget.py:50: PerformanceWarning: DataFrame is highly fragmented.  This is usually the result of calling `frame.insert` many times, which has poor performance.  Consider joining all columns at once using pd.concat(axis=1) instead. To get a de-fragmented frame, use `newframe = frame.copy()`
  dataframe[f"dc_hi_{n}"] = dataframe["high"].rolling(n).max().shift(1)
/freqtrade/user_data/strategies/TrendVolTarget.py:50: PerformanceWarning: DataFrame is highly fragmented.  This is usually the result of calling `frame.insert` many times, which has poor performance.  Consider joining all columns at once using pd.concat(axis=1) instead. To get a de-fragmented frame, use `newframe = frame.copy()`
  dataframe[f"dc_hi_{n}"] = dataframe["high"].rolling(n).max().shift(1)
/freqtrade/user_data/strategies/TrendVolTarget.py:50: PerformanceWarning: DataFrame is highly fragmented.  This is usually the result of calling `frame.insert` many times, which has poor performance.  Consider joining all columns at once using pd.concat(axis=1) instead. To get a de-fragmented frame, use `newframe = frame.copy()`
  dataframe[f"dc_hi_{n}"] = dataframe["high"].rolling(n).max().shift(1)
/freqtrade/user_data/strategies/TrendVolTarget.py:50: PerformanceWarning: DataFrame is highly fragmented.  This is usually the result of calling `frame.insert` many times, which has poor performance.  Consider joining all columns at once using pd.concat(axis=1) instead. To get a de-fragmented frame, use `newframe = frame.copy()`
  dataframe[f"dc_hi_{n}"] = dataframe["high"].rolling(n).max().shift(1)
/freqtrade/user_data/strategies/TrendVolTarget.py:50: PerformanceWarning: DataFrame is highly fragmented.  This is usually the result of calling `frame.insert` many times, which has poor performance.  Consider joining all columns at once using pd.concat(axis=1) instead. To get a de-fragmented frame, use `newframe = frame.copy()`
  dataframe[f"dc_hi_{n}"] = dataframe["high"].rolling(n).max().shift(1)
/freqtrade/user_data/strategies/TrendVolTarget.py:50: PerformanceWarning: DataFrame is highly fragmented.  This is usually the result of calling `frame.insert` many times, which has poor performance.  Consider joining all columns at once using pd.concat(axis=1) instead. To get a de-fragmented frame, use `newframe = frame.copy()`
  dataframe[f"dc_hi_{n}"] = dataframe["high"].rolling(n).max().shift(1)
/freqtrade/user_data/strategies/TrendVolTarget.py:50: PerformanceWarning: DataFrame is highly fragmented.  This is usually the result of calling `frame.insert` many times, which has poor performance.  Consider joining all columns at once using pd.concat(axis=1) instead. To get a de-fragmented frame, use `newframe = frame.copy()`
  dataframe[f"dc_hi_{n}"] = dataframe["high"].rolling(n).max().shift(1)
/freqtrade/user_data/strategies/TrendVolTarget.py:50: PerformanceWarning: DataFrame is highly fragmented.  This is usually the result of calling `frame.insert` many times, which has poor performance.  Consider joining all columns at once using pd.concat(axis=1) instead. To get a de-fragmented frame, use `newframe = frame.copy()`
  dataframe[f"dc_hi_{n}"] = dataframe["high"].rolling(n).max().shift(1)
/freqtrade/user_data/strategies/TrendVolTarget.py:50: PerformanceWarning: DataFrame is highly fragmented.  This is usually the result of calling `frame.insert` many times, which has poor performance.  Consider joining all columns at once using pd.concat(axis=1) instead. To get a de-fragmented frame, use `newframe = frame.copy()`
  dataframe[f"dc_hi_{n}"] = dataframe["high"].rolling(n).max().shift(1)
/freqtrade/user_data/strategies/TrendVolTarget.py:50: PerformanceWarning: DataFrame is highly fragmented.  This is usually the result of calling `frame.insert` many times, which has poor performance.  Consider joining all columns at once using pd.concat(axis=1) instead. To get a de-fragmented frame, use `newframe = frame.copy()`
  dataframe[f"dc_hi_{n}"] = dataframe["high"].rolling(n).max().shift(1)
/freqtrade/user_data/strategies/TrendVolTarget.py:50: PerformanceWarning: DataFrame is highly fragmented.  This is usually the result of calling `frame.insert` many times, which has poor performance.  Consider joining all columns at once using pd.concat(axis=1) instead. To get a de-fragmented frame, use `newframe = frame.copy()`
  dataframe[f"dc_hi_{n}"] = dataframe["high"].rolling(n).max().shift(1)
/freqtrade/user_data/strategies/TrendVolTarget.py:50: PerformanceWarning: DataFrame is highly fragmented.  This is usually the result of calling `frame.insert` many times, which has poor performance.  Consider joining all columns at once using pd.concat(axis=1) instead. To get a de-fragmented frame, use `newframe = frame.copy()`
  dataframe[f"dc_hi_{n}"] = dataframe["high"].rolling(n).max().shift(1)
/freqtrade/user_data/strategies/TrendVolTarget.py:50: PerformanceWarning: DataFrame is highly fragmented.  This is usually the result of calling `frame.insert` many times, which has poor performance.  Consider joining all columns at once using pd.concat(axis=1) instead. To get a de-fragmented frame, use `newframe = frame.copy()`
  dataframe[f"dc_hi_{n}"] = dataframe["high"].rolling(n).max().shift(1)
/freqtrade/user_data/strategies/TrendVolTarget.py:50: PerformanceWarning: DataFrame is highly fragmented.  This is usually the result of calling `frame.insert` many times, which has poor performance.  Consider joining all columns at once using pd.concat(axis=1) instead. To get a de-fragmented frame, use `newframe = frame.copy()`
  dataframe[f"dc_hi_{n}"] = dataframe["high"].rolling(n).max().shift(1)
/freqtrade/user_data/strategies/TrendVolTarget.py:50: PerformanceWarning: DataFrame is highly fragmented.  This is usually the result of calling `frame.insert` many times, which has poor performance.  Consider joining all columns at once using pd.concat(axis=1) instead. To get a de-fragmented frame, use `newframe = frame.copy()`
  dataframe[f"dc_hi_{n}"] = dataframe["high"].rolling(n).max().shift(1)
/freqtrade/user_data/strategies/TrendVolTarget.py:50: PerformanceWarning: DataFrame is highly fragmented.  This is usually the result of calling `frame.insert` many times, which has poor performance.  Consider joining all columns at once using pd.concat(axis=1) instead. To get a de-fragmented frame, use `newframe = frame.copy()`
  dataframe[f"dc_hi_{n}"] = dataframe["high"].rolling(n).max().shift(1)
/freqtrade/user_data/strategies/TrendVolTarget.py:50: PerformanceWarning: DataFrame is highly fragmented.  This is usually the result of calling `frame.insert` many times, which has poor performance.  Consider joining all columns at once using pd.concat(axis=1) instead. To get a de-fragmented frame, use `newframe = frame.copy()`
  dataframe[f"dc_hi_{n}"] = dataframe["high"].rolling(n).max().shift(1)
/freqtrade/user_data/strategies/TrendVolTarget.py:50: PerformanceWarning: DataFrame is highly fragmented.  This is usually the result of calling `frame.insert` many times, which has poor performance.  Consider joining all columns at once using pd.concat(axis=1) instead. To get a de-fragmented frame, use `newframe = frame.copy()`
  dataframe[f"dc_hi_{n}"] = dataframe["high"].rolling(n).max().shift(1)
/freqtrade/user_data/strategies/TrendVolTarget.py:50: PerformanceWarning: DataFrame is highly fragmented.  This is usually the result of calling `frame.insert` many times, which has poor performance.  Consider joining all columns at once using pd.concat(axis=1) instead. To get a de-fragmented frame, use `newframe = frame.copy()`
  dataframe[f"dc_hi_{n}"] = dataframe["high"].rolling(n).max().shift(1)
/freqtrade/user_data/strategies/TrendVolTarget.py:50: PerformanceWarning: DataFrame is highly fragmented.  This is usually the result of calling `frame.insert` many times, which has poor performance.  Consider joining all columns at once using pd.concat(axis=1) instead. To get a de-fragmented frame, use `newframe = frame.copy()`
  dataframe[f"dc_hi_{n}"] = dataframe["high"].rolling(n).max().shift(1)
/freqtrade/user_data/strategies/TrendVolTarget.py:50: PerformanceWarning: DataFrame is highly fragmented.  This is usually the result of calling `frame.insert` many times, which has poor performance.  Consider joining all columns at once using pd.concat(axis=1) instead. To get a de-fragmented frame, use `newframe = frame.copy()`
  dataframe[f"dc_hi_{n}"] = dataframe["high"].rolling(n).max().shift(1)
/freqtrade/user_data/strategies/TrendVolTarget.py:50: PerformanceWarning: DataFrame is highly fragmented.  This is usually the result of calling `frame.insert` many times, which has poor performance.  Consider joining all columns at once using pd.concat(axis=1) instead. To get a de-fragmented frame, use `newframe = frame.copy()`
  dataframe[f"dc_hi_{n}"] = dataframe["high"].rolling(n).max().shift(1)
/freqtrade/user_data/strategies/TrendVolTarget.py:50: PerformanceWarning: DataFrame is highly fragmented.  This is usually the result of calling `frame.insert` many times, which has poor performance.  Consider joining all columns at once using pd.concat(axis=1) instead. To get a de-fragmented frame, use `newframe = frame.copy()`
  dataframe[f"dc_hi_{n}"] = dataframe["high"].rolling(n).max().shift(1)
/freqtrade/user_data/strategies/TrendVolTarget.py:50: PerformanceWarning: DataFrame is highly fragmented.  This is usually the result of calling `frame.insert` many times, which has poor performance.  Consider joining all columns at once using pd.concat(axis=1) instead. To get a de-fragmented frame, use `newframe = frame.copy()`
  dataframe[f"dc_hi_{n}"] = dataframe["high"].rolling(n).max().shift(1)
/freqtrade/user_data/strategies/TrendVolTarget.py:50: PerformanceWarning: DataFrame is highly fragmented.  This is usually the result of calling `frame.insert` many times, which has poor performance.  Consider joining all columns at once using pd.concat(axis=1) instead. To get a de-fragmented frame, use `newframe = frame.copy()`
  dataframe[f"dc_hi_{n}"] = dataframe["high"].rolling(n).max().shift(1)
/freqtrade/user_data/strategies/TrendVolTarget.py:50: PerformanceWarning: DataFrame is highly fragmented.  This is usually the result of calling `frame.insert` many times, which has poor performance.  Consider joining all columns at once using pd.concat(axis=1) instead. To get a de-fragmented frame, use `newframe = frame.copy()`
  dataframe[f"dc_hi_{n}"] = dataframe["high"].rolling(n).max().shift(1)
/freqtrade/user_data/strategies/TrendVolTarget.py:50: PerformanceWarning: DataFrame is highly fragmented.  This is usually the result of calling `frame.insert` many times, which has poor performance.  Consider joining all columns at once using pd.concat(axis=1) instead. To get a de-fragmented frame, use `newframe = frame.copy()`
  dataframe[f"dc_hi_{n}"] = dataframe["high"].rolling(n).max().shift(1)
/freqtrade/user_data/strategies/TrendVolTarget.py:50: PerformanceWarning: DataFrame is highly fragmented.  This is usually the result of calling `frame.insert` many times, which has poor performance.  Consider joining all columns at once using pd.concat(axis=1) instead. To get a de-fragmented frame, use `newframe = frame.copy()`
  dataframe[f"dc_hi_{n}"] = dataframe["high"].rolling(n).max().shift(1)
/freqtrade/user_data/strategies/TrendVolTarget.py:50: PerformanceWarning: DataFrame is highly fragmented.  This is usually the result of calling `frame.insert` many times, which has poor performance.  Consider joining all columns at once using pd.concat(axis=1) instead. To get a de-fragmented frame, use `newframe = frame.copy()`
  dataframe[f"dc_hi_{n}"] = dataframe["high"].rolling(n).max().shift(1)
/freqtrade/user_data/strategies/TrendVolTarget.py:50: PerformanceWarning: DataFrame is highly fragmented.  This is usually the result of calling `frame.insert` many times, which has poor performance.  Consider joining all columns at once using pd.concat(axis=1) instead. To get a de-fragmented frame, use `newframe = frame.copy()`
  dataframe[f"dc_hi_{n}"] = dataframe["high"].rolling(n).max().shift(1)
/freqtrade/user_data/strategies/TrendVolTarget.py:50: PerformanceWarning: DataFrame is highly fragmented.  This is usually the result of calling `frame.insert` many times, which has poor performance.  Consider joining all columns at once using pd.concat(axis=1) instead. To get a de-fragmented frame, use `newframe = frame.copy()`
  dataframe[f"dc_hi_{n}"] = dataframe["high"].rolling(n).max().shift(1)
/freqtrade/user_data/strategies/TrendVolTarget.py:50: PerformanceWarning: DataFrame is highly fragmented.  This is usually the result of calling `frame.insert` many times, which has poor performance.  Consider joining all columns at once using pd.concat(axis=1) instead. To get a de-fragmented frame, use `newframe = frame.copy()`
  dataframe[f"dc_hi_{n}"] = dataframe["high"].rolling(n).max().shift(1)
/freqtrade/user_data/strategies/TrendVolTarget.py:50: PerformanceWarning: DataFrame is highly fragmented.  This is usually the result of calling `frame.insert` many times, which has poor performance.  Consider joining all columns at once using pd.concat(axis=1) instead. To get a de-fragmented frame, use `newframe = frame.copy()`
  dataframe[f"dc_hi_{n}"] = dataframe["high"].rolling(n).max().shift(1)
/freqtrade/user_data/strategies/TrendVolTarget.py:50: PerformanceWarning: DataFrame is highly fragmented.  This is usually the result of calling `frame.insert` many times, which has poor performance.  Consider joining all columns at once using pd.concat(axis=1) instead. To get a de-fragmented frame, use `newframe = frame.copy()`
  dataframe[f"dc_hi_{n}"] = dataframe["high"].rolling(n).max().shift(1)
/freqtrade/user_data/strategies/TrendVolTarget.py:50: PerformanceWarning: DataFrame is highly fragmented.  This is usually the result of calling `frame.insert` many times, which has poor performance.  Consider joining all columns at once using pd.concat(axis=1) instead. To get a de-fragmented frame, use `newframe = frame.copy()`
  dataframe[f"dc_hi_{n}"] = dataframe["high"].rolling(n).max().shift(1)
/freqtrade/user_data/strategies/TrendVolTarget.py:50: PerformanceWarning: DataFrame is highly fragmented.  This is usually the result of calling `frame.insert` many times, which has poor performance.  Consider joining all columns at once using pd.concat(axis=1) instead. To get a de-fragmented frame, use `newframe = frame.copy()`
  dataframe[f"dc_hi_{n}"] = dataframe["high"].rolling(n).max().shift(1)
/freqtrade/user_data/strategies/TrendVolTarget.py:50: PerformanceWarning: DataFrame is highly fragmented.  This is usually the result of calling `frame.insert` many times, which has poor performance.  Consider joining all columns at once using pd.concat(axis=1) instead. To get a de-fragmented frame, use `newframe = frame.copy()`
  dataframe[f"dc_hi_{n}"] = dataframe["high"].rolling(n).max().shift(1)
/freqtrade/user_data/strategies/TrendVolTarget.py:50: PerformanceWarning: DataFrame is highly fragmented.  This is usually the result of calling `frame.insert` many times, which has poor performance.  Consider joining all columns at once using pd.concat(axis=1) instead. To get a de-fragmented frame, use `newframe = frame.copy()`
  dataframe[f"dc_hi_{n}"] = dataframe["high"].rolling(n).max().shift(1)
/freqtrade/user_data/strategies/TrendVolTarget.py:50: PerformanceWarning: DataFrame is highly fragmented.  This is usually the result of calling `frame.insert` many times, which has poor performance.  Consider joining all columns at once using pd.concat(axis=1) instead. To get a de-fragmented frame, use `newframe = frame.copy()`
  dataframe[f"dc_hi_{n}"] = dataframe["high"].rolling(n).max().shift(1)
/freqtrade/user_data/strategies/TrendVolTarget.py:50: PerformanceWarning: DataFrame is highly fragmented.  This is usually the result of calling `frame.insert` many times, which has poor performance.  Consider joining all columns at once using pd.concat(axis=1) instead. To get a de-fragmented frame, use `newframe = frame.copy()`
  dataframe[f"dc_hi_{n}"] = dataframe["high"].rolling(n).max().shift(1)
/freqtrade/user_data/strategies/TrendVolTarget.py:50: PerformanceWarning: DataFrame is highly fragmented.  This is usually the result of calling `frame.insert` many times, which has poor performance.  Consider joining all columns at once using pd.concat(axis=1) instead. To get a de-fragmented frame, use `newframe = frame.copy()`
  dataframe[f"dc_hi_{n}"] = dataframe["high"].rolling(n).max().shift(1)
/freqtrade/user_data/strategies/TrendVolTarget.py:50: PerformanceWarning: DataFrame is highly fragmented.  This is usually the result of calling `frame.insert` many times, which has poor performance.  Consider joining all columns at once using pd.concat(axis=1) instead. To get a de-fragmented frame, use `newframe = frame.copy()`
  dataframe[f"dc_hi_{n}"] = dataframe["high"].rolling(n).max().shift(1)
/freqtrade/user_data/strategies/TrendVolTarget.py:50: PerformanceWarning: DataFrame is highly fragmented.  This is usually the result of calling `frame.insert` many times, which has poor performance.  Consider joining all columns at once using pd.concat(axis=1) instead. To get a de-fragmented frame, use `newframe = frame.copy()`
  dataframe[f"dc_hi_{n}"] = dataframe["high"].rolling(n).max().shift(1)
/freqtrade/user_data/strategies/TrendVolTarget.py:50: PerformanceWarning: DataFrame is highly fragmented.  This is usually the result of calling `frame.insert` many times, which has poor performance.  Consider joining all columns at once using pd.concat(axis=1) instead. To get a de-fragmented frame, use `newframe = frame.copy()`
  dataframe[f"dc_hi_{n}"] = dataframe["high"].rolling(n).max().shift(1)
/freqtrade/user_data/strategies/TrendVolTarget.py:50: PerformanceWarning: DataFrame is highly fragmented.  This is usually the result of calling `frame.insert` many times, which has poor performance.  Consider joining all columns at once using pd.concat(axis=1) instead. To get a de-fragmented frame, use `newframe = frame.copy()`
  dataframe[f"dc_hi_{n}"] = dataframe["high"].rolling(n).max().shift(1)
/freqtrade/user_data/strategies/TrendVolTarget.py:50: PerformanceWarning: DataFrame is highly fragmented.  This is usually the result of calling `frame.insert` many times, which has poor performance.  Consider joining all columns at once using pd.concat(axis=1) instead. To get a de-fragmented frame, use `newframe = frame.copy()`
  dataframe[f"dc_hi_{n}"] = dataframe["high"].rolling(n).max().shift(1)
/freqtrade/user_data/strategies/TrendVolTarget.py:50: PerformanceWarning: DataFrame is highly fragmented.  This is usually the result of calling `frame.insert` many times, which has poor performance.  Consider joining all columns at once using pd.concat(axis=1) instead. To get a de-fragmented frame, use `newframe = frame.copy()`
  dataframe[f"dc_hi_{n}"] = dataframe["high"].rolling(n).max().shift(1)
/freqtrade/user_data/strategies/TrendVolTarget.py:50: PerformanceWarning: DataFrame is highly fragmented.  This is usually the result of calling `frame.insert` many times, which has poor performance.  Consider joining all columns at once using pd.concat(axis=1) instead. To get a de-fragmented frame, use `newframe = frame.copy()`
  dataframe[f"dc_hi_{n}"] = dataframe["high"].rolling(n).max().shift(1)
/freqtrade/user_data/strategies/TrendVolTarget.py:50: PerformanceWarning: DataFrame is highly fragmented.  This is usually the result of calling `frame.insert` many times, which has poor performance.  Consider joining all columns at once using pd.concat(axis=1) instead. To get a de-fragmented frame, use `newframe = frame.copy()`
  dataframe[f"dc_hi_{n}"] = dataframe["high"].rolling(n).max().shift(1)
/freqtrade/user_data/strategies/TrendVolTarget.py:50: PerformanceWarning: DataFrame is highly fragmented.  This is usually the result of calling `frame.insert` many times, which has poor performance.  Consider joining all columns at once using pd.concat(axis=1) instead. To get a de-fragmented frame, use `newframe = frame.copy()`
  dataframe[f"dc_hi_{n}"] = dataframe["high"].rolling(n).max().shift(1)
/freqtrade/user_data/strategies/TrendVolTarget.py:50: PerformanceWarning: DataFrame is highly fragmented.  This is usually the result of calling `frame.insert` many times, which has poor performance.  Consider joining all columns at once using pd.concat(axis=1) instead. To get a de-fragmented frame, use `newframe = frame.copy()`
  dataframe[f"dc_hi_{n}"] = dataframe["high"].rolling(n).max().shift(1)
/freqtrade/user_data/strategies/TrendVolTarget.py:50: PerformanceWarning: DataFrame is highly fragmented.  This is usually the result of calling `frame.insert` many times, which has poor performance.  Consider joining all columns at once using pd.concat(axis=1) instead. To get a de-fragmented frame, use `newframe = frame.copy()`
  dataframe[f"dc_hi_{n}"] = dataframe["high"].rolling(n).max().shift(1)
/freqtrade/user_data/strategies/TrendVolTarget.py:50: PerformanceWarning: DataFrame is highly fragmented.  This is usually the result of calling `frame.insert` many times, which has poor performance.  Consider joining all columns at once using pd.concat(axis=1) instead. To get a de-fragmented frame, use `newframe = frame.copy()`
  dataframe[f"dc_hi_{n}"] = dataframe["high"].rolling(n).max().shift(1)
/freqtrade/user_data/strategies/TrendVolTarget.py:50: PerformanceWarning: DataFrame is highly fragmented.  This is usually the result of calling `frame.insert` many times, which has poor performance.  Consider joining all columns at once using pd.concat(axis=1) instead. To get a de-fragmented frame, use `newframe = frame.copy()`
  dataframe[f"dc_hi_{n}"] = dataframe["high"].rolling(n).max().shift(1)
/freqtrade/user_data/strategies/TrendVolTarget.py:50: PerformanceWarning: DataFrame is highly fragmented.  This is usually the result of calling `frame.insert` many times, which has poor performance.  Consider joining all columns at once using pd.concat(axis=1) instead. To get a de-fragmented frame, use `newframe = frame.copy()`
  dataframe[f"dc_hi_{n}"] = dataframe["high"].rolling(n).max().shift(1)
/freqtrade/user_data/strategies/TrendVolTarget.py:50: PerformanceWarning: DataFrame is highly fragmented.  This is usually the result of calling `frame.insert` many times, which has poor performance.  Consider joining all columns at once using pd.concat(axis=1) instead. To get a de-fragmented frame, use `newframe = frame.copy()`
  dataframe[f"dc_hi_{n}"] = dataframe["high"].rolling(n).max().shift(1)
/freqtrade/user_data/strategies/TrendVolTarget.py:50: PerformanceWarning: DataFrame is highly fragmented.  This is usually the result of calling `frame.insert` many times, which has poor performance.  Consider joining all columns at once using pd.concat(axis=1) instead. To get a de-fragmented frame, use `newframe = frame.copy()`
  dataframe[f"dc_hi_{n}"] = dataframe["high"].rolling(n).max().shift(1)
/freqtrade/user_data/strategies/TrendVolTarget.py:50: PerformanceWarning: DataFrame is highly fragmented.  This is usually the result of calling `frame.insert` many times, which has poor performance.  Consider joining all columns at once using pd.concat(axis=1) instead. To get a de-fragmented frame, use `newframe = frame.copy()`
  dataframe[f"dc_hi_{n}"] = dataframe["high"].rolling(n).max().shift(1)
/freqtrade/user_data/strategies/TrendVolTarget.py:50: PerformanceWarning: DataFrame is highly fragmented.  This is usually the result of calling `frame.insert` many times, which has poor performance.  Consider joining all columns at once using pd.concat(axis=1) instead. To get a de-fragmented frame, use `newframe = frame.copy()`
  dataframe[f"dc_hi_{n}"] = dataframe["high"].rolling(n).max().shift(1)
/freqtrade/user_data/strategies/TrendVolTarget.py:50: PerformanceWarning: DataFrame is highly fragmented.  This is usually the result of calling `frame.insert` many times, which has poor performance.  Consider joining all columns at once using pd.concat(axis=1) instead. To get a de-fragmented frame, use `newframe = frame.copy()`
  dataframe[f"dc_hi_{n}"] = dataframe["high"].rolling(n).max().shift(1)
/freqtrade/user_data/strategies/TrendVolTarget.py:50: PerformanceWarning: DataFrame is highly fragmented.  This is usually the result of calling `frame.insert` many times, which has poor performance.  Consider joining all columns at once using pd.concat(axis=1) instead. To get a de-fragmented frame, use `newframe = frame.copy()`
  dataframe[f"dc_hi_{n}"] = dataframe["high"].rolling(n).max().shift(1)
/freqtrade/user_data/strategies/TrendVolTarget.py:50: PerformanceWarning: DataFrame is highly fragmented.  This is usually the result of calling `frame.insert` many times, which has poor performance.  Consider joining all columns at once using pd.concat(axis=1) instead. To get a de-fragmented frame, use `newframe = frame.copy()`
  dataframe[f"dc_hi_{n}"] = dataframe["high"].rolling(n).max().shift(1)
/freqtrade/user_data/strategies/TrendVolTarget.py:50: PerformanceWarning: DataFrame is highly fragmented.  This is usually the result of calling `frame.insert` many times, which has poor performance.  Consider joining all columns at once using pd.concat(axis=1) instead. To get a de-fragmented frame, use `newframe = frame.copy()`
  dataframe[f"dc_hi_{n}"] = dataframe["high"].rolling(n).max().shift(1)
/freqtrade/user_data/strategies/TrendVolTarget.py:50: PerformanceWarning: DataFrame is highly fragmented.  This is usually the result of calling `frame.insert` many times, which has poor performance.  Consider joining all columns at once using pd.concat(axis=1) instead. To get a de-fragmented frame, use `newframe = frame.copy()`
  dataframe[f"dc_hi_{n}"] = dataframe["high"].rolling(n).max().shift(1)
/freqtrade/user_data/strategies/TrendVolTarget.py:50: PerformanceWarning: DataFrame is highly fragmented.  This is usually the result of calling `frame.insert` many times, which has poor performance.  Consider joining all columns at once using pd.concat(axis=1) instead. To get a de-fragmented frame, use `newframe = frame.copy()`
  dataframe[f"dc_hi_{n}"] = dataframe["high"].rolling(n).max().shift(1)
/freqtrade/user_data/strategies/TrendVolTarget.py:50: PerformanceWarning: DataFrame is highly fragmented.  This is usually the result of calling `frame.insert` many times, which has poor performance.  Consider joining all columns at once using pd.concat(axis=1) instead. To get a de-fragmented frame, use `newframe = frame.copy()`
  dataframe[f"dc_hi_{n}"] = dataframe["high"].rolling(n).max().shift(1)
/freqtrade/user_data/strategies/TrendVolTarget.py:50: PerformanceWarning: DataFrame is highly fragmented.  This is usually the result of calling `frame.insert` many times, which has poor performance.  Consider joining all columns at once using pd.concat(axis=1) instead. To get a de-fragmented frame, use `newframe = frame.copy()`
  dataframe[f"dc_hi_{n}"] = dataframe["high"].rolling(n).max().shift(1)
/freqtrade/user_data/strategies/TrendVolTarget.py:50: PerformanceWarning: DataFrame is highly fragmented.  This is usually the result of calling `frame.insert` many times, which has poor performance.  Consider joining all columns at once using pd.concat(axis=1) instead. To get a de-fragmented frame, use `newframe = frame.copy()`
  dataframe[f"dc_hi_{n}"] = dataframe["high"].rolling(n).max().shift(1)
/freqtrade/user_data/strategies/TrendVolTarget.py:50: PerformanceWarning: DataFrame is highly fragmented.  This is usually the result of calling `frame.insert` many times, which has poor performance.  Consider joining all columns at once using pd.concat(axis=1) instead. To get a de-fragmented frame, use `newframe = frame.copy()`
  dataframe[f"dc_hi_{n}"] = dataframe["high"].rolling(n).max().shift(1)
/freqtrade/user_data/strategies/TrendVolTarget.py:50: PerformanceWarning: DataFrame is highly fragmented.  This is usually the result of calling `frame.insert` many times, which has poor performance.  Consider joining all columns at once using pd.concat(axis=1) instead. To get a de-fragmented frame, use `newframe = frame.copy()`
  dataframe[f"dc_hi_{n}"] = dataframe["high"].rolling(n).max().shift(1)
/freqtrade/user_data/strategies/TrendVolTarget.py:50: PerformanceWarning: DataFrame is highly fragmented.  This is usually the result of calling `frame.insert` many times, which has poor performance.  Consider joining all columns at once using pd.concat(axis=1) instead. To get a de-fragmented frame, use `newframe = frame.copy()`
  dataframe[f"dc_hi_{n}"] = dataframe["high"].rolling(n).max().shift(1)
/freqtrade/user_data/strategies/TrendVolTarget.py:50: PerformanceWarning: DataFrame is highly fragmented.  This is usually the result of calling `frame.insert` many times, which has poor performance.  Consider joining all columns at once using pd.concat(axis=1) instead. To get a de-fragmented frame, use `newframe = frame.copy()`
  dataframe[f"dc_hi_{n}"] = dataframe["high"].rolling(n).max().shift(1)
/freqtrade/user_data/strategies/TrendVolTarget.py:50: PerformanceWarning: DataFrame is highly fragmented.  This is usually the result of calling `frame.insert` many times, which has poor performance.  Consider joining all columns at once using pd.concat(axis=1) instead. To get a de-fragmented frame, use `newframe = frame.copy()`
  dataframe[f"dc_hi_{n}"] = dataframe["high"].rolling(n).max().shift(1)
/freqtrade/user_data/strategies/TrendVolTarget.py:50: PerformanceWarning: DataFrame is highly fragmented.  This is usually the result of calling `frame.insert` many times, which has poor performance.  Consider joining all columns at once using pd.concat(axis=1) instead. To get a de-fragmented frame, use `newframe = frame.copy()`
  dataframe[f"dc_hi_{n}"] = dataframe["high"].rolling(n).max().shift(1)
/freqtrade/user_data/strategies/TrendVolTarget.py:50: PerformanceWarning: DataFrame is highly fragmented.  This is usually the result of calling `frame.insert` many times, which has poor performance.  Consider joining all columns at once using pd.concat(axis=1) instead. To get a de-fragmented frame, use `newframe = frame.copy()`
  dataframe[f"dc_hi_{n}"] = dataframe["high"].rolling(n).max().shift(1)
/freqtrade/user_data/strategies/TrendVolTarget.py:50: PerformanceWarning: DataFrame is highly fragmented.  This is usually the result of calling `frame.insert` many times, which has poor performance.  Consider joining all columns at once using pd.concat(axis=1) instead. To get a de-fragmented frame, use `newframe = frame.copy()`
  dataframe[f"dc_hi_{n}"] = dataframe["high"].rolling(n).max().shift(1)
/freqtrade/user_data/strategies/TrendVolTarget.py:50: PerformanceWarning: DataFrame is highly fragmented.  This is usually the result of calling `frame.insert` many times, which has poor performance.  Consider joining all columns at once using pd.concat(axis=1) instead. To get a de-fragmented frame, use `newframe = frame.copy()`
  dataframe[f"dc_hi_{n}"] = dataframe["high"].rolling(n).max().shift(1)
/freqtrade/user_data/strategies/TrendVolTarget.py:53: PerformanceWarning: DataFrame is highly fragmented.  This is usually the result of calling `frame.insert` many times, which has poor performance.  Consider joining all columns at once using pd.concat(axis=1) instead. To get a de-fragmented frame, use `newframe = frame.copy()`
  dataframe["sma_f"] = ta.SMA(dataframe, timeperiod=60)
/freqtrade/user_data/strategies/TrendVolTarget.py:54: PerformanceWarning: DataFrame is highly fragmented.  This is usually the result of calling `frame.insert` many times, which has poor performance.  Consider joining all columns at once using pd.concat(axis=1) instead. To get a de-fragmented frame, use `newframe = frame.copy()`
  dataframe["sma_s"] = ta.SMA(dataframe, timeperiod=240)
/freqtrade/user_data/strategies/TrendVolTarget.py:56: PerformanceWarning: DataFrame is highly fragmented.  This is usually the result of calling `frame.insert` many times, which has poor performance.  Consider joining all columns at once using pd.concat(axis=1) instead. To get a de-fragmented frame, use `newframe = frame.copy()`
  dataframe["rvol"] = dataframe["close"].pct_change().rolling(90).std() * np.sqrt(6 * 365)
/freqtrade/user_data/strategies/TrendVolTarget.py:50: PerformanceWarning: DataFrame is highly fragmented.  This is usually the result of calling `frame.insert` many times, which has poor performance.  Consider joining all columns at once using pd.concat(axis=1) instead. To get a de-fragmented frame, use `newframe = frame.copy()`
  dataframe[f"dc_hi_{n}"] = dataframe["high"].rolling(n).max().shift(1)
/freqtrade/user_data/strategies/TrendVolTarget.py:50: PerformanceWarning: DataFrame is highly fragmented.  This is usually the result of calling `frame.insert` many times, which has poor performance.  Consider joining all columns at once using pd.concat(axis=1) instead. To get a de-fragmented frame, use `newframe = frame.copy()`
  dataframe[f"dc_hi_{n}"] = dataframe["high"].rolling(n).max().shift(1)
/freqtrade/user_data/strategies/TrendVolTarget.py:50: PerformanceWarning: DataFrame is highly fragmented.  This is usually the result of calling `frame.insert` many times, which has poor performance.  Consider joining all columns at once using pd.concat(axis=1) instead. To get a de-fragmented frame, use `newframe = frame.copy()`
  dataframe[f"dc_hi_{n}"] = dataframe["high"].rolling(n).max().shift(1)
/freqtrade/user_data/strategies/TrendVolTarget.py:50: PerformanceWarning: DataFrame is highly fragmented.  This is usually the result of calling `frame.insert` many times, which has poor performance.  Consider joining all columns at once using pd.concat(axis=1) instead. To get a de-fragmented frame, use `newframe = frame.copy()`
  dataframe[f"dc_hi_{n}"] = dataframe["high"].rolling(n).max().shift(1)
/freqtrade/user_data/strategies/TrendVolTarget.py:50: PerformanceWarning: DataFrame is highly fragmented.  This is usually the result of calling `frame.insert` many times, which has poor performance.  Consider joining all columns at once using pd.concat(axis=1) instead. To get a de-fragmented frame, use `newframe = frame.copy()`
  dataframe[f"dc_hi_{n}"] = dataframe["high"].rolling(n).max().shift(1)
/freqtrade/user_data/strategies/TrendVolTarget.py:50: PerformanceWarning: DataFrame is highly fragmented.  This is usually the result of calling `frame.insert` many times, which has poor performance.  Consider joining all columns at once using pd.concat(axis=1) instead. To get a de-fragmented frame, use `newframe = frame.copy()`
  dataframe[f"dc_hi_{n}"] = dataframe["high"].rolling(n).max().shift(1)
/freqtrade/user_data/strategies/TrendVolTarget.py:50: PerformanceWarning: DataFrame is highly fragmented.  This is usually the result of calling `frame.insert` many times, which has poor performance.  Consider joining all columns at once using pd.concat(axis=1) instead. To get a de-fragmented frame, use `newframe = frame.copy()`
  dataframe[f"dc_hi_{n}"] = dataframe["high"].rolling(n).max().shift(1)
/freqtrade/user_data/strategies/TrendVolTarget.py:50: PerformanceWarning: DataFrame is highly fragmented.  This is usually the result of calling `frame.insert` many times, which has poor performance.  Consider joining all columns at once using pd.concat(axis=1) instead. To get a de-fragmented frame, use `newframe = frame.copy()`
  dataframe[f"dc_hi_{n}"] = dataframe["high"].rolling(n).max().shift(1)
/freqtrade/user_data/strategies/TrendVolTarget.py:50: PerformanceWarning: DataFrame is highly fragmented.  This is usually the result of calling `frame.insert` many times, which has poor performance.  Consider joining all columns at once using pd.concat(axis=1) instead. To get a de-fragmented frame, use `newframe = frame.copy()`
  dataframe[f"dc_hi_{n}"] = dataframe["high"].rolling(n).max().shift(1)
/freqtrade/user_data/strategies/TrendVolTarget.py:50: PerformanceWarning: DataFrame is highly fragmented.  This is usually the result of calling `frame.insert` many times, which has poor performance.  Consider joining all columns at once using pd.concat(axis=1) instead. To get a de-fragmented frame, use `newframe = frame.copy()`
  dataframe[f"dc_hi_{n}"] = dataframe["high"].rolling(n).max().shift(1)
/freqtrade/user_data/strategies/TrendVolTarget.py:50: PerformanceWarning: DataFrame is highly fragmented.  This is usually the result of calling `frame.insert` many times, which has poor performance.  Consider joining all columns at once using pd.concat(axis=1) instead. To get a de-fragmented frame, use `newframe = frame.copy()`
  dataframe[f"dc_hi_{n}"] = dataframe["high"].rolling(n).max().shift(1)
/freqtrade/user_data/strategies/TrendVolTarget.py:50: PerformanceWarning: DataFrame is highly fragmented.  This is usually the result of calling `frame.insert` many times, which has poor performance.  Consider joining all columns at once using pd.concat(axis=1) instead. To get a de-fragmented frame, use `newframe = frame.copy()`
  dataframe[f"dc_hi_{n}"] = dataframe["high"].rolling(n).max().shift(1)
/freqtrade/user_data/strategies/TrendVolTarget.py:50: PerformanceWarning: DataFrame is highly fragmented.  This is usually the result of calling `frame.insert` many times, which has poor performance.  Consider joining all columns at once using pd.concat(axis=1) instead. To get a de-fragmented frame, use `newframe = frame.copy()`
  dataframe[f"dc_hi_{n}"] = dataframe["high"].rolling(n).max().shift(1)
/freqtrade/user_data/strategies/TrendVolTarget.py:50: PerformanceWarning: DataFrame is highly fragmented.  This is usually the result of calling `frame.insert` many times, which has poor performance.  Consider joining all columns at once using pd.concat(axis=1) instead. To get a de-fragmented frame, use `newframe = frame.copy()`
  dataframe[f"dc_hi_{n}"] = dataframe["high"].rolling(n).max().shift(1)
/freqtrade/user_data/strategies/TrendVolTarget.py:50: PerformanceWarning: DataFrame is highly fragmented.  This is usually the result of calling `frame.insert` many times, which has poor performance.  Consider joining all columns at once using pd.concat(axis=1) instead. To get a de-fragmented frame, use `newframe = frame.copy()`
  dataframe[f"dc_hi_{n}"] = dataframe["high"].rolling(n).max().shift(1)
/freqtrade/user_data/strategies/TrendVolTarget.py:50: PerformanceWarning: DataFrame is highly fragmented.  This is usually the result of calling `frame.insert` many times, which has poor performance.  Consider joining all columns at once using pd.concat(axis=1) instead. To get a de-fragmented frame, use `newframe = frame.copy()`
  dataframe[f"dc_hi_{n}"] = dataframe["high"].rolling(n).max().shift(1)
/freqtrade/user_data/strategies/TrendVolTarget.py:50: PerformanceWarning: DataFrame is highly fragmented.  This is usually the result of calling `frame.insert` many times, which has poor performance.  Consider joining all columns at once using pd.concat(axis=1) instead. To get a de-fragmented frame, use `newframe = frame.copy()`
  dataframe[f"dc_hi_{n}"] = dataframe["high"].rolling(n).max().shift(1)
/freqtrade/user_data/strategies/TrendVolTarget.py:50: PerformanceWarning: DataFrame is highly fragmented.  This is usually the result of calling `frame.insert` many times, which has poor performance.  Consider joining all columns at once using pd.concat(axis=1) instead. To get a de-fragmented frame, use `newframe = frame.copy()`
  dataframe[f"dc_hi_{n}"] = dataframe["high"].rolling(n).max().shift(1)
/freqtrade/user_data/strategies/TrendVolTarget.py:50: PerformanceWarning: DataFrame is highly fragmented.  This is usually the result of calling `frame.insert` many times, which has poor performance.  Consider joining all columns at once using pd.concat(axis=1) instead. To get a de-fragmented frame, use `newframe = frame.copy()`
  dataframe[f"dc_hi_{n}"] = dataframe["high"].rolling(n).max().shift(1)
/freqtrade/user_data/strategies/TrendVolTarget.py:50: PerformanceWarning: DataFrame is highly fragmented.  This is usually the result of calling `frame.insert` many times, which has poor performance.  Consider joining all columns at once using pd.concat(axis=1) instead. To get a de-fragmented frame, use `newframe = frame.copy()`
  dataframe[f"dc_hi_{n}"] = dataframe["high"].rolling(n).max().shift(1)
/freqtrade/user_data/strategies/TrendVolTarget.py:50: PerformanceWarning: DataFrame is highly fragmented.  This is usually the result of calling `frame.insert` many times, which has poor performance.  Consider joining all columns at once using pd.concat(axis=1) instead. To get a de-fragmented frame, use `newframe = frame.copy()`
  dataframe[f"dc_hi_{n}"] = dataframe["high"].rolling(n).max().shift(1)
/freqtrade/user_data/strategies/TrendVolTarget.py:50: PerformanceWarning: DataFrame is highly fragmented.  This is usually the result of calling `frame.insert` many times, which has poor performance.  Consider joining all columns at once using pd.concat(axis=1) instead. To get a de-fragmented frame, use `newframe = frame.copy()`
  dataframe[f"dc_hi_{n}"] = dataframe["high"].rolling(n).max().shift(1)
/freqtrade/user_data/strategies/TrendVolTarget.py:50: PerformanceWarning: DataFrame is highly fragmented.  This is usually the result of calling `frame.insert` many times, which has poor performance.  Consider joining all columns at once using pd.concat(axis=1) instead. To get a de-fragmented frame, use `newframe = frame.copy()`
  dataframe[f"dc_hi_{n}"] = dataframe["high"].rolling(n).max().shift(1)
/freqtrade/user_data/strategies/TrendVolTarget.py:50: PerformanceWarning: DataFrame is highly fragmented.  This is usually the result of calling `frame.insert` many times, which has poor performance.  Consider joining all columns at once using pd.concat(axis=1) instead. To get a de-fragmented frame, use `newframe = frame.copy()`
  dataframe[f"dc_hi_{n}"] = dataframe["high"].rolling(n).max().shift(1)
/freqtrade/user_data/strategies/TrendVolTarget.py:50: PerformanceWarning: DataFrame is highly fragmented.  This is usually the result of calling `frame.insert` many times, which has poor performance.  Consider joining all columns at once using pd.concat(axis=1) instead. To get a de-fragmented frame, use `newframe = frame.copy()`
  dataframe[f"dc_hi_{n}"] = dataframe["high"].rolling(n).max().shift(1)
/freqtrade/user_data/strategies/TrendVolTarget.py:50: PerformanceWarning: DataFrame is highly fragmented.  This is usually the result of calling `frame.insert` many times, which has poor performance.  Consider joining all columns at once using pd.concat(axis=1) instead. To get a de-fragmented frame, use `newframe = frame.copy()`
  dataframe[f"dc_hi_{n}"] = dataframe["high"].rolling(n).max().shift(1)
/freqtrade/user_data/strategies/TrendVolTarget.py:50: PerformanceWarning: DataFrame is highly fragmented.  This is usually the result of calling `frame.insert` many times, which has poor performance.  Consider joining all columns at once using pd.concat(axis=1) instead. To get a de-fragmented frame, use `newframe = frame.copy()`
  dataframe[f"dc_hi_{n}"] = dataframe["high"].rolling(n).max().shift(1)
/freqtrade/user_data/strategies/TrendVolTarget.py:50: PerformanceWarning: DataFrame is highly fragmented.  This is usually the result of calling `frame.insert` many times, which has poor performance.  Consider joining all columns at once using pd.concat(axis=1) instead. To get a de-fragmented frame, use `newframe = frame.copy()`
  dataframe[f"dc_hi_{n}"] = dataframe["high"].rolling(n).max().shift(1)
/freqtrade/user_data/strategies/TrendVolTarget.py:50: PerformanceWarning: DataFrame is highly fragmented.  This is usually the result of calling `frame.insert` many times, which has poor performance.  Consider joining all columns at once using pd.concat(axis=1) instead. To get a de-fragmented frame, use `newframe = frame.copy()`
  dataframe[f"dc_hi_{n}"] = dataframe["high"].rolling(n).max().shift(1)
/freqtrade/user_data/strategies/TrendVolTarget.py:50: PerformanceWarning: DataFrame is highly fragmented.  This is usually the result of calling `frame.insert` many times, which has poor performance.  Consider joining all columns at once using pd.concat(axis=1) instead. To get a de-fragmented frame, use `newframe = frame.copy()`
  dataframe[f"dc_hi_{n}"] = dataframe["high"].rolling(n).max().shift(1)
/freqtrade/user_data/strategies/TrendVolTarget.py:50: PerformanceWarning: DataFrame is highly fragmented.  This is usually the result of calling `frame.insert` many times, which has poor performance.  Consider joining all columns at once using pd.concat(axis=1) instead. To get a de-fragmented frame, use `newframe = frame.copy()`
  dataframe[f"dc_hi_{n}"] = dataframe["high"].rolling(n).max().shift(1)
/freqtrade/user_data/strategies/TrendVolTarget.py:50: PerformanceWarning: DataFrame is highly fragmented.  This is usually the result of calling `frame.insert` many times, which has poor performance.  Consider joining all columns at once using pd.concat(axis=1) instead. To get a de-fragmented frame, use `newframe = frame.copy()`
  dataframe[f"dc_hi_{n}"] = dataframe["high"].rolling(n).max().shift(1)
/freqtrade/user_data/strategies/TrendVolTarget.py:50: PerformanceWarning: DataFrame is highly fragmented.  This is usually the result of calling `frame.insert` many times, which has poor performance.  Consider joining all columns at once using pd.concat(axis=1) instead. To get a de-fragmented frame, use `newframe = frame.copy()`
  dataframe[f"dc_hi_{n}"] = dataframe["high"].rolling(n).max().shift(1)
/freqtrade/user_data/strategies/TrendVolTarget.py:50: PerformanceWarning: DataFrame is highly fragmented.  This is usually the result of calling `frame.insert` many times, which has poor performance.  Consider joining all columns at once using pd.concat(axis=1) instead. To get a de-fragmented frame, use `newframe = frame.copy()`
  dataframe[f"dc_hi_{n}"] = dataframe["high"].rolling(n).max().shift(1)
/freqtrade/user_data/strategies/TrendVolTarget.py:50: PerformanceWarning: DataFrame is highly fragmented.  This is usually the result of calling `frame.insert` many times, which has poor performance.  Consider joining all columns at once using pd.concat(axis=1) instead. To get a de-fragmented frame, use `newframe = frame.copy()`
  dataframe[f"dc_hi_{n}"] = dataframe["high"].rolling(n).max().shift(1)
/freqtrade/user_data/strategies/TrendVolTarget.py:50: PerformanceWarning: DataFrame is highly fragmented.  This is usually the result of calling `frame.insert` many times, which has poor performance.  Consider joining all columns at once using pd.concat(axis=1) instead. To get a de-fragmented frame, use `newframe = frame.copy()`
  dataframe[f"dc_hi_{n}"] = dataframe["high"].rolling(n).max().shift(1)
/freqtrade/user_data/strategies/TrendVolTarget.py:50: PerformanceWarning: DataFrame is highly fragmented.  This is usually the result of calling `frame.insert` many times, which has poor performance.  Consider joining all columns at once using pd.concat(axis=1) instead. To get a de-fragmented frame, use `newframe = frame.copy()`
  dataframe[f"dc_hi_{n}"] = dataframe["high"].rolling(n).max().shift(1)
/freqtrade/user_data/strategies/TrendVolTarget.py:50: PerformanceWarning: DataFrame is highly fragmented.  This is usually the result of calling `frame.insert` many times, which has poor performance.  Consider joining all columns at once using pd.concat(axis=1) instead. To get a de-fragmented frame, use `newframe = frame.copy()`
  dataframe[f"dc_hi_{n}"] = dataframe["high"].rolling(n).max().shift(1)
/freqtrade/user_data/strategies/TrendVolTarget.py:50: PerformanceWarning: DataFrame is highly fragmented.  This is usually the result of calling `frame.insert` many times, which has poor performance.  Consider joining all columns at once using pd.concat(axis=1) instead. To get a de-fragmented frame, use `newframe = frame.copy()`
  dataframe[f"dc_hi_{n}"] = dataframe["high"].rolling(n).max().shift(1)
/freqtrade/user_data/strategies/TrendVolTarget.py:50: PerformanceWarning: DataFrame is highly fragmented.  This is usually the result of calling `frame.insert` many times, which has poor performance.  Consider joining all columns at once using pd.concat(axis=1) instead. To get a de-fragmented frame, use `newframe = frame.copy()`
  dataframe[f"dc_hi_{n}"] = dataframe["high"].rolling(n).max().shift(1)
/freqtrade/user_data/strategies/TrendVolTarget.py:50: PerformanceWarning: DataFrame is highly fragmented.  This is usually the result of calling `frame.insert` many times, which has poor performance.  Consider joining all columns at once using pd.concat(axis=1) instead. To get a de-fragmented frame, use `newframe = frame.copy()`
  dataframe[f"dc_hi_{n}"] = dataframe["high"].rolling(n).max().shift(1)
/freqtrade/user_data/strategies/TrendVolTarget.py:50: PerformanceWarning: DataFrame is highly fragmented.  This is usually the result of calling `frame.insert` many times, which has poor performance.  Consider joining all columns at once using pd.concat(axis=1) instead. To get a de-fragmented frame, use `newframe = frame.copy()`
  dataframe[f"dc_hi_{n}"] = dataframe["high"].rolling(n).max().shift(1)
/freqtrade/user_data/strategies/TrendVolTarget.py:50: PerformanceWarning: DataFrame is highly fragmented.  This is usually the result of calling `frame.insert` many times, which has poor performance.  Consider joining all columns at once using pd.concat(axis=1) instead. To get a de-fragmented frame, use `newframe = frame.copy()`
  dataframe[f"dc_hi_{n}"] = dataframe["high"].rolling(n).max().shift(1)
/freqtrade/user_data/strategies/TrendVolTarget.py:50: PerformanceWarning: DataFrame is highly fragmented.  This is usually the result of calling `frame.insert` many times, which has poor performance.  Consider joining all columns at once using pd.concat(axis=1) instead. To get a de-fragmented frame, use `newframe = frame.copy()`
  dataframe[f"dc_hi_{n}"] = dataframe["high"].rolling(n).max().shift(1)
/freqtrade/user_data/strategies/TrendVolTarget.py:50: PerformanceWarning: DataFrame is highly fragmented.  This is usually the result of calling `frame.insert` many times, which has poor performance.  Consider joining all columns at once using pd.concat(axis=1) instead. To get a de-fragmented frame, use `newframe = frame.copy()`
  dataframe[f"dc_hi_{n}"] = dataframe["high"].rolling(n).max().shift(1)
/freqtrade/user_data/strategies/TrendVolTarget.py:50: PerformanceWarning: DataFrame is highly fragmented.  This is usually the result of calling `frame.insert` many times, which has poor performance.  Consider joining all columns at once using pd.concat(axis=1) instead. To get a de-fragmented frame, use `newframe = frame.copy()`
  dataframe[f"dc_hi_{n}"] = dataframe["high"].rolling(n).max().shift(1)
/freqtrade/user_data/strategies/TrendVolTarget.py:50: PerformanceWarning: DataFrame is highly fragmented.  This is usually the result of calling `frame.insert` many times, which has poor performance.  Consider joining all columns at once using pd.concat(axis=1) instead. To get a de-fragmented frame, use `newframe = frame.copy()`
  dataframe[f"dc_hi_{n}"] = dataframe["high"].rolling(n).max().shift(1)
/freqtrade/user_data/strategies/TrendVolTarget.py:50: PerformanceWarning: DataFrame is highly fragmented.  This is usually the result of calling `frame.insert` many times, which has poor performance.  Consider joining all columns at once using pd.concat(axis=1) instead. To get a de-fragmented frame, use `newframe = frame.copy()`
  dataframe[f"dc_hi_{n}"] = dataframe["high"].rolling(n).max().shift(1)
/freqtrade/user_data/strategies/TrendVolTarget.py:50: PerformanceWarning: DataFrame is highly fragmented.  This is usually the result of calling `frame.insert` many times, which has poor performance.  Consider joining all columns at once using pd.concat(axis=1) instead. To get a de-fragmented frame, use `newframe = frame.copy()`
  dataframe[f"dc_hi_{n}"] = dataframe["high"].rolling(n).max().shift(1)
/freqtrade/user_data/strategies/TrendVolTarget.py:50: PerformanceWarning: DataFrame is highly fragmented.  This is usually the result of calling `frame.insert` many times, which has poor performance.  Consider joining all columns at once using pd.concat(axis=1) instead. To get a de-fragmented frame, use `newframe = frame.copy()`
  dataframe[f"dc_hi_{n}"] = dataframe["high"].rolling(n).max().shift(1)
/freqtrade/user_data/strategies/TrendVolTarget.py:50: PerformanceWarning: DataFrame is highly fragmented.  This is usually the result of calling `frame.insert` many times, which has poor performance.  Consider joining all columns at once using pd.concat(axis=1) instead. To get a de-fragmented frame, use `newframe = frame.copy()`
  dataframe[f"dc_hi_{n}"] = dataframe["high"].rolling(n).max().shift(1)
/freqtrade/user_data/strategies/TrendVolTarget.py:50: PerformanceWarning: DataFrame is highly fragmented.  This is usually the result of calling `frame.insert` many times, which has poor performance.  Consider joining all columns at once using pd.concat(axis=1) instead. To get a de-fragmented frame, use `newframe = frame.copy()`
  dataframe[f"dc_hi_{n}"] = dataframe["high"].rolling(n).max().shift(1)
/freqtrade/user_data/strategies/TrendVolTarget.py:50: PerformanceWarning: DataFrame is highly fragmented.  This is usually the result of calling `frame.insert` many times, which has poor performance.  Consider joining all columns at once using pd.concat(axis=1) instead. To get a de-fragmented frame, use `newframe = frame.copy()`
  dataframe[f"dc_hi_{n}"] = dataframe["high"].rolling(n).max().shift(1)
/freqtrade/user_data/strategies/TrendVolTarget.py:50: PerformanceWarning: DataFrame is highly fragmented.  This is usually the result of calling `frame.insert` many times, which has poor performance.  Consider joining all columns at once using pd.concat(axis=1) instead. To get a de-fragmented frame, use `newframe = frame.copy()`
  dataframe[f"dc_hi_{n}"] = dataframe["high"].rolling(n).max().shift(1)
/freqtrade/user_data/strategies/TrendVolTarget.py:50: PerformanceWarning: DataFrame is highly fragmented.  This is usually the result of calling `frame.insert` many times, which has poor performance.  Consider joining all columns at once using pd.concat(axis=1) instead. To get a de-fragmented frame, use `newframe = frame.copy()`
  dataframe[f"dc_hi_{n}"] = dataframe["high"].rolling(n).max().shift(1)
/freqtrade/user_data/strategies/TrendVolTarget.py:50: PerformanceWarning: DataFrame is highly fragmented.  This is usually the result of calling `frame.insert` many times, which has poor performance.  Consider joining all columns at once using pd.concat(axis=1) instead. To get a de-fragmented frame, use `newframe = frame.copy()`
  dataframe[f"dc_hi_{n}"] = dataframe["high"].rolling(n).max().shift(1)
/freqtrade/user_data/strategies/TrendVolTarget.py:50: PerformanceWarning: DataFrame is highly fragmented.  This is usually the result of calling `frame.insert` many times, which has poor performance.  Consider joining all columns at once using pd.concat(axis=1) instead. To get a de-fragmented frame, use `newframe = frame.copy()`
  dataframe[f"dc_hi_{n}"] = dataframe["high"].rolling(n).max().shift(1)
/freqtrade/user_data/strategies/TrendVolTarget.py:50: PerformanceWarning: DataFrame is highly fragmented.  This is usually the result of calling `frame.insert` many times, which has poor performance.  Consider joining all columns at once using pd.concat(axis=1) instead. To get a de-fragmented frame, use `newframe = frame.copy()`
  dataframe[f"dc_hi_{n}"] = dataframe["high"].rolling(n).max().shift(1)
/freqtrade/user_data/strategies/TrendVolTarget.py:50: PerformanceWarning: DataFrame is highly fragmented.  This is usually the result of calling `frame.insert` many times, which has poor performance.  Consider joining all columns at once using pd.concat(axis=1) instead. To get a de-fragmented frame, use `newframe = frame.copy()`
  dataframe[f"dc_hi_{n}"] = dataframe["high"].rolling(n).max().shift(1)
/freqtrade/user_data/strategies/TrendVolTarget.py:50: PerformanceWarning: DataFrame is highly fragmented.  This is usually the result of calling `frame.insert` many times, which has poor performance.  Consider joining all columns at once using pd.concat(axis=1) instead. To get a de-fragmented frame, use `newframe = frame.copy()`
  dataframe[f"dc_hi_{n}"] = dataframe["high"].rolling(n).max().shift(1)
/freqtrade/user_data/strategies/TrendVolTarget.py:50: PerformanceWarning: DataFrame is highly fragmented.  This is usually the result of calling `frame.insert` many times, which has poor performance.  Consider joining all columns at once using pd.concat(axis=1) instead. To get a de-fragmented frame, use `newframe = frame.copy()`
  dataframe[f"dc_hi_{n}"] = dataframe["high"].rolling(n).max().shift(1)
/freqtrade/user_data/strategies/TrendVolTarget.py:50: PerformanceWarning: DataFrame is highly fragmented.  This is usually the result of calling `frame.insert` many times, which has poor performance.  Consider joining all columns at once using pd.concat(axis=1) instead. To get a de-fragmented frame, use `newframe = frame.copy()`
  dataframe[f"dc_hi_{n}"] = dataframe["high"].rolling(n).max().shift(1)
/freqtrade/user_data/strategies/TrendVolTarget.py:50: PerformanceWarning: DataFrame is highly fragmented.  This is usually the result of calling `frame.insert` many times, which has poor performance.  Consider joining all columns at once using pd.concat(axis=1) instead. To get a de-fragmented frame, use `newframe = frame.copy()`
  dataframe[f"dc_hi_{n}"] = dataframe["high"].rolling(n).max().shift(1)
/freqtrade/user_data/strategies/TrendVolTarget.py:50: PerformanceWarning: DataFrame is highly fragmented.  This is usually the result of calling `frame.insert` many times, which has poor performance.  Consider joining all columns at once using pd.concat(axis=1) instead. To get a de-fragmented frame, use `newframe = frame.copy()`
  dataframe[f"dc_hi_{n}"] = dataframe["high"].rolling(n).max().shift(1)
/freqtrade/user_data/strategies/TrendVolTarget.py:50: PerformanceWarning: DataFrame is highly fragmented.  This is usually the result of calling `frame.insert` many times, which has poor performance.  Consider joining all columns at once using pd.concat(axis=1) instead. To get a de-fragmented frame, use `newframe = frame.copy()`
  dataframe[f"dc_hi_{n}"] = dataframe["high"].rolling(n).max().shift(1)
/freqtrade/user_data/strategies/TrendVolTarget.py:50: PerformanceWarning: DataFrame is highly fragmented.  This is usually the result of calling `frame.insert` many times, which has poor performance.  Consider joining all columns at once using pd.concat(axis=1) instead. To get a de-fragmented frame, use `newframe = frame.copy()`
  dataframe[f"dc_hi_{n}"] = dataframe["high"].rolling(n).max().shift(1)
/freqtrade/user_data/strategies/TrendVolTarget.py:50: PerformanceWarning: DataFrame is highly fragmented.  This is usually the result of calling `frame.insert` many times, which has poor performance.  Consider joining all columns at once using pd.concat(axis=1) instead. To get a de-fragmented frame, use `newframe = frame.copy()`
  dataframe[f"dc_hi_{n}"] = dataframe["high"].rolling(n).max().shift(1)
/freqtrade/user_data/strategies/TrendVolTarget.py:50: PerformanceWarning: DataFrame is highly fragmented.  This is usually the result of calling `frame.insert` many times, which has poor performance.  Consider joining all columns at once using pd.concat(axis=1) instead. To get a de-fragmented frame, use `newframe = frame.copy()`
  dataframe[f"dc_hi_{n}"] = dataframe["high"].rolling(n).max().shift(1)
/freqtrade/user_data/strategies/TrendVolTarget.py:50: PerformanceWarning: DataFrame is highly fragmented.  This is usually the result of calling `frame.insert` many times, which has poor performance.  Consider joining all columns at once using pd.concat(axis=1) instead. To get a de-fragmented frame, use `newframe = frame.copy()`
  dataframe[f"dc_hi_{n}"] = dataframe["high"].rolling(n).max().shift(1)
/freqtrade/user_data/strategies/TrendVolTarget.py:50: PerformanceWarning: DataFrame is highly fragmented.  This is usually the result of calling `frame.insert` many times, which has poor performance.  Consider joining all columns at once using pd.concat(axis=1) instead. To get a de-fragmented frame, use `newframe = frame.copy()`
  dataframe[f"dc_hi_{n}"] = dataframe["high"].rolling(n).max().shift(1)
/freqtrade/user_data/strategies/TrendVolTarget.py:50: PerformanceWarning: DataFrame is highly fragmented.  This is usually the result of calling `frame.insert` many times, which has poor performance.  Consider joining all columns at once using pd.concat(axis=1) instead. To get a de-fragmented frame, use `newframe = frame.copy()`
  dataframe[f"dc_hi_{n}"] = dataframe["high"].rolling(n).max().shift(1)
/freqtrade/user_data/strategies/TrendVolTarget.py:50: PerformanceWarning: DataFrame is highly fragmented.  This is usually the result of calling `frame.insert` many times, which has poor performance.  Consider joining all columns at once using pd.concat(axis=1) instead. To get a de-fragmented frame, use `newframe = frame.copy()`
  dataframe[f"dc_hi_{n}"] = dataframe["high"].rolling(n).max().shift(1)
/freqtrade/user_data/strategies/TrendVolTarget.py:50: PerformanceWarning: DataFrame is highly fragmented.  This is usually the result of calling `frame.insert` many times, which has poor performance.  Consider joining all columns at once using pd.concat(axis=1) instead. To get a de-fragmented frame, use `newframe = frame.copy()`
  dataframe[f"dc_hi_{n}"] = dataframe["high"].rolling(n).max().shift(1)
/freqtrade/user_data/strategies/TrendVolTarget.py:50: PerformanceWarning: DataFrame is highly fragmented.  This is usually the result of calling `frame.insert` many times, which has poor performance.  Consider joining all columns at once using pd.concat(axis=1) instead. To get a de-fragmented frame, use `newframe = frame.copy()`
  dataframe[f"dc_hi_{n}"] = dataframe["high"].rolling(n).max().shift(1)
/freqtrade/user_data/strategies/TrendVolTarget.py:50: PerformanceWarning: DataFrame is highly fragmented.  This is usually the result of calling `frame.insert` many times, which has poor performance.  Consider joining all columns at once using pd.concat(axis=1) instead. To get a de-fragmented frame, use `newframe = frame.copy()`
  dataframe[f"dc_hi_{n}"] = dataframe["high"].rolling(n).max().shift(1)
/freqtrade/user_data/strategies/TrendVolTarget.py:50: PerformanceWarning: DataFrame is highly fragmented.  This is usually the result of calling `frame.insert` many times, which has poor performance.  Consider joining all columns at once using pd.concat(axis=1) instead. To get a de-fragmented frame, use `newframe = frame.copy()`
  dataframe[f"dc_hi_{n}"] = dataframe["high"].rolling(n).max().shift(1)
/freqtrade/user_data/strategies/TrendVolTarget.py:50: PerformanceWarning: DataFrame is highly fragmented.  This is usually the result of calling `frame.insert` many times, which has poor performance.  Consider joining all columns at once using pd.concat(axis=1) instead. To get a de-fragmented frame, use `newframe = frame.copy()`
  dataframe[f"dc_hi_{n}"] = dataframe["high"].rolling(n).max().shift(1)
/freqtrade/user_data/strategies/TrendVolTarget.py:50: PerformanceWarning: DataFrame is highly fragmented.  This is usually the result of calling `frame.insert` many times, which has poor performance.  Consider joining all columns at once using pd.concat(axis=1) instead. To get a de-fragmented frame, use `newframe = frame.copy()`
  dataframe[f"dc_hi_{n}"] = dataframe["high"].rolling(n).max().shift(1)
/freqtrade/user_data/strategies/TrendVolTarget.py:50: PerformanceWarning: DataFrame is highly fragmented.  This is usually the result of calling `frame.insert` many times, which has poor performance.  Consider joining all columns at once using pd.concat(axis=1) instead. To get a de-fragmented frame, use `newframe = frame.copy()`
  dataframe[f"dc_hi_{n}"] = dataframe["high"].rolling(n).max().shift(1)
/freqtrade/user_data/strategies/TrendVolTarget.py:50: PerformanceWarning: DataFrame is highly fragmented.  This is usually the result of calling `frame.insert` many times, which has poor performance.  Consider joining all columns at once using pd.concat(axis=1) instead. To get a de-fragmented frame, use `newframe = frame.copy()`
  dataframe[f"dc_hi_{n}"] = dataframe["high"].rolling(n).max().shift(1)
/freqtrade/user_data/strategies/TrendVolTarget.py:50: PerformanceWarning: DataFrame is highly fragmented.  This is usually the result of calling `frame.insert` many times, which has poor performance.  Consider joining all columns at once using pd.concat(axis=1) instead. To get a de-fragmented frame, use `newframe = frame.copy()`
  dataframe[f"dc_hi_{n}"] = dataframe["high"].rolling(n).max().shift(1)
/freqtrade/user_data/strategies/TrendVolTarget.py:50: PerformanceWarning: DataFrame is highly fragmented.  This is usually the result of calling `frame.insert` many times, which has poor performance.  Consider joining all columns at once using pd.concat(axis=1) instead. To get a de-fragmented frame, use `newframe = frame.copy()`
  dataframe[f"dc_hi_{n}"] = dataframe["high"].rolling(n).max().shift(1)
/freqtrade/user_data/strategies/TrendVolTarget.py:50: PerformanceWarning: DataFrame is highly fragmented.  This is usually the result of calling `frame.insert` many times, which has poor performance.  Consider joining all columns at once using pd.concat(axis=1) instead. To get a de-fragmented frame, use `newframe = frame.copy()`
  dataframe[f"dc_hi_{n}"] = dataframe["high"].rolling(n).max().shift(1)
/freqtrade/user_data/strategies/TrendVolTarget.py:50: PerformanceWarning: DataFrame is highly fragmented.  This is usually the result of calling `frame.insert` many times, which has poor performance.  Consider joining all columns at once using pd.concat(axis=1) instead. To get a de-fragmented frame, use `newframe = frame.copy()`
  dataframe[f"dc_hi_{n}"] = dataframe["high"].rolling(n).max().shift(1)
/freqtrade/user_data/strategies/TrendVolTarget.py:53: PerformanceWarning: DataFrame is highly fragmented.  This is usually the result of calling `frame.insert` many times, which has poor performance.  Consider joining all columns at once using pd.concat(axis=1) instead. To get a de-fragmented frame, use `newframe = frame.copy()`
  dataframe["sma_f"] = ta.SMA(dataframe, timeperiod=60)
/freqtrade/user_data/strategies/TrendVolTarget.py:54: PerformanceWarning: DataFrame is highly fragmented.  This is usually the result of calling `frame.insert` many times, which has poor performance.  Consider joining all columns at once using pd.concat(axis=1) instead. To get a de-fragmented frame, use `newframe = frame.copy()`
  dataframe["sma_s"] = ta.SMA(dataframe, timeperiod=240)
/freqtrade/user_data/strategies/TrendVolTarget.py:56: PerformanceWarning: DataFrame is highly fragmented.  This is usually the result of calling `frame.insert` many times, which has poor performance.  Consider joining all columns at once using pd.concat(axis=1) instead. To get a de-fragmented frame, use `newframe = frame.copy()`
  dataframe["rvol"] = dataframe["close"].pct_change().rolling(90).std() * np.sqrt(6 * 365)
/freqtrade/user_data/strategies/TrendVolTarget.py:50: PerformanceWarning: DataFrame is highly fragmented.  This is usually the result of calling `frame.insert` many times, which has poor performance.  Consider joining all columns at once using pd.concat(axis=1) instead. To get a de-fragmented frame, use `newframe = frame.copy()`
  dataframe[f"dc_hi_{n}"] = dataframe["high"].rolling(n).max().shift(1)
/freqtrade/user_data/strategies/TrendVolTarget.py:50: PerformanceWarning: DataFrame is highly fragmented.  This is usually the result of calling `frame.insert` many times, which has poor performance.  Consider joining all columns at once using pd.concat(axis=1) instead. To get a de-fragmented frame, use `newframe = frame.copy()`
  dataframe[f"dc_hi_{n}"] = dataframe["high"].rolling(n).max().shift(1)
/freqtrade/user_data/strategies/TrendVolTarget.py:50: PerformanceWarning: DataFrame is highly fragmented.  This is usually the result of calling `frame.insert` many times, which has poor performance.  Consider joining all columns at once using pd.concat(axis=1) instead. To get a de-fragmented frame, use `newframe = frame.copy()`
  dataframe[f"dc_hi_{n}"] = dataframe["high"].rolling(n).max().shift(1)
/freqtrade/user_data/strategies/TrendVolTarget.py:50: PerformanceWarning: DataFrame is highly fragmented.  This is usually the result of calling `frame.insert` many times, which has poor performance.  Consider joining all columns at once using pd.concat(axis=1) instead. To get a de-fragmented frame, use `newframe = frame.copy()`
  dataframe[f"dc_hi_{n}"] = dataframe["high"].rolling(n).max().shift(1)
/freqtrade/user_data/strategies/TrendVolTarget.py:50: PerformanceWarning: DataFrame is highly fragmented.  This is usually the result of calling `frame.insert` many times, which has poor performance.  Consider joining all columns at once using pd.concat(axis=1) instead. To get a de-fragmented frame, use `newframe = frame.copy()`
  dataframe[f"dc_hi_{n}"] = dataframe["high"].rolling(n).max().shift(1)
/freqtrade/user_data/strategies/TrendVolTarget.py:50: PerformanceWarning: DataFrame is highly fragmented.  This is usually the result of calling `frame.insert` many times, which has poor performance.  Consider joining all columns at once using pd.concat(axis=1) instead. To get a de-fragmented frame, use `newframe = frame.copy()`
  dataframe[f"dc_hi_{n}"] = dataframe["high"].rolling(n).max().shift(1)
/freqtrade/user_data/strategies/TrendVolTarget.py:50: PerformanceWarning: DataFrame is highly fragmented.  This is usually the result of calling `frame.insert` many times, which has poor performance.  Consider joining all columns at once using pd.concat(axis=1) instead. To get a de-fragmented frame, use `newframe = frame.copy()`
  dataframe[f"dc_hi_{n}"] = dataframe["high"].rolling(n).max().shift(1)
/freqtrade/user_data/strategies/TrendVolTarget.py:50: PerformanceWarning: DataFrame is highly fragmented.  This is usually the result of calling `frame.insert` many times, which has poor performance.  Consider joining all columns at once using pd.concat(axis=1) instead. To get a de-fragmented frame, use `newframe = frame.copy()`
  dataframe[f"dc_hi_{n}"] = dataframe["high"].rolling(n).max().shift(1)
/freqtrade/user_data/strategies/TrendVolTarget.py:50: PerformanceWarning: DataFrame is highly fragmented.  This is usually the result of calling `frame.insert` many times, which has poor performance.  Consider joining all columns at once using pd.concat(axis=1) instead. To get a de-fragmented frame, use `newframe = frame.copy()`
  dataframe[f"dc_hi_{n}"] = dataframe["high"].rolling(n).max().shift(1)
/freqtrade/user_data/strategies/TrendVolTarget.py:50: PerformanceWarning: DataFrame is highly fragmented.  This is usually the result of calling `frame.insert` many times, which has poor performance.  Consider joining all columns at once using pd.concat(axis=1) instead. To get a de-fragmented frame, use `newframe = frame.copy()`
  dataframe[f"dc_hi_{n}"] = dataframe["high"].rolling(n).max().shift(1)
/freqtrade/user_data/strategies/TrendVolTarget.py:50: PerformanceWarning: DataFrame is highly fragmented.  This is usually the result of calling `frame.insert` many times, which has poor performance.  Consider joining all columns at once using pd.concat(axis=1) instead. To get a de-fragmented frame, use `newframe = frame.copy()`
  dataframe[f"dc_hi_{n}"] = dataframe["high"].rolling(n).max().shift(1)
/freqtrade/user_data/strategies/TrendVolTarget.py:50: PerformanceWarning: DataFrame is highly fragmented.  This is usually the result of calling `frame.insert` many times, which has poor performance.  Consider joining all columns at once using pd.concat(axis=1) instead. To get a de-fragmented frame, use `newframe = frame.copy()`
  dataframe[f"dc_hi_{n}"] = dataframe["high"].rolling(n).max().shift(1)
/freqtrade/user_data/strategies/TrendVolTarget.py:50: PerformanceWarning: DataFrame is highly fragmented.  This is usually the result of calling `frame.insert` many times, which has poor performance.  Consider joining all columns at once using pd.concat(axis=1) instead. To get a de-fragmented frame, use `newframe = frame.copy()`
  dataframe[f"dc_hi_{n}"] = dataframe["high"].rolling(n).max().shift(1)
/freqtrade/user_data/strategies/TrendVolTarget.py:50: PerformanceWarning: DataFrame is highly fragmented.  This is usually the result of calling `frame.insert` many times, which has poor performance.  Consider joining all columns at once using pd.concat(axis=1) instead. To get a de-fragmented frame, use `newframe = frame.copy()`
  dataframe[f"dc_hi_{n}"] = dataframe["high"].rolling(n).max().shift(1)
/freqtrade/user_data/strategies/TrendVolTarget.py:50: PerformanceWarning: DataFrame is highly fragmented.  This is usually the result of calling `frame.insert` many times, which has poor performance.  Consider joining all columns at once using pd.concat(axis=1) instead. To get a de-fragmented frame, use `newframe = frame.copy()`
  dataframe[f"dc_hi_{n}"] = dataframe["high"].rolling(n).max().shift(1)
/freqtrade/user_data/strategies/TrendVolTarget.py:50: PerformanceWarning: DataFrame is highly fragmented.  This is usually the result of calling `frame.insert` many times, which has poor performance.  Consider joining all columns at once using pd.concat(axis=1) instead. To get a de-fragmented frame, use `newframe = frame.copy()`
  dataframe[f"dc_hi_{n}"] = dataframe["high"].rolling(n).max().shift(1)
/freqtrade/user_data/strategies/TrendVolTarget.py:50: PerformanceWarning: DataFrame is highly fragmented.  This is usually the result of calling `frame.insert` many times, which has poor performance.  Consider joining all columns at once using pd.concat(axis=1) instead. To get a de-fragmented frame, use `newframe = frame.copy()`
  dataframe[f"dc_hi_{n}"] = dataframe["high"].rolling(n).max().shift(1)
/freqtrade/user_data/strategies/TrendVolTarget.py:50: PerformanceWarning: DataFrame is highly fragmented.  This is usually the result of calling `frame.insert` many times, which has poor performance.  Consider joining all columns at once using pd.concat(axis=1) instead. To get a de-fragmented frame, use `newframe = frame.copy()`
  dataframe[f"dc_hi_{n}"] = dataframe["high"].rolling(n).max().shift(1)
/freqtrade/user_data/strategies/TrendVolTarget.py:50: PerformanceWarning: DataFrame is highly fragmented.  This is usually the result of calling `frame.insert` many times, which has poor performance.  Consider joining all columns at once using pd.concat(axis=1) instead. To get a de-fragmented frame, use `newframe = frame.copy()`
  dataframe[f"dc_hi_{n}"] = dataframe["high"].rolling(n).max().shift(1)
/freqtrade/user_data/strategies/TrendVolTarget.py:50: PerformanceWarning: DataFrame is highly fragmented.  This is usually the result of calling `frame.insert` many times, which has poor performance.  Consider joining all columns at once using pd.concat(axis=1) instead. To get a de-fragmented frame, use `newframe = frame.copy()`
  dataframe[f"dc_hi_{n}"] = dataframe["high"].rolling(n).max().shift(1)
/freqtrade/user_data/strategies/TrendVolTarget.py:50: PerformanceWarning: DataFrame is highly fragmented.  This is usually the result of calling `frame.insert` many times, which has poor performance.  Consider joining all columns at once using pd.concat(axis=1) instead. To get a de-fragmented frame, use `newframe = frame.copy()`
  dataframe[f"dc_hi_{n}"] = dataframe["high"].rolling(n).max().shift(1)
/freqtrade/user_data/strategies/TrendVolTarget.py:50: PerformanceWarning: DataFrame is highly fragmented.  This is usually the result of calling `frame.insert` many times, which has poor performance.  Consider joining all columns at once using pd.concat(axis=1) instead. To get a de-fragmented frame, use `newframe = frame.copy()`
  dataframe[f"dc_hi_{n}"] = dataframe["high"].rolling(n).max().shift(1)
/freqtrade/user_data/strategies/TrendVolTarget.py:50: PerformanceWarning: DataFrame is highly fragmented.  This is usually the result of calling `frame.insert` many times, which has poor performance.  Consider joining all columns at once using pd.concat(axis=1) instead. To get a de-fragmented frame, use `newframe = frame.copy()`
  dataframe[f"dc_hi_{n}"] = dataframe["high"].rolling(n).max().shift(1)
/freqtrade/user_data/strategies/TrendVolTarget.py:50: PerformanceWarning: DataFrame is highly fragmented.  This is usually the result of calling `frame.insert` many times, which has poor performance.  Consider joining all columns at once using pd.concat(axis=1) instead. To get a de-fragmented frame, use `newframe = frame.copy()`
  dataframe[f"dc_hi_{n}"] = dataframe["high"].rolling(n).max().shift(1)
/freqtrade/user_data/strategies/TrendVolTarget.py:50: PerformanceWarning: DataFrame is highly fragmented.  This is usually the result of calling `frame.insert` many times, which has poor performance.  Consider joining all columns at once using pd.concat(axis=1) instead. To get a de-fragmented frame, use `newframe = frame.copy()`
  dataframe[f"dc_hi_{n}"] = dataframe["high"].rolling(n).max().shift(1)
/freqtrade/user_data/strategies/TrendVolTarget.py:50: PerformanceWarning: DataFrame is highly fragmented.  This is usually the result of calling `frame.insert` many times, which has poor performance.  Consider joining all columns at once using pd.concat(axis=1) instead. To get a de-fragmented frame, use `newframe = frame.copy()`
  dataframe[f"dc_hi_{n}"] = dataframe["high"].rolling(n).max().shift(1)
/freqtrade/user_data/strategies/TrendVolTarget.py:50: PerformanceWarning: DataFrame is highly fragmented.  This is usually the result of calling `frame.insert` many times, which has poor performance.  Consider joining all columns at once using pd.concat(axis=1) instead. To get a de-fragmented frame, use `newframe = frame.copy()`
  dataframe[f"dc_hi_{n}"] = dataframe["high"].rolling(n).max().shift(1)
/freqtrade/user_data/strategies/TrendVolTarget.py:50: PerformanceWarning: DataFrame is highly fragmented.  This is usually the result of calling `frame.insert` many times, which has poor performance.  Consider joining all columns at once using pd.concat(axis=1) instead. To get a de-fragmented frame, use `newframe = frame.copy()`
  dataframe[f"dc_hi_{n}"] = dataframe["high"].rolling(n).max().shift(1)
/freqtrade/user_data/strategies/TrendVolTarget.py:50: PerformanceWarning: DataFrame is highly fragmented.  This is usually the result of calling `frame.insert` many times, which has poor performance.  Consider joining all columns at once using pd.concat(axis=1) instead. To get a de-fragmented frame, use `newframe = frame.copy()`
  dataframe[f"dc_hi_{n}"] = dataframe["high"].rolling(n).max().shift(1)
/freqtrade/user_data/strategies/TrendVolTarget.py:50: PerformanceWarning: DataFrame is highly fragmented.  This is usually the result of calling `frame.insert` many times, which has poor performance.  Consider joining all columns at once using pd.concat(axis=1) instead. To get a de-fragmented frame, use `newframe = frame.copy()`
  dataframe[f"dc_hi_{n}"] = dataframe["high"].rolling(n).max().shift(1)
/freqtrade/user_data/strategies/TrendVolTarget.py:50: PerformanceWarning: DataFrame is highly fragmented.  This is usually the result of calling `frame.insert` many times, which has poor performance.  Consider joining all columns at once using pd.concat(axis=1) instead. To get a de-fragmented frame, use `newframe = frame.copy()`
  dataframe[f"dc_hi_{n}"] = dataframe["high"].rolling(n).max().shift(1)
/freqtrade/user_data/strategies/TrendVolTarget.py:50: PerformanceWarning: DataFrame is highly fragmented.  This is usually the result of calling `frame.insert` many times, which has poor performance.  Consider joining all columns at once using pd.concat(axis=1) instead. To get a de-fragmented frame, use `newframe = frame.copy()`
  dataframe[f"dc_hi_{n}"] = dataframe["high"].rolling(n).max().shift(1)
/freqtrade/user_data/strategies/TrendVolTarget.py:50: PerformanceWarning: DataFrame is highly fragmented.  This is usually the result of calling `frame.insert` many times, which has poor performance.  Consider joining all columns at once using pd.concat(axis=1) instead. To get a de-fragmented frame, use `newframe = frame.copy()`
  dataframe[f"dc_hi_{n}"] = dataframe["high"].rolling(n).max().shift(1)
/freqtrade/user_data/strategies/TrendVolTarget.py:50: PerformanceWarning: DataFrame is highly fragmented.  This is usually the result of calling `frame.insert` many times, which has poor performance.  Consider joining all columns at once using pd.concat(axis=1) instead. To get a de-fragmented frame, use `newframe = frame.copy()`
  dataframe[f"dc_hi_{n}"] = dataframe["high"].rolling(n).max().shift(1)
/freqtrade/user_data/strategies/TrendVolTarget.py:50: PerformanceWarning: DataFrame is highly fragmented.  This is usually the result of calling `frame.insert` many times, which has poor performance.  Consider joining all columns at once using pd.concat(axis=1) instead. To get a de-fragmented frame, use `newframe = frame.copy()`
  dataframe[f"dc_hi_{n}"] = dataframe["high"].rolling(n).max().shift(1)
/freqtrade/user_data/strategies/TrendVolTarget.py:50: PerformanceWarning: DataFrame is highly fragmented.  This is usually the result of calling `frame.insert` many times, which has poor performance.  Consider joining all columns at once using pd.concat(axis=1) instead. To get a de-fragmented frame, use `newframe = frame.copy()`
  dataframe[f"dc_hi_{n}"] = dataframe["high"].rolling(n).max().shift(1)
/freqtrade/user_data/strategies/TrendVolTarget.py:50: PerformanceWarning: DataFrame is highly fragmented.  This is usually the result of calling `frame.insert` many times, which has poor performance.  Consider joining all columns at once using pd.concat(axis=1) instead. To get a de-fragmented frame, use `newframe = frame.copy()`
  dataframe[f"dc_hi_{n}"] = dataframe["high"].rolling(n).max().shift(1)
/freqtrade/user_data/strategies/TrendVolTarget.py:50: PerformanceWarning: DataFrame is highly fragmented.  This is usually the result of calling `frame.insert` many times, which has poor performance.  Consider joining all columns at once using pd.concat(axis=1) instead. To get a de-fragmented frame, use `newframe = frame.copy()`
  dataframe[f"dc_hi_{n}"] = dataframe["high"].rolling(n).max().shift(1)
/freqtrade/user_data/strategies/TrendVolTarget.py:50: PerformanceWarning: DataFrame is highly fragmented.  This is usually the result of calling `frame.insert` many times, which has poor performance.  Consider joining all columns at once using pd.concat(axis=1) instead. To get a de-fragmented frame, use `newframe = frame.copy()`
  dataframe[f"dc_hi_{n}"] = dataframe["high"].rolling(n).max().shift(1)
/freqtrade/user_data/strategies/TrendVolTarget.py:50: PerformanceWarning: DataFrame is highly fragmented.  This is usually the result of calling `frame.insert` many times, which has poor performance.  Consider joining all columns at once using pd.concat(axis=1) instead. To get a de-fragmented frame, use `newframe = frame.copy()`
  dataframe[f"dc_hi_{n}"] = dataframe["high"].rolling(n).max().shift(1)
/freqtrade/user_data/strategies/TrendVolTarget.py:50: PerformanceWarning: DataFrame is highly fragmented.  This is usually the result of calling `frame.insert` many times, which has poor performance.  Consider joining all columns at once using pd.concat(axis=1) instead. To get a de-fragmented frame, use `newframe = frame.copy()`
  dataframe[f"dc_hi_{n}"] = dataframe["high"].rolling(n).max().shift(1)
/freqtrade/user_data/strategies/TrendVolTarget.py:50: PerformanceWarning: DataFrame is highly fragmented.  This is usually the result of calling `frame.insert` many times, which has poor performance.  Consider joining all columns at once using pd.concat(axis=1) instead. To get a de-fragmented frame, use `newframe = frame.copy()`
  dataframe[f"dc_hi_{n}"] = dataframe["high"].rolling(n).max().shift(1)
/freqtrade/user_data/strategies/TrendVolTarget.py:50: PerformanceWarning: DataFrame is highly fragmented.  This is usually the result of calling `frame.insert` many times, which has poor performance.  Consider joining all columns at once using pd.concat(axis=1) instead. To get a de-fragmented frame, use `newframe = frame.copy()`
  dataframe[f"dc_hi_{n}"] = dataframe["high"].rolling(n).max().shift(1)
/freqtrade/user_data/strategies/TrendVolTarget.py:50: PerformanceWarning: DataFrame is highly fragmented.  This is usually the result of calling `frame.insert` many times, which has poor performance.  Consider joining all columns at once using pd.concat(axis=1) instead. To get a de-fragmented frame, use `newframe = frame.copy()`
  dataframe[f"dc_hi_{n}"] = dataframe["high"].rolling(n).max().shift(1)
/freqtrade/user_data/strategies/TrendVolTarget.py:50: PerformanceWarning: DataFrame is highly fragmented.  This is usually the result of calling `frame.insert` many times, which has poor performance.  Consider joining all columns at once using pd.concat(axis=1) instead. To get a de-fragmented frame, use `newframe = frame.copy()`
  dataframe[f"dc_hi_{n}"] = dataframe["high"].rolling(n).max().shift(1)
/freqtrade/user_data/strategies/TrendVolTarget.py:50: PerformanceWarning: DataFrame is highly fragmented.  This is usually the result of calling `frame.insert` many times, which has poor performance.  Consider joining all columns at once using pd.concat(axis=1) instead. To get a de-fragmented frame, use `newframe = frame.copy()`
  dataframe[f"dc_hi_{n}"] = dataframe["high"].rolling(n).max().shift(1)
/freqtrade/user_data/strategies/TrendVolTarget.py:50: PerformanceWarning: DataFrame is highly fragmented.  This is usually the result of calling `frame.insert` many times, which has poor performance.  Consider joining all columns at once using pd.concat(axis=1) instead. To get a de-fragmented frame, use `newframe = frame.copy()`
  dataframe[f"dc_hi_{n}"] = dataframe["high"].rolling(n).max().shift(1)
/freqtrade/user_data/strategies/TrendVolTarget.py:50: PerformanceWarning: DataFrame is highly fragmented.  This is usually the result of calling `frame.insert` many times, which has poor performance.  Consider joining all columns at once using pd.concat(axis=1) instead. To get a de-fragmented frame, use `newframe = frame.copy()`
  dataframe[f"dc_hi_{n}"] = dataframe["high"].rolling(n).max().shift(1)
/freqtrade/user_data/strategies/TrendVolTarget.py:50: PerformanceWarning: DataFrame is highly fragmented.  This is usually the result of calling `frame.insert` many times, which has poor performance.  Consider joining all columns at once using pd.concat(axis=1) instead. To get a de-fragmented frame, use `newframe = frame.copy()`
  dataframe[f"dc_hi_{n}"] = dataframe["high"].rolling(n).max().shift(1)
/freqtrade/user_data/strategies/TrendVolTarget.py:50: PerformanceWarning: DataFrame is highly fragmented.  This is usually the result of calling `frame.insert` many times, which has poor performance.  Consider joining all columns at once using pd.concat(axis=1) instead. To get a de-fragmented frame, use `newframe = frame.copy()`
  dataframe[f"dc_hi_{n}"] = dataframe["high"].rolling(n).max().shift(1)
/freqtrade/user_data/strategies/TrendVolTarget.py:50: PerformanceWarning: DataFrame is highly fragmented.  This is usually the result of calling `frame.insert` many times, which has poor performance.  Consider joining all columns at once using pd.concat(axis=1) instead. To get a de-fragmented frame, use `newframe = frame.copy()`
  dataframe[f"dc_hi_{n}"] = dataframe["high"].rolling(n).max().shift(1)
/freqtrade/user_data/strategies/TrendVolTarget.py:50: PerformanceWarning: DataFrame is highly fragmented.  This is usually the result of calling `frame.insert` many times, which has poor performance.  Consider joining all columns at once using pd.concat(axis=1) instead. To get a de-fragmented frame, use `newframe = frame.copy()`
  dataframe[f"dc_hi_{n}"] = dataframe["high"].rolling(n).max().shift(1)
/freqtrade/user_data/strategies/TrendVolTarget.py:50: PerformanceWarning: DataFrame is highly fragmented.  This is usually the result of calling `frame.insert` many times, which has poor performance.  Consider joining all columns at once using pd.concat(axis=1) instead. To get a de-fragmented frame, use `newframe = frame.copy()`
  dataframe[f"dc_hi_{n}"] = dataframe["high"].rolling(n).max().shift(1)
/freqtrade/user_data/strategies/TrendVolTarget.py:50: PerformanceWarning: DataFrame is highly fragmented.  This is usually the result of calling `frame.insert` many times, which has poor performance.  Consider joining all columns at once using pd.concat(axis=1) instead. To get a de-fragmented frame, use `newframe = frame.copy()`
  dataframe[f"dc_hi_{n}"] = dataframe["high"].rolling(n).max().shift(1)
/freqtrade/user_data/strategies/TrendVolTarget.py:50: PerformanceWarning: DataFrame is highly fragmented.  This is usually the result of calling `frame.insert` many times, which has poor performance.  Consider joining all columns at once using pd.concat(axis=1) instead. To get a de-fragmented frame, use `newframe = frame.copy()`
  dataframe[f"dc_hi_{n}"] = dataframe["high"].rolling(n).max().shift(1)
/freqtrade/user_data/strategies/TrendVolTarget.py:50: PerformanceWarning: DataFrame is highly fragmented.  This is usually the result of calling `frame.insert` many times, which has poor performance.  Consider joining all columns at once using pd.concat(axis=1) instead. To get a de-fragmented frame, use `newframe = frame.copy()`
  dataframe[f"dc_hi_{n}"] = dataframe["high"].rolling(n).max().shift(1)
/freqtrade/user_data/strategies/TrendVolTarget.py:50: PerformanceWarning: DataFrame is highly fragmented.  This is usually the result of calling `frame.insert` many times, which has poor performance.  Consider joining all columns at once using pd.concat(axis=1) instead. To get a de-fragmented frame, use `newframe = frame.copy()`
  dataframe[f"dc_hi_{n}"] = dataframe["high"].rolling(n).max().shift(1)
/freqtrade/user_data/strategies/TrendVolTarget.py:50: PerformanceWarning: DataFrame is highly fragmented.  This is usually the result of calling `frame.insert` many times, which has poor performance.  Consider joining all columns at once using pd.concat(axis=1) instead. To get a de-fragmented frame, use `newframe = frame.copy()`
  dataframe[f"dc_hi_{n}"] = dataframe["high"].rolling(n).max().shift(1)
/freqtrade/user_data/strategies/TrendVolTarget.py:50: PerformanceWarning: DataFrame is highly fragmented.  This is usually the result of calling `frame.insert` many times, which has poor performance.  Consider joining all columns at once using pd.concat(axis=1) instead. To get a de-fragmented frame, use `newframe = frame.copy()`
  dataframe[f"dc_hi_{n}"] = dataframe["high"].rolling(n).max().shift(1)
/freqtrade/user_data/strategies/TrendVolTarget.py:50: PerformanceWarning: DataFrame is highly fragmented.  This is usually the result of calling `frame.insert` many times, which has poor performance.  Consider joining all columns at once using pd.concat(axis=1) instead. To get a de-fragmented frame, use `newframe = frame.copy()`
  dataframe[f"dc_hi_{n}"] = dataframe["high"].rolling(n).max().shift(1)
/freqtrade/user_data/strategies/TrendVolTarget.py:50: PerformanceWarning: DataFrame is highly fragmented.  This is usually the result of calling `frame.insert` many times, which has poor performance.  Consider joining all columns at once using pd.concat(axis=1) instead. To get a de-fragmented frame, use `newframe = frame.copy()`
  dataframe[f"dc_hi_{n}"] = dataframe["high"].rolling(n).max().shift(1)
/freqtrade/user_data/strategies/TrendVolTarget.py:50: PerformanceWarning: DataFrame is highly fragmented.  This is usually the result of calling `frame.insert` many times, which has poor performance.  Consider joining all columns at once using pd.concat(axis=1) instead. To get a de-fragmented frame, use `newframe = frame.copy()`
  dataframe[f"dc_hi_{n}"] = dataframe["high"].rolling(n).max().shift(1)
/freqtrade/user_data/strategies/TrendVolTarget.py:50: PerformanceWarning: DataFrame is highly fragmented.  This is usually the result of calling `frame.insert` many times, which has poor performance.  Consider joining all columns at once using pd.concat(axis=1) instead. To get a de-fragmented frame, use `newframe = frame.copy()`
  dataframe[f"dc_hi_{n}"] = dataframe["high"].rolling(n).max().shift(1)
/freqtrade/user_data/strategies/TrendVolTarget.py:50: PerformanceWarning: DataFrame is highly fragmented.  This is usually the result of calling `frame.insert` many times, which has poor performance.  Consider joining all columns at once using pd.concat(axis=1) instead. To get a de-fragmented frame, use `newframe = frame.copy()`
  dataframe[f"dc_hi_{n}"] = dataframe["high"].rolling(n).max().shift(1)
/freqtrade/user_data/strategies/TrendVolTarget.py:50: PerformanceWarning: DataFrame is highly fragmented.  This is usually the result of calling `frame.insert` many times, which has poor performance.  Consider joining all columns at once using pd.concat(axis=1) instead. To get a de-fragmented frame, use `newframe = frame.copy()`
  dataframe[f"dc_hi_{n}"] = dataframe["high"].rolling(n).max().shift(1)
/freqtrade/user_data/strategies/TrendVolTarget.py:50: PerformanceWarning: DataFrame is highly fragmented.  This is usually the result of calling `frame.insert` many times, which has poor performance.  Consider joining all columns at once using pd.concat(axis=1) instead. To get a de-fragmented frame, use `newframe = frame.copy()`
  dataframe[f"dc_hi_{n}"] = dataframe["high"].rolling(n).max().shift(1)
/freqtrade/user_data/strategies/TrendVolTarget.py:50: PerformanceWarning: DataFrame is highly fragmented.  This is usually the result of calling `frame.insert` many times, which has poor performance.  Consider joining all columns at once using pd.concat(axis=1) instead. To get a de-fragmented frame, use `newframe = frame.copy()`
  dataframe[f"dc_hi_{n}"] = dataframe["high"].rolling(n).max().shift(1)
/freqtrade/user_data/strategies/TrendVolTarget.py:50: PerformanceWarning: DataFrame is highly fragmented.  This is usually the result of calling `frame.insert` many times, which has poor performance.  Consider joining all columns at once using pd.concat(axis=1) instead. To get a de-fragmented frame, use `newframe = frame.copy()`
  dataframe[f"dc_hi_{n}"] = dataframe["high"].rolling(n).max().shift(1)
/freqtrade/user_data/strategies/TrendVolTarget.py:50: PerformanceWarning: DataFrame is highly fragmented.  This is usually the result of calling `frame.insert` many times, which has poor performance.  Consider joining all columns at once using pd.concat(axis=1) instead. To get a de-fragmented frame, use `newframe = frame.copy()`
  dataframe[f"dc_hi_{n}"] = dataframe["high"].rolling(n).max().shift(1)
/freqtrade/user_data/strategies/TrendVolTarget.py:50: PerformanceWarning: DataFrame is highly fragmented.  This is usually the result of calling `frame.insert` many times, which has poor performance.  Consider joining all columns at once using pd.concat(axis=1) instead. To get a de-fragmented frame, use `newframe = frame.copy()`
  dataframe[f"dc_hi_{n}"] = dataframe["high"].rolling(n).max().shift(1)
/freqtrade/user_data/strategies/TrendVolTarget.py:50: PerformanceWarning: DataFrame is highly fragmented.  This is usually the result of calling `frame.insert` many times, which has poor performance.  Consider joining all columns at once using pd.concat(axis=1) instead. To get a de-fragmented frame, use `newframe = frame.copy()`
  dataframe[f"dc_hi_{n}"] = dataframe["high"].rolling(n).max().shift(1)
/freqtrade/user_data/strategies/TrendVolTarget.py:50: PerformanceWarning: DataFrame is highly fragmented.  This is usually the result of calling `frame.insert` many times, which has poor performance.  Consider joining all columns at once using pd.concat(axis=1) instead. To get a de-fragmented frame, use `newframe = frame.copy()`
  dataframe[f"dc_hi_{n}"] = dataframe["high"].rolling(n).max().shift(1)
/freqtrade/user_data/strategies/TrendVolTarget.py:50: PerformanceWarning: DataFrame is highly fragmented.  This is usually the result of calling `frame.insert` many times, which has poor performance.  Consider joining all columns at once using pd.concat(axis=1) instead. To get a de-fragmented frame, use `newframe = frame.copy()`
  dataframe[f"dc_hi_{n}"] = dataframe["high"].rolling(n).max().shift(1)
/freqtrade/user_data/strategies/TrendVolTarget.py:50: PerformanceWarning: DataFrame is highly fragmented.  This is usually the result of calling `frame.insert` many times, which has poor performance.  Consider joining all columns at once using pd.concat(axis=1) instead. To get a de-fragmented frame, use `newframe = frame.copy()`
  dataframe[f"dc_hi_{n}"] = dataframe["high"].rolling(n).max().shift(1)
/freqtrade/user_data/strategies/TrendVolTarget.py:50: PerformanceWarning: DataFrame is highly fragmented.  This is usually the result of calling `frame.insert` many times, which has poor performance.  Consider joining all columns at once using pd.concat(axis=1) instead. To get a de-fragmented frame, use `newframe = frame.copy()`
  dataframe[f"dc_hi_{n}"] = dataframe["high"].rolling(n).max().shift(1)
/freqtrade/user_data/strategies/TrendVolTarget.py:50: PerformanceWarning: DataFrame is highly fragmented.  This is usually the result of calling `frame.insert` many times, which has poor performance.  Consider joining all columns at once using pd.concat(axis=1) instead. To get a de-fragmented frame, use `newframe = frame.copy()`
  dataframe[f"dc_hi_{n}"] = dataframe["high"].rolling(n).max().shift(1)
/freqtrade/user_data/strategies/TrendVolTarget.py:50: PerformanceWarning: DataFrame is highly fragmented.  This is usually the result of calling `frame.insert` many times, which has poor performance.  Consider joining all columns at once using pd.concat(axis=1) instead. To get a de-fragmented frame, use `newframe = frame.copy()`
  dataframe[f"dc_hi_{n}"] = dataframe["high"].rolling(n).max().shift(1)
/freqtrade/user_data/strategies/TrendVolTarget.py:50: PerformanceWarning: DataFrame is highly fragmented.  This is usually the result of calling `frame.insert` many times, which has poor performance.  Consider joining all columns at once using pd.concat(axis=1) instead. To get a de-fragmented frame, use `newframe = frame.copy()`
  dataframe[f"dc_hi_{n}"] = dataframe["high"].rolling(n).max().shift(1)
/freqtrade/user_data/strategies/TrendVolTarget.py:50: PerformanceWarning: DataFrame is highly fragmented.  This is usually the result of calling `frame.insert` many times, which has poor performance.  Consider joining all columns at once using pd.concat(axis=1) instead. To get a de-fragmented frame, use `newframe = frame.copy()`
  dataframe[f"dc_hi_{n}"] = dataframe["high"].rolling(n).max().shift(1)
/freqtrade/user_data/strategies/TrendVolTarget.py:50: PerformanceWarning: DataFrame is highly fragmented.  This is usually the result of calling `frame.insert` many times, which has poor performance.  Consider joining all columns at once using pd.concat(axis=1) instead. To get a de-fragmented frame, use `newframe = frame.copy()`
  dataframe[f"dc_hi_{n}"] = dataframe["high"].rolling(n).max().shift(1)
/freqtrade/user_data/strategies/TrendVolTarget.py:50: PerformanceWarning: DataFrame is highly fragmented.  This is usually the result of calling `frame.insert` many times, which has poor performance.  Consider joining all columns at once using pd.concat(axis=1) instead. To get a de-fragmented frame, use `newframe = frame.copy()`
  dataframe[f"dc_hi_{n}"] = dataframe["high"].rolling(n).max().shift(1)
/freqtrade/user_data/strategies/TrendVolTarget.py:50: PerformanceWarning: DataFrame is highly fragmented.  This is usually the result of calling `frame.insert` many times, which has poor performance.  Consider joining all columns at once using pd.concat(axis=1) instead. To get a de-fragmented frame, use `newframe = frame.copy()`
  dataframe[f"dc_hi_{n}"] = dataframe["high"].rolling(n).max().shift(1)
/freqtrade/user_data/strategies/TrendVolTarget.py:50: PerformanceWarning: DataFrame is highly fragmented.  This is usually the result of calling `frame.insert` many times, which has poor performance.  Consider joining all columns at once using pd.concat(axis=1) instead. To get a de-fragmented frame, use `newframe = frame.copy()`
  dataframe[f"dc_hi_{n}"] = dataframe["high"].rolling(n).max().shift(1)
/freqtrade/user_data/strategies/TrendVolTarget.py:50: PerformanceWarning: DataFrame is highly fragmented.  This is usually the result of calling `frame.insert` many times, which has poor performance.  Consider joining all columns at once using pd.concat(axis=1) instead. To get a de-fragmented frame, use `newframe = frame.copy()`
  dataframe[f"dc_hi_{n}"] = dataframe["high"].rolling(n).max().shift(1)
/freqtrade/user_data/strategies/TrendVolTarget.py:50: PerformanceWarning: DataFrame is highly fragmented.  This is usually the result of calling `frame.insert` many times, which has poor performance.  Consider joining all columns at once using pd.concat(axis=1) instead. To get a de-fragmented frame, use `newframe = frame.copy()`
  dataframe[f"dc_hi_{n}"] = dataframe["high"].rolling(n).max().shift(1)
/freqtrade/user_data/strategies/TrendVolTarget.py:53: PerformanceWarning: DataFrame is highly fragmented.  This is usually the result of calling `frame.insert` many times, which has poor performance.  Consider joining all columns at once using pd.concat(axis=1) instead. To get a de-fragmented frame, use `newframe = frame.copy()`
  dataframe["sma_f"] = ta.SMA(dataframe, timeperiod=60)
/freqtrade/user_data/strategies/TrendVolTarget.py:54: PerformanceWarning: DataFrame is highly fragmented.  This is usually the result of calling `frame.insert` many times, which has poor performance.  Consider joining all columns at once using pd.concat(axis=1) instead. To get a de-fragmented frame, use `newframe = frame.copy()`
  dataframe["sma_s"] = ta.SMA(dataframe, timeperiod=240)
/freqtrade/user_data/strategies/TrendVolTarget.py:56: PerformanceWarning: DataFrame is highly fragmented.  This is usually the result of calling `frame.insert` many times, which has poor performance.  Consider joining all columns at once using pd.concat(axis=1) instead. To get a de-fragmented frame, use `newframe = frame.copy()`
  dataframe["rvol"] = dataframe["close"].pct_change().rolling(90).std() * np.sqrt(6 * 365)
/freqtrade/user_data/strategies/TrendVolTarget.py:50: PerformanceWarning: DataFrame is highly fragmented.  This is usually the result of calling `frame.insert` many times, which has poor performance.  Consider joining all columns at once using pd.concat(axis=1) instead. To get a de-fragmented frame, use `newframe = frame.copy()`
  dataframe[f"dc_hi_{n}"] = dataframe["high"].rolling(n).max().shift(1)
/freqtrade/user_data/strategies/TrendVolTarget.py:50: PerformanceWarning: DataFrame is highly fragmented.  This is usually the result of calling `frame.insert` many times, which has poor performance.  Consider joining all columns at once using pd.concat(axis=1) instead. To get a de-fragmented frame, use `newframe = frame.copy()`
  dataframe[f"dc_hi_{n}"] = dataframe["high"].rolling(n).max().shift(1)
/freqtrade/user_data/strategies/TrendVolTarget.py:50: PerformanceWarning: DataFrame is highly fragmented.  This is usually the result of calling `frame.insert` many times, which has poor performance.  Consider joining all columns at once using pd.concat(axis=1) instead. To get a de-fragmented frame, use `newframe = frame.copy()`
  dataframe[f"dc_hi_{n}"] = dataframe["high"].rolling(n).max().shift(1)
/freqtrade/user_data/strategies/TrendVolTarget.py:50: PerformanceWarning: DataFrame is highly fragmented.  This is usually the result of calling `frame.insert` many times, which has poor performance.  Consider joining all columns at once using pd.concat(axis=1) instead. To get a de-fragmented frame, use `newframe = frame.copy()`
  dataframe[f"dc_hi_{n}"] = dataframe["high"].rolling(n).max().shift(1)
/freqtrade/user_data/strategies/TrendVolTarget.py:50: PerformanceWarning: DataFrame is highly fragmented.  This is usually the result of calling `frame.insert` many times, which has poor performance.  Consider joining all columns at once using pd.concat(axis=1) instead. To get a de-fragmented frame, use `newframe = frame.copy()`
  dataframe[f"dc_hi_{n}"] = dataframe["high"].rolling(n).max().shift(1)
/freqtrade/user_data/strategies/TrendVolTarget.py:50: PerformanceWarning: DataFrame is highly fragmented.  This is usually the result of calling `frame.insert` many times, which has poor performance.  Consider joining all columns at once using pd.concat(axis=1) instead. To get a de-fragmented frame, use `newframe = frame.copy()`
  dataframe[f"dc_hi_{n}"] = dataframe["high"].rolling(n).max().shift(1)
/freqtrade/user_data/strategies/TrendVolTarget.py:50: PerformanceWarning: DataFrame is highly fragmented.  This is usually the result of calling `frame.insert` many times, which has poor performance.  Consider joining all columns at once using pd.concat(axis=1) instead. To get a de-fragmented frame, use `newframe = frame.copy()`
  dataframe[f"dc_hi_{n}"] = dataframe["high"].rolling(n).max().shift(1)
/freqtrade/user_data/strategies/TrendVolTarget.py:50: PerformanceWarning: DataFrame is highly fragmented.  This is usually the result of calling `frame.insert` many times, which has poor performance.  Consider joining all columns at once using pd.concat(axis=1) instead. To get a de-fragmented frame, use `newframe = frame.copy()`
  dataframe[f"dc_hi_{n}"] = dataframe["high"].rolling(n).max().shift(1)
/freqtrade/user_data/strategies/TrendVolTarget.py:50: PerformanceWarning: DataFrame is highly fragmented.  This is usually the result of calling `frame.insert` many times, which has poor performance.  Consider joining all columns at once using pd.concat(axis=1) instead. To get a de-fragmented frame, use `newframe = frame.copy()`
  dataframe[f"dc_hi_{n}"] = dataframe["high"].rolling(n).max().shift(1)
/freqtrade/user_data/strategies/TrendVolTarget.py:50: PerformanceWarning: DataFrame is highly fragmented.  This is usually the result of calling `frame.insert` many times, which has poor performance.  Consider joining all columns at once using pd.concat(axis=1) instead. To get a de-fragmented frame, use `newframe = frame.copy()`
  dataframe[f"dc_hi_{n}"] = dataframe["high"].rolling(n).max().shift(1)
/freqtrade/user_data/strategies/TrendVolTarget.py:50: PerformanceWarning: DataFrame is highly fragmented.  This is usually the result of calling `frame.insert` many times, which has poor performance.  Consider joining all columns at once using pd.concat(axis=1) instead. To get a de-fragmented frame, use `newframe = frame.copy()`
  dataframe[f"dc_hi_{n}"] = dataframe["high"].rolling(n).max().shift(1)
/freqtrade/user_data/strategies/TrendVolTarget.py:50: PerformanceWarning: DataFrame is highly fragmented.  This is usually the result of calling `frame.insert` many times, which has poor performance.  Consider joining all columns at once using pd.concat(axis=1) instead. To get a de-fragmented frame, use `newframe = frame.copy()`
  dataframe[f"dc_hi_{n}"] = dataframe["high"].rolling(n).max().shift(1)
/freqtrade/user_data/strategies/TrendVolTarget.py:50: PerformanceWarning: DataFrame is highly fragmented.  This is usually the result of calling `frame.insert` many times, which has poor performance.  Consider joining all columns at once using pd.concat(axis=1) instead. To get a de-fragmented frame, use `newframe = frame.copy()`
  dataframe[f"dc_hi_{n}"] = dataframe["high"].rolling(n).max().shift(1)
/freqtrade/user_data/strategies/TrendVolTarget.py:50: PerformanceWarning: DataFrame is highly fragmented.  This is usually the result of calling `frame.insert` many times, which has poor performance.  Consider joining all columns at once using pd.concat(axis=1) instead. To get a de-fragmented frame, use `newframe = frame.copy()`
  dataframe[f"dc_hi_{n}"] = dataframe["high"].rolling(n).max().shift(1)
/freqtrade/user_data/strategies/TrendVolTarget.py:50: PerformanceWarning: DataFrame is highly fragmented.  This is usually the result of calling `frame.insert` many times, which has poor performance.  Consider joining all columns at once using pd.concat(axis=1) instead. To get a de-fragmented frame, use `newframe = frame.copy()`
  dataframe[f"dc_hi_{n}"] = dataframe["high"].rolling(n).max().shift(1)
/freqtrade/user_data/strategies/TrendVolTarget.py:50: PerformanceWarning: DataFrame is highly fragmented.  This is usually the result of calling `frame.insert` many times, which has poor performance.  Consider joining all columns at once using pd.concat(axis=1) instead. To get a de-fragmented frame, use `newframe = frame.copy()`
  dataframe[f"dc_hi_{n}"] = dataframe["high"].rolling(n).max().shift(1)
/freqtrade/user_data/strategies/TrendVolTarget.py:50: PerformanceWarning: DataFrame is highly fragmented.  This is usually the result of calling `frame.insert` many times, which has poor performance.  Consider joining all columns at once using pd.concat(axis=1) instead. To get a de-fragmented frame, use `newframe = frame.copy()`
  dataframe[f"dc_hi_{n}"] = dataframe["high"].rolling(n).max().shift(1)
/freqtrade/user_data/strategies/TrendVolTarget.py:50: PerformanceWarning: DataFrame is highly fragmented.  This is usually the result of calling `frame.insert` many times, which has poor performance.  Consider joining all columns at once using pd.concat(axis=1) instead. To get a de-fragmented frame, use `newframe = frame.copy()`
  dataframe[f"dc_hi_{n}"] = dataframe["high"].rolling(n).max().shift(1)
/freqtrade/user_data/strategies/TrendVolTarget.py:50: PerformanceWarning: DataFrame is highly fragmented.  This is usually the result of calling `frame.insert` many times, which has poor performance.  Consider joining all columns at once using pd.concat(axis=1) instead. To get a de-fragmented frame, use `newframe = frame.copy()`
  dataframe[f"dc_hi_{n}"] = dataframe["high"].rolling(n).max().shift(1)
/freqtrade/user_data/strategies/TrendVolTarget.py:50: PerformanceWarning: DataFrame is highly fragmented.  This is usually the result of calling `frame.insert` many times, which has poor performance.  Consider joining all columns at once using pd.concat(axis=1) instead. To get a de-fragmented frame, use `newframe = frame.copy()`
  dataframe[f"dc_hi_{n}"] = dataframe["high"].rolling(n).max().shift(1)
/freqtrade/user_data/strategies/TrendVolTarget.py:50: PerformanceWarning: DataFrame is highly fragmented.  This is usually the result of calling `frame.insert` many times, which has poor performance.  Consider joining all columns at once using pd.concat(axis=1) instead. To get a de-fragmented frame, use `newframe = frame.copy()`
  dataframe[f"dc_hi_{n}"] = dataframe["high"].rolling(n).max().shift(1)
/freqtrade/user_data/strategies/TrendVolTarget.py:50: PerformanceWarning: DataFrame is highly fragmented.  This is usually the result of calling `frame.insert` many times, which has poor performance.  Consider joining all columns at once using pd.concat(axis=1) instead. To get a de-fragmented frame, use `newframe = frame.copy()`
  dataframe[f"dc_hi_{n}"] = dataframe["high"].rolling(n).max().shift(1)
/freqtrade/user_data/strategies/TrendVolTarget.py:50: PerformanceWarning: DataFrame is highly fragmented.  This is usually the result of calling `frame.insert` many times, which has poor performance.  Consider joining all columns at once using pd.concat(axis=1) instead. To get a de-fragmented frame, use `newframe = frame.copy()`
  dataframe[f"dc_hi_{n}"] = dataframe["high"].rolling(n).max().shift(1)
/freqtrade/user_data/strategies/TrendVolTarget.py:50: PerformanceWarning: DataFrame is highly fragmented.  This is usually the result of calling `frame.insert` many times, which has poor performance.  Consider joining all columns at once using pd.concat(axis=1) instead. To get a de-fragmented frame, use `newframe = frame.copy()`
  dataframe[f"dc_hi_{n}"] = dataframe["high"].rolling(n).max().shift(1)
/freqtrade/user_data/strategies/TrendVolTarget.py:50: PerformanceWarning: DataFrame is highly fragmented.  This is usually the result of calling `frame.insert` many times, which has poor performance.  Consider joining all columns at once using pd.concat(axis=1) instead. To get a de-fragmented frame, use `newframe = frame.copy()`
  dataframe[f"dc_hi_{n}"] = dataframe["high"].rolling(n).max().shift(1)
/freqtrade/user_data/strategies/TrendVolTarget.py:50: PerformanceWarning: DataFrame is highly fragmented.  This is usually the result of calling `frame.insert` many times, which has poor performance.  Consider joining all columns at once using pd.concat(axis=1) instead. To get a de-fragmented frame, use `newframe = frame.copy()`
  dataframe[f"dc_hi_{n}"] = dataframe["high"].rolling(n).max().shift(1)
/freqtrade/user_data/strategies/TrendVolTarget.py:50: PerformanceWarning: DataFrame is highly fragmented.  This is usually the result of calling `frame.insert` many times, which has poor performance.  Consider joining all columns at once using pd.concat(axis=1) instead. To get a de-fragmented frame, use `newframe = frame.copy()`
  dataframe[f"dc_hi_{n}"] = dataframe["high"].rolling(n).max().shift(1)
/freqtrade/user_data/strategies/TrendVolTarget.py:50: PerformanceWarning: DataFrame is highly fragmented.  This is usually the result of calling `frame.insert` many times, which has poor performance.  Consider joining all columns at once using pd.concat(axis=1) instead. To get a de-fragmented frame, use `newframe = frame.copy()`
  dataframe[f"dc_hi_{n}"] = dataframe["high"].rolling(n).max().shift(1)
/freqtrade/user_data/strategies/TrendVolTarget.py:50: PerformanceWarning: DataFrame is highly fragmented.  This is usually the result of calling `frame.insert` many times, which has poor performance.  Consider joining all columns at once using pd.concat(axis=1) instead. To get a de-fragmented frame, use `newframe = frame.copy()`
  dataframe[f"dc_hi_{n}"] = dataframe["high"].rolling(n).max().shift(1)
/freqtrade/user_data/strategies/TrendVolTarget.py:50: PerformanceWarning: DataFrame is highly fragmented.  This is usually the result of calling `frame.insert` many times, which has poor performance.  Consider joining all columns at once using pd.concat(axis=1) instead. To get a de-fragmented frame, use `newframe = frame.copy()`
  dataframe[f"dc_hi_{n}"] = dataframe["high"].rolling(n).max().shift(1)
/freqtrade/user_data/strategies/TrendVolTarget.py:50: PerformanceWarning: DataFrame is highly fragmented.  This is usually the result of calling `frame.insert` many times, which has poor performance.  Consider joining all columns at once using pd.concat(axis=1) instead. To get a de-fragmented frame, use `newframe = frame.copy()`
  dataframe[f"dc_hi_{n}"] = dataframe["high"].rolling(n).max().shift(1)
/freqtrade/user_data/strategies/TrendVolTarget.py:50: PerformanceWarning: DataFrame is highly fragmented.  This is usually the result of calling `frame.insert` many times, which has poor performance.  Consider joining all columns at once using pd.concat(axis=1) instead. To get a de-fragmented frame, use `newframe = frame.copy()`
  dataframe[f"dc_hi_{n}"] = dataframe["high"].rolling(n).max().shift(1)
/freqtrade/user_data/strategies/TrendVolTarget.py:50: PerformanceWarning: DataFrame is highly fragmented.  This is usually the result of calling `frame.insert` many times, which has poor performance.  Consider joining all columns at once using pd.concat(axis=1) instead. To get a de-fragmented frame, use `newframe = frame.copy()`
  dataframe[f"dc_hi_{n}"] = dataframe["high"].rolling(n).max().shift(1)
/freqtrade/user_data/strategies/TrendVolTarget.py:50: PerformanceWarning: DataFrame is highly fragmented.  This is usually the result of calling `frame.insert` many times, which has poor performance.  Consider joining all columns at once using pd.concat(axis=1) instead. To get a de-fragmented frame, use `newframe = frame.copy()`
  dataframe[f"dc_hi_{n}"] = dataframe["high"].rolling(n).max().shift(1)
/freqtrade/user_data/strategies/TrendVolTarget.py:50: PerformanceWarning: DataFrame is highly fragmented.  This is usually the result of calling `frame.insert` many times, which has poor performance.  Consider joining all columns at once using pd.concat(axis=1) instead. To get a de-fragmented frame, use `newframe = frame.copy()`
  dataframe[f"dc_hi_{n}"] = dataframe["high"].rolling(n).max().shift(1)
/freqtrade/user_data/strategies/TrendVolTarget.py:50: PerformanceWarning: DataFrame is highly fragmented.  This is usually the result of calling `frame.insert` many times, which has poor performance.  Consider joining all columns at once using pd.concat(axis=1) instead. To get a de-fragmented frame, use `newframe = frame.copy()`
  dataframe[f"dc_hi_{n}"] = dataframe["high"].rolling(n).max().shift(1)
/freqtrade/user_data/strategies/TrendVolTarget.py:50: PerformanceWarning: DataFrame is highly fragmented.  This is usually the result of calling `frame.insert` many times, which has poor performance.  Consider joining all columns at once using pd.concat(axis=1) instead. To get a de-fragmented frame, use `newframe = frame.copy()`
  dataframe[f"dc_hi_{n}"] = dataframe["high"].rolling(n).max().shift(1)
/freqtrade/user_data/strategies/TrendVolTarget.py:50: PerformanceWarning: DataFrame is highly fragmented.  This is usually the result of calling `frame.insert` many times, which has poor performance.  Consider joining all columns at once using pd.concat(axis=1) instead. To get a de-fragmented frame, use `newframe = frame.copy()`
  dataframe[f"dc_hi_{n}"] = dataframe["high"].rolling(n).max().shift(1)
/freqtrade/user_data/strategies/TrendVolTarget.py:50: PerformanceWarning: DataFrame is highly fragmented.  This is usually the result of calling `frame.insert` many times, which has poor performance.  Consider joining all columns at once using pd.concat(axis=1) instead. To get a de-fragmented frame, use `newframe = frame.copy()`
  dataframe[f"dc_hi_{n}"] = dataframe["high"].rolling(n).max().shift(1)
/freqtrade/user_data/strategies/TrendVolTarget.py:50: PerformanceWarning: DataFrame is highly fragmented.  This is usually the result of calling `frame.insert` many times, which has poor performance.  Consider joining all columns at once using pd.concat(axis=1) instead. To get a de-fragmented frame, use `newframe = frame.copy()`
  dataframe[f"dc_hi_{n}"] = dataframe["high"].rolling(n).max().shift(1)
/freqtrade/user_data/strategies/TrendVolTarget.py:50: PerformanceWarning: DataFrame is highly fragmented.  This is usually the result of calling `frame.insert` many times, which has poor performance.  Consider joining all columns at once using pd.concat(axis=1) instead. To get a de-fragmented frame, use `newframe = frame.copy()`
  dataframe[f"dc_hi_{n}"] = dataframe["high"].rolling(n).max().shift(1)
/freqtrade/user_data/strategies/TrendVolTarget.py:50: PerformanceWarning: DataFrame is highly fragmented.  This is usually the result of calling `frame.insert` many times, which has poor performance.  Consider joining all columns at once using pd.concat(axis=1) instead. To get a de-fragmented frame, use `newframe = frame.copy()`
  dataframe[f"dc_hi_{n}"] = dataframe["high"].rolling(n).max().shift(1)
/freqtrade/user_data/strategies/TrendVolTarget.py:50: PerformanceWarning: DataFrame is highly fragmented.  This is usually the result of calling `frame.insert` many times, which has poor performance.  Consider joining all columns at once using pd.concat(axis=1) instead. To get a de-fragmented frame, use `newframe = frame.copy()`
  dataframe[f"dc_hi_{n}"] = dataframe["high"].rolling(n).max().shift(1)
/freqtrade/user_data/strategies/TrendVolTarget.py:50: PerformanceWarning: DataFrame is highly fragmented.  This is usually the result of calling `frame.insert` many times, which has poor performance.  Consider joining all columns at once using pd.concat(axis=1) instead. To get a de-fragmented frame, use `newframe = frame.copy()`
  dataframe[f"dc_hi_{n}"] = dataframe["high"].rolling(n).max().shift(1)
/freqtrade/user_data/strategies/TrendVolTarget.py:50: PerformanceWarning: DataFrame is highly fragmented.  This is usually the result of calling `frame.insert` many times, which has poor performance.  Consider joining all columns at once using pd.concat(axis=1) instead. To get a de-fragmented frame, use `newframe = frame.copy()`
  dataframe[f"dc_hi_{n}"] = dataframe["high"].rolling(n).max().shift(1)
/freqtrade/user_data/strategies/TrendVolTarget.py:50: PerformanceWarning: DataFrame is highly fragmented.  This is usually the result of calling `frame.insert` many times, which has poor performance.  Consider joining all columns at once using pd.concat(axis=1) instead. To get a de-fragmented frame, use `newframe = frame.copy()`
  dataframe[f"dc_hi_{n}"] = dataframe["high"].rolling(n).max().shift(1)
/freqtrade/user_data/strategies/TrendVolTarget.py:50: PerformanceWarning: DataFrame is highly fragmented.  This is usually the result of calling `frame.insert` many times, which has poor performance.  Consider joining all columns at once using pd.concat(axis=1) instead. To get a de-fragmented frame, use `newframe = frame.copy()`
  dataframe[f"dc_hi_{n}"] = dataframe["high"].rolling(n).max().shift(1)
/freqtrade/user_data/strategies/TrendVolTarget.py:50: PerformanceWarning: DataFrame is highly fragmented.  This is usually the result of calling `frame.insert` many times, which has poor performance.  Consider joining all columns at once using pd.concat(axis=1) instead. To get a de-fragmented frame, use `newframe = frame.copy()`
  dataframe[f"dc_hi_{n}"] = dataframe["high"].rolling(n).max().shift(1)
/freqtrade/user_data/strategies/TrendVolTarget.py:50: PerformanceWarning: DataFrame is highly fragmented.  This is usually the result of calling `frame.insert` many times, which has poor performance.  Consider joining all columns at once using pd.concat(axis=1) instead. To get a de-fragmented frame, use `newframe = frame.copy()`
  dataframe[f"dc_hi_{n}"] = dataframe["high"].rolling(n).max().shift(1)
/freqtrade/user_data/strategies/TrendVolTarget.py:50: PerformanceWarning: DataFrame is highly fragmented.  This is usually the result of calling `frame.insert` many times, which has poor performance.  Consider joining all columns at once using pd.concat(axis=1) instead. To get a de-fragmented frame, use `newframe = frame.copy()`
  dataframe[f"dc_hi_{n}"] = dataframe["high"].rolling(n).max().shift(1)
/freqtrade/user_data/strategies/TrendVolTarget.py:50: PerformanceWarning: DataFrame is highly fragmented.  This is usually the result of calling `frame.insert` many times, which has poor performance.  Consider joining all columns at once using pd.concat(axis=1) instead. To get a de-fragmented frame, use `newframe = frame.copy()`
  dataframe[f"dc_hi_{n}"] = dataframe["high"].rolling(n).max().shift(1)
/freqtrade/user_data/strategies/TrendVolTarget.py:50: PerformanceWarning: DataFrame is highly fragmented.  This is usually the result of calling `frame.insert` many times, which has poor performance.  Consider joining all columns at once using pd.concat(axis=1) instead. To get a de-fragmented frame, use `newframe = frame.copy()`
  dataframe[f"dc_hi_{n}"] = dataframe["high"].rolling(n).max().shift(1)
/freqtrade/user_data/strategies/TrendVolTarget.py:50: PerformanceWarning: DataFrame is highly fragmented.  This is usually the result of calling `frame.insert` many times, which has poor performance.  Consider joining all columns at once using pd.concat(axis=1) instead. To get a de-fragmented frame, use `newframe = frame.copy()`
  dataframe[f"dc_hi_{n}"] = dataframe["high"].rolling(n).max().shift(1)
/freqtrade/user_data/strategies/TrendVolTarget.py:50: PerformanceWarning: DataFrame is highly fragmented.  This is usually the result of calling `frame.insert` many times, which has poor performance.  Consider joining all columns at once using pd.concat(axis=1) instead. To get a de-fragmented frame, use `newframe = frame.copy()`
  dataframe[f"dc_hi_{n}"] = dataframe["high"].rolling(n).max().shift(1)
/freqtrade/user_data/strategies/TrendVolTarget.py:50: PerformanceWarning: DataFrame is highly fragmented.  This is usually the result of calling `frame.insert` many times, which has poor performance.  Consider joining all columns at once using pd.concat(axis=1) instead. To get a de-fragmented frame, use `newframe = frame.copy()`
  dataframe[f"dc_hi_{n}"] = dataframe["high"].rolling(n).max().shift(1)
/freqtrade/user_data/strategies/TrendVolTarget.py:50: PerformanceWarning: DataFrame is highly fragmented.  This is usually the result of calling `frame.insert` many times, which has poor performance.  Consider joining all columns at once using pd.concat(axis=1) instead. To get a de-fragmented frame, use `newframe = frame.copy()`
  dataframe[f"dc_hi_{n}"] = dataframe["high"].rolling(n).max().shift(1)
/freqtrade/user_data/strategies/TrendVolTarget.py:50: PerformanceWarning: DataFrame is highly fragmented.  This is usually the result of calling `frame.insert` many times, which has poor performance.  Consider joining all columns at once using pd.concat(axis=1) instead. To get a de-fragmented frame, use `newframe = frame.copy()`
  dataframe[f"dc_hi_{n}"] = dataframe["high"].rolling(n).max().shift(1)
/freqtrade/user_data/strategies/TrendVolTarget.py:50: PerformanceWarning: DataFrame is highly fragmented.  This is usually the result of calling `frame.insert` many times, which has poor performance.  Consider joining all columns at once using pd.concat(axis=1) instead. To get a de-fragmented frame, use `newframe = frame.copy()`
  dataframe[f"dc_hi_{n}"] = dataframe["high"].rolling(n).max().shift(1)
/freqtrade/user_data/strategies/TrendVolTarget.py:50: PerformanceWarning: DataFrame is highly fragmented.  This is usually the result of calling `frame.insert` many times, which has poor performance.  Consider joining all columns at once using pd.concat(axis=1) instead. To get a de-fragmented frame, use `newframe = frame.copy()`
  dataframe[f"dc_hi_{n}"] = dataframe["high"].rolling(n).max().shift(1)
/freqtrade/user_data/strategies/TrendVolTarget.py:50: PerformanceWarning: DataFrame is highly fragmented.  This is usually the result of calling `frame.insert` many times, which has poor performance.  Consider joining all columns at once using pd.concat(axis=1) instead. To get a de-fragmented frame, use `newframe = frame.copy()`
  dataframe[f"dc_hi_{n}"] = dataframe["high"].rolling(n).max().shift(1)
/freqtrade/user_data/strategies/TrendVolTarget.py:50: PerformanceWarning: DataFrame is highly fragmented.  This is usually the result of calling `frame.insert` many times, which has poor performance.  Consider joining all columns at once using pd.concat(axis=1) instead. To get a de-fragmented frame, use `newframe = frame.copy()`
  dataframe[f"dc_hi_{n}"] = dataframe["high"].rolling(n).max().shift(1)
/freqtrade/user_data/strategies/TrendVolTarget.py:50: PerformanceWarning: DataFrame is highly fragmented.  This is usually the result of calling `frame.insert` many times, which has poor performance.  Consider joining all columns at once using pd.concat(axis=1) instead. To get a de-fragmented frame, use `newframe = frame.copy()`
  dataframe[f"dc_hi_{n}"] = dataframe["high"].rolling(n).max().shift(1)
/freqtrade/user_data/strategies/TrendVolTarget.py:50: PerformanceWarning: DataFrame is highly fragmented.  This is usually the result of calling `frame.insert` many times, which has poor performance.  Consider joining all columns at once using pd.concat(axis=1) instead. To get a de-fragmented frame, use `newframe = frame.copy()`
  dataframe[f"dc_hi_{n}"] = dataframe["high"].rolling(n).max().shift(1)
/freqtrade/user_data/strategies/TrendVolTarget.py:50: PerformanceWarning: DataFrame is highly fragmented.  This is usually the result of calling `frame.insert` many times, which has poor performance.  Consider joining all columns at once using pd.concat(axis=1) instead. To get a de-fragmented frame, use `newframe = frame.copy()`
  dataframe[f"dc_hi_{n}"] = dataframe["high"].rolling(n).max().shift(1)
/freqtrade/user_data/strategies/TrendVolTarget.py:50: PerformanceWarning: DataFrame is highly fragmented.  This is usually the result of calling `frame.insert` many times, which has poor performance.  Consider joining all columns at once using pd.concat(axis=1) instead. To get a de-fragmented frame, use `newframe = frame.copy()`
  dataframe[f"dc_hi_{n}"] = dataframe["high"].rolling(n).max().shift(1)
/freqtrade/user_data/strategies/TrendVolTarget.py:50: PerformanceWarning: DataFrame is highly fragmented.  This is usually the result of calling `frame.insert` many times, which has poor performance.  Consider joining all columns at once using pd.concat(axis=1) instead. To get a de-fragmented frame, use `newframe = frame.copy()`
  dataframe[f"dc_hi_{n}"] = dataframe["high"].rolling(n).max().shift(1)
/freqtrade/user_data/strategies/TrendVolTarget.py:50: PerformanceWarning: DataFrame is highly fragmented.  This is usually the result of calling `frame.insert` many times, which has poor performance.  Consider joining all columns at once using pd.concat(axis=1) instead. To get a de-fragmented frame, use `newframe = frame.copy()`
  dataframe[f"dc_hi_{n}"] = dataframe["high"].rolling(n).max().shift(1)
/freqtrade/user_data/strategies/TrendVolTarget.py:50: PerformanceWarning: DataFrame is highly fragmented.  This is usually the result of calling `frame.insert` many times, which has poor performance.  Consider joining all columns at once using pd.concat(axis=1) instead. To get a de-fragmented frame, use `newframe = frame.copy()`
  dataframe[f"dc_hi_{n}"] = dataframe["high"].rolling(n).max().shift(1)
/freqtrade/user_data/strategies/TrendVolTarget.py:50: PerformanceWarning: DataFrame is highly fragmented.  This is usually the result of calling `frame.insert` many times, which has poor performance.  Consider joining all columns at once using pd.concat(axis=1) instead. To get a de-fragmented frame, use `newframe = frame.copy()`
  dataframe[f"dc_hi_{n}"] = dataframe["high"].rolling(n).max().shift(1)
/freqtrade/user_data/strategies/TrendVolTarget.py:50: PerformanceWarning: DataFrame is highly fragmented.  This is usually the result of calling `frame.insert` many times, which has poor performance.  Consider joining all columns at once using pd.concat(axis=1) instead. To get a de-fragmented frame, use `newframe = frame.copy()`
  dataframe[f"dc_hi_{n}"] = dataframe["high"].rolling(n).max().shift(1)
/freqtrade/user_data/strategies/TrendVolTarget.py:50: PerformanceWarning: DataFrame is highly fragmented.  This is usually the result of calling `frame.insert` many times, which has poor performance.  Consider joining all columns at once using pd.concat(axis=1) instead. To get a de-fragmented frame, use `newframe = frame.copy()`
  dataframe[f"dc_hi_{n}"] = dataframe["high"].rolling(n).max().shift(1)
/freqtrade/user_data/strategies/TrendVolTarget.py:50: PerformanceWarning: DataFrame is highly fragmented.  This is usually the result of calling `frame.insert` many times, which has poor performance.  Consider joining all columns at once using pd.concat(axis=1) instead. To get a de-fragmented frame, use `newframe = frame.copy()`
  dataframe[f"dc_hi_{n}"] = dataframe["high"].rolling(n).max().shift(1)
/freqtrade/user_data/strategies/TrendVolTarget.py:50: PerformanceWarning: DataFrame is highly fragmented.  This is usually the result of calling `frame.insert` many times, which has poor performance.  Consider joining all columns at once using pd.concat(axis=1) instead. To get a de-fragmented frame, use `newframe = frame.copy()`
  dataframe[f"dc_hi_{n}"] = dataframe["high"].rolling(n).max().shift(1)
/freqtrade/user_data/strategies/TrendVolTarget.py:50: PerformanceWarning: DataFrame is highly fragmented.  This is usually the result of calling `frame.insert` many times, which has poor performance.  Consider joining all columns at once using pd.concat(axis=1) instead. To get a de-fragmented frame, use `newframe = frame.copy()`
  dataframe[f"dc_hi_{n}"] = dataframe["high"].rolling(n).max().shift(1)
/freqtrade/user_data/strategies/TrendVolTarget.py:50: PerformanceWarning: DataFrame is highly fragmented.  This is usually the result of calling `frame.insert` many times, which has poor performance.  Consider joining all columns at once using pd.concat(axis=1) instead. To get a de-fragmented frame, use `newframe = frame.copy()`
  dataframe[f"dc_hi_{n}"] = dataframe["high"].rolling(n).max().shift(1)
/freqtrade/user_data/strategies/TrendVolTarget.py:50: PerformanceWarning: DataFrame is highly fragmented.  This is usually the result of calling `frame.insert` many times, which has poor performance.  Consider joining all columns at once using pd.concat(axis=1) instead. To get a de-fragmented frame, use `newframe = frame.copy()`
  dataframe[f"dc_hi_{n}"] = dataframe["high"].rolling(n).max().shift(1)
/freqtrade/user_data/strategies/TrendVolTarget.py:50: PerformanceWarning: DataFrame is highly fragmented.  This is usually the result of calling `frame.insert` many times, which has poor performance.  Consider joining all columns at once using pd.concat(axis=1) instead. To get a de-fragmented frame, use `newframe = frame.copy()`
  dataframe[f"dc_hi_{n}"] = dataframe["high"].rolling(n).max().shift(1)
/freqtrade/user_data/strategies/TrendVolTarget.py:50: PerformanceWarning: DataFrame is highly fragmented.  This is usually the result of calling `frame.insert` many times, which has poor performance.  Consider joining all columns at once using pd.concat(axis=1) instead. To get a de-fragmented frame, use `newframe = frame.copy()`
  dataframe[f"dc_hi_{n}"] = dataframe["high"].rolling(n).max().shift(1)
/freqtrade/user_data/strategies/TrendVolTarget.py:50: PerformanceWarning: DataFrame is highly fragmented.  This is usually the result of calling `frame.insert` many times, which has poor performance.  Consider joining all columns at once using pd.concat(axis=1) instead. To get a de-fragmented frame, use `newframe = frame.copy()`
  dataframe[f"dc_hi_{n}"] = dataframe["high"].rolling(n).max().shift(1)
/freqtrade/user_data/strategies/TrendVolTarget.py:50: PerformanceWarning: DataFrame is highly fragmented.  This is usually the result of calling `frame.insert` many times, which has poor performance.  Consider joining all columns at once using pd.concat(axis=1) instead. To get a de-fragmented frame, use `newframe = frame.copy()`
  dataframe[f"dc_hi_{n}"] = dataframe["high"].rolling(n).max().shift(1)
/freqtrade/user_data/strategies/TrendVolTarget.py:50: PerformanceWarning: DataFrame is highly fragmented.  This is usually the result of calling `frame.insert` many times, which has poor performance.  Consider joining all columns at once using pd.concat(axis=1) instead. To get a de-fragmented frame, use `newframe = frame.copy()`
  dataframe[f"dc_hi_{n}"] = dataframe["high"].rolling(n).max().shift(1)
/freqtrade/user_data/strategies/TrendVolTarget.py:50: PerformanceWarning: DataFrame is highly fragmented.  This is usually the result of calling `frame.insert` many times, which has poor performance.  Consider joining all columns at once using pd.concat(axis=1) instead. To get a de-fragmented frame, use `newframe = frame.copy()`
  dataframe[f"dc_hi_{n}"] = dataframe["high"].rolling(n).max().shift(1)
/freqtrade/user_data/strategies/TrendVolTarget.py:50: PerformanceWarning: DataFrame is highly fragmented.  This is usually the result of calling `frame.insert` many times, which has poor performance.  Consider joining all columns at once using pd.concat(axis=1) instead. To get a de-fragmented frame, use `newframe = frame.copy()`
  dataframe[f"dc_hi_{n}"] = dataframe["high"].rolling(n).max().shift(1)
/freqtrade/user_data/strategies/TrendVolTarget.py:50: PerformanceWarning: DataFrame is highly fragmented.  This is usually the result of calling `frame.insert` many times, which has poor performance.  Consider joining all columns at once using pd.concat(axis=1) instead. To get a de-fragmented frame, use `newframe = frame.copy()`
  dataframe[f"dc_hi_{n}"] = dataframe["high"].rolling(n).max().shift(1)
/freqtrade/user_data/strategies/TrendVolTarget.py:50: PerformanceWarning: DataFrame is highly fragmented.  This is usually the result of calling `frame.insert` many times, which has poor performance.  Consider joining all columns at once using pd.concat(axis=1) instead. To get a de-fragmented frame, use `newframe = frame.copy()`
  dataframe[f"dc_hi_{n}"] = dataframe["high"].rolling(n).max().shift(1)
/freqtrade/user_data/strategies/TrendVolTarget.py:53: PerformanceWarning: DataFrame is highly fragmented.  This is usually the result of calling `frame.insert` many times, which has poor performance.  Consider joining all columns at once using pd.concat(axis=1) instead. To get a de-fragmented frame, use `newframe = frame.copy()`
  dataframe["sma_f"] = ta.SMA(dataframe, timeperiod=60)
/freqtrade/user_data/strategies/TrendVolTarget.py:54: PerformanceWarning: DataFrame is highly fragmented.  This is usually the result of calling `frame.insert` many times, which has poor performance.  Consider joining all columns at once using pd.concat(axis=1) instead. To get a de-fragmented frame, use `newframe = frame.copy()`
  dataframe["sma_s"] = ta.SMA(dataframe, timeperiod=240)
/freqtrade/user_data/strategies/TrendVolTarget.py:56: PerformanceWarning: DataFrame is highly fragmented.  This is usually the result of calling `frame.insert` many times, which has poor performance.  Consider joining all columns at once using pd.concat(axis=1) instead. To get a de-fragmented frame, use `newframe = frame.copy()`
  dataframe["rvol"] = dataframe["close"].pct_change().rolling(90).std() * np.sqrt(6 * 365)
/freqtrade/user_data/strategies/TrendVolTarget.py:50: PerformanceWarning: DataFrame is highly fragmented.  This is usually the result of calling `frame.insert` many times, which has poor performance.  Consider joining all columns at once using pd.concat(axis=1) instead. To get a de-fragmented frame, use `newframe = frame.copy()`
  dataframe[f"dc_hi_{n}"] = dataframe["high"].rolling(n).max().shift(1)
/freqtrade/user_data/strategies/TrendVolTarget.py:50: PerformanceWarning: DataFrame is highly fragmented.  This is usually the result of calling `frame.insert` many times, which has poor performance.  Consider joining all columns at once using pd.concat(axis=1) instead. To get a de-fragmented frame, use `newframe = frame.copy()`
  dataframe[f"dc_hi_{n}"] = dataframe["high"].rolling(n).max().shift(1)
/freqtrade/user_data/strategies/TrendVolTarget.py:50: PerformanceWarning: DataFrame is highly fragmented.  This is usually the result of calling `frame.insert` many times, which has poor performance.  Consider joining all columns at once using pd.concat(axis=1) instead. To get a de-fragmented frame, use `newframe = frame.copy()`
  dataframe[f"dc_hi_{n}"] = dataframe["high"].rolling(n).max().shift(1)
/freqtrade/user_data/strategies/TrendVolTarget.py:50: PerformanceWarning: DataFrame is highly fragmented.  This is usually the result of calling `frame.insert` many times, which has poor performance.  Consider joining all columns at once using pd.concat(axis=1) instead. To get a de-fragmented frame, use `newframe = frame.copy()`
  dataframe[f"dc_hi_{n}"] = dataframe["high"].rolling(n).max().shift(1)
/freqtrade/user_data/strategies/TrendVolTarget.py:50: PerformanceWarning: DataFrame is highly fragmented.  This is usually the result of calling `frame.insert` many times, which has poor performance.  Consider joining all columns at once using pd.concat(axis=1) instead. To get a de-fragmented frame, use `newframe = frame.copy()`
  dataframe[f"dc_hi_{n}"] = dataframe["high"].rolling(n).max().shift(1)
/freqtrade/user_data/strategies/TrendVolTarget.py:50: PerformanceWarning: DataFrame is highly fragmented.  This is usually the result of calling `frame.insert` many times, which has poor performance.  Consider joining all columns at once using pd.concat(axis=1) instead. To get a de-fragmented frame, use `newframe = frame.copy()`
  dataframe[f"dc_hi_{n}"] = dataframe["high"].rolling(n).max().shift(1)
/freqtrade/user_data/strategies/TrendVolTarget.py:50: PerformanceWarning: DataFrame is highly fragmented.  This is usually the result of calling `frame.insert` many times, which has poor performance.  Consider joining all columns at once using pd.concat(axis=1) instead. To get a de-fragmented frame, use `newframe = frame.copy()`
  dataframe[f"dc_hi_{n}"] = dataframe["high"].rolling(n).max().shift(1)
/freqtrade/user_data/strategies/TrendVolTarget.py:50: PerformanceWarning: DataFrame is highly fragmented.  This is usually the result of calling `frame.insert` many times, which has poor performance.  Consider joining all columns at once using pd.concat(axis=1) instead. To get a de-fragmented frame, use `newframe = frame.copy()`
  dataframe[f"dc_hi_{n}"] = dataframe["high"].rolling(n).max().shift(1)
/freqtrade/user_data/strategies/TrendVolTarget.py:50: PerformanceWarning: DataFrame is highly fragmented.  This is usually the result of calling `frame.insert` many times, which has poor performance.  Consider joining all columns at once using pd.concat(axis=1) instead. To get a de-fragmented frame, use `newframe = frame.copy()`
  dataframe[f"dc_hi_{n}"] = dataframe["high"].rolling(n).max().shift(1)
/freqtrade/user_data/strategies/TrendVolTarget.py:50: PerformanceWarning: DataFrame is highly fragmented.  This is usually the result of calling `frame.insert` many times, which has poor performance.  Consider joining all columns at once using pd.concat(axis=1) instead. To get a de-fragmented frame, use `newframe = frame.copy()`
  dataframe[f"dc_hi_{n}"] = dataframe["high"].rolling(n).max().shift(1)
/freqtrade/user_data/strategies/TrendVolTarget.py:50: PerformanceWarning: DataFrame is highly fragmented.  This is usually the result of calling `frame.insert` many times, which has poor performance.  Consider joining all columns at once using pd.concat(axis=1) instead. To get a de-fragmented frame, use `newframe = frame.copy()`
  dataframe[f"dc_hi_{n}"] = dataframe["high"].rolling(n).max().shift(1)
/freqtrade/user_data/strategies/TrendVolTarget.py:50: PerformanceWarning: DataFrame is highly fragmented.  This is usually the result of calling `frame.insert` many times, which has poor performance.  Consider joining all columns at once using pd.concat(axis=1) instead. To get a de-fragmented frame, use `newframe = frame.copy()`
  dataframe[f"dc_hi_{n}"] = dataframe["high"].rolling(n).max().shift(1)
/freqtrade/user_data/strategies/TrendVolTarget.py:50: PerformanceWarning: DataFrame is highly fragmented.  This is usually the result of calling `frame.insert` many times, which has poor performance.  Consider joining all columns at once using pd.concat(axis=1) instead. To get a de-fragmented frame, use `newframe = frame.copy()`
  dataframe[f"dc_hi_{n}"] = dataframe["high"].rolling(n).max().shift(1)
/freqtrade/user_data/strategies/TrendVolTarget.py:50: PerformanceWarning: DataFrame is highly fragmented.  This is usually the result of calling `frame.insert` many times, which has poor performance.  Consider joining all columns at once using pd.concat(axis=1) instead. To get a de-fragmented frame, use `newframe = frame.copy()`
  dataframe[f"dc_hi_{n}"] = dataframe["high"].rolling(n).max().shift(1)
/freqtrade/user_data/strategies/TrendVolTarget.py:50: PerformanceWarning: DataFrame is highly fragmented.  This is usually the result of calling `frame.insert` many times, which has poor performance.  Consider joining all columns at once using pd.concat(axis=1) instead. To get a de-fragmented frame, use `newframe = frame.copy()`
  dataframe[f"dc_hi_{n}"] = dataframe["high"].rolling(n).max().shift(1)
/freqtrade/user_data/strategies/TrendVolTarget.py:50: PerformanceWarning: DataFrame is highly fragmented.  This is usually the result of calling `frame.insert` many times, which has poor performance.  Consider joining all columns at once using pd.concat(axis=1) instead. To get a de-fragmented frame, use `newframe = frame.copy()`
  dataframe[f"dc_hi_{n}"] = dataframe["high"].rolling(n).max().shift(1)
/freqtrade/user_data/strategies/TrendVolTarget.py:50: PerformanceWarning: DataFrame is highly fragmented.  This is usually the result of calling `frame.insert` many times, which has poor performance.  Consider joining all columns at once using pd.concat(axis=1) instead. To get a de-fragmented frame, use `newframe = frame.copy()`
  dataframe[f"dc_hi_{n}"] = dataframe["high"].rolling(n).max().shift(1)
/freqtrade/user_data/strategies/TrendVolTarget.py:50: PerformanceWarning: DataFrame is highly fragmented.  This is usually the result of calling `frame.insert` many times, which has poor performance.  Consider joining all columns at once using pd.concat(axis=1) instead. To get a de-fragmented frame, use `newframe = frame.copy()`
  dataframe[f"dc_hi_{n}"] = dataframe["high"].rolling(n).max().shift(1)
/freqtrade/user_data/strategies/TrendVolTarget.py:50: PerformanceWarning: DataFrame is highly fragmented.  This is usually the result of calling `frame.insert` many times, which has poor performance.  Consider joining all columns at once using pd.concat(axis=1) instead. To get a de-fragmented frame, use `newframe = frame.copy()`
  dataframe[f"dc_hi_{n}"] = dataframe["high"].rolling(n).max().shift(1)
/freqtrade/user_data/strategies/TrendVolTarget.py:50: PerformanceWarning: DataFrame is highly fragmented.  This is usually the result of calling `frame.insert` many times, which has poor performance.  Consider joining all columns at once using pd.concat(axis=1) instead. To get a de-fragmented frame, use `newframe = frame.copy()`
  dataframe[f"dc_hi_{n}"] = dataframe["high"].rolling(n).max().shift(1)
/freqtrade/user_data/strategies/TrendVolTarget.py:50: PerformanceWarning: DataFrame is highly fragmented.  This is usually the result of calling `frame.insert` many times, which has poor performance.  Consider joining all columns at once using pd.concat(axis=1) instead. To get a de-fragmented frame, use `newframe = frame.copy()`
  dataframe[f"dc_hi_{n}"] = dataframe["high"].rolling(n).max().shift(1)
/freqtrade/user_data/strategies/TrendVolTarget.py:50: PerformanceWarning: DataFrame is highly fragmented.  This is usually the result of calling `frame.insert` many times, which has poor performance.  Consider joining all columns at once using pd.concat(axis=1) instead. To get a de-fragmented frame, use `newframe = frame.copy()`
  dataframe[f"dc_hi_{n}"] = dataframe["high"].rolling(n).max().shift(1)
/freqtrade/user_data/strategies/TrendVolTarget.py:50: PerformanceWarning: DataFrame is highly fragmented.  This is usually the result of calling `frame.insert` many times, which has poor performance.  Consider joining all columns at once using pd.concat(axis=1) instead. To get a de-fragmented frame, use `newframe = frame.copy()`
  dataframe[f"dc_hi_{n}"] = dataframe["high"].rolling(n).max().shift(1)
/freqtrade/user_data/strategies/TrendVolTarget.py:50: PerformanceWarning: DataFrame is highly fragmented.  This is usually the result of calling `frame.insert` many times, which has poor performance.  Consider joining all columns at once using pd.concat(axis=1) instead. To get a de-fragmented frame, use `newframe = frame.copy()`
  dataframe[f"dc_hi_{n}"] = dataframe["high"].rolling(n).max().shift(1)
/freqtrade/user_data/strategies/TrendVolTarget.py:50: PerformanceWarning: DataFrame is highly fragmented.  This is usually the result of calling `frame.insert` many times, which has poor performance.  Consider joining all columns at once using pd.concat(axis=1) instead. To get a de-fragmented frame, use `newframe = frame.copy()`
  dataframe[f"dc_hi_{n}"] = dataframe["high"].rolling(n).max().shift(1)
/freqtrade/user_data/strategies/TrendVolTarget.py:50: PerformanceWarning: DataFrame is highly fragmented.  This is usually the result of calling `frame.insert` many times, which has poor performance.  Consider joining all columns at once using pd.concat(axis=1) instead. To get a de-fragmented frame, use `newframe = frame.copy()`
  dataframe[f"dc_hi_{n}"] = dataframe["high"].rolling(n).max().shift(1)
/freqtrade/user_data/strategies/TrendVolTarget.py:50: PerformanceWarning: DataFrame is highly fragmented.  This is usually the result of calling `frame.insert` many times, which has poor performance.  Consider joining all columns at once using pd.concat(axis=1) instead. To get a de-fragmented frame, use `newframe = frame.copy()`
  dataframe[f"dc_hi_{n}"] = dataframe["high"].rolling(n).max().shift(1)
/freqtrade/user_data/strategies/TrendVolTarget.py:50: PerformanceWarning: DataFrame is highly fragmented.  This is usually the result of calling `frame.insert` many times, which has poor performance.  Consider joining all columns at once using pd.concat(axis=1) instead. To get a de-fragmented frame, use `newframe = frame.copy()`
  dataframe[f"dc_hi_{n}"] = dataframe["high"].rolling(n).max().shift(1)
/freqtrade/user_data/strategies/TrendVolTarget.py:50: PerformanceWarning: DataFrame is highly fragmented.  This is usually the result of calling `frame.insert` many times, which has poor performance.  Consider joining all columns at once using pd.concat(axis=1) instead. To get a de-fragmented frame, use `newframe = frame.copy()`
  dataframe[f"dc_hi_{n}"] = dataframe["high"].rolling(n).max().shift(1)
/freqtrade/user_data/strategies/TrendVolTarget.py:50: PerformanceWarning: DataFrame is highly fragmented.  This is usually the result of calling `frame.insert` many times, which has poor performance.  Consider joining all columns at once using pd.concat(axis=1) instead. To get a de-fragmented frame, use `newframe = frame.copy()`
  dataframe[f"dc_hi_{n}"] = dataframe["high"].rolling(n).max().shift(1)
/freqtrade/user_data/strategies/TrendVolTarget.py:50: PerformanceWarning: DataFrame is highly fragmented.  This is usually the result of calling `frame.insert` many times, which has poor performance.  Consider joining all columns at once using pd.concat(axis=1) instead. To get a de-fragmented frame, use `newframe = frame.copy()`
  dataframe[f"dc_hi_{n}"] = dataframe["high"].rolling(n).max().shift(1)
/freqtrade/user_data/strategies/TrendVolTarget.py:50: PerformanceWarning: DataFrame is highly fragmented.  This is usually the result of calling `frame.insert` many times, which has poor performance.  Consider joining all columns at once using pd.concat(axis=1) instead. To get a de-fragmented frame, use `newframe = frame.copy()`
  dataframe[f"dc_hi_{n}"] = dataframe["high"].rolling(n).max().shift(1)
/freqtrade/user_data/strategies/TrendVolTarget.py:50: PerformanceWarning: DataFrame is highly fragmented.  This is usually the result of calling `frame.insert` many times, which has poor performance.  Consider joining all columns at once using pd.concat(axis=1) instead. To get a de-fragmented frame, use `newframe = frame.copy()`
  dataframe[f"dc_hi_{n}"] = dataframe["high"].rolling(n).max().shift(1)
/freqtrade/user_data/strategies/TrendVolTarget.py:50: PerformanceWarning: DataFrame is highly fragmented.  This is usually the result of calling `frame.insert` many times, which has poor performance.  Consider joining all columns at once using pd.concat(axis=1) instead. To get a de-fragmented frame, use `newframe = frame.copy()`
  dataframe[f"dc_hi_{n}"] = dataframe["high"].rolling(n).max().shift(1)
/freqtrade/user_data/strategies/TrendVolTarget.py:50: PerformanceWarning: DataFrame is highly fragmented.  This is usually the result of calling `frame.insert` many times, which has poor performance.  Consider joining all columns at once using pd.concat(axis=1) instead. To get a de-fragmented frame, use `newframe = frame.copy()`
  dataframe[f"dc_hi_{n}"] = dataframe["high"].rolling(n).max().shift(1)
/freqtrade/user_data/strategies/TrendVolTarget.py:50: PerformanceWarning: DataFrame is highly fragmented.  This is usually the result of calling `frame.insert` many times, which has poor performance.  Consider joining all columns at once using pd.concat(axis=1) instead. To get a de-fragmented frame, use `newframe = frame.copy()`
  dataframe[f"dc_hi_{n}"] = dataframe["high"].rolling(n).max().shift(1)
/freqtrade/user_data/strategies/TrendVolTarget.py:50: PerformanceWarning: DataFrame is highly fragmented.  This is usually the result of calling `frame.insert` many times, which has poor performance.  Consider joining all columns at once using pd.concat(axis=1) instead. To get a de-fragmented frame, use `newframe = frame.copy()`
  dataframe[f"dc_hi_{n}"] = dataframe["high"].rolling(n).max().shift(1)
/freqtrade/user_data/strategies/TrendVolTarget.py:50: PerformanceWarning: DataFrame is highly fragmented.  This is usually the result of calling `frame.insert` many times, which has poor performance.  Consider joining all columns at once using pd.concat(axis=1) instead. To get a de-fragmented frame, use `newframe = frame.copy()`
  dataframe[f"dc_hi_{n}"] = dataframe["high"].rolling(n).max().shift(1)
/freqtrade/user_data/strategies/TrendVolTarget.py:50: PerformanceWarning: DataFrame is highly fragmented.  This is usually the result of calling `frame.insert` many times, which has poor performance.  Consider joining all columns at once using pd.concat(axis=1) instead. To get a de-fragmented frame, use `newframe = frame.copy()`
  dataframe[f"dc_hi_{n}"] = dataframe["high"].rolling(n).max().shift(1)
/freqtrade/user_data/strategies/TrendVolTarget.py:50: PerformanceWarning: DataFrame is highly fragmented.  This is usually the result of calling `frame.insert` many times, which has poor performance.  Consider joining all columns at once using pd.concat(axis=1) instead. To get a de-fragmented frame, use `newframe = frame.copy()`
  dataframe[f"dc_hi_{n}"] = dataframe["high"].rolling(n).max().shift(1)
/freqtrade/user_data/strategies/TrendVolTarget.py:50: PerformanceWarning: DataFrame is highly fragmented.  This is usually the result of calling `frame.insert` many times, which has poor performance.  Consider joining all columns at once using pd.concat(axis=1) instead. To get a de-fragmented frame, use `newframe = frame.copy()`
  dataframe[f"dc_hi_{n}"] = dataframe["high"].rolling(n).max().shift(1)
/freqtrade/user_data/strategies/TrendVolTarget.py:50: PerformanceWarning: DataFrame is highly fragmented.  This is usually the result of calling `frame.insert` many times, which has poor performance.  Consider joining all columns at once using pd.concat(axis=1) instead. To get a de-fragmented frame, use `newframe = frame.copy()`
  dataframe[f"dc_hi_{n}"] = dataframe["high"].rolling(n).max().shift(1)
/freqtrade/user_data/strategies/TrendVolTarget.py:50: PerformanceWarning: DataFrame is highly fragmented.  This is usually the result of calling `frame.insert` many times, which has poor performance.  Consider joining all columns at once using pd.concat(axis=1) instead. To get a de-fragmented frame, use `newframe = frame.copy()`
  dataframe[f"dc_hi_{n}"] = dataframe["high"].rolling(n).max().shift(1)
/freqtrade/user_data/strategies/TrendVolTarget.py:50: PerformanceWarning: DataFrame is highly fragmented.  This is usually the result of calling `frame.insert` many times, which has poor performance.  Consider joining all columns at once using pd.concat(axis=1) instead. To get a de-fragmented frame, use `newframe = frame.copy()`
  dataframe[f"dc_hi_{n}"] = dataframe["high"].rolling(n).max().shift(1)
/freqtrade/user_data/strategies/TrendVolTarget.py:50: PerformanceWarning: DataFrame is highly fragmented.  This is usually the result of calling `frame.insert` many times, which has poor performance.  Consider joining all columns at once using pd.concat(axis=1) instead. To get a de-fragmented frame, use `newframe = frame.copy()`
  dataframe[f"dc_hi_{n}"] = dataframe["high"].rolling(n).max().shift(1)
/freqtrade/user_data/strategies/TrendVolTarget.py:50: PerformanceWarning: DataFrame is highly fragmented.  This is usually the result of calling `frame.insert` many times, which has poor performance.  Consider joining all columns at once using pd.concat(axis=1) instead. To get a de-fragmented frame, use `newframe = frame.copy()`
  dataframe[f"dc_hi_{n}"] = dataframe["high"].rolling(n).max().shift(1)
/freqtrade/user_data/strategies/TrendVolTarget.py:50: PerformanceWarning: DataFrame is highly fragmented.  This is usually the result of calling `frame.insert` many times, which has poor performance.  Consider joining all columns at once using pd.concat(axis=1) instead. To get a de-fragmented frame, use `newframe = frame.copy()`
  dataframe[f"dc_hi_{n}"] = dataframe["high"].rolling(n).max().shift(1)
/freqtrade/user_data/strategies/TrendVolTarget.py:50: PerformanceWarning: DataFrame is highly fragmented.  This is usually the result of calling `frame.insert` many times, which has poor performance.  Consider joining all columns at once using pd.concat(axis=1) instead. To get a de-fragmented frame, use `newframe = frame.copy()`
  dataframe[f"dc_hi_{n}"] = dataframe["high"].rolling(n).max().shift(1)
/freqtrade/user_data/strategies/TrendVolTarget.py:50: PerformanceWarning: DataFrame is highly fragmented.  This is usually the result of calling `frame.insert` many times, which has poor performance.  Consider joining all columns at once using pd.concat(axis=1) instead. To get a de-fragmented frame, use `newframe = frame.copy()`
  dataframe[f"dc_hi_{n}"] = dataframe["high"].rolling(n).max().shift(1)
/freqtrade/user_data/strategies/TrendVolTarget.py:50: PerformanceWarning: DataFrame is highly fragmented.  This is usually the result of calling `frame.insert` many times, which has poor performance.  Consider joining all columns at once using pd.concat(axis=1) instead. To get a de-fragmented frame, use `newframe = frame.copy()`
  dataframe[f"dc_hi_{n}"] = dataframe["high"].rolling(n).max().shift(1)
/freqtrade/user_data/strategies/TrendVolTarget.py:50: PerformanceWarning: DataFrame is highly fragmented.  This is usually the result of calling `frame.insert` many times, which has poor performance.  Consider joining all columns at once using pd.concat(axis=1) instead. To get a de-fragmented frame, use `newframe = frame.copy()`
  dataframe[f"dc_hi_{n}"] = dataframe["high"].rolling(n).max().shift(1)
/freqtrade/user_data/strategies/TrendVolTarget.py:50: PerformanceWarning: DataFrame is highly fragmented.  This is usually the result of calling `frame.insert` many times, which has poor performance.  Consider joining all columns at once using pd.concat(axis=1) instead. To get a de-fragmented frame, use `newframe = frame.copy()`
  dataframe[f"dc_hi_{n}"] = dataframe["high"].rolling(n).max().shift(1)
/freqtrade/user_data/strategies/TrendVolTarget.py:50: PerformanceWarning: DataFrame is highly fragmented.  This is usually the result of calling `frame.insert` many times, which has poor performance.  Consider joining all columns at once using pd.concat(axis=1) instead. To get a de-fragmented frame, use `newframe = frame.copy()`
  dataframe[f"dc_hi_{n}"] = dataframe["high"].rolling(n).max().shift(1)
/freqtrade/user_data/strategies/TrendVolTarget.py:50: PerformanceWarning: DataFrame is highly fragmented.  This is usually the result of calling `frame.insert` many times, which has poor performance.  Consider joining all columns at once using pd.concat(axis=1) instead. To get a de-fragmented frame, use `newframe = frame.copy()`
  dataframe[f"dc_hi_{n}"] = dataframe["high"].rolling(n).max().shift(1)
/freqtrade/user_data/strategies/TrendVolTarget.py:50: PerformanceWarning: DataFrame is highly fragmented.  This is usually the result of calling `frame.insert` many times, which has poor performance.  Consider joining all columns at once using pd.concat(axis=1) instead. To get a de-fragmented frame, use `newframe = frame.copy()`
  dataframe[f"dc_hi_{n}"] = dataframe["high"].rolling(n).max().shift(1)
/freqtrade/user_data/strategies/TrendVolTarget.py:50: PerformanceWarning: DataFrame is highly fragmented.  This is usually the result of calling `frame.insert` many times, which has poor performance.  Consider joining all columns at once using pd.concat(axis=1) instead. To get a de-fragmented frame, use `newframe = frame.copy()`
  dataframe[f"dc_hi_{n}"] = dataframe["high"].rolling(n).max().shift(1)
/freqtrade/user_data/strategies/TrendVolTarget.py:50: PerformanceWarning: DataFrame is highly fragmented.  This is usually the result of calling `frame.insert` many times, which has poor performance.  Consider joining all columns at once using pd.concat(axis=1) instead. To get a de-fragmented frame, use `newframe = frame.copy()`
  dataframe[f"dc_hi_{n}"] = dataframe["high"].rolling(n).max().shift(1)
/freqtrade/user_data/strategies/TrendVolTarget.py:50: PerformanceWarning: DataFrame is highly fragmented.  This is usually the result of calling `frame.insert` many times, which has poor performance.  Consider joining all columns at once using pd.concat(axis=1) instead. To get a de-fragmented frame, use `newframe = frame.copy()`
  dataframe[f"dc_hi_{n}"] = dataframe["high"].rolling(n).max().shift(1)
/freqtrade/user_data/strategies/TrendVolTarget.py:50: PerformanceWarning: DataFrame is highly fragmented.  This is usually the result of calling `frame.insert` many times, which has poor performance.  Consider joining all columns at once using pd.concat(axis=1) instead. To get a de-fragmented frame, use `newframe = frame.copy()`
  dataframe[f"dc_hi_{n}"] = dataframe["high"].rolling(n).max().shift(1)
/freqtrade/user_data/strategies/TrendVolTarget.py:50: PerformanceWarning: DataFrame is highly fragmented.  This is usually the result of calling `frame.insert` many times, which has poor performance.  Consider joining all columns at once using pd.concat(axis=1) instead. To get a de-fragmented frame, use `newframe = frame.copy()`
  dataframe[f"dc_hi_{n}"] = dataframe["high"].rolling(n).max().shift(1)
/freqtrade/user_data/strategies/TrendVolTarget.py:50: PerformanceWarning: DataFrame is highly fragmented.  This is usually the result of calling `frame.insert` many times, which has poor performance.  Consider joining all columns at once using pd.concat(axis=1) instead. To get a de-fragmented frame, use `newframe = frame.copy()`
  dataframe[f"dc_hi_{n}"] = dataframe["high"].rolling(n).max().shift(1)
/freqtrade/user_data/strategies/TrendVolTarget.py:50: PerformanceWarning: DataFrame is highly fragmented.  This is usually the result of calling `frame.insert` many times, which has poor performance.  Consider joining all columns at once using pd.concat(axis=1) instead. To get a de-fragmented frame, use `newframe = frame.copy()`
  dataframe[f"dc_hi_{n}"] = dataframe["high"].rolling(n).max().shift(1)
/freqtrade/user_data/strategies/TrendVolTarget.py:50: PerformanceWarning: DataFrame is highly fragmented.  This is usually the result of calling `frame.insert` many times, which has poor performance.  Consider joining all columns at once using pd.concat(axis=1) instead. To get a de-fragmented frame, use `newframe = frame.copy()`
  dataframe[f"dc_hi_{n}"] = dataframe["high"].rolling(n).max().shift(1)
/freqtrade/user_data/strategies/TrendVolTarget.py:50: PerformanceWarning: DataFrame is highly fragmented.  This is usually the result of calling `frame.insert` many times, which has poor performance.  Consider joining all columns at once using pd.concat(axis=1) instead. To get a de-fragmented frame, use `newframe = frame.copy()`
  dataframe[f"dc_hi_{n}"] = dataframe["high"].rolling(n).max().shift(1)
/freqtrade/user_data/strategies/TrendVolTarget.py:50: PerformanceWarning: DataFrame is highly fragmented.  This is usually the result of calling `frame.insert` many times, which has poor performance.  Consider joining all columns at once using pd.concat(axis=1) instead. To get a de-fragmented frame, use `newframe = frame.copy()`
  dataframe[f"dc_hi_{n}"] = dataframe["high"].rolling(n).max().shift(1)
/freqtrade/user_data/strategies/TrendVolTarget.py:50: PerformanceWarning: DataFrame is highly fragmented.  This is usually the result of calling `frame.insert` many times, which has poor performance.  Consider joining all columns at once using pd.concat(axis=1) instead. To get a de-fragmented frame, use `newframe = frame.copy()`
  dataframe[f"dc_hi_{n}"] = dataframe["high"].rolling(n).max().shift(1)
/freqtrade/user_data/strategies/TrendVolTarget.py:50: PerformanceWarning: DataFrame is highly fragmented.  This is usually the result of calling `frame.insert` many times, which has poor performance.  Consider joining all columns at once using pd.concat(axis=1) instead. To get a de-fragmented frame, use `newframe = frame.copy()`
  dataframe[f"dc_hi_{n}"] = dataframe["high"].rolling(n).max().shift(1)
/freqtrade/user_data/strategies/TrendVolTarget.py:50: PerformanceWarning: DataFrame is highly fragmented.  This is usually the result of calling `frame.insert` many times, which has poor performance.  Consider joining all columns at once using pd.concat(axis=1) instead. To get a de-fragmented frame, use `newframe = frame.copy()`
  dataframe[f"dc_hi_{n}"] = dataframe["high"].rolling(n).max().shift(1)
/freqtrade/user_data/strategies/TrendVolTarget.py:50: PerformanceWarning: DataFrame is highly fragmented.  This is usually the result of calling `frame.insert` many times, which has poor performance.  Consider joining all columns at once using pd.concat(axis=1) instead. To get a de-fragmented frame, use `newframe = frame.copy()`
  dataframe[f"dc_hi_{n}"] = dataframe["high"].rolling(n).max().shift(1)
/freqtrade/user_data/strategies/TrendVolTarget.py:50: PerformanceWarning: DataFrame is highly fragmented.  This is usually the result of calling `frame.insert` many times, which has poor performance.  Consider joining all columns at once using pd.concat(axis=1) instead. To get a de-fragmented frame, use `newframe = frame.copy()`
  dataframe[f"dc_hi_{n}"] = dataframe["high"].rolling(n).max().shift(1)
/freqtrade/user_data/strategies/TrendVolTarget.py:50: PerformanceWarning: DataFrame is highly fragmented.  This is usually the result of calling `frame.insert` many times, which has poor performance.  Consider joining all columns at once using pd.concat(axis=1) instead. To get a de-fragmented frame, use `newframe = frame.copy()`
  dataframe[f"dc_hi_{n}"] = dataframe["high"].rolling(n).max().shift(1)
/freqtrade/user_data/strategies/TrendVolTarget.py:50: PerformanceWarning: DataFrame is highly fragmented.  This is usually the result of calling `frame.insert` many times, which has poor performance.  Consider joining all columns at once using pd.concat(axis=1) instead. To get a de-fragmented frame, use `newframe = frame.copy()`
  dataframe[f"dc_hi_{n}"] = dataframe["high"].rolling(n).max().shift(1)
/freqtrade/user_data/strategies/TrendVolTarget.py:50: PerformanceWarning: DataFrame is highly fragmented.  This is usually the result of calling `frame.insert` many times, which has poor performance.  Consider joining all columns at once using pd.concat(axis=1) instead. To get a de-fragmented frame, use `newframe = frame.copy()`
  dataframe[f"dc_hi_{n}"] = dataframe["high"].rolling(n).max().shift(1)
/freqtrade/user_data/strategies/TrendVolTarget.py:50: PerformanceWarning: DataFrame is highly fragmented.  This is usually the result of calling `frame.insert` many times, which has poor performance.  Consider joining all columns at once using pd.concat(axis=1) instead. To get a de-fragmented frame, use `newframe = frame.copy()`
  dataframe[f"dc_hi_{n}"] = dataframe["high"].rolling(n).max().shift(1)
/freqtrade/user_data/strategies/TrendVolTarget.py:50: PerformanceWarning: DataFrame is highly fragmented.  This is usually the result of calling `frame.insert` many times, which has poor performance.  Consider joining all columns at once using pd.concat(axis=1) instead. To get a de-fragmented frame, use `newframe = frame.copy()`
  dataframe[f"dc_hi_{n}"] = dataframe["high"].rolling(n).max().shift(1)
/freqtrade/user_data/strategies/TrendVolTarget.py:50: PerformanceWarning: DataFrame is highly fragmented.  This is usually the result of calling `frame.insert` many times, which has poor performance.  Consider joining all columns at once using pd.concat(axis=1) instead. To get a de-fragmented frame, use `newframe = frame.copy()`
  dataframe[f"dc_hi_{n}"] = dataframe["high"].rolling(n).max().shift(1)
/freqtrade/user_data/strategies/TrendVolTarget.py:50: PerformanceWarning: DataFrame is highly fragmented.  This is usually the result of calling `frame.insert` many times, which has poor performance.  Consider joining all columns at once using pd.concat(axis=1) instead. To get a de-fragmented frame, use `newframe = frame.copy()`
  dataframe[f"dc_hi_{n}"] = dataframe["high"].rolling(n).max().shift(1)
/freqtrade/user_data/strategies/TrendVolTarget.py:50: PerformanceWarning: DataFrame is highly fragmented.  This is usually the result of calling `frame.insert` many times, which has poor performance.  Consider joining all columns at once using pd.concat(axis=1) instead. To get a de-fragmented frame, use `newframe = frame.copy()`
  dataframe[f"dc_hi_{n}"] = dataframe["high"].rolling(n).max().shift(1)
/freqtrade/user_data/strategies/TrendVolTarget.py:50: PerformanceWarning: DataFrame is highly fragmented.  This is usually the result of calling `frame.insert` many times, which has poor performance.  Consider joining all columns at once using pd.concat(axis=1) instead. To get a de-fragmented frame, use `newframe = frame.copy()`
  dataframe[f"dc_hi_{n}"] = dataframe["high"].rolling(n).max().shift(1)
/freqtrade/user_data/strategies/TrendVolTarget.py:50: PerformanceWarning: DataFrame is highly fragmented.  This is usually the result of calling `frame.insert` many times, which has poor performance.  Consider joining all columns at once using pd.concat(axis=1) instead. To get a de-fragmented frame, use `newframe = frame.copy()`
  dataframe[f"dc_hi_{n}"] = dataframe["high"].rolling(n).max().shift(1)
/freqtrade/user_data/strategies/TrendVolTarget.py:50: PerformanceWarning: DataFrame is highly fragmented.  This is usually the result of calling `frame.insert` many times, which has poor performance.  Consider joining all columns at once using pd.concat(axis=1) instead. To get a de-fragmented frame, use `newframe = frame.copy()`
  dataframe[f"dc_hi_{n}"] = dataframe["high"].rolling(n).max().shift(1)
/freqtrade/user_data/strategies/TrendVolTarget.py:50: PerformanceWarning: DataFrame is highly fragmented.  This is usually the result of calling `frame.insert` many times, which has poor performance.  Consider joining all columns at once using pd.concat(axis=1) instead. To get a de-fragmented frame, use `newframe = frame.copy()`
  dataframe[f"dc_hi_{n}"] = dataframe["high"].rolling(n).max().shift(1)
/freqtrade/user_data/strategies/TrendVolTarget.py:50: PerformanceWarning: DataFrame is highly fragmented.  This is usually the result of calling `frame.insert` many times, which has poor performance.  Consider joining all columns at once using pd.concat(axis=1) instead. To get a de-fragmented frame, use `newframe = frame.copy()`
  dataframe[f"dc_hi_{n}"] = dataframe["high"].rolling(n).max().shift(1)
/freqtrade/user_data/strategies/TrendVolTarget.py:50: PerformanceWarning: DataFrame is highly fragmented.  This is usually the result of calling `frame.insert` many times, which has poor performance.  Consider joining all columns at once using pd.concat(axis=1) instead. To get a de-fragmented frame, use `newframe = frame.copy()`
  dataframe[f"dc_hi_{n}"] = dataframe["high"].rolling(n).max().shift(1)
/freqtrade/user_data/strategies/TrendVolTarget.py:53: PerformanceWarning: DataFrame is highly fragmented.  This is usually the result of calling `frame.insert` many times, which has poor performance.  Consider joining all columns at once using pd.concat(axis=1) instead. To get a de-fragmented frame, use `newframe = frame.copy()`
  dataframe["sma_f"] = ta.SMA(dataframe, timeperiod=60)
/freqtrade/user_data/strategies/TrendVolTarget.py:54: PerformanceWarning: DataFrame is highly fragmented.  This is usually the result of calling `frame.insert` many times, which has poor performance.  Consider joining all columns at once using pd.concat(axis=1) instead. To get a de-fragmented frame, use `newframe = frame.copy()`
  dataframe["sma_s"] = ta.SMA(dataframe, timeperiod=240)
/freqtrade/user_data/strategies/TrendVolTarget.py:56: PerformanceWarning: DataFrame is highly fragmented.  This is usually the result of calling `frame.insert` many times, which has poor performance.  Consider joining all columns at once using pd.concat(axis=1) instead. To get a de-fragmented frame, use `newframe = frame.copy()`
  dataframe["rvol"] = dataframe["close"].pct_change().rolling(90).std() * np.sqrt(6 * 365)
/freqtrade/user_data/strategies/TrendVolTarget.py:50: PerformanceWarning: DataFrame is highly fragmented.  This is usually the result of calling `frame.insert` many times, which has poor performance.  Consider joining all columns at once using pd.concat(axis=1) instead. To get a de-fragmented frame, use `newframe = frame.copy()`
  dataframe[f"dc_hi_{n}"] = dataframe["high"].rolling(n).max().shift(1)
/freqtrade/user_data/strategies/TrendVolTarget.py:50: PerformanceWarning: DataFrame is highly fragmented.  This is usually the result of calling `frame.insert` many times, which has poor performance.  Consider joining all columns at once using pd.concat(axis=1) instead. To get a de-fragmented frame, use `newframe = frame.copy()`
  dataframe[f"dc_hi_{n}"] = dataframe["high"].rolling(n).max().shift(1)
/freqtrade/user_data/strategies/TrendVolTarget.py:50: PerformanceWarning: DataFrame is highly fragmented.  This is usually the result of calling `frame.insert` many times, which has poor performance.  Consider joining all columns at once using pd.concat(axis=1) instead. To get a de-fragmented frame, use `newframe = frame.copy()`
  dataframe[f"dc_hi_{n}"] = dataframe["high"].rolling(n).max().shift(1)
/freqtrade/user_data/strategies/TrendVolTarget.py:50: PerformanceWarning: DataFrame is highly fragmented.  This is usually the result of calling `frame.insert` many times, which has poor performance.  Consider joining all columns at once using pd.concat(axis=1) instead. To get a de-fragmented frame, use `newframe = frame.copy()`
  dataframe[f"dc_hi_{n}"] = dataframe["high"].rolling(n).max().shift(1)
/freqtrade/user_data/strategies/TrendVolTarget.py:50: PerformanceWarning: DataFrame is highly fragmented.  This is usually the result of calling `frame.insert` many times, which has poor performance.  Consider joining all columns at once using pd.concat(axis=1) instead. To get a de-fragmented frame, use `newframe = frame.copy()`
  dataframe[f"dc_hi_{n}"] = dataframe["high"].rolling(n).max().shift(1)
/freqtrade/user_data/strategies/TrendVolTarget.py:50: PerformanceWarning: DataFrame is highly fragmented.  This is usually the result of calling `frame.insert` many times, which has poor performance.  Consider joining all columns at once using pd.concat(axis=1) instead. To get a de-fragmented frame, use `newframe = frame.copy()`
  dataframe[f"dc_hi_{n}"] = dataframe["high"].rolling(n).max().shift(1)
/freqtrade/user_data/strategies/TrendVolTarget.py:50: PerformanceWarning: DataFrame is highly fragmented.  This is usually the result of calling `frame.insert` many times, which has poor performance.  Consider joining all columns at once using pd.concat(axis=1) instead. To get a de-fragmented frame, use `newframe = frame.copy()`
  dataframe[f"dc_hi_{n}"] = dataframe["high"].rolling(n).max().shift(1)
/freqtrade/user_data/strategies/TrendVolTarget.py:50: PerformanceWarning: DataFrame is highly fragmented.  This is usually the result of calling `frame.insert` many times, which has poor performance.  Consider joining all columns at once using pd.concat(axis=1) instead. To get a de-fragmented frame, use `newframe = frame.copy()`
  dataframe[f"dc_hi_{n}"] = dataframe["high"].rolling(n).max().shift(1)
/freqtrade/user_data/strategies/TrendVolTarget.py:50: PerformanceWarning: DataFrame is highly fragmented.  This is usually the result of calling `frame.insert` many times, which has poor performance.  Consider joining all columns at once using pd.concat(axis=1) instead. To get a de-fragmented frame, use `newframe = frame.copy()`
  dataframe[f"dc_hi_{n}"] = dataframe["high"].rolling(n).max().shift(1)
/freqtrade/user_data/strategies/TrendVolTarget.py:50: PerformanceWarning: DataFrame is highly fragmented.  This is usually the result of calling `frame.insert` many times, which has poor performance.  Consider joining all columns at once using pd.concat(axis=1) instead. To get a de-fragmented frame, use `newframe = frame.copy()`
  dataframe[f"dc_hi_{n}"] = dataframe["high"].rolling(n).max().shift(1)
/freqtrade/user_data/strategies/TrendVolTarget.py:50: PerformanceWarning: DataFrame is highly fragmented.  This is usually the result of calling `frame.insert` many times, which has poor performance.  Consider joining all columns at once using pd.concat(axis=1) instead. To get a de-fragmented frame, use `newframe = frame.copy()`
  dataframe[f"dc_hi_{n}"] = dataframe["high"].rolling(n).max().shift(1)
/freqtrade/user_data/strategies/TrendVolTarget.py:50: PerformanceWarning: DataFrame is highly fragmented.  This is usually the result of calling `frame.insert` many times, which has poor performance.  Consider joining all columns at once using pd.concat(axis=1) instead. To get a de-fragmented frame, use `newframe = frame.copy()`
  dataframe[f"dc_hi_{n}"] = dataframe["high"].rolling(n).max().shift(1)
/freqtrade/user_data/strategies/TrendVolTarget.py:50: PerformanceWarning: DataFrame is highly fragmented.  This is usually the result of calling `frame.insert` many times, which has poor performance.  Consider joining all columns at once using pd.concat(axis=1) instead. To get a de-fragmented frame, use `newframe = frame.copy()`
  dataframe[f"dc_hi_{n}"] = dataframe["high"].rolling(n).max().shift(1)
/freqtrade/user_data/strategies/TrendVolTarget.py:50: PerformanceWarning: DataFrame is highly fragmented.  This is usually the result of calling `frame.insert` many times, which has poor performance.  Consider joining all columns at once using pd.concat(axis=1) instead. To get a de-fragmented frame, use `newframe = frame.copy()`
  dataframe[f"dc_hi_{n}"] = dataframe["high"].rolling(n).max().shift(1)
/freqtrade/user_data/strategies/TrendVolTarget.py:50: PerformanceWarning: DataFrame is highly fragmented.  This is usually the result of calling `frame.insert` many times, which has poor performance.  Consider joining all columns at once using pd.concat(axis=1) instead. To get a de-fragmented frame, use `newframe = frame.copy()`
  dataframe[f"dc_hi_{n}"] = dataframe["high"].rolling(n).max().shift(1)
/freqtrade/user_data/strategies/TrendVolTarget.py:50: PerformanceWarning: DataFrame is highly fragmented.  This is usually the result of calling `frame.insert` many times, which has poor performance.  Consider joining all columns at once using pd.concat(axis=1) instead. To get a de-fragmented frame, use `newframe = frame.copy()`
  dataframe[f"dc_hi_{n}"] = dataframe["high"].rolling(n).max().shift(1)
/freqtrade/user_data/strategies/TrendVolTarget.py:50: PerformanceWarning: DataFrame is highly fragmented.  This is usually the result of calling `frame.insert` many times, which has poor performance.  Consider joining all columns at once using pd.concat(axis=1) instead. To get a de-fragmented frame, use `newframe = frame.copy()`
  dataframe[f"dc_hi_{n}"] = dataframe["high"].rolling(n).max().shift(1)
/freqtrade/user_data/strategies/TrendVolTarget.py:50: PerformanceWarning: DataFrame is highly fragmented.  This is usually the result of calling `frame.insert` many times, which has poor performance.  Consider joining all columns at once using pd.concat(axis=1) instead. To get a de-fragmented frame, use `newframe = frame.copy()`
  dataframe[f"dc_hi_{n}"] = dataframe["high"].rolling(n).max().shift(1)
/freqtrade/user_data/strategies/TrendVolTarget.py:50: PerformanceWarning: DataFrame is highly fragmented.  This is usually the result of calling `frame.insert` many times, which has poor performance.  Consider joining all columns at once using pd.concat(axis=1) instead. To get a de-fragmented frame, use `newframe = frame.copy()`
  dataframe[f"dc_hi_{n}"] = dataframe["high"].rolling(n).max().shift(1)
/freqtrade/user_data/strategies/TrendVolTarget.py:50: PerformanceWarning: DataFrame is highly fragmented.  This is usually the result of calling `frame.insert` many times, which has poor performance.  Consider joining all columns at once using pd.concat(axis=1) instead. To get a de-fragmented frame, use `newframe = frame.copy()`
  dataframe[f"dc_hi_{n}"] = dataframe["high"].rolling(n).max().shift(1)
/freqtrade/user_data/strategies/TrendVolTarget.py:50: PerformanceWarning: DataFrame is highly fragmented.  This is usually the result of calling `frame.insert` many times, which has poor performance.  Consider joining all columns at once using pd.concat(axis=1) instead. To get a de-fragmented frame, use `newframe = frame.copy()`
  dataframe[f"dc_hi_{n}"] = dataframe["high"].rolling(n).max().shift(1)
/freqtrade/user_data/strategies/TrendVolTarget.py:50: PerformanceWarning: DataFrame is highly fragmented.  This is usually the result of calling `frame.insert` many times, which has poor performance.  Consider joining all columns at once using pd.concat(axis=1) instead. To get a de-fragmented frame, use `newframe = frame.copy()`
  dataframe[f"dc_hi_{n}"] = dataframe["high"].rolling(n).max().shift(1)
/freqtrade/user_data/strategies/TrendVolTarget.py:50: PerformanceWarning: DataFrame is highly fragmented.  This is usually the result of calling `frame.insert` many times, which has poor performance.  Consider joining all columns at once using pd.concat(axis=1) instead. To get a de-fragmented frame, use `newframe = frame.copy()`
  dataframe[f"dc_hi_{n}"] = dataframe["high"].rolling(n).max().shift(1)
/freqtrade/user_data/strategies/TrendVolTarget.py:50: PerformanceWarning: DataFrame is highly fragmented.  This is usually the result of calling `frame.insert` many times, which has poor performance.  Consider joining all columns at once using pd.concat(axis=1) instead. To get a de-fragmented frame, use `newframe = frame.copy()`
  dataframe[f"dc_hi_{n}"] = dataframe["high"].rolling(n).max().shift(1)
/freqtrade/user_data/strategies/TrendVolTarget.py:50: PerformanceWarning: DataFrame is highly fragmented.  This is usually the result of calling `frame.insert` many times, which has poor performance.  Consider joining all columns at once using pd.concat(axis=1) instead. To get a de-fragmented frame, use `newframe = frame.copy()`
  dataframe[f"dc_hi_{n}"] = dataframe["high"].rolling(n).max().shift(1)
/freqtrade/user_data/strategies/TrendVolTarget.py:50: PerformanceWarning: DataFrame is highly fragmented.  This is usually the result of calling `frame.insert` many times, which has poor performance.  Consider joining all columns at once using pd.concat(axis=1) instead. To get a de-fragmented frame, use `newframe = frame.copy()`
  dataframe[f"dc_hi_{n}"] = dataframe["high"].rolling(n).max().shift(1)
/freqtrade/user_data/strategies/TrendVolTarget.py:50: PerformanceWarning: DataFrame is highly fragmented.  This is usually the result of calling `frame.insert` many times, which has poor performance.  Consider joining all columns at once using pd.concat(axis=1) instead. To get a de-fragmented frame, use `newframe = frame.copy()`
  dataframe[f"dc_hi_{n}"] = dataframe["high"].rolling(n).max().shift(1)
/freqtrade/user_data/strategies/TrendVolTarget.py:50: PerformanceWarning: DataFrame is highly fragmented.  This is usually the result of calling `frame.insert` many times, which has poor performance.  Consider joining all columns at once using pd.concat(axis=1) instead. To get a de-fragmented frame, use `newframe = frame.copy()`
  dataframe[f"dc_hi_{n}"] = dataframe["high"].rolling(n).max().shift(1)
/freqtrade/user_data/strategies/TrendVolTarget.py:50: PerformanceWarning: DataFrame is highly fragmented.  This is usually the result of calling `frame.insert` many times, which has poor performance.  Consider joining all columns at once using pd.concat(axis=1) instead. To get a de-fragmented frame, use `newframe = frame.copy()`
  dataframe[f"dc_hi_{n}"] = dataframe["high"].rolling(n).max().shift(1)
/freqtrade/user_data/strategies/TrendVolTarget.py:50: PerformanceWarning: DataFrame is highly fragmented.  This is usually the result of calling `frame.insert` many times, which has poor performance.  Consider joining all columns at once using pd.concat(axis=1) instead. To get a de-fragmented frame, use `newframe = frame.copy()`
  dataframe[f"dc_hi_{n}"] = dataframe["high"].rolling(n).max().shift(1)
/freqtrade/user_data/strategies/TrendVolTarget.py:50: PerformanceWarning: DataFrame is highly fragmented.  This is usually the result of calling `frame.insert` many times, which has poor performance.  Consider joining all columns at once using pd.concat(axis=1) instead. To get a de-fragmented frame, use `newframe = frame.copy()`
  dataframe[f"dc_hi_{n}"] = dataframe["high"].rolling(n).max().shift(1)
/freqtrade/user_data/strategies/TrendVolTarget.py:50: PerformanceWarning: DataFrame is highly fragmented.  This is usually the result of calling `frame.insert` many times, which has poor performance.  Consider joining all columns at once using pd.concat(axis=1) instead. To get a de-fragmented frame, use `newframe = frame.copy()`
  dataframe[f"dc_hi_{n}"] = dataframe["high"].rolling(n).max().shift(1)
/freqtrade/user_data/strategies/TrendVolTarget.py:50: PerformanceWarning: DataFrame is highly fragmented.  This is usually the result of calling `frame.insert` many times, which has poor performance.  Consider joining all columns at once using pd.concat(axis=1) instead. To get a de-fragmented frame, use `newframe = frame.copy()`
  dataframe[f"dc_hi_{n}"] = dataframe["high"].rolling(n).max().shift(1)
/freqtrade/user_data/strategies/TrendVolTarget.py:50: PerformanceWarning: DataFrame is highly fragmented.  This is usually the result of calling `frame.insert` many times, which has poor performance.  Consider joining all columns at once using pd.concat(axis=1) instead. To get a de-fragmented frame, use `newframe = frame.copy()`
  dataframe[f"dc_hi_{n}"] = dataframe["high"].rolling(n).max().shift(1)
/freqtrade/user_data/strategies/TrendVolTarget.py:50: PerformanceWarning: DataFrame is highly fragmented.  This is usually the result of calling `frame.insert` many times, which has poor performance.  Consider joining all columns at once using pd.concat(axis=1) instead. To get a de-fragmented frame, use `newframe = frame.copy()`
  dataframe[f"dc_hi_{n}"] = dataframe["high"].rolling(n).max().shift(1)
/freqtrade/user_data/strategies/TrendVolTarget.py:50: PerformanceWarning: DataFrame is highly fragmented.  This is usually the result of calling `frame.insert` many times, which has poor performance.  Consider joining all columns at once using pd.concat(axis=1) instead. To get a de-fragmented frame, use `newframe = frame.copy()`
  dataframe[f"dc_hi_{n}"] = dataframe["high"].rolling(n).max().shift(1)
/freqtrade/user_data/strategies/TrendVolTarget.py:50: PerformanceWarning: DataFrame is highly fragmented.  This is usually the result of calling `frame.insert` many times, which has poor performance.  Consider joining all columns at once using pd.concat(axis=1) instead. To get a de-fragmented frame, use `newframe = frame.copy()`
  dataframe[f"dc_hi_{n}"] = dataframe["high"].rolling(n).max().shift(1)
/freqtrade/user_data/strategies/TrendVolTarget.py:50: PerformanceWarning: DataFrame is highly fragmented.  This is usually the result of calling `frame.insert` many times, which has poor performance.  Consider joining all columns at once using pd.concat(axis=1) instead. To get a de-fragmented frame, use `newframe = frame.copy()`
  dataframe[f"dc_hi_{n}"] = dataframe["high"].rolling(n).max().shift(1)
/freqtrade/user_data/strategies/TrendVolTarget.py:50: PerformanceWarning: DataFrame is highly fragmented.  This is usually the result of calling `frame.insert` many times, which has poor performance.  Consider joining all columns at once using pd.concat(axis=1) instead. To get a de-fragmented frame, use `newframe = frame.copy()`
  dataframe[f"dc_hi_{n}"] = dataframe["high"].rolling(n).max().shift(1)
/freqtrade/user_data/strategies/TrendVolTarget.py:50: PerformanceWarning: DataFrame is highly fragmented.  This is usually the result of calling `frame.insert` many times, which has poor performance.  Consider joining all columns at once using pd.concat(axis=1) instead. To get a de-fragmented frame, use `newframe = frame.copy()`
  dataframe[f"dc_hi_{n}"] = dataframe["high"].rolling(n).max().shift(1)
/freqtrade/user_data/strategies/TrendVolTarget.py:50: PerformanceWarning: DataFrame is highly fragmented.  This is usually the result of calling `frame.insert` many times, which has poor performance.  Consider joining all columns at once using pd.concat(axis=1) instead. To get a de-fragmented frame, use `newframe = frame.copy()`
  dataframe[f"dc_hi_{n}"] = dataframe["high"].rolling(n).max().shift(1)
/freqtrade/user_data/strategies/TrendVolTarget.py:50: PerformanceWarning: DataFrame is highly fragmented.  This is usually the result of calling `frame.insert` many times, which has poor performance.  Consider joining all columns at once using pd.concat(axis=1) instead. To get a de-fragmented frame, use `newframe = frame.copy()`
  dataframe[f"dc_hi_{n}"] = dataframe["high"].rolling(n).max().shift(1)
/freqtrade/user_data/strategies/TrendVolTarget.py:50: PerformanceWarning: DataFrame is highly fragmented.  This is usually the result of calling `frame.insert` many times, which has poor performance.  Consider joining all columns at once using pd.concat(axis=1) instead. To get a de-fragmented frame, use `newframe = frame.copy()`
  dataframe[f"dc_hi_{n}"] = dataframe["high"].rolling(n).max().shift(1)
/freqtrade/user_data/strategies/TrendVolTarget.py:50: PerformanceWarning: DataFrame is highly fragmented.  This is usually the result of calling `frame.insert` many times, which has poor performance.  Consider joining all columns at once using pd.concat(axis=1) instead. To get a de-fragmented frame, use `newframe = frame.copy()`
  dataframe[f"dc_hi_{n}"] = dataframe["high"].rolling(n).max().shift(1)
/freqtrade/user_data/strategies/TrendVolTarget.py:50: PerformanceWarning: DataFrame is highly fragmented.  This is usually the result of calling `frame.insert` many times, which has poor performance.  Consider joining all columns at once using pd.concat(axis=1) instead. To get a de-fragmented frame, use `newframe = frame.copy()`
  dataframe[f"dc_hi_{n}"] = dataframe["high"].rolling(n).max().shift(1)
/freqtrade/user_data/strategies/TrendVolTarget.py:50: PerformanceWarning: DataFrame is highly fragmented.  This is usually the result of calling `frame.insert` many times, which has poor performance.  Consider joining all columns at once using pd.concat(axis=1) instead. To get a de-fragmented frame, use `newframe = frame.copy()`
  dataframe[f"dc_hi_{n}"] = dataframe["high"].rolling(n).max().shift(1)
/freqtrade/user_data/strategies/TrendVolTarget.py:50: PerformanceWarning: DataFrame is highly fragmented.  This is usually the result of calling `frame.insert` many times, which has poor performance.  Consider joining all columns at once using pd.concat(axis=1) instead. To get a de-fragmented frame, use `newframe = frame.copy()`
  dataframe[f"dc_hi_{n}"] = dataframe["high"].rolling(n).max().shift(1)
/freqtrade/user_data/strategies/TrendVolTarget.py:50: PerformanceWarning: DataFrame is highly fragmented.  This is usually the result of calling `frame.insert` many times, which has poor performance.  Consider joining all columns at once using pd.concat(axis=1) instead. To get a de-fragmented frame, use `newframe = frame.copy()`
  dataframe[f"dc_hi_{n}"] = dataframe["high"].rolling(n).max().shift(1)
/freqtrade/user_data/strategies/TrendVolTarget.py:50: PerformanceWarning: DataFrame is highly fragmented.  This is usually the result of calling `frame.insert` many times, which has poor performance.  Consider joining all columns at once using pd.concat(axis=1) instead. To get a de-fragmented frame, use `newframe = frame.copy()`
  dataframe[f"dc_hi_{n}"] = dataframe["high"].rolling(n).max().shift(1)
/freqtrade/user_data/strategies/TrendVolTarget.py:50: PerformanceWarning: DataFrame is highly fragmented.  This is usually the result of calling `frame.insert` many times, which has poor performance.  Consider joining all columns at once using pd.concat(axis=1) instead. To get a de-fragmented frame, use `newframe = frame.copy()`
  dataframe[f"dc_hi_{n}"] = dataframe["high"].rolling(n).max().shift(1)
/freqtrade/user_data/strategies/TrendVolTarget.py:50: PerformanceWarning: DataFrame is highly fragmented.  This is usually the result of calling `frame.insert` many times, which has poor performance.  Consider joining all columns at once using pd.concat(axis=1) instead. To get a de-fragmented frame, use `newframe = frame.copy()`
  dataframe[f"dc_hi_{n}"] = dataframe["high"].rolling(n).max().shift(1)
/freqtrade/user_data/strategies/TrendVolTarget.py:50: PerformanceWarning: DataFrame is highly fragmented.  This is usually the result of calling `frame.insert` many times, which has poor performance.  Consider joining all columns at once using pd.concat(axis=1) instead. To get a de-fragmented frame, use `newframe = frame.copy()`
  dataframe[f"dc_hi_{n}"] = dataframe["high"].rolling(n).max().shift(1)
/freqtrade/user_data/strategies/TrendVolTarget.py:50: PerformanceWarning: DataFrame is highly fragmented.  This is usually the result of calling `frame.insert` many times, which has poor performance.  Consider joining all columns at once using pd.concat(axis=1) instead. To get a de-fragmented frame, use `newframe = frame.copy()`
  dataframe[f"dc_hi_{n}"] = dataframe["high"].rolling(n).max().shift(1)
/freqtrade/user_data/strategies/TrendVolTarget.py:50: PerformanceWarning: DataFrame is highly fragmented.  This is usually the result of calling `frame.insert` many times, which has poor performance.  Consider joining all columns at once using pd.concat(axis=1) instead. To get a de-fragmented frame, use `newframe = frame.copy()`
  dataframe[f"dc_hi_{n}"] = dataframe["high"].rolling(n).max().shift(1)
/freqtrade/user_data/strategies/TrendVolTarget.py:50: PerformanceWarning: DataFrame is highly fragmented.  This is usually the result of calling `frame.insert` many times, which has poor performance.  Consider joining all columns at once using pd.concat(axis=1) instead. To get a de-fragmented frame, use `newframe = frame.copy()`
  dataframe[f"dc_hi_{n}"] = dataframe["high"].rolling(n).max().shift(1)
/freqtrade/user_data/strategies/TrendVolTarget.py:50: PerformanceWarning: DataFrame is highly fragmented.  This is usually the result of calling `frame.insert` many times, which has poor performance.  Consider joining all columns at once using pd.concat(axis=1) instead. To get a de-fragmented frame, use `newframe = frame.copy()`
  dataframe[f"dc_hi_{n}"] = dataframe["high"].rolling(n).max().shift(1)
/freqtrade/user_data/strategies/TrendVolTarget.py:50: PerformanceWarning: DataFrame is highly fragmented.  This is usually the result of calling `frame.insert` many times, which has poor performance.  Consider joining all columns at once using pd.concat(axis=1) instead. To get a de-fragmented frame, use `newframe = frame.copy()`
  dataframe[f"dc_hi_{n}"] = dataframe["high"].rolling(n).max().shift(1)
/freqtrade/user_data/strategies/TrendVolTarget.py:50: PerformanceWarning: DataFrame is highly fragmented.  This is usually the result of calling `frame.insert` many times, which has poor performance.  Consider joining all columns at once using pd.concat(axis=1) instead. To get a de-fragmented frame, use `newframe = frame.copy()`
  dataframe[f"dc_hi_{n}"] = dataframe["high"].rolling(n).max().shift(1)
/freqtrade/user_data/strategies/TrendVolTarget.py:50: PerformanceWarning: DataFrame is highly fragmented.  This is usually the result of calling `frame.insert` many times, which has poor performance.  Consider joining all columns at once using pd.concat(axis=1) instead. To get a de-fragmented frame, use `newframe = frame.copy()`
  dataframe[f"dc_hi_{n}"] = dataframe["high"].rolling(n).max().shift(1)
/freqtrade/user_data/strategies/TrendVolTarget.py:50: PerformanceWarning: DataFrame is highly fragmented.  This is usually the result of calling `frame.insert` many times, which has poor performance.  Consider joining all columns at once using pd.concat(axis=1) instead. To get a de-fragmented frame, use `newframe = frame.copy()`
  dataframe[f"dc_hi_{n}"] = dataframe["high"].rolling(n).max().shift(1)
/freqtrade/user_data/strategies/TrendVolTarget.py:50: PerformanceWarning: DataFrame is highly fragmented.  This is usually the result of calling `frame.insert` many times, which has poor performance.  Consider joining all columns at once using pd.concat(axis=1) instead. To get a de-fragmented frame, use `newframe = frame.copy()`
  dataframe[f"dc_hi_{n}"] = dataframe["high"].rolling(n).max().shift(1)
/freqtrade/user_data/strategies/TrendVolTarget.py:50: PerformanceWarning: DataFrame is highly fragmented.  This is usually the result of calling `frame.insert` many times, which has poor performance.  Consider joining all columns at once using pd.concat(axis=1) instead. To get a de-fragmented frame, use `newframe = frame.copy()`
  dataframe[f"dc_hi_{n}"] = dataframe["high"].rolling(n).max().shift(1)
/freqtrade/user_data/strategies/TrendVolTarget.py:50: PerformanceWarning: DataFrame is highly fragmented.  This is usually the result of calling `frame.insert` many times, which has poor performance.  Consider joining all columns at once using pd.concat(axis=1) instead. To get a de-fragmented frame, use `newframe = frame.copy()`
  dataframe[f"dc_hi_{n}"] = dataframe["high"].rolling(n).max().shift(1)
/freqtrade/user_data/strategies/TrendVolTarget.py:50: PerformanceWarning: DataFrame is highly fragmented.  This is usually the result of calling `frame.insert` many times, which has poor performance.  Consider joining all columns at once using pd.concat(axis=1) instead. To get a de-fragmented frame, use `newframe = frame.copy()`
  dataframe[f"dc_hi_{n}"] = dataframe["high"].rolling(n).max().shift(1)
/freqtrade/user_data/strategies/TrendVolTarget.py:50: PerformanceWarning: DataFrame is highly fragmented.  This is usually the result of calling `frame.insert` many times, which has poor performance.  Consider joining all columns at once using pd.concat(axis=1) instead. To get a de-fragmented frame, use `newframe = frame.copy()`
  dataframe[f"dc_hi_{n}"] = dataframe["high"].rolling(n).max().shift(1)
/freqtrade/user_data/strategies/TrendVolTarget.py:50: PerformanceWarning: DataFrame is highly fragmented.  This is usually the result of calling `frame.insert` many times, which has poor performance.  Consider joining all columns at once using pd.concat(axis=1) instead. To get a de-fragmented frame, use `newframe = frame.copy()`
  dataframe[f"dc_hi_{n}"] = dataframe["high"].rolling(n).max().shift(1)
/freqtrade/user_data/strategies/TrendVolTarget.py:50: PerformanceWarning: DataFrame is highly fragmented.  This is usually the result of calling `frame.insert` many times, which has poor performance.  Consider joining all columns at once using pd.concat(axis=1) instead. To get a de-fragmented frame, use `newframe = frame.copy()`
  dataframe[f"dc_hi_{n}"] = dataframe["high"].rolling(n).max().shift(1)
/freqtrade/user_data/strategies/TrendVolTarget.py:50: PerformanceWarning: DataFrame is highly fragmented.  This is usually the result of calling `frame.insert` many times, which has poor performance.  Consider joining all columns at once using pd.concat(axis=1) instead. To get a de-fragmented frame, use `newframe = frame.copy()`
  dataframe[f"dc_hi_{n}"] = dataframe["high"].rolling(n).max().shift(1)
/freqtrade/user_data/strategies/TrendVolTarget.py:50: PerformanceWarning: DataFrame is highly fragmented.  This is usually the result of calling `frame.insert` many times, which has poor performance.  Consider joining all columns at once using pd.concat(axis=1) instead. To get a de-fragmented frame, use `newframe = frame.copy()`
  dataframe[f"dc_hi_{n}"] = dataframe["high"].rolling(n).max().shift(1)
/freqtrade/user_data/strategies/TrendVolTarget.py:50: PerformanceWarning: DataFrame is highly fragmented.  This is usually the result of calling `frame.insert` many times, which has poor performance.  Consider joining all columns at once using pd.concat(axis=1) instead. To get a de-fragmented frame, use `newframe = frame.copy()`
  dataframe[f"dc_hi_{n}"] = dataframe["high"].rolling(n).max().shift(1)
/freqtrade/user_data/strategies/TrendVolTarget.py:50: PerformanceWarning: DataFrame is highly fragmented.  This is usually the result of calling `frame.insert` many times, which has poor performance.  Consider joining all columns at once using pd.concat(axis=1) instead. To get a de-fragmented frame, use `newframe = frame.copy()`
  dataframe[f"dc_hi_{n}"] = dataframe["high"].rolling(n).max().shift(1)
/freqtrade/user_data/strategies/TrendVolTarget.py:50: PerformanceWarning: DataFrame is highly fragmented.  This is usually the result of calling `frame.insert` many times, which has poor performance.  Consider joining all columns at once using pd.concat(axis=1) instead. To get a de-fragmented frame, use `newframe = frame.copy()`
  dataframe[f"dc_hi_{n}"] = dataframe["high"].rolling(n).max().shift(1)
/freqtrade/user_data/strategies/TrendVolTarget.py:50: PerformanceWarning: DataFrame is highly fragmented.  This is usually the result of calling `frame.insert` many times, which has poor performance.  Consider joining all columns at once using pd.concat(axis=1) instead. To get a de-fragmented frame, use `newframe = frame.copy()`
  dataframe[f"dc_hi_{n}"] = dataframe["high"].rolling(n).max().shift(1)
/freqtrade/user_data/strategies/TrendVolTarget.py:50: PerformanceWarning: DataFrame is highly fragmented.  This is usually the result of calling `frame.insert` many times, which has poor performance.  Consider joining all columns at once using pd.concat(axis=1) instead. To get a de-fragmented frame, use `newframe = frame.copy()`
  dataframe[f"dc_hi_{n}"] = dataframe["high"].rolling(n).max().shift(1)
/freqtrade/user_data/strategies/TrendVolTarget.py:50: PerformanceWarning: DataFrame is highly fragmented.  This is usually the result of calling `frame.insert` many times, which has poor performance.  Consider joining all columns at once using pd.concat(axis=1) instead. To get a de-fragmented frame, use `newframe = frame.copy()`
  dataframe[f"dc_hi_{n}"] = dataframe["high"].rolling(n).max().shift(1)
/freqtrade/user_data/strategies/TrendVolTarget.py:50: PerformanceWarning: DataFrame is highly fragmented.  This is usually the result of calling `frame.insert` many times, which has poor performance.  Consider joining all columns at once using pd.concat(axis=1) instead. To get a de-fragmented frame, use `newframe = frame.copy()`
  dataframe[f"dc_hi_{n}"] = dataframe["high"].rolling(n).max().shift(1)
/freqtrade/user_data/strategies/TrendVolTarget.py:50: PerformanceWarning: DataFrame is highly fragmented.  This is usually the result of calling `frame.insert` many times, which has poor performance.  Consider joining all columns at once using pd.concat(axis=1) instead. To get a de-fragmented frame, use `newframe = frame.copy()`
  dataframe[f"dc_hi_{n}"] = dataframe["high"].rolling(n).max().shift(1)
/freqtrade/user_data/strategies/TrendVolTarget.py:50: PerformanceWarning: DataFrame is highly fragmented.  This is usually the result of calling `frame.insert` many times, which has poor performance.  Consider joining all columns at once using pd.concat(axis=1) instead. To get a de-fragmented frame, use `newframe = frame.copy()`
  dataframe[f"dc_hi_{n}"] = dataframe["high"].rolling(n).max().shift(1)
/freqtrade/user_data/strategies/TrendVolTarget.py:50: PerformanceWarning: DataFrame is highly fragmented.  This is usually the result of calling `frame.insert` many times, which has poor performance.  Consider joining all columns at once using pd.concat(axis=1) instead. To get a de-fragmented frame, use `newframe = frame.copy()`
  dataframe[f"dc_hi_{n}"] = dataframe["high"].rolling(n).max().shift(1)
/freqtrade/user_data/strategies/TrendVolTarget.py:50: PerformanceWarning: DataFrame is highly fragmented.  This is usually the result of calling `frame.insert` many times, which has poor performance.  Consider joining all columns at once using pd.concat(axis=1) instead. To get a de-fragmented frame, use `newframe = frame.copy()`
  dataframe[f"dc_hi_{n}"] = dataframe["high"].rolling(n).max().shift(1)
/freqtrade/user_data/strategies/TrendVolTarget.py:50: PerformanceWarning: DataFrame is highly fragmented.  This is usually the result of calling `frame.insert` many times, which has poor performance.  Consider joining all columns at once using pd.concat(axis=1) instead. To get a de-fragmented frame, use `newframe = frame.copy()`
  dataframe[f"dc_hi_{n}"] = dataframe["high"].rolling(n).max().shift(1)
/freqtrade/user_data/strategies/TrendVolTarget.py:50: PerformanceWarning: DataFrame is highly fragmented.  This is usually the result of calling `frame.insert` many times, which has poor performance.  Consider joining all columns at once using pd.concat(axis=1) instead. To get a de-fragmented frame, use `newframe = frame.copy()`
  dataframe[f"dc_hi_{n}"] = dataframe["high"].rolling(n).max().shift(1)
/freqtrade/user_data/strategies/TrendVolTarget.py:50: PerformanceWarning: DataFrame is highly fragmented.  This is usually the result of calling `frame.insert` many times, which has poor performance.  Consider joining all columns at once using pd.concat(axis=1) instead. To get a de-fragmented frame, use `newframe = frame.copy()`
  dataframe[f"dc_hi_{n}"] = dataframe["high"].rolling(n).max().shift(1)
/freqtrade/user_data/strategies/TrendVolTarget.py:50: PerformanceWarning: DataFrame is highly fragmented.  This is usually the result of calling `frame.insert` many times, which has poor performance.  Consider joining all columns at once using pd.concat(axis=1) instead. To get a de-fragmented frame, use `newframe = frame.copy()`
  dataframe[f"dc_hi_{n}"] = dataframe["high"].rolling(n).max().shift(1)
/freqtrade/user_data/strategies/TrendVolTarget.py:50: PerformanceWarning: DataFrame is highly fragmented.  This is usually the result of calling `frame.insert` many times, which has poor performance.  Consider joining all columns at once using pd.concat(axis=1) instead. To get a de-fragmented frame, use `newframe = frame.copy()`
  dataframe[f"dc_hi_{n}"] = dataframe["high"].rolling(n).max().shift(1)
/freqtrade/user_data/strategies/TrendVolTarget.py:53: PerformanceWarning: DataFrame is highly fragmented.  This is usually the result of calling `frame.insert` many times, which has poor performance.  Consider joining all columns at once using pd.concat(axis=1) instead. To get a de-fragmented frame, use `newframe = frame.copy()`
  dataframe["sma_f"] = ta.SMA(dataframe, timeperiod=60)
/freqtrade/user_data/strategies/TrendVolTarget.py:54: PerformanceWarning: DataFrame is highly fragmented.  This is usually the result of calling `frame.insert` many times, which has poor performance.  Consider joining all columns at once using pd.concat(axis=1) instead. To get a de-fragmented frame, use `newframe = frame.copy()`
  dataframe["sma_s"] = ta.SMA(dataframe, timeperiod=240)
/freqtrade/user_data/strategies/TrendVolTarget.py:56: PerformanceWarning: DataFrame is highly fragmented.  This is usually the result of calling `frame.insert` many times, which has poor performance.  Consider joining all columns at once using pd.concat(axis=1) instead. To get a de-fragmented frame, use `newframe = frame.copy()`
  dataframe["rvol"] = dataframe["close"].pct_change().rolling(90).std() * np.sqrt(6 * 365)
/freqtrade/user_data/strategies/TrendVolTarget.py:50: PerformanceWarning: DataFrame is highly fragmented.  This is usually the result of calling `frame.insert` many times, which has poor performance.  Consider joining all columns at once using pd.concat(axis=1) instead. To get a de-fragmented frame, use `newframe = frame.copy()`
  dataframe[f"dc_hi_{n}"] = dataframe["high"].rolling(n).max().shift(1)
/freqtrade/user_data/strategies/TrendVolTarget.py:50: PerformanceWarning: DataFrame is highly fragmented.  This is usually the result of calling `frame.insert` many times, which has poor performance.  Consider joining all columns at once using pd.concat(axis=1) instead. To get a de-fragmented frame, use `newframe = frame.copy()`
  dataframe[f"dc_hi_{n}"] = dataframe["high"].rolling(n).max().shift(1)
/freqtrade/user_data/strategies/TrendVolTarget.py:50: PerformanceWarning: DataFrame is highly fragmented.  This is usually the result of calling `frame.insert` many times, which has poor performance.  Consider joining all columns at once using pd.concat(axis=1) instead. To get a de-fragmented frame, use `newframe = frame.copy()`
  dataframe[f"dc_hi_{n}"] = dataframe["high"].rolling(n).max().shift(1)
/freqtrade/user_data/strategies/TrendVolTarget.py:50: PerformanceWarning: DataFrame is highly fragmented.  This is usually the result of calling `frame.insert` many times, which has poor performance.  Consider joining all columns at once using pd.concat(axis=1) instead. To get a de-fragmented frame, use `newframe = frame.copy()`
  dataframe[f"dc_hi_{n}"] = dataframe["high"].rolling(n).max().shift(1)
/freqtrade/user_data/strategies/TrendVolTarget.py:50: PerformanceWarning: DataFrame is highly fragmented.  This is usually the result of calling `frame.insert` many times, which has poor performance.  Consider joining all columns at once using pd.concat(axis=1) instead. To get a de-fragmented frame, use `newframe = frame.copy()`
  dataframe[f"dc_hi_{n}"] = dataframe["high"].rolling(n).max().shift(1)
/freqtrade/user_data/strategies/TrendVolTarget.py:50: PerformanceWarning: DataFrame is highly fragmented.  This is usually the result of calling `frame.insert` many times, which has poor performance.  Consider joining all columns at once using pd.concat(axis=1) instead. To get a de-fragmented frame, use `newframe = frame.copy()`
  dataframe[f"dc_hi_{n}"] = dataframe["high"].rolling(n).max().shift(1)
/freqtrade/user_data/strategies/TrendVolTarget.py:50: PerformanceWarning: DataFrame is highly fragmented.  This is usually the result of calling `frame.insert` many times, which has poor performance.  Consider joining all columns at once using pd.concat(axis=1) instead. To get a de-fragmented frame, use `newframe = frame.copy()`
  dataframe[f"dc_hi_{n}"] = dataframe["high"].rolling(n).max().shift(1)
/freqtrade/user_data/strategies/TrendVolTarget.py:50: PerformanceWarning: DataFrame is highly fragmented.  This is usually the result of calling `frame.insert` many times, which has poor performance.  Consider joining all columns at once using pd.concat(axis=1) instead. To get a de-fragmented frame, use `newframe = frame.copy()`
  dataframe[f"dc_hi_{n}"] = dataframe["high"].rolling(n).max().shift(1)
/freqtrade/user_data/strategies/TrendVolTarget.py:50: PerformanceWarning: DataFrame is highly fragmented.  This is usually the result of calling `frame.insert` many times, which has poor performance.  Consider joining all columns at once using pd.concat(axis=1) instead. To get a de-fragmented frame, use `newframe = frame.copy()`
  dataframe[f"dc_hi_{n}"] = dataframe["high"].rolling(n).max().shift(1)
/freqtrade/user_data/strategies/TrendVolTarget.py:50: PerformanceWarning: DataFrame is highly fragmented.  This is usually the result of calling `frame.insert` many times, which has poor performance.  Consider joining all columns at once using pd.concat(axis=1) instead. To get a de-fragmented frame, use `newframe = frame.copy()`
  dataframe[f"dc_hi_{n}"] = dataframe["high"].rolling(n).max().shift(1)
/freqtrade/user_data/strategies/TrendVolTarget.py:50: PerformanceWarning: DataFrame is highly fragmented.  This is usually the result of calling `frame.insert` many times, which has poor performance.  Consider joining all columns at once using pd.concat(axis=1) instead. To get a de-fragmented frame, use `newframe = frame.copy()`
  dataframe[f"dc_hi_{n}"] = dataframe["high"].rolling(n).max().shift(1)
/freqtrade/user_data/strategies/TrendVolTarget.py:50: PerformanceWarning: DataFrame is highly fragmented.  This is usually the result of calling `frame.insert` many times, which has poor performance.  Consider joining all columns at once using pd.concat(axis=1) instead. To get a de-fragmented frame, use `newframe = frame.copy()`
  dataframe[f"dc_hi_{n}"] = dataframe["high"].rolling(n).max().shift(1)
/freqtrade/user_data/strategies/TrendVolTarget.py:50: PerformanceWarning: DataFrame is highly fragmented.  This is usually the result of calling `frame.insert` many times, which has poor performance.  Consider joining all columns at once using pd.concat(axis=1) instead. To get a de-fragmented frame, use `newframe = frame.copy()`
  dataframe[f"dc_hi_{n}"] = dataframe["high"].rolling(n).max().shift(1)
/freqtrade/user_data/strategies/TrendVolTarget.py:50: PerformanceWarning: DataFrame is highly fragmented.  This is usually the result of calling `frame.insert` many times, which has poor performance.  Consider joining all columns at once using pd.concat(axis=1) instead. To get a de-fragmented frame, use `newframe = frame.copy()`
  dataframe[f"dc_hi_{n}"] = dataframe["high"].rolling(n).max().shift(1)
/freqtrade/user_data/strategies/TrendVolTarget.py:50: PerformanceWarning: DataFrame is highly fragmented.  This is usually the result of calling `frame.insert` many times, which has poor performance.  Consider joining all columns at once using pd.concat(axis=1) instead. To get a de-fragmented frame, use `newframe = frame.copy()`
  dataframe[f"dc_hi_{n}"] = dataframe["high"].rolling(n).max().shift(1)
/freqtrade/user_data/strategies/TrendVolTarget.py:50: PerformanceWarning: DataFrame is highly fragmented.  This is usually the result of calling `frame.insert` many times, which has poor performance.  Consider joining all columns at once using pd.concat(axis=1) instead. To get a de-fragmented frame, use `newframe = frame.copy()`
  dataframe[f"dc_hi_{n}"] = dataframe["high"].rolling(n).max().shift(1)
/freqtrade/user_data/strategies/TrendVolTarget.py:50: PerformanceWarning: DataFrame is highly fragmented.  This is usually the result of calling `frame.insert` many times, which has poor performance.  Consider joining all columns at once using pd.concat(axis=1) instead. To get a de-fragmented frame, use `newframe = frame.copy()`
  dataframe[f"dc_hi_{n}"] = dataframe["high"].rolling(n).max().shift(1)
/freqtrade/user_data/strategies/TrendVolTarget.py:50: PerformanceWarning: DataFrame is highly fragmented.  This is usually the result of calling `frame.insert` many times, which has poor performance.  Consider joining all columns at once using pd.concat(axis=1) instead. To get a de-fragmented frame, use `newframe = frame.copy()`
  dataframe[f"dc_hi_{n}"] = dataframe["high"].rolling(n).max().shift(1)
/freqtrade/user_data/strategies/TrendVolTarget.py:50: PerformanceWarning: DataFrame is highly fragmented.  This is usually the result of calling `frame.insert` many times, which has poor performance.  Consider joining all columns at once using pd.concat(axis=1) instead. To get a de-fragmented frame, use `newframe = frame.copy()`
  dataframe[f"dc_hi_{n}"] = dataframe["high"].rolling(n).max().shift(1)
/freqtrade/user_data/strategies/TrendVolTarget.py:50: PerformanceWarning: DataFrame is highly fragmented.  This is usually the result of calling `frame.insert` many times, which has poor performance.  Consider joining all columns at once using pd.concat(axis=1) instead. To get a de-fragmented frame, use `newframe = frame.copy()`
  dataframe[f"dc_hi_{n}"] = dataframe["high"].rolling(n).max().shift(1)
/freqtrade/user_data/strategies/TrendVolTarget.py:50: PerformanceWarning: DataFrame is highly fragmented.  This is usually the result of calling `frame.insert` many times, which has poor performance.  Consider joining all columns at once using pd.concat(axis=1) instead. To get a de-fragmented frame, use `newframe = frame.copy()`
  dataframe[f"dc_hi_{n}"] = dataframe["high"].rolling(n).max().shift(1)
/freqtrade/user_data/strategies/TrendVolTarget.py:50: PerformanceWarning: DataFrame is highly fragmented.  This is usually the result of calling `frame.insert` many times, which has poor performance.  Consider joining all columns at once using pd.concat(axis=1) instead. To get a de-fragmented frame, use `newframe = frame.copy()`
  dataframe[f"dc_hi_{n}"] = dataframe["high"].rolling(n).max().shift(1)
/freqtrade/user_data/strategies/TrendVolTarget.py:50: PerformanceWarning: DataFrame is highly fragmented.  This is usually the result of calling `frame.insert` many times, which has poor performance.  Consider joining all columns at once using pd.concat(axis=1) instead. To get a de-fragmented frame, use `newframe = frame.copy()`
  dataframe[f"dc_hi_{n}"] = dataframe["high"].rolling(n).max().shift(1)
/freqtrade/user_data/strategies/TrendVolTarget.py:50: PerformanceWarning: DataFrame is highly fragmented.  This is usually the result of calling `frame.insert` many times, which has poor performance.  Consider joining all columns at once using pd.concat(axis=1) instead. To get a de-fragmented frame, use `newframe = frame.copy()`
  dataframe[f"dc_hi_{n}"] = dataframe["high"].rolling(n).max().shift(1)
/freqtrade/user_data/strategies/TrendVolTarget.py:50: PerformanceWarning: DataFrame is highly fragmented.  This is usually the result of calling `frame.insert` many times, which has poor performance.  Consider joining all columns at once using pd.concat(axis=1) instead. To get a de-fragmented frame, use `newframe = frame.copy()`
  dataframe[f"dc_hi_{n}"] = dataframe["high"].rolling(n).max().shift(1)
/freqtrade/user_data/strategies/TrendVolTarget.py:50: PerformanceWarning: DataFrame is highly fragmented.  This is usually the result of calling `frame.insert` many times, which has poor performance.  Consider joining all columns at once using pd.concat(axis=1) instead. To get a de-fragmented frame, use `newframe = frame.copy()`
  dataframe[f"dc_hi_{n}"] = dataframe["high"].rolling(n).max().shift(1)
/freqtrade/user_data/strategies/TrendVolTarget.py:50: PerformanceWarning: DataFrame is highly fragmented.  This is usually the result of calling `frame.insert` many times, which has poor performance.  Consider joining all columns at once using pd.concat(axis=1) instead. To get a de-fragmented frame, use `newframe = frame.copy()`
  dataframe[f"dc_hi_{n}"] = dataframe["high"].rolling(n).max().shift(1)
/freqtrade/user_data/strategies/TrendVolTarget.py:50: PerformanceWarning: DataFrame is highly fragmented.  This is usually the result of calling `frame.insert` many times, which has poor performance.  Consider joining all columns at once using pd.concat(axis=1) instead. To get a de-fragmented frame, use `newframe = frame.copy()`
  dataframe[f"dc_hi_{n}"] = dataframe["high"].rolling(n).max().shift(1)
/freqtrade/user_data/strategies/TrendVolTarget.py:50: PerformanceWarning: DataFrame is highly fragmented.  This is usually the result of calling `frame.insert` many times, which has poor performance.  Consider joining all columns at once using pd.concat(axis=1) instead. To get a de-fragmented frame, use `newframe = frame.copy()`
  dataframe[f"dc_hi_{n}"] = dataframe["high"].rolling(n).max().shift(1)
/freqtrade/user_data/strategies/TrendVolTarget.py:50: PerformanceWarning: DataFrame is highly fragmented.  This is usually the result of calling `frame.insert` many times, which has poor performance.  Consider joining all columns at once using pd.concat(axis=1) instead. To get a de-fragmented frame, use `newframe = frame.copy()`
  dataframe[f"dc_hi_{n}"] = dataframe["high"].rolling(n).max().shift(1)
/freqtrade/user_data/strategies/TrendVolTarget.py:50: PerformanceWarning: DataFrame is highly fragmented.  This is usually the result of calling `frame.insert` many times, which has poor performance.  Consider joining all columns at once using pd.concat(axis=1) instead. To get a de-fragmented frame, use `newframe = frame.copy()`
  dataframe[f"dc_hi_{n}"] = dataframe["high"].rolling(n).max().shift(1)
/freqtrade/user_data/strategies/TrendVolTarget.py:50: PerformanceWarning: DataFrame is highly fragmented.  This is usually the result of calling `frame.insert` many times, which has poor performance.  Consider joining all columns at once using pd.concat(axis=1) instead. To get a de-fragmented frame, use `newframe = frame.copy()`
  dataframe[f"dc_hi_{n}"] = dataframe["high"].rolling(n).max().shift(1)
/freqtrade/user_data/strategies/TrendVolTarget.py:50: PerformanceWarning: DataFrame is highly fragmented.  This is usually the result of calling `frame.insert` many times, which has poor performance.  Consider joining all columns at once using pd.concat(axis=1) instead. To get a de-fragmented frame, use `newframe = frame.copy()`
  dataframe[f"dc_hi_{n}"] = dataframe["high"].rolling(n).max().shift(1)
/freqtrade/user_data/strategies/TrendVolTarget.py:50: PerformanceWarning: DataFrame is highly fragmented.  This is usually the result of calling `frame.insert` many times, which has poor performance.  Consider joining all columns at once using pd.concat(axis=1) instead. To get a de-fragmented frame, use `newframe = frame.copy()`
  dataframe[f"dc_hi_{n}"] = dataframe["high"].rolling(n).max().shift(1)
/freqtrade/user_data/strategies/TrendVolTarget.py:50: PerformanceWarning: DataFrame is highly fragmented.  This is usually the result of calling `frame.insert` many times, which has poor performance.  Consider joining all columns at once using pd.concat(axis=1) instead. To get a de-fragmented frame, use `newframe = frame.copy()`
  dataframe[f"dc_hi_{n}"] = dataframe["high"].rolling(n).max().shift(1)
/freqtrade/user_data/strategies/TrendVolTarget.py:50: PerformanceWarning: DataFrame is highly fragmented.  This is usually the result of calling `frame.insert` many times, which has poor performance.  Consider joining all columns at once using pd.concat(axis=1) instead. To get a de-fragmented frame, use `newframe = frame.copy()`
  dataframe[f"dc_hi_{n}"] = dataframe["high"].rolling(n).max().shift(1)
/freqtrade/user_data/strategies/TrendVolTarget.py:50: PerformanceWarning: DataFrame is highly fragmented.  This is usually the result of calling `frame.insert` many times, which has poor performance.  Consider joining all columns at once using pd.concat(axis=1) instead. To get a de-fragmented frame, use `newframe = frame.copy()`
  dataframe[f"dc_hi_{n}"] = dataframe["high"].rolling(n).max().shift(1)
/freqtrade/user_data/strategies/TrendVolTarget.py:50: PerformanceWarning: DataFrame is highly fragmented.  This is usually the result of calling `frame.insert` many times, which has poor performance.  Consider joining all columns at once using pd.concat(axis=1) instead. To get a de-fragmented frame, use `newframe = frame.copy()`
  dataframe[f"dc_hi_{n}"] = dataframe["high"].rolling(n).max().shift(1)
/freqtrade/user_data/strategies/TrendVolTarget.py:50: PerformanceWarning: DataFrame is highly fragmented.  This is usually the result of calling `frame.insert` many times, which has poor performance.  Consider joining all columns at once using pd.concat(axis=1) instead. To get a de-fragmented frame, use `newframe = frame.copy()`
  dataframe[f"dc_hi_{n}"] = dataframe["high"].rolling(n).max().shift(1)
/freqtrade/user_data/strategies/TrendVolTarget.py:50: PerformanceWarning: DataFrame is highly fragmented.  This is usually the result of calling `frame.insert` many times, which has poor performance.  Consider joining all columns at once using pd.concat(axis=1) instead. To get a de-fragmented frame, use `newframe = frame.copy()`
  dataframe[f"dc_hi_{n}"] = dataframe["high"].rolling(n).max().shift(1)
/freqtrade/user_data/strategies/TrendVolTarget.py:50: PerformanceWarning: DataFrame is highly fragmented.  This is usually the result of calling `frame.insert` many times, which has poor performance.  Consider joining all columns at once using pd.concat(axis=1) instead. To get a de-fragmented frame, use `newframe = frame.copy()`
  dataframe[f"dc_hi_{n}"] = dataframe["high"].rolling(n).max().shift(1)
/freqtrade/user_data/strategies/TrendVolTarget.py:50: PerformanceWarning: DataFrame is highly fragmented.  This is usually the result of calling `frame.insert` many times, which has poor performance.  Consider joining all columns at once using pd.concat(axis=1) instead. To get a de-fragmented frame, use `newframe = frame.copy()`
  dataframe[f"dc_hi_{n}"] = dataframe["high"].rolling(n).max().shift(1)
/freqtrade/user_data/strategies/TrendVolTarget.py:50: PerformanceWarning: DataFrame is highly fragmented.  This is usually the result of calling `frame.insert` many times, which has poor performance.  Consider joining all columns at once using pd.concat(axis=1) instead. To get a de-fragmented frame, use `newframe = frame.copy()`
  dataframe[f"dc_hi_{n}"] = dataframe["high"].rolling(n).max().shift(1)
/freqtrade/user_data/strategies/TrendVolTarget.py:50: PerformanceWarning: DataFrame is highly fragmented.  This is usually the result of calling `frame.insert` many times, which has poor performance.  Consider joining all columns at once using pd.concat(axis=1) instead. To get a de-fragmented frame, use `newframe = frame.copy()`
  dataframe[f"dc_hi_{n}"] = dataframe["high"].rolling(n).max().shift(1)
/freqtrade/user_data/strategies/TrendVolTarget.py:50: PerformanceWarning: DataFrame is highly fragmented.  This is usually the result of calling `frame.insert` many times, which has poor performance.  Consider joining all columns at once using pd.concat(axis=1) instead. To get a de-fragmented frame, use `newframe = frame.copy()`
  dataframe[f"dc_hi_{n}"] = dataframe["high"].rolling(n).max().shift(1)
/freqtrade/user_data/strategies/TrendVolTarget.py:50: PerformanceWarning: DataFrame is highly fragmented.  This is usually the result of calling `frame.insert` many times, which has poor performance.  Consider joining all columns at once using pd.concat(axis=1) instead. To get a de-fragmented frame, use `newframe = frame.copy()`
  dataframe[f"dc_hi_{n}"] = dataframe["high"].rolling(n).max().shift(1)
/freqtrade/user_data/strategies/TrendVolTarget.py:50: PerformanceWarning: DataFrame is highly fragmented.  This is usually the result of calling `frame.insert` many times, which has poor performance.  Consider joining all columns at once using pd.concat(axis=1) instead. To get a de-fragmented frame, use `newframe = frame.copy()`
  dataframe[f"dc_hi_{n}"] = dataframe["high"].rolling(n).max().shift(1)
/freqtrade/user_data/strategies/TrendVolTarget.py:50: PerformanceWarning: DataFrame is highly fragmented.  This is usually the result of calling `frame.insert` many times, which has poor performance.  Consider joining all columns at once using pd.concat(axis=1) instead. To get a de-fragmented frame, use `newframe = frame.copy()`
  dataframe[f"dc_hi_{n}"] = dataframe["high"].rolling(n).max().shift(1)
/freqtrade/user_data/strategies/TrendVolTarget.py:50: PerformanceWarning: DataFrame is highly fragmented.  This is usually the result of calling `frame.insert` many times, which has poor performance.  Consider joining all columns at once using pd.concat(axis=1) instead. To get a de-fragmented frame, use `newframe = frame.copy()`
  dataframe[f"dc_hi_{n}"] = dataframe["high"].rolling(n).max().shift(1)
/freqtrade/user_data/strategies/TrendVolTarget.py:50: PerformanceWarning: DataFrame is highly fragmented.  This is usually the result of calling `frame.insert` many times, which has poor performance.  Consider joining all columns at once using pd.concat(axis=1) instead. To get a de-fragmented frame, use `newframe = frame.copy()`
  dataframe[f"dc_hi_{n}"] = dataframe["high"].rolling(n).max().shift(1)
/freqtrade/user_data/strategies/TrendVolTarget.py:50: PerformanceWarning: DataFrame is highly fragmented.  This is usually the result of calling `frame.insert` many times, which has poor performance.  Consider joining all columns at once using pd.concat(axis=1) instead. To get a de-fragmented frame, use `newframe = frame.copy()`
  dataframe[f"dc_hi_{n}"] = dataframe["high"].rolling(n).max().shift(1)
/freqtrade/user_data/strategies/TrendVolTarget.py:50: PerformanceWarning: DataFrame is highly fragmented.  This is usually the result of calling `frame.insert` many times, which has poor performance.  Consider joining all columns at once using pd.concat(axis=1) instead. To get a de-fragmented frame, use `newframe = frame.copy()`
  dataframe[f"dc_hi_{n}"] = dataframe["high"].rolling(n).max().shift(1)
/freqtrade/user_data/strategies/TrendVolTarget.py:50: PerformanceWarning: DataFrame is highly fragmented.  This is usually the result of calling `frame.insert` many times, which has poor performance.  Consider joining all columns at once using pd.concat(axis=1) instead. To get a de-fragmented frame, use `newframe = frame.copy()`
  dataframe[f"dc_hi_{n}"] = dataframe["high"].rolling(n).max().shift(1)
/freqtrade/user_data/strategies/TrendVolTarget.py:50: PerformanceWarning: DataFrame is highly fragmented.  This is usually the result of calling `frame.insert` many times, which has poor performance.  Consider joining all columns at once using pd.concat(axis=1) instead. To get a de-fragmented frame, use `newframe = frame.copy()`
  dataframe[f"dc_hi_{n}"] = dataframe["high"].rolling(n).max().shift(1)
/freqtrade/user_data/strategies/TrendVolTarget.py:50: PerformanceWarning: DataFrame is highly fragmented.  This is usually the result of calling `frame.insert` many times, which has poor performance.  Consider joining all columns at once using pd.concat(axis=1) instead. To get a de-fragmented frame, use `newframe = frame.copy()`
  dataframe[f"dc_hi_{n}"] = dataframe["high"].rolling(n).max().shift(1)
/freqtrade/user_data/strategies/TrendVolTarget.py:50: PerformanceWarning: DataFrame is highly fragmented.  This is usually the result of calling `frame.insert` many times, which has poor performance.  Consider joining all columns at once using pd.concat(axis=1) instead. To get a de-fragmented frame, use `newframe = frame.copy()`
  dataframe[f"dc_hi_{n}"] = dataframe["high"].rolling(n).max().shift(1)
/freqtrade/user_data/strategies/TrendVolTarget.py:50: PerformanceWarning: DataFrame is highly fragmented.  This is usually the result of calling `frame.insert` many times, which has poor performance.  Consider joining all columns at once using pd.concat(axis=1) instead. To get a de-fragmented frame, use `newframe = frame.copy()`
  dataframe[f"dc_hi_{n}"] = dataframe["high"].rolling(n).max().shift(1)
/freqtrade/user_data/strategies/TrendVolTarget.py:50: PerformanceWarning: DataFrame is highly fragmented.  This is usually the result of calling `frame.insert` many times, which has poor performance.  Consider joining all columns at once using pd.concat(axis=1) instead. To get a de-fragmented frame, use `newframe = frame.copy()`
  dataframe[f"dc_hi_{n}"] = dataframe["high"].rolling(n).max().shift(1)
/freqtrade/user_data/strategies/TrendVolTarget.py:50: PerformanceWarning: DataFrame is highly fragmented.  This is usually the result of calling `frame.insert` many times, which has poor performance.  Consider joining all columns at once using pd.concat(axis=1) instead. To get a de-fragmented frame, use `newframe = frame.copy()`
  dataframe[f"dc_hi_{n}"] = dataframe["high"].rolling(n).max().shift(1)
/freqtrade/user_data/strategies/TrendVolTarget.py:50: PerformanceWarning: DataFrame is highly fragmented.  This is usually the result of calling `frame.insert` many times, which has poor performance.  Consider joining all columns at once using pd.concat(axis=1) instead. To get a de-fragmented frame, use `newframe = frame.copy()`
  dataframe[f"dc_hi_{n}"] = dataframe["high"].rolling(n).max().shift(1)
/freqtrade/user_data/strategies/TrendVolTarget.py:50: PerformanceWarning: DataFrame is highly fragmented.  This is usually the result of calling `frame.insert` many times, which has poor performance.  Consider joining all columns at once using pd.concat(axis=1) instead. To get a de-fragmented frame, use `newframe = frame.copy()`
  dataframe[f"dc_hi_{n}"] = dataframe["high"].rolling(n).max().shift(1)
/freqtrade/user_data/strategies/TrendVolTarget.py:50: PerformanceWarning: DataFrame is highly fragmented.  This is usually the result of calling `frame.insert` many times, which has poor performance.  Consider joining all columns at once using pd.concat(axis=1) instead. To get a de-fragmented frame, use `newframe = frame.copy()`
  dataframe[f"dc_hi_{n}"] = dataframe["high"].rolling(n).max().shift(1)
/freqtrade/user_data/strategies/TrendVolTarget.py:50: PerformanceWarning: DataFrame is highly fragmented.  This is usually the result of calling `frame.insert` many times, which has poor performance.  Consider joining all columns at once using pd.concat(axis=1) instead. To get a de-fragmented frame, use `newframe = frame.copy()`
  dataframe[f"dc_hi_{n}"] = dataframe["high"].rolling(n).max().shift(1)
/freqtrade/user_data/strategies/TrendVolTarget.py:50: PerformanceWarning: DataFrame is highly fragmented.  This is usually the result of calling `frame.insert` many times, which has poor performance.  Consider joining all columns at once using pd.concat(axis=1) instead. To get a de-fragmented frame, use `newframe = frame.copy()`
  dataframe[f"dc_hi_{n}"] = dataframe["high"].rolling(n).max().shift(1)
/freqtrade/user_data/strategies/TrendVolTarget.py:50: PerformanceWarning: DataFrame is highly fragmented.  This is usually the result of calling `frame.insert` many times, which has poor performance.  Consider joining all columns at once using pd.concat(axis=1) instead. To get a de-fragmented frame, use `newframe = frame.copy()`
  dataframe[f"dc_hi_{n}"] = dataframe["high"].rolling(n).max().shift(1)
/freqtrade/user_data/strategies/TrendVolTarget.py:50: PerformanceWarning: DataFrame is highly fragmented.  This is usually the result of calling `frame.insert` many times, which has poor performance.  Consider joining all columns at once using pd.concat(axis=1) instead. To get a de-fragmented frame, use `newframe = frame.copy()`
  dataframe[f"dc_hi_{n}"] = dataframe["high"].rolling(n).max().shift(1)
/freqtrade/user_data/strategies/TrendVolTarget.py:50: PerformanceWarning: DataFrame is highly fragmented.  This is usually the result of calling `frame.insert` many times, which has poor performance.  Consider joining all columns at once using pd.concat(axis=1) instead. To get a de-fragmented frame, use `newframe = frame.copy()`
  dataframe[f"dc_hi_{n}"] = dataframe["high"].rolling(n).max().shift(1)
/freqtrade/user_data/strategies/TrendVolTarget.py:50: PerformanceWarning: DataFrame is highly fragmented.  This is usually the result of calling `frame.insert` many times, which has poor performance.  Consider joining all columns at once using pd.concat(axis=1) instead. To get a de-fragmented frame, use `newframe = frame.copy()`
  dataframe[f"dc_hi_{n}"] = dataframe["high"].rolling(n).max().shift(1)
/freqtrade/user_data/strategies/TrendVolTarget.py:50: PerformanceWarning: DataFrame is highly fragmented.  This is usually the result of calling `frame.insert` many times, which has poor performance.  Consider joining all columns at once using pd.concat(axis=1) instead. To get a de-fragmented frame, use `newframe = frame.copy()`
  dataframe[f"dc_hi_{n}"] = dataframe["high"].rolling(n).max().shift(1)
/freqtrade/user_data/strategies/TrendVolTarget.py:50: PerformanceWarning: DataFrame is highly fragmented.  This is usually the result of calling `frame.insert` many times, which has poor performance.  Consider joining all columns at once using pd.concat(axis=1) instead. To get a de-fragmented frame, use `newframe = frame.copy()`
  dataframe[f"dc_hi_{n}"] = dataframe["high"].rolling(n).max().shift(1)
/freqtrade/user_data/strategies/TrendVolTarget.py:50: PerformanceWarning: DataFrame is highly fragmented.  This is usually the result of calling `frame.insert` many times, which has poor performance.  Consider joining all columns at once using pd.concat(axis=1) instead. To get a de-fragmented frame, use `newframe = frame.copy()`
  dataframe[f"dc_hi_{n}"] = dataframe["high"].rolling(n).max().shift(1)
/freqtrade/user_data/strategies/TrendVolTarget.py:50: PerformanceWarning: DataFrame is highly fragmented.  This is usually the result of calling `frame.insert` many times, which has poor performance.  Consider joining all columns at once using pd.concat(axis=1) instead. To get a de-fragmented frame, use `newframe = frame.copy()`
  dataframe[f"dc_hi_{n}"] = dataframe["high"].rolling(n).max().shift(1)
/freqtrade/user_data/strategies/TrendVolTarget.py:50: PerformanceWarning: DataFrame is highly fragmented.  This is usually the result of calling `frame.insert` many times, which has poor performance.  Consider joining all columns at once using pd.concat(axis=1) instead. To get a de-fragmented frame, use `newframe = frame.copy()`
  dataframe[f"dc_hi_{n}"] = dataframe["high"].rolling(n).max().shift(1)
/freqtrade/user_data/strategies/TrendVolTarget.py:50: PerformanceWarning: DataFrame is highly fragmented.  This is usually the result of calling `frame.insert` many times, which has poor performance.  Consider joining all columns at once using pd.concat(axis=1) instead. To get a de-fragmented frame, use `newframe = frame.copy()`
  dataframe[f"dc_hi_{n}"] = dataframe["high"].rolling(n).max().shift(1)
/freqtrade/user_data/strategies/TrendVolTarget.py:50: PerformanceWarning: DataFrame is highly fragmented.  This is usually the result of calling `frame.insert` many times, which has poor performance.  Consider joining all columns at once using pd.concat(axis=1) instead. To get a de-fragmented frame, use `newframe = frame.copy()`
  dataframe[f"dc_hi_{n}"] = dataframe["high"].rolling(n).max().shift(1)
/freqtrade/user_data/strategies/TrendVolTarget.py:50: PerformanceWarning: DataFrame is highly fragmented.  This is usually the result of calling `frame.insert` many times, which has poor performance.  Consider joining all columns at once using pd.concat(axis=1) instead. To get a de-fragmented frame, use `newframe = frame.copy()`
  dataframe[f"dc_hi_{n}"] = dataframe["high"].rolling(n).max().shift(1)
/freqtrade/user_data/strategies/TrendVolTarget.py:50: PerformanceWarning: DataFrame is highly fragmented.  This is usually the result of calling `frame.insert` many times, which has poor performance.  Consider joining all columns at once using pd.concat(axis=1) instead. To get a de-fragmented frame, use `newframe = frame.copy()`
  dataframe[f"dc_hi_{n}"] = dataframe["high"].rolling(n).max().shift(1)
/freqtrade/user_data/strategies/TrendVolTarget.py:50: PerformanceWarning: DataFrame is highly fragmented.  This is usually the result of calling `frame.insert` many times, which has poor performance.  Consider joining all columns at once using pd.concat(axis=1) instead. To get a de-fragmented frame, use `newframe = frame.copy()`
  dataframe[f"dc_hi_{n}"] = dataframe["high"].rolling(n).max().shift(1)
/freqtrade/user_data/strategies/TrendVolTarget.py:50: PerformanceWarning: DataFrame is highly fragmented.  This is usually the result of calling `frame.insert` many times, which has poor performance.  Consider joining all columns at once using pd.concat(axis=1) instead. To get a de-fragmented frame, use `newframe = frame.copy()`
  dataframe[f"dc_hi_{n}"] = dataframe["high"].rolling(n).max().shift(1)
/freqtrade/user_data/strategies/TrendVolTarget.py:50: PerformanceWarning: DataFrame is highly fragmented.  This is usually the result of calling `frame.insert` many times, which has poor performance.  Consider joining all columns at once using pd.concat(axis=1) instead. To get a de-fragmented frame, use `newframe = frame.copy()`
  dataframe[f"dc_hi_{n}"] = dataframe["high"].rolling(n).max().shift(1)
/freqtrade/user_data/strategies/TrendVolTarget.py:50: PerformanceWarning: DataFrame is highly fragmented.  This is usually the result of calling `frame.insert` many times, which has poor performance.  Consider joining all columns at once using pd.concat(axis=1) instead. To get a de-fragmented frame, use `newframe = frame.copy()`
  dataframe[f"dc_hi_{n}"] = dataframe["high"].rolling(n).max().shift(1)
/freqtrade/user_data/strategies/TrendVolTarget.py:50: PerformanceWarning: DataFrame is highly fragmented.  This is usually the result of calling `frame.insert` many times, which has poor performance.  Consider joining all columns at once using pd.concat(axis=1) instead. To get a de-fragmented frame, use `newframe = frame.copy()`
  dataframe[f"dc_hi_{n}"] = dataframe["high"].rolling(n).max().shift(1)
/freqtrade/user_data/strategies/TrendVolTarget.py:50: PerformanceWarning: DataFrame is highly fragmented.  This is usually the result of calling `frame.insert` many times, which has poor performance.  Consider joining all columns at once using pd.concat(axis=1) instead. To get a de-fragmented frame, use `newframe = frame.copy()`
  dataframe[f"dc_hi_{n}"] = dataframe["high"].rolling(n).max().shift(1)
/freqtrade/user_data/strategies/TrendVolTarget.py:50: PerformanceWarning: DataFrame is highly fragmented.  This is usually the result of calling `frame.insert` many times, which has poor performance.  Consider joining all columns at once using pd.concat(axis=1) instead. To get a de-fragmented frame, use `newframe = frame.copy()`
  dataframe[f"dc_hi_{n}"] = dataframe["high"].rolling(n).max().shift(1)
/freqtrade/user_data/strategies/TrendVolTarget.py:53: PerformanceWarning: DataFrame is highly fragmented.  This is usually the result of calling `frame.insert` many times, which has poor performance.  Consider joining all columns at once using pd.concat(axis=1) instead. To get a de-fragmented frame, use `newframe = frame.copy()`
  dataframe["sma_f"] = ta.SMA(dataframe, timeperiod=60)
/freqtrade/user_data/strategies/TrendVolTarget.py:54: PerformanceWarning: DataFrame is highly fragmented.  This is usually the result of calling `frame.insert` many times, which has poor performance.  Consider joining all columns at once using pd.concat(axis=1) instead. To get a de-fragmented frame, use `newframe = frame.copy()`
  dataframe["sma_s"] = ta.SMA(dataframe, timeperiod=240)
/freqtrade/user_data/strategies/TrendVolTarget.py:56: PerformanceWarning: DataFrame is highly fragmented.  This is usually the result of calling `frame.insert` many times, which has poor performance.  Consider joining all columns at once using pd.concat(axis=1) instead. To get a de-fragmented frame, use `newframe = frame.copy()`
  dataframe["rvol"] = dataframe["close"].pct_change().rolling(90).std() * np.sqrt(6 * 365)
/freqtrade/user_data/strategies/TrendVolTarget.py:50: PerformanceWarning: DataFrame is highly fragmented.  This is usually the result of calling `frame.insert` many times, which has poor performance.  Consider joining all columns at once using pd.concat(axis=1) instead. To get a de-fragmented frame, use `newframe = frame.copy()`
  dataframe[f"dc_hi_{n}"] = dataframe["high"].rolling(n).max().shift(1)
/freqtrade/user_data/strategies/TrendVolTarget.py:50: PerformanceWarning: DataFrame is highly fragmented.  This is usually the result of calling `frame.insert` many times, which has poor performance.  Consider joining all columns at once using pd.concat(axis=1) instead. To get a de-fragmented frame, use `newframe = frame.copy()`
  dataframe[f"dc_hi_{n}"] = dataframe["high"].rolling(n).max().shift(1)
/freqtrade/user_data/strategies/TrendVolTarget.py:50: PerformanceWarning: DataFrame is highly fragmented.  This is usually the result of calling `frame.insert` many times, which has poor performance.  Consider joining all columns at once using pd.concat(axis=1) instead. To get a de-fragmented frame, use `newframe = frame.copy()`
  dataframe[f"dc_hi_{n}"] = dataframe["high"].rolling(n).max().shift(1)
/freqtrade/user_data/strategies/TrendVolTarget.py:50: PerformanceWarning: DataFrame is highly fragmented.  This is usually the result of calling `frame.insert` many times, which has poor performance.  Consider joining all columns at once using pd.concat(axis=1) instead. To get a de-fragmented frame, use `newframe = frame.copy()`
  dataframe[f"dc_hi_{n}"] = dataframe["high"].rolling(n).max().shift(1)
/freqtrade/user_data/strategies/TrendVolTarget.py:50: PerformanceWarning: DataFrame is highly fragmented.  This is usually the result of calling `frame.insert` many times, which has poor performance.  Consider joining all columns at once using pd.concat(axis=1) instead. To get a de-fragmented frame, use `newframe = frame.copy()`
  dataframe[f"dc_hi_{n}"] = dataframe["high"].rolling(n).max().shift(1)
/freqtrade/user_data/strategies/TrendVolTarget.py:50: PerformanceWarning: DataFrame is highly fragmented.  This is usually the result of calling `frame.insert` many times, which has poor performance.  Consider joining all columns at once using pd.concat(axis=1) instead. To get a de-fragmented frame, use `newframe = frame.copy()`
  dataframe[f"dc_hi_{n}"] = dataframe["high"].rolling(n).max().shift(1)
/freqtrade/user_data/strategies/TrendVolTarget.py:50: PerformanceWarning: DataFrame is highly fragmented.  This is usually the result of calling `frame.insert` many times, which has poor performance.  Consider joining all columns at once using pd.concat(axis=1) instead. To get a de-fragmented frame, use `newframe = frame.copy()`
  dataframe[f"dc_hi_{n}"] = dataframe["high"].rolling(n).max().shift(1)
/freqtrade/user_data/strategies/TrendVolTarget.py:50: PerformanceWarning: DataFrame is highly fragmented.  This is usually the result of calling `frame.insert` many times, which has poor performance.  Consider joining all columns at once using pd.concat(axis=1) instead. To get a de-fragmented frame, use `newframe = frame.copy()`
  dataframe[f"dc_hi_{n}"] = dataframe["high"].rolling(n).max().shift(1)
/freqtrade/user_data/strategies/TrendVolTarget.py:50: PerformanceWarning: DataFrame is highly fragmented.  This is usually the result of calling `frame.insert` many times, which has poor performance.  Consider joining all columns at once using pd.concat(axis=1) instead. To get a de-fragmented frame, use `newframe = frame.copy()`
  dataframe[f"dc_hi_{n}"] = dataframe["high"].rolling(n).max().shift(1)
/freqtrade/user_data/strategies/TrendVolTarget.py:50: PerformanceWarning: DataFrame is highly fragmented.  This is usually the result of calling `frame.insert` many times, which has poor performance.  Consider joining all columns at once using pd.concat(axis=1) instead. To get a de-fragmented frame, use `newframe = frame.copy()`
  dataframe[f"dc_hi_{n}"] = dataframe["high"].rolling(n).max().shift(1)
/freqtrade/user_data/strategies/TrendVolTarget.py:50: PerformanceWarning: DataFrame is highly fragmented.  This is usually the result of calling `frame.insert` many times, which has poor performance.  Consider joining all columns at once using pd.concat(axis=1) instead. To get a de-fragmented frame, use `newframe = frame.copy()`
  dataframe[f"dc_hi_{n}"] = dataframe["high"].rolling(n).max().shift(1)
/freqtrade/user_data/strategies/TrendVolTarget.py:50: PerformanceWarning: DataFrame is highly fragmented.  This is usually the result of calling `frame.insert` many times, which has poor performance.  Consider joining all columns at once using pd.concat(axis=1) instead. To get a de-fragmented frame, use `newframe = frame.copy()`
  dataframe[f"dc_hi_{n}"] = dataframe["high"].rolling(n).max().shift(1)
/freqtrade/user_data/strategies/TrendVolTarget.py:50: PerformanceWarning: DataFrame is highly fragmented.  This is usually the result of calling `frame.insert` many times, which has poor performance.  Consider joining all columns at once using pd.concat(axis=1) instead. To get a de-fragmented frame, use `newframe = frame.copy()`
  dataframe[f"dc_hi_{n}"] = dataframe["high"].rolling(n).max().shift(1)
/freqtrade/user_data/strategies/TrendVolTarget.py:50: PerformanceWarning: DataFrame is highly fragmented.  This is usually the result of calling `frame.insert` many times, which has poor performance.  Consider joining all columns at once using pd.concat(axis=1) instead. To get a de-fragmented frame, use `newframe = frame.copy()`
  dataframe[f"dc_hi_{n}"] = dataframe["high"].rolling(n).max().shift(1)
/freqtrade/user_data/strategies/TrendVolTarget.py:50: PerformanceWarning: DataFrame is highly fragmented.  This is usually the result of calling `frame.insert` many times, which has poor performance.  Consider joining all columns at once using pd.concat(axis=1) instead. To get a de-fragmented frame, use `newframe = frame.copy()`
  dataframe[f"dc_hi_{n}"] = dataframe["high"].rolling(n).max().shift(1)
/freqtrade/user_data/strategies/TrendVolTarget.py:50: PerformanceWarning: DataFrame is highly fragmented.  This is usually the result of calling `frame.insert` many times, which has poor performance.  Consider joining all columns at once using pd.concat(axis=1) instead. To get a de-fragmented frame, use `newframe = frame.copy()`
  dataframe[f"dc_hi_{n}"] = dataframe["high"].rolling(n).max().shift(1)
/freqtrade/user_data/strategies/TrendVolTarget.py:50: PerformanceWarning: DataFrame is highly fragmented.  This is usually the result of calling `frame.insert` many times, which has poor performance.  Consider joining all columns at once using pd.concat(axis=1) instead. To get a de-fragmented frame, use `newframe = frame.copy()`
  dataframe[f"dc_hi_{n}"] = dataframe["high"].rolling(n).max().shift(1)
/freqtrade/user_data/strategies/TrendVolTarget.py:50: PerformanceWarning: DataFrame is highly fragmented.  This is usually the result of calling `frame.insert` many times, which has poor performance.  Consider joining all columns at once using pd.concat(axis=1) instead. To get a de-fragmented frame, use `newframe = frame.copy()`
  dataframe[f"dc_hi_{n}"] = dataframe["high"].rolling(n).max().shift(1)
/freqtrade/user_data/strategies/TrendVolTarget.py:50: PerformanceWarning: DataFrame is highly fragmented.  This is usually the result of calling `frame.insert` many times, which has poor performance.  Consider joining all columns at once using pd.concat(axis=1) instead. To get a de-fragmented frame, use `newframe = frame.copy()`
  dataframe[f"dc_hi_{n}"] = dataframe["high"].rolling(n).max().shift(1)
/freqtrade/user_data/strategies/TrendVolTarget.py:50: PerformanceWarning: DataFrame is highly fragmented.  This is usually the result of calling `frame.insert` many times, which has poor performance.  Consider joining all columns at once using pd.concat(axis=1) instead. To get a de-fragmented frame, use `newframe = frame.copy()`
  dataframe[f"dc_hi_{n}"] = dataframe["high"].rolling(n).max().shift(1)
/freqtrade/user_data/strategies/TrendVolTarget.py:50: PerformanceWarning: DataFrame is highly fragmented.  This is usually the result of calling `frame.insert` many times, which has poor performance.  Consider joining all columns at once using pd.concat(axis=1) instead. To get a de-fragmented frame, use `newframe = frame.copy()`
  dataframe[f"dc_hi_{n}"] = dataframe["high"].rolling(n).max().shift(1)
/freqtrade/user_data/strategies/TrendVolTarget.py:50: PerformanceWarning: DataFrame is highly fragmented.  This is usually the result of calling `frame.insert` many times, which has poor performance.  Consider joining all columns at once using pd.concat(axis=1) instead. To get a de-fragmented frame, use `newframe = frame.copy()`
  dataframe[f"dc_hi_{n}"] = dataframe["high"].rolling(n).max().shift(1)
/freqtrade/user_data/strategies/TrendVolTarget.py:50: PerformanceWarning: DataFrame is highly fragmented.  This is usually the result of calling `frame.insert` many times, which has poor performance.  Consider joining all columns at once using pd.concat(axis=1) instead. To get a de-fragmented frame, use `newframe = frame.copy()`
  dataframe[f"dc_hi_{n}"] = dataframe["high"].rolling(n).max().shift(1)
/freqtrade/user_data/strategies/TrendVolTarget.py:50: PerformanceWarning: DataFrame is highly fragmented.  This is usually the result of calling `frame.insert` many times, which has poor performance.  Consider joining all columns at once using pd.concat(axis=1) instead. To get a de-fragmented frame, use `newframe = frame.copy()`
  dataframe[f"dc_hi_{n}"] = dataframe["high"].rolling(n).max().shift(1)
/freqtrade/user_data/strategies/TrendVolTarget.py:50: PerformanceWarning: DataFrame is highly fragmented.  This is usually the result of calling `frame.insert` many times, which has poor performance.  Consider joining all columns at once using pd.concat(axis=1) instead. To get a de-fragmented frame, use `newframe = frame.copy()`
  dataframe[f"dc_hi_{n}"] = dataframe["high"].rolling(n).max().shift(1)
/freqtrade/user_data/strategies/TrendVolTarget.py:50: PerformanceWarning: DataFrame is highly fragmented.  This is usually the result of calling `frame.insert` many times, which has poor performance.  Consider joining all columns at once using pd.concat(axis=1) instead. To get a de-fragmented frame, use `newframe = frame.copy()`
  dataframe[f"dc_hi_{n}"] = dataframe["high"].rolling(n).max().shift(1)
/freqtrade/user_data/strategies/TrendVolTarget.py:50: PerformanceWarning: DataFrame is highly fragmented.  This is usually the result of calling `frame.insert` many times, which has poor performance.  Consider joining all columns at once using pd.concat(axis=1) instead. To get a de-fragmented frame, use `newframe = frame.copy()`
  dataframe[f"dc_hi_{n}"] = dataframe["high"].rolling(n).max().shift(1)
/freqtrade/user_data/strategies/TrendVolTarget.py:50: PerformanceWarning: DataFrame is highly fragmented.  This is usually the result of calling `frame.insert` many times, which has poor performance.  Consider joining all columns at once using pd.concat(axis=1) instead. To get a de-fragmented frame, use `newframe = frame.copy()`
  dataframe[f"dc_hi_{n}"] = dataframe["high"].rolling(n).max().shift(1)
/freqtrade/user_data/strategies/TrendVolTarget.py:50: PerformanceWarning: DataFrame is highly fragmented.  This is usually the result of calling `frame.insert` many times, which has poor performance.  Consider joining all columns at once using pd.concat(axis=1) instead. To get a de-fragmented frame, use `newframe = frame.copy()`
  dataframe[f"dc_hi_{n}"] = dataframe["high"].rolling(n).max().shift(1)
/freqtrade/user_data/strategies/TrendVolTarget.py:50: PerformanceWarning: DataFrame is highly fragmented.  This is usually the result of calling `frame.insert` many times, which has poor performance.  Consider joining all columns at once using pd.concat(axis=1) instead. To get a de-fragmented frame, use `newframe = frame.copy()`
  dataframe[f"dc_hi_{n}"] = dataframe["high"].rolling(n).max().shift(1)
/freqtrade/user_data/strategies/TrendVolTarget.py:50: PerformanceWarning: DataFrame is highly fragmented.  This is usually the result of calling `frame.insert` many times, which has poor performance.  Consider joining all columns at once using pd.concat(axis=1) instead. To get a de-fragmented frame, use `newframe = frame.copy()`
  dataframe[f"dc_hi_{n}"] = dataframe["high"].rolling(n).max().shift(1)
/freqtrade/user_data/strategies/TrendVolTarget.py:50: PerformanceWarning: DataFrame is highly fragmented.  This is usually the result of calling `frame.insert` many times, which has poor performance.  Consider joining all columns at once using pd.concat(axis=1) instead. To get a de-fragmented frame, use `newframe = frame.copy()`
  dataframe[f"dc_hi_{n}"] = dataframe["high"].rolling(n).max().shift(1)
/freqtrade/user_data/strategies/TrendVolTarget.py:50: PerformanceWarning: DataFrame is highly fragmented.  This is usually the result of calling `frame.insert` many times, which has poor performance.  Consider joining all columns at once using pd.concat(axis=1) instead. To get a de-fragmented frame, use `newframe = frame.copy()`
  dataframe[f"dc_hi_{n}"] = dataframe["high"].rolling(n).max().shift(1)
/freqtrade/user_data/strategies/TrendVolTarget.py:50: PerformanceWarning: DataFrame is highly fragmented.  This is usually the result of calling `frame.insert` many times, which has poor performance.  Consider joining all columns at once using pd.concat(axis=1) instead. To get a de-fragmented frame, use `newframe = frame.copy()`
  dataframe[f"dc_hi_{n}"] = dataframe["high"].rolling(n).max().shift(1)
/freqtrade/user_data/strategies/TrendVolTarget.py:50: PerformanceWarning: DataFrame is highly fragmented.  This is usually the result of calling `frame.insert` many times, which has poor performance.  Consider joining all columns at once using pd.concat(axis=1) instead. To get a de-fragmented frame, use `newframe = frame.copy()`
  dataframe[f"dc_hi_{n}"] = dataframe["high"].rolling(n).max().shift(1)
/freqtrade/user_data/strategies/TrendVolTarget.py:50: PerformanceWarning: DataFrame is highly fragmented.  This is usually the result of calling `frame.insert` many times, which has poor performance.  Consider joining all columns at once using pd.concat(axis=1) instead. To get a de-fragmented frame, use `newframe = frame.copy()`
  dataframe[f"dc_hi_{n}"] = dataframe["high"].rolling(n).max().shift(1)
/freqtrade/user_data/strategies/TrendVolTarget.py:50: PerformanceWarning: DataFrame is highly fragmented.  This is usually the result of calling `frame.insert` many times, which has poor performance.  Consider joining all columns at once using pd.concat(axis=1) instead. To get a de-fragmented frame, use `newframe = frame.copy()`
  dataframe[f"dc_hi_{n}"] = dataframe["high"].rolling(n).max().shift(1)
/freqtrade/user_data/strategies/TrendVolTarget.py:50: PerformanceWarning: DataFrame is highly fragmented.  This is usually the result of calling `frame.insert` many times, which has poor performance.  Consider joining all columns at once using pd.concat(axis=1) instead. To get a de-fragmented frame, use `newframe = frame.copy()`
  dataframe[f"dc_hi_{n}"] = dataframe["high"].rolling(n).max().shift(1)
/freqtrade/user_data/strategies/TrendVolTarget.py:50: PerformanceWarning: DataFrame is highly fragmented.  This is usually the result of calling `frame.insert` many times, which has poor performance.  Consider joining all columns at once using pd.concat(axis=1) instead. To get a de-fragmented frame, use `newframe = frame.copy()`
  dataframe[f"dc_hi_{n}"] = dataframe["high"].rolling(n).max().shift(1)
/freqtrade/user_data/strategies/TrendVolTarget.py:50: PerformanceWarning: DataFrame is highly fragmented.  This is usually the result of calling `frame.insert` many times, which has poor performance.  Consider joining all columns at once using pd.concat(axis=1) instead. To get a de-fragmented frame, use `newframe = frame.copy()`
  dataframe[f"dc_hi_{n}"] = dataframe["high"].rolling(n).max().shift(1)
/freqtrade/user_data/strategies/TrendVolTarget.py:50: PerformanceWarning: DataFrame is highly fragmented.  This is usually the result of calling `frame.insert` many times, which has poor performance.  Consider joining all columns at once using pd.concat(axis=1) instead. To get a de-fragmented frame, use `newframe = frame.copy()`
  dataframe[f"dc_hi_{n}"] = dataframe["high"].rolling(n).max().shift(1)
/freqtrade/user_data/strategies/TrendVolTarget.py:50: PerformanceWarning: DataFrame is highly fragmented.  This is usually the result of calling `frame.insert` many times, which has poor performance.  Consider joining all columns at once using pd.concat(axis=1) instead. To get a de-fragmented frame, use `newframe = frame.copy()`
  dataframe[f"dc_hi_{n}"] = dataframe["high"].rolling(n).max().shift(1)
/freqtrade/user_data/strategies/TrendVolTarget.py:50: PerformanceWarning: DataFrame is highly fragmented.  This is usually the result of calling `frame.insert` many times, which has poor performance.  Consider joining all columns at once using pd.concat(axis=1) instead. To get a de-fragmented frame, use `newframe = frame.copy()`
  dataframe[f"dc_hi_{n}"] = dataframe["high"].rolling(n).max().shift(1)
/freqtrade/user_data/strategies/TrendVolTarget.py:50: PerformanceWarning: DataFrame is highly fragmented.  This is usually the result of calling `frame.insert` many times, which has poor performance.  Consider joining all columns at once using pd.concat(axis=1) instead. To get a de-fragmented frame, use `newframe = frame.copy()`
  dataframe[f"dc_hi_{n}"] = dataframe["high"].rolling(n).max().shift(1)
/freqtrade/user_data/strategies/TrendVolTarget.py:50: PerformanceWarning: DataFrame is highly fragmented.  This is usually the result of calling `frame.insert` many times, which has poor performance.  Consider joining all columns at once using pd.concat(axis=1) instead. To get a de-fragmented frame, use `newframe = frame.copy()`
  dataframe[f"dc_hi_{n}"] = dataframe["high"].rolling(n).max().shift(1)
/freqtrade/user_data/strategies/TrendVolTarget.py:50: PerformanceWarning: DataFrame is highly fragmented.  This is usually the result of calling `frame.insert` many times, which has poor performance.  Consider joining all columns at once using pd.concat(axis=1) instead. To get a de-fragmented frame, use `newframe = frame.copy()`
  dataframe[f"dc_hi_{n}"] = dataframe["high"].rolling(n).max().shift(1)
/freqtrade/user_data/strategies/TrendVolTarget.py:50: PerformanceWarning: DataFrame is highly fragmented.  This is usually the result of calling `frame.insert` many times, which has poor performance.  Consider joining all columns at once using pd.concat(axis=1) instead. To get a de-fragmented frame, use `newframe = frame.copy()`
  dataframe[f"dc_hi_{n}"] = dataframe["high"].rolling(n).max().shift(1)
/freqtrade/user_data/strategies/TrendVolTarget.py:50: PerformanceWarning: DataFrame is highly fragmented.  This is usually the result of calling `frame.insert` many times, which has poor performance.  Consider joining all columns at once using pd.concat(axis=1) instead. To get a de-fragmented frame, use `newframe = frame.copy()`
  dataframe[f"dc_hi_{n}"] = dataframe["high"].rolling(n).max().shift(1)
/freqtrade/user_data/strategies/TrendVolTarget.py:50: PerformanceWarning: DataFrame is highly fragmented.  This is usually the result of calling `frame.insert` many times, which has poor performance.  Consider joining all columns at once using pd.concat(axis=1) instead. To get a de-fragmented frame, use `newframe = frame.copy()`
  dataframe[f"dc_hi_{n}"] = dataframe["high"].rolling(n).max().shift(1)
/freqtrade/user_data/strategies/TrendVolTarget.py:50: PerformanceWarning: DataFrame is highly fragmented.  This is usually the result of calling `frame.insert` many times, which has poor performance.  Consider joining all columns at once using pd.concat(axis=1) instead. To get a de-fragmented frame, use `newframe = frame.copy()`
  dataframe[f"dc_hi_{n}"] = dataframe["high"].rolling(n).max().shift(1)
/freqtrade/user_data/strategies/TrendVolTarget.py:50: PerformanceWarning: DataFrame is highly fragmented.  This is usually the result of calling `frame.insert` many times, which has poor performance.  Consider joining all columns at once using pd.concat(axis=1) instead. To get a de-fragmented frame, use `newframe = frame.copy()`
  dataframe[f"dc_hi_{n}"] = dataframe["high"].rolling(n).max().shift(1)
/freqtrade/user_data/strategies/TrendVolTarget.py:50: PerformanceWarning: DataFrame is highly fragmented.  This is usually the result of calling `frame.insert` many times, which has poor performance.  Consider joining all columns at once using pd.concat(axis=1) instead. To get a de-fragmented frame, use `newframe = frame.copy()`
  dataframe[f"dc_hi_{n}"] = dataframe["high"].rolling(n).max().shift(1)
/freqtrade/user_data/strategies/TrendVolTarget.py:50: PerformanceWarning: DataFrame is highly fragmented.  This is usually the result of calling `frame.insert` many times, which has poor performance.  Consider joining all columns at once using pd.concat(axis=1) instead. To get a de-fragmented frame, use `newframe = frame.copy()`
  dataframe[f"dc_hi_{n}"] = dataframe["high"].rolling(n).max().shift(1)
/freqtrade/user_data/strategies/TrendVolTarget.py:50: PerformanceWarning: DataFrame is highly fragmented.  This is usually the result of calling `frame.insert` many times, which has poor performance.  Consider joining all columns at once using pd.concat(axis=1) instead. To get a de-fragmented frame, use `newframe = frame.copy()`
  dataframe[f"dc_hi_{n}"] = dataframe["high"].rolling(n).max().shift(1)
/freqtrade/user_data/strategies/TrendVolTarget.py:50: PerformanceWarning: DataFrame is highly fragmented.  This is usually the result of calling `frame.insert` many times, which has poor performance.  Consider joining all columns at once using pd.concat(axis=1) instead. To get a de-fragmented frame, use `newframe = frame.copy()`
  dataframe[f"dc_hi_{n}"] = dataframe["high"].rolling(n).max().shift(1)
/freqtrade/user_data/strategies/TrendVolTarget.py:50: PerformanceWarning: DataFrame is highly fragmented.  This is usually the result of calling `frame.insert` many times, which has poor performance.  Consider joining all columns at once using pd.concat(axis=1) instead. To get a de-fragmented frame, use `newframe = frame.copy()`
  dataframe[f"dc_hi_{n}"] = dataframe["high"].rolling(n).max().shift(1)
/freqtrade/user_data/strategies/TrendVolTarget.py:50: PerformanceWarning: DataFrame is highly fragmented.  This is usually the result of calling `frame.insert` many times, which has poor performance.  Consider joining all columns at once using pd.concat(axis=1) instead. To get a de-fragmented frame, use `newframe = frame.copy()`
  dataframe[f"dc_hi_{n}"] = dataframe["high"].rolling(n).max().shift(1)
/freqtrade/user_data/strategies/TrendVolTarget.py:50: PerformanceWarning: DataFrame is highly fragmented.  This is usually the result of calling `frame.insert` many times, which has poor performance.  Consider joining all columns at once using pd.concat(axis=1) instead. To get a de-fragmented frame, use `newframe = frame.copy()`
  dataframe[f"dc_hi_{n}"] = dataframe["high"].rolling(n).max().shift(1)
/freqtrade/user_data/strategies/TrendVolTarget.py:50: PerformanceWarning: DataFrame is highly fragmented.  This is usually the result of calling `frame.insert` many times, which has poor performance.  Consider joining all columns at once using pd.concat(axis=1) instead. To get a de-fragmented frame, use `newframe = frame.copy()`
  dataframe[f"dc_hi_{n}"] = dataframe["high"].rolling(n).max().shift(1)
/freqtrade/user_data/strategies/TrendVolTarget.py:50: PerformanceWarning: DataFrame is highly fragmented.  This is usually the result of calling `frame.insert` many times, which has poor performance.  Consider joining all columns at once using pd.concat(axis=1) instead. To get a de-fragmented frame, use `newframe = frame.copy()`
  dataframe[f"dc_hi_{n}"] = dataframe["high"].rolling(n).max().shift(1)
/freqtrade/user_data/strategies/TrendVolTarget.py:50: PerformanceWarning: DataFrame is highly fragmented.  This is usually the result of calling `frame.insert` many times, which has poor performance.  Consider joining all columns at once using pd.concat(axis=1) instead. To get a de-fragmented frame, use `newframe = frame.copy()`
  dataframe[f"dc_hi_{n}"] = dataframe["high"].rolling(n).max().shift(1)
/freqtrade/user_data/strategies/TrendVolTarget.py:50: PerformanceWarning: DataFrame is highly fragmented.  This is usually the result of calling `frame.insert` many times, which has poor performance.  Consider joining all columns at once using pd.concat(axis=1) instead. To get a de-fragmented frame, use `newframe = frame.copy()`
  dataframe[f"dc_hi_{n}"] = dataframe["high"].rolling(n).max().shift(1)
/freqtrade/user_data/strategies/TrendVolTarget.py:50: PerformanceWarning: DataFrame is highly fragmented.  This is usually the result of calling `frame.insert` many times, which has poor performance.  Consider joining all columns at once using pd.concat(axis=1) instead. To get a de-fragmented frame, use `newframe = frame.copy()`
  dataframe[f"dc_hi_{n}"] = dataframe["high"].rolling(n).max().shift(1)
/freqtrade/user_data/strategies/TrendVolTarget.py:50: PerformanceWarning: DataFrame is highly fragmented.  This is usually the result of calling `frame.insert` many times, which has poor performance.  Consider joining all columns at once using pd.concat(axis=1) instead. To get a de-fragmented frame, use `newframe = frame.copy()`
  dataframe[f"dc_hi_{n}"] = dataframe["high"].rolling(n).max().shift(1)
/freqtrade/user_data/strategies/TrendVolTarget.py:50: PerformanceWarning: DataFrame is highly fragmented.  This is usually the result of calling `frame.insert` many times, which has poor performance.  Consider joining all columns at once using pd.concat(axis=1) instead. To get a de-fragmented frame, use `newframe = frame.copy()`
  dataframe[f"dc_hi_{n}"] = dataframe["high"].rolling(n).max().shift(1)
/freqtrade/user_data/strategies/TrendVolTarget.py:50: PerformanceWarning: DataFrame is highly fragmented.  This is usually the result of calling `frame.insert` many times, which has poor performance.  Consider joining all columns at once using pd.concat(axis=1) instead. To get a de-fragmented frame, use `newframe = frame.copy()`
  dataframe[f"dc_hi_{n}"] = dataframe["high"].rolling(n).max().shift(1)
/freqtrade/user_data/strategies/TrendVolTarget.py:50: PerformanceWarning: DataFrame is highly fragmented.  This is usually the result of calling `frame.insert` many times, which has poor performance.  Consider joining all columns at once using pd.concat(axis=1) instead. To get a de-fragmented frame, use `newframe = frame.copy()`
  dataframe[f"dc_hi_{n}"] = dataframe["high"].rolling(n).max().shift(1)
/freqtrade/user_data/strategies/TrendVolTarget.py:50: PerformanceWarning: DataFrame is highly fragmented.  This is usually the result of calling `frame.insert` many times, which has poor performance.  Consider joining all columns at once using pd.concat(axis=1) instead. To get a de-fragmented frame, use `newframe = frame.copy()`
  dataframe[f"dc_hi_{n}"] = dataframe["high"].rolling(n).max().shift(1)
/freqtrade/user_data/strategies/TrendVolTarget.py:50: PerformanceWarning: DataFrame is highly fragmented.  This is usually the result of calling `frame.insert` many times, which has poor performance.  Consider joining all columns at once using pd.concat(axis=1) instead. To get a de-fragmented frame, use `newframe = frame.copy()`
  dataframe[f"dc_hi_{n}"] = dataframe["high"].rolling(n).max().shift(1)
/freqtrade/user_data/strategies/TrendVolTarget.py:50: PerformanceWarning: DataFrame is highly fragmented.  This is usually the result of calling `frame.insert` many times, which has poor performance.  Consider joining all columns at once using pd.concat(axis=1) instead. To get a de-fragmented frame, use `newframe = frame.copy()`
  dataframe[f"dc_hi_{n}"] = dataframe["high"].rolling(n).max().shift(1)
/freqtrade/user_data/strategies/TrendVolTarget.py:50: PerformanceWarning: DataFrame is highly fragmented.  This is usually the result of calling `frame.insert` many times, which has poor performance.  Consider joining all columns at once using pd.concat(axis=1) instead. To get a de-fragmented frame, use `newframe = frame.copy()`
  dataframe[f"dc_hi_{n}"] = dataframe["high"].rolling(n).max().shift(1)
/freqtrade/user_data/strategies/TrendVolTarget.py:50: PerformanceWarning: DataFrame is highly fragmented.  This is usually the result of calling `frame.insert` many times, which has poor performance.  Consider joining all columns at once using pd.concat(axis=1) instead. To get a de-fragmented frame, use `newframe = frame.copy()`
  dataframe[f"dc_hi_{n}"] = dataframe["high"].rolling(n).max().shift(1)
/freqtrade/user_data/strategies/TrendVolTarget.py:50: PerformanceWarning: DataFrame is highly fragmented.  This is usually the result of calling `frame.insert` many times, which has poor performance.  Consider joining all columns at once using pd.concat(axis=1) instead. To get a de-fragmented frame, use `newframe = frame.copy()`
  dataframe[f"dc_hi_{n}"] = dataframe["high"].rolling(n).max().shift(1)
/freqtrade/user_data/strategies/TrendVolTarget.py:50: PerformanceWarning: DataFrame is highly fragmented.  This is usually the result of calling `frame.insert` many times, which has poor performance.  Consider joining all columns at once using pd.concat(axis=1) instead. To get a de-fragmented frame, use `newframe = frame.copy()`
  dataframe[f"dc_hi_{n}"] = dataframe["high"].rolling(n).max().shift(1)
/freqtrade/user_data/strategies/TrendVolTarget.py:50: PerformanceWarning: DataFrame is highly fragmented.  This is usually the result of calling `frame.insert` many times, which has poor performance.  Consider joining all columns at once using pd.concat(axis=1) instead. To get a de-fragmented frame, use `newframe = frame.copy()`
  dataframe[f"dc_hi_{n}"] = dataframe["high"].rolling(n).max().shift(1)
/freqtrade/user_data/strategies/TrendVolTarget.py:50: PerformanceWarning: DataFrame is highly fragmented.  This is usually the result of calling `frame.insert` many times, which has poor performance.  Consider joining all columns at once using pd.concat(axis=1) instead. To get a de-fragmented frame, use `newframe = frame.copy()`
  dataframe[f"dc_hi_{n}"] = dataframe["high"].rolling(n).max().shift(1)
/freqtrade/user_data/strategies/TrendVolTarget.py:50: PerformanceWarning: DataFrame is highly fragmented.  This is usually the result of calling `frame.insert` many times, which has poor performance.  Consider joining all columns at once using pd.concat(axis=1) instead. To get a de-fragmented frame, use `newframe = frame.copy()`
  dataframe[f"dc_hi_{n}"] = dataframe["high"].rolling(n).max().shift(1)
/freqtrade/user_data/strategies/TrendVolTarget.py:50: PerformanceWarning: DataFrame is highly fragmented.  This is usually the result of calling `frame.insert` many times, which has poor performance.  Consider joining all columns at once using pd.concat(axis=1) instead. To get a de-fragmented frame, use `newframe = frame.copy()`
  dataframe[f"dc_hi_{n}"] = dataframe["high"].rolling(n).max().shift(1)
/freqtrade/user_data/strategies/TrendVolTarget.py:50: PerformanceWarning: DataFrame is highly fragmented.  This is usually the result of calling `frame.insert` many times, which has poor performance.  Consider joining all columns at once using pd.concat(axis=1) instead. To get a de-fragmented frame, use `newframe = frame.copy()`
  dataframe[f"dc_hi_{n}"] = dataframe["high"].rolling(n).max().shift(1)
/freqtrade/user_data/strategies/TrendVolTarget.py:50: PerformanceWarning: DataFrame is highly fragmented.  This is usually the result of calling `frame.insert` many times, which has poor performance.  Consider joining all columns at once using pd.concat(axis=1) instead. To get a de-fragmented frame, use `newframe = frame.copy()`
  dataframe[f"dc_hi_{n}"] = dataframe["high"].rolling(n).max().shift(1)
/freqtrade/user_data/strategies/TrendVolTarget.py:50: PerformanceWarning: DataFrame is highly fragmented.  This is usually the result of calling `frame.insert` many times, which has poor performance.  Consider joining all columns at once using pd.concat(axis=1) instead. To get a de-fragmented frame, use `newframe = frame.copy()`
  dataframe[f"dc_hi_{n}"] = dataframe["high"].rolling(n).max().shift(1)
/freqtrade/user_data/strategies/TrendVolTarget.py:50: PerformanceWarning: DataFrame is highly fragmented.  This is usually the result of calling `frame.insert` many times, which has poor performance.  Consider joining all columns at once using pd.concat(axis=1) instead. To get a de-fragmented frame, use `newframe = frame.copy()`
  dataframe[f"dc_hi_{n}"] = dataframe["high"].rolling(n).max().shift(1)
/freqtrade/user_data/strategies/TrendVolTarget.py:50: PerformanceWarning: DataFrame is highly fragmented.  This is usually the result of calling `frame.insert` many times, which has poor performance.  Consider joining all columns at once using pd.concat(axis=1) instead. To get a de-fragmented frame, use `newframe = frame.copy()`
  dataframe[f"dc_hi_{n}"] = dataframe["high"].rolling(n).max().shift(1)
/freqtrade/user_data/strategies/TrendVolTarget.py:50: PerformanceWarning: DataFrame is highly fragmented.  This is usually the result of calling `frame.insert` many times, which has poor performance.  Consider joining all columns at once using pd.concat(axis=1) instead. To get a de-fragmented frame, use `newframe = frame.copy()`
  dataframe[f"dc_hi_{n}"] = dataframe["high"].rolling(n).max().shift(1)
/freqtrade/user_data/strategies/TrendVolTarget.py:53: PerformanceWarning: DataFrame is highly fragmented.  This is usually the result of calling `frame.insert` many times, which has poor performance.  Consider joining all columns at once using pd.concat(axis=1) instead. To get a de-fragmented frame, use `newframe = frame.copy()`
  dataframe["sma_f"] = ta.SMA(dataframe, timeperiod=60)
/freqtrade/user_data/strategies/TrendVolTarget.py:54: PerformanceWarning: DataFrame is highly fragmented.  This is usually the result of calling `frame.insert` many times, which has poor performance.  Consider joining all columns at once using pd.concat(axis=1) instead. To get a de-fragmented frame, use `newframe = frame.copy()`
  dataframe["sma_s"] = ta.SMA(dataframe, timeperiod=240)
/freqtrade/user_data/strategies/TrendVolTarget.py:56: PerformanceWarning: DataFrame is highly fragmented.  This is usually the result of calling `frame.insert` many times, which has poor performance.  Consider joining all columns at once using pd.concat(axis=1) instead. To get a de-fragmented frame, use `newframe = frame.copy()`
  dataframe["rvol"] = dataframe["close"].pct_change().rolling(90).std() * np.sqrt(6 * 365)
/freqtrade/user_data/strategies/TrendVolTarget.py:50: PerformanceWarning: DataFrame is highly fragmented.  This is usually the result of calling `frame.insert` many times, which has poor performance.  Consider joining all columns at once using pd.concat(axis=1) instead. To get a de-fragmented frame, use `newframe = frame.copy()`
  dataframe[f"dc_hi_{n}"] = dataframe["high"].rolling(n).max().shift(1)
/freqtrade/user_data/strategies/TrendVolTarget.py:50: PerformanceWarning: DataFrame is highly fragmented.  This is usually the result of calling `frame.insert` many times, which has poor performance.  Consider joining all columns at once using pd.concat(axis=1) instead. To get a de-fragmented frame, use `newframe = frame.copy()`
  dataframe[f"dc_hi_{n}"] = dataframe["high"].rolling(n).max().shift(1)
/freqtrade/user_data/strategies/TrendVolTarget.py:50: PerformanceWarning: DataFrame is highly fragmented.  This is usually the result of calling `frame.insert` many times, which has poor performance.  Consider joining all columns at once using pd.concat(axis=1) instead. To get a de-fragmented frame, use `newframe = frame.copy()`
  dataframe[f"dc_hi_{n}"] = dataframe["high"].rolling(n).max().shift(1)
/freqtrade/user_data/strategies/TrendVolTarget.py:50: PerformanceWarning: DataFrame is highly fragmented.  This is usually the result of calling `frame.insert` many times, which has poor performance.  Consider joining all columns at once using pd.concat(axis=1) instead. To get a de-fragmented frame, use `newframe = frame.copy()`
  dataframe[f"dc_hi_{n}"] = dataframe["high"].rolling(n).max().shift(1)
/freqtrade/user_data/strategies/TrendVolTarget.py:50: PerformanceWarning: DataFrame is highly fragmented.  This is usually the result of calling `frame.insert` many times, which has poor performance.  Consider joining all columns at once using pd.concat(axis=1) instead. To get a de-fragmented frame, use `newframe = frame.copy()`
  dataframe[f"dc_hi_{n}"] = dataframe["high"].rolling(n).max().shift(1)
/freqtrade/user_data/strategies/TrendVolTarget.py:50: PerformanceWarning: DataFrame is highly fragmented.  This is usually the result of calling `frame.insert` many times, which has poor performance.  Consider joining all columns at once using pd.concat(axis=1) instead. To get a de-fragmented frame, use `newframe = frame.copy()`
  dataframe[f"dc_hi_{n}"] = dataframe["high"].rolling(n).max().shift(1)
/freqtrade/user_data/strategies/TrendVolTarget.py:50: PerformanceWarning: DataFrame is highly fragmented.  This is usually the result of calling `frame.insert` many times, which has poor performance.  Consider joining all columns at once using pd.concat(axis=1) instead. To get a de-fragmented frame, use `newframe = frame.copy()`
  dataframe[f"dc_hi_{n}"] = dataframe["high"].rolling(n).max().shift(1)
/freqtrade/user_data/strategies/TrendVolTarget.py:50: PerformanceWarning: DataFrame is highly fragmented.  This is usually the result of calling `frame.insert` many times, which has poor performance.  Consider joining all columns at once using pd.concat(axis=1) instead. To get a de-fragmented frame, use `newframe = frame.copy()`
  dataframe[f"dc_hi_{n}"] = dataframe["high"].rolling(n).max().shift(1)
/freqtrade/user_data/strategies/TrendVolTarget.py:50: PerformanceWarning: DataFrame is highly fragmented.  This is usually the result of calling `frame.insert` many times, which has poor performance.  Consider joining all columns at once using pd.concat(axis=1) instead. To get a de-fragmented frame, use `newframe = frame.copy()`
  dataframe[f"dc_hi_{n}"] = dataframe["high"].rolling(n).max().shift(1)
/freqtrade/user_data/strategies/TrendVolTarget.py:50: PerformanceWarning: DataFrame is highly fragmented.  This is usually the result of calling `frame.insert` many times, which has poor performance.  Consider joining all columns at once using pd.concat(axis=1) instead. To get a de-fragmented frame, use `newframe = frame.copy()`
  dataframe[f"dc_hi_{n}"] = dataframe["high"].rolling(n).max().shift(1)
/freqtrade/user_data/strategies/TrendVolTarget.py:50: PerformanceWarning: DataFrame is highly fragmented.  This is usually the result of calling `frame.insert` many times, which has poor performance.  Consider joining all columns at once using pd.concat(axis=1) instead. To get a de-fragmented frame, use `newframe = frame.copy()`
  dataframe[f"dc_hi_{n}"] = dataframe["high"].rolling(n).max().shift(1)
/freqtrade/user_data/strategies/TrendVolTarget.py:50: PerformanceWarning: DataFrame is highly fragmented.  This is usually the result of calling `frame.insert` many times, which has poor performance.  Consider joining all columns at once using pd.concat(axis=1) instead. To get a de-fragmented frame, use `newframe = frame.copy()`
  dataframe[f"dc_hi_{n}"] = dataframe["high"].rolling(n).max().shift(1)
/freqtrade/user_data/strategies/TrendVolTarget.py:50: PerformanceWarning: DataFrame is highly fragmented.  This is usually the result of calling `frame.insert` many times, which has poor performance.  Consider joining all columns at once using pd.concat(axis=1) instead. To get a de-fragmented frame, use `newframe = frame.copy()`
  dataframe[f"dc_hi_{n}"] = dataframe["high"].rolling(n).max().shift(1)
/freqtrade/user_data/strategies/TrendVolTarget.py:50: PerformanceWarning: DataFrame is highly fragmented.  This is usually the result of calling `frame.insert` many times, which has poor performance.  Consider joining all columns at once using pd.concat(axis=1) instead. To get a de-fragmented frame, use `newframe = frame.copy()`
  dataframe[f"dc_hi_{n}"] = dataframe["high"].rolling(n).max().shift(1)
/freqtrade/user_data/strategies/TrendVolTarget.py:50: PerformanceWarning: DataFrame is highly fragmented.  This is usually the result of calling `frame.insert` many times, which has poor performance.  Consider joining all columns at once using pd.concat(axis=1) instead. To get a de-fragmented frame, use `newframe = frame.copy()`
  dataframe[f"dc_hi_{n}"] = dataframe["high"].rolling(n).max().shift(1)
/freqtrade/user_data/strategies/TrendVolTarget.py:50: PerformanceWarning: DataFrame is highly fragmented.  This is usually the result of calling `frame.insert` many times, which has poor performance.  Consider joining all columns at once using pd.concat(axis=1) instead. To get a de-fragmented frame, use `newframe = frame.copy()`
  dataframe[f"dc_hi_{n}"] = dataframe["high"].rolling(n).max().shift(1)
/freqtrade/user_data/strategies/TrendVolTarget.py:50: PerformanceWarning: DataFrame is highly fragmented.  This is usually the result of calling `frame.insert` many times, which has poor performance.  Consider joining all columns at once using pd.concat(axis=1) instead. To get a de-fragmented frame, use `newframe = frame.copy()`
  dataframe[f"dc_hi_{n}"] = dataframe["high"].rolling(n).max().shift(1)
/freqtrade/user_data/strategies/TrendVolTarget.py:50: PerformanceWarning: DataFrame is highly fragmented.  This is usually the result of calling `frame.insert` many times, which has poor performance.  Consider joining all columns at once using pd.concat(axis=1) instead. To get a de-fragmented frame, use `newframe = frame.copy()`
  dataframe[f"dc_hi_{n}"] = dataframe["high"].rolling(n).max().shift(1)
/freqtrade/user_data/strategies/TrendVolTarget.py:50: PerformanceWarning: DataFrame is highly fragmented.  This is usually the result of calling `frame.insert` many times, which has poor performance.  Consider joining all columns at once using pd.concat(axis=1) instead. To get a de-fragmented frame, use `newframe = frame.copy()`
  dataframe[f"dc_hi_{n}"] = dataframe["high"].rolling(n).max().shift(1)
/freqtrade/user_data/strategies/TrendVolTarget.py:50: PerformanceWarning: DataFrame is highly fragmented.  This is usually the result of calling `frame.insert` many times, which has poor performance.  Consider joining all columns at once using pd.concat(axis=1) instead. To get a de-fragmented frame, use `newframe = frame.copy()`
  dataframe[f"dc_hi_{n}"] = dataframe["high"].rolling(n).max().shift(1)
/freqtrade/user_data/strategies/TrendVolTarget.py:50: PerformanceWarning: DataFrame is highly fragmented.  This is usually the result of calling `frame.insert` many times, which has poor performance.  Consider joining all columns at once using pd.concat(axis=1) instead. To get a de-fragmented frame, use `newframe = frame.copy()`
  dataframe[f"dc_hi_{n}"] = dataframe["high"].rolling(n).max().shift(1)
/freqtrade/user_data/strategies/TrendVolTarget.py:50: PerformanceWarning: DataFrame is highly fragmented.  This is usually the result of calling `frame.insert` many times, which has poor performance.  Consider joining all columns at once using pd.concat(axis=1) instead. To get a de-fragmented frame, use `newframe = frame.copy()`
  dataframe[f"dc_hi_{n}"] = dataframe["high"].rolling(n).max().shift(1)
/freqtrade/user_data/strategies/TrendVolTarget.py:50: PerformanceWarning: DataFrame is highly fragmented.  This is usually the result of calling `frame.insert` many times, which has poor performance.  Consider joining all columns at once using pd.concat(axis=1) instead. To get a de-fragmented frame, use `newframe = frame.copy()`
  dataframe[f"dc_hi_{n}"] = dataframe["high"].rolling(n).max().shift(1)
/freqtrade/user_data/strategies/TrendVolTarget.py:50: PerformanceWarning: DataFrame is highly fragmented.  This is usually the result of calling `frame.insert` many times, which has poor performance.  Consider joining all columns at once using pd.concat(axis=1) instead. To get a de-fragmented frame, use `newframe = frame.copy()`
  dataframe[f"dc_hi_{n}"] = dataframe["high"].rolling(n).max().shift(1)
/freqtrade/user_data/strategies/TrendVolTarget.py:50: PerformanceWarning: DataFrame is highly fragmented.  This is usually the result of calling `frame.insert` many times, which has poor performance.  Consider joining all columns at once using pd.concat(axis=1) instead. To get a de-fragmented frame, use `newframe = frame.copy()`
  dataframe[f"dc_hi_{n}"] = dataframe["high"].rolling(n).max().shift(1)
/freqtrade/user_data/strategies/TrendVolTarget.py:50: PerformanceWarning: DataFrame is highly fragmented.  This is usually the result of calling `frame.insert` many times, which has poor performance.  Consider joining all columns at once using pd.concat(axis=1) instead. To get a de-fragmented frame, use `newframe = frame.copy()`
  dataframe[f"dc_hi_{n}"] = dataframe["high"].rolling(n).max().shift(1)
/freqtrade/user_data/strategies/TrendVolTarget.py:50: PerformanceWarning: DataFrame is highly fragmented.  This is usually the result of calling `frame.insert` many times, which has poor performance.  Consider joining all columns at once using pd.concat(axis=1) instead. To get a de-fragmented frame, use `newframe = frame.copy()`
  dataframe[f"dc_hi_{n}"] = dataframe["high"].rolling(n).max().shift(1)
/freqtrade/user_data/strategies/TrendVolTarget.py:50: PerformanceWarning: DataFrame is highly fragmented.  This is usually the result of calling `frame.insert` many times, which has poor performance.  Consider joining all columns at once using pd.concat(axis=1) instead. To get a de-fragmented frame, use `newframe = frame.copy()`
  dataframe[f"dc_hi_{n}"] = dataframe["high"].rolling(n).max().shift(1)
/freqtrade/user_data/strategies/TrendVolTarget.py:50: PerformanceWarning: DataFrame is highly fragmented.  This is usually the result of calling `frame.insert` many times, which has poor performance.  Consider joining all columns at once using pd.concat(axis=1) instead. To get a de-fragmented frame, use `newframe = frame.copy()`
  dataframe[f"dc_hi_{n}"] = dataframe["high"].rolling(n).max().shift(1)
/freqtrade/user_data/strategies/TrendVolTarget.py:50: PerformanceWarning: DataFrame is highly fragmented.  This is usually the result of calling `frame.insert` many times, which has poor performance.  Consider joining all columns at once using pd.concat(axis=1) instead. To get a de-fragmented frame, use `newframe = frame.copy()`
  dataframe[f"dc_hi_{n}"] = dataframe["high"].rolling(n).max().shift(1)
/freqtrade/user_data/strategies/TrendVolTarget.py:50: PerformanceWarning: DataFrame is highly fragmented.  This is usually the result of calling `frame.insert` many times, which has poor performance.  Consider joining all columns at once using pd.concat(axis=1) instead. To get a de-fragmented frame, use `newframe = frame.copy()`
  dataframe[f"dc_hi_{n}"] = dataframe["high"].rolling(n).max().shift(1)
/freqtrade/user_data/strategies/TrendVolTarget.py:50: PerformanceWarning: DataFrame is highly fragmented.  This is usually the result of calling `frame.insert` many times, which has poor performance.  Consider joining all columns at once using pd.concat(axis=1) instead. To get a de-fragmented frame, use `newframe = frame.copy()`
  dataframe[f"dc_hi_{n}"] = dataframe["high"].rolling(n).max().shift(1)
/freqtrade/user_data/strategies/TrendVolTarget.py:50: PerformanceWarning: DataFrame is highly fragmented.  This is usually the result of calling `frame.insert` many times, which has poor performance.  Consider joining all columns at once using pd.concat(axis=1) instead. To get a de-fragmented frame, use `newframe = frame.copy()`
  dataframe[f"dc_hi_{n}"] = dataframe["high"].rolling(n).max().shift(1)
/freqtrade/user_data/strategies/TrendVolTarget.py:50: PerformanceWarning: DataFrame is highly fragmented.  This is usually the result of calling `frame.insert` many times, which has poor performance.  Consider joining all columns at once using pd.concat(axis=1) instead. To get a de-fragmented frame, use `newframe = frame.copy()`
  dataframe[f"dc_hi_{n}"] = dataframe["high"].rolling(n).max().shift(1)
/freqtrade/user_data/strategies/TrendVolTarget.py:50: PerformanceWarning: DataFrame is highly fragmented.  This is usually the result of calling `frame.insert` many times, which has poor performance.  Consider joining all columns at once using pd.concat(axis=1) instead. To get a de-fragmented frame, use `newframe = frame.copy()`
  dataframe[f"dc_hi_{n}"] = dataframe["high"].rolling(n).max().shift(1)
/freqtrade/user_data/strategies/TrendVolTarget.py:50: PerformanceWarning: DataFrame is highly fragmented.  This is usually the result of calling `frame.insert` many times, which has poor performance.  Consider joining all columns at once using pd.concat(axis=1) instead. To get a de-fragmented frame, use `newframe = frame.copy()`
  dataframe[f"dc_hi_{n}"] = dataframe["high"].rolling(n).max().shift(1)
/freqtrade/user_data/strategies/TrendVolTarget.py:50: PerformanceWarning: DataFrame is highly fragmented.  This is usually the result of calling `frame.insert` many times, which has poor performance.  Consider joining all columns at once using pd.concat(axis=1) instead. To get a de-fragmented frame, use `newframe = frame.copy()`
  dataframe[f"dc_hi_{n}"] = dataframe["high"].rolling(n).max().shift(1)
/freqtrade/user_data/strategies/TrendVolTarget.py:50: PerformanceWarning: DataFrame is highly fragmented.  This is usually the result of calling `frame.insert` many times, which has poor performance.  Consider joining all columns at once using pd.concat(axis=1) instead. To get a de-fragmented frame, use `newframe = frame.copy()`
  dataframe[f"dc_hi_{n}"] = dataframe["high"].rolling(n).max().shift(1)
/freqtrade/user_data/strategies/TrendVolTarget.py:50: PerformanceWarning: DataFrame is highly fragmented.  This is usually the result of calling `frame.insert` many times, which has poor performance.  Consider joining all columns at once using pd.concat(axis=1) instead. To get a de-fragmented frame, use `newframe = frame.copy()`
  dataframe[f"dc_hi_{n}"] = dataframe["high"].rolling(n).max().shift(1)
/freqtrade/user_data/strategies/TrendVolTarget.py:50: PerformanceWarning: DataFrame is highly fragmented.  This is usually the result of calling `frame.insert` many times, which has poor performance.  Consider joining all columns at once using pd.concat(axis=1) instead. To get a de-fragmented frame, use `newframe = frame.copy()`
  dataframe[f"dc_hi_{n}"] = dataframe["high"].rolling(n).max().shift(1)
/freqtrade/user_data/strategies/TrendVolTarget.py:50: PerformanceWarning: DataFrame is highly fragmented.  This is usually the result of calling `frame.insert` many times, which has poor performance.  Consider joining all columns at once using pd.concat(axis=1) instead. To get a de-fragmented frame, use `newframe = frame.copy()`
  dataframe[f"dc_hi_{n}"] = dataframe["high"].rolling(n).max().shift(1)
/freqtrade/user_data/strategies/TrendVolTarget.py:50: PerformanceWarning: DataFrame is highly fragmented.  This is usually the result of calling `frame.insert` many times, which has poor performance.  Consider joining all columns at once using pd.concat(axis=1) instead. To get a de-fragmented frame, use `newframe = frame.copy()`
  dataframe[f"dc_hi_{n}"] = dataframe["high"].rolling(n).max().shift(1)
/freqtrade/user_data/strategies/TrendVolTarget.py:50: PerformanceWarning: DataFrame is highly fragmented.  This is usually the result of calling `frame.insert` many times, which has poor performance.  Consider joining all columns at once using pd.concat(axis=1) instead. To get a de-fragmented frame, use `newframe = frame.copy()`
  dataframe[f"dc_hi_{n}"] = dataframe["high"].rolling(n).max().shift(1)
/freqtrade/user_data/strategies/TrendVolTarget.py:50: PerformanceWarning: DataFrame is highly fragmented.  This is usually the result of calling `frame.insert` many times, which has poor performance.  Consider joining all columns at once using pd.concat(axis=1) instead. To get a de-fragmented frame, use `newframe = frame.copy()`
  dataframe[f"dc_hi_{n}"] = dataframe["high"].rolling(n).max().shift(1)
/freqtrade/user_data/strategies/TrendVolTarget.py:50: PerformanceWarning: DataFrame is highly fragmented.  This is usually the result of calling `frame.insert` many times, which has poor performance.  Consider joining all columns at once using pd.concat(axis=1) instead. To get a de-fragmented frame, use `newframe = frame.copy()`
  dataframe[f"dc_hi_{n}"] = dataframe["high"].rolling(n).max().shift(1)
/freqtrade/user_data/strategies/TrendVolTarget.py:50: PerformanceWarning: DataFrame is highly fragmented.  This is usually the result of calling `frame.insert` many times, which has poor performance.  Consider joining all columns at once using pd.concat(axis=1) instead. To get a de-fragmented frame, use `newframe = frame.copy()`
  dataframe[f"dc_hi_{n}"] = dataframe["high"].rolling(n).max().shift(1)
/freqtrade/user_data/strategies/TrendVolTarget.py:50: PerformanceWarning: DataFrame is highly fragmented.  This is usually the result of calling `frame.insert` many times, which has poor performance.  Consider joining all columns at once using pd.concat(axis=1) instead. To get a de-fragmented frame, use `newframe = frame.copy()`
  dataframe[f"dc_hi_{n}"] = dataframe["high"].rolling(n).max().shift(1)
/freqtrade/user_data/strategies/TrendVolTarget.py:50: PerformanceWarning: DataFrame is highly fragmented.  This is usually the result of calling `frame.insert` many times, which has poor performance.  Consider joining all columns at once using pd.concat(axis=1) instead. To get a de-fragmented frame, use `newframe = frame.copy()`
  dataframe[f"dc_hi_{n}"] = dataframe["high"].rolling(n).max().shift(1)
/freqtrade/user_data/strategies/TrendVolTarget.py:50: PerformanceWarning: DataFrame is highly fragmented.  This is usually the result of calling `frame.insert` many times, which has poor performance.  Consider joining all columns at once using pd.concat(axis=1) instead. To get a de-fragmented frame, use `newframe = frame.copy()`
  dataframe[f"dc_hi_{n}"] = dataframe["high"].rolling(n).max().shift(1)
/freqtrade/user_data/strategies/TrendVolTarget.py:50: PerformanceWarning: DataFrame is highly fragmented.  This is usually the result of calling `frame.insert` many times, which has poor performance.  Consider joining all columns at once using pd.concat(axis=1) instead. To get a de-fragmented frame, use `newframe = frame.copy()`
  dataframe[f"dc_hi_{n}"] = dataframe["high"].rolling(n).max().shift(1)
/freqtrade/user_data/strategies/TrendVolTarget.py:50: PerformanceWarning: DataFrame is highly fragmented.  This is usually the result of calling `frame.insert` many times, which has poor performance.  Consider joining all columns at once using pd.concat(axis=1) instead. To get a de-fragmented frame, use `newframe = frame.copy()`
  dataframe[f"dc_hi_{n}"] = dataframe["high"].rolling(n).max().shift(1)
/freqtrade/user_data/strategies/TrendVolTarget.py:50: PerformanceWarning: DataFrame is highly fragmented.  This is usually the result of calling `frame.insert` many times, which has poor performance.  Consider joining all columns at once using pd.concat(axis=1) instead. To get a de-fragmented frame, use `newframe = frame.copy()`
  dataframe[f"dc_hi_{n}"] = dataframe["high"].rolling(n).max().shift(1)
/freqtrade/user_data/strategies/TrendVolTarget.py:50: PerformanceWarning: DataFrame is highly fragmented.  This is usually the result of calling `frame.insert` many times, which has poor performance.  Consider joining all columns at once using pd.concat(axis=1) instead. To get a de-fragmented frame, use `newframe = frame.copy()`
  dataframe[f"dc_hi_{n}"] = dataframe["high"].rolling(n).max().shift(1)
/freqtrade/user_data/strategies/TrendVolTarget.py:50: PerformanceWarning: DataFrame is highly fragmented.  This is usually the result of calling `frame.insert` many times, which has poor performance.  Consider joining all columns at once using pd.concat(axis=1) instead. To get a de-fragmented frame, use `newframe = frame.copy()`
  dataframe[f"dc_hi_{n}"] = dataframe["high"].rolling(n).max().shift(1)
/freqtrade/user_data/strategies/TrendVolTarget.py:50: PerformanceWarning: DataFrame is highly fragmented.  This is usually the result of calling `frame.insert` many times, which has poor performance.  Consider joining all columns at once using pd.concat(axis=1) instead. To get a de-fragmented frame, use `newframe = frame.copy()`
  dataframe[f"dc_hi_{n}"] = dataframe["high"].rolling(n).max().shift(1)
/freqtrade/user_data/strategies/TrendVolTarget.py:50: PerformanceWarning: DataFrame is highly fragmented.  This is usually the result of calling `frame.insert` many times, which has poor performance.  Consider joining all columns at once using pd.concat(axis=1) instead. To get a de-fragmented frame, use `newframe = frame.copy()`
  dataframe[f"dc_hi_{n}"] = dataframe["high"].rolling(n).max().shift(1)
/freqtrade/user_data/strategies/TrendVolTarget.py:50: PerformanceWarning: DataFrame is highly fragmented.  This is usually the result of calling `frame.insert` many times, which has poor performance.  Consider joining all columns at once using pd.concat(axis=1) instead. To get a de-fragmented frame, use `newframe = frame.copy()`
  dataframe[f"dc_hi_{n}"] = dataframe["high"].rolling(n).max().shift(1)
/freqtrade/user_data/strategies/TrendVolTarget.py:50: PerformanceWarning: DataFrame is highly fragmented.  This is usually the result of calling `frame.insert` many times, which has poor performance.  Consider joining all columns at once using pd.concat(axis=1) instead. To get a de-fragmented frame, use `newframe = frame.copy()`
  dataframe[f"dc_hi_{n}"] = dataframe["high"].rolling(n).max().shift(1)
/freqtrade/user_data/strategies/TrendVolTarget.py:50: PerformanceWarning: DataFrame is highly fragmented.  This is usually the result of calling `frame.insert` many times, which has poor performance.  Consider joining all columns at once using pd.concat(axis=1) instead. To get a de-fragmented frame, use `newframe = frame.copy()`
  dataframe[f"dc_hi_{n}"] = dataframe["high"].rolling(n).max().shift(1)
/freqtrade/user_data/strategies/TrendVolTarget.py:50: PerformanceWarning: DataFrame is highly fragmented.  This is usually the result of calling `frame.insert` many times, which has poor performance.  Consider joining all columns at once using pd.concat(axis=1) instead. To get a de-fragmented frame, use `newframe = frame.copy()`
  dataframe[f"dc_hi_{n}"] = dataframe["high"].rolling(n).max().shift(1)
/freqtrade/user_data/strategies/TrendVolTarget.py:50: PerformanceWarning: DataFrame is highly fragmented.  This is usually the result of calling `frame.insert` many times, which has poor performance.  Consider joining all columns at once using pd.concat(axis=1) instead. To get a de-fragmented frame, use `newframe = frame.copy()`
  dataframe[f"dc_hi_{n}"] = dataframe["high"].rolling(n).max().shift(1)
/freqtrade/user_data/strategies/TrendVolTarget.py:50: PerformanceWarning: DataFrame is highly fragmented.  This is usually the result of calling `frame.insert` many times, which has poor performance.  Consider joining all columns at once using pd.concat(axis=1) instead. To get a de-fragmented frame, use `newframe = frame.copy()`
  dataframe[f"dc_hi_{n}"] = dataframe["high"].rolling(n).max().shift(1)
/freqtrade/user_data/strategies/TrendVolTarget.py:50: PerformanceWarning: DataFrame is highly fragmented.  This is usually the result of calling `frame.insert` many times, which has poor performance.  Consider joining all columns at once using pd.concat(axis=1) instead. To get a de-fragmented frame, use `newframe = frame.copy()`
  dataframe[f"dc_hi_{n}"] = dataframe["high"].rolling(n).max().shift(1)
/freqtrade/user_data/strategies/TrendVolTarget.py:50: PerformanceWarning: DataFrame is highly fragmented.  This is usually the result of calling `frame.insert` many times, which has poor performance.  Consider joining all columns at once using pd.concat(axis=1) instead. To get a de-fragmented frame, use `newframe = frame.copy()`
  dataframe[f"dc_hi_{n}"] = dataframe["high"].rolling(n).max().shift(1)
/freqtrade/user_data/strategies/TrendVolTarget.py:50: PerformanceWarning: DataFrame is highly fragmented.  This is usually the result of calling `frame.insert` many times, which has poor performance.  Consider joining all columns at once using pd.concat(axis=1) instead. To get a de-fragmented frame, use `newframe = frame.copy()`
  dataframe[f"dc_hi_{n}"] = dataframe["high"].rolling(n).max().shift(1)
/freqtrade/user_data/strategies/TrendVolTarget.py:50: PerformanceWarning: DataFrame is highly fragmented.  This is usually the result of calling `frame.insert` many times, which has poor performance.  Consider joining all columns at once using pd.concat(axis=1) instead. To get a de-fragmented frame, use `newframe = frame.copy()`
  dataframe[f"dc_hi_{n}"] = dataframe["high"].rolling(n).max().shift(1)
/freqtrade/user_data/strategies/TrendVolTarget.py:50: PerformanceWarning: DataFrame is highly fragmented.  This is usually the result of calling `frame.insert` many times, which has poor performance.  Consider joining all columns at once using pd.concat(axis=1) instead. To get a de-fragmented frame, use `newframe = frame.copy()`
  dataframe[f"dc_hi_{n}"] = dataframe["high"].rolling(n).max().shift(1)
/freqtrade/user_data/strategies/TrendVolTarget.py:50: PerformanceWarning: DataFrame is highly fragmented.  This is usually the result of calling `frame.insert` many times, which has poor performance.  Consider joining all columns at once using pd.concat(axis=1) instead. To get a de-fragmented frame, use `newframe = frame.copy()`
  dataframe[f"dc_hi_{n}"] = dataframe["high"].rolling(n).max().shift(1)
/freqtrade/user_data/strategies/TrendVolTarget.py:50: PerformanceWarning: DataFrame is highly fragmented.  This is usually the result of calling `frame.insert` many times, which has poor performance.  Consider joining all columns at once using pd.concat(axis=1) instead. To get a de-fragmented frame, use `newframe = frame.copy()`
  dataframe[f"dc_hi_{n}"] = dataframe["high"].rolling(n).max().shift(1)
/freqtrade/user_data/strategies/TrendVolTarget.py:50: PerformanceWarning: DataFrame is highly fragmented.  This is usually the result of calling `frame.insert` many times, which has poor performance.  Consider joining all columns at once using pd.concat(axis=1) instead. To get a de-fragmented frame, use `newframe = frame.copy()`
  dataframe[f"dc_hi_{n}"] = dataframe["high"].rolling(n).max().shift(1)
/freqtrade/user_data/strategies/TrendVolTarget.py:50: PerformanceWarning: DataFrame is highly fragmented.  This is usually the result of calling `frame.insert` many times, which has poor performance.  Consider joining all columns at once using pd.concat(axis=1) instead. To get a de-fragmented frame, use `newframe = frame.copy()`
  dataframe[f"dc_hi_{n}"] = dataframe["high"].rolling(n).max().shift(1)
/freqtrade/user_data/strategies/TrendVolTarget.py:50: PerformanceWarning: DataFrame is highly fragmented.  This is usually the result of calling `frame.insert` many times, which has poor performance.  Consider joining all columns at once using pd.concat(axis=1) instead. To get a de-fragmented frame, use `newframe = frame.copy()`
  dataframe[f"dc_hi_{n}"] = dataframe["high"].rolling(n).max().shift(1)
/freqtrade/user_data/strategies/TrendVolTarget.py:50: PerformanceWarning: DataFrame is highly fragmented.  This is usually the result of calling `frame.insert` many times, which has poor performance.  Consider joining all columns at once using pd.concat(axis=1) instead. To get a de-fragmented frame, use `newframe = frame.copy()`
  dataframe[f"dc_hi_{n}"] = dataframe["high"].rolling(n).max().shift(1)
/freqtrade/user_data/strategies/TrendVolTarget.py:50: PerformanceWarning: DataFrame is highly fragmented.  This is usually the result of calling `frame.insert` many times, which has poor performance.  Consider joining all columns at once using pd.concat(axis=1) instead. To get a de-fragmented frame, use `newframe = frame.copy()`
  dataframe[f"dc_hi_{n}"] = dataframe["high"].rolling(n).max().shift(1)
/freqtrade/user_data/strategies/TrendVolTarget.py:50: PerformanceWarning: DataFrame is highly fragmented.  This is usually the result of calling `frame.insert` many times, which has poor performance.  Consider joining all columns at once using pd.concat(axis=1) instead. To get a de-fragmented frame, use `newframe = frame.copy()`
  dataframe[f"dc_hi_{n}"] = dataframe["high"].rolling(n).max().shift(1)
/freqtrade/user_data/strategies/TrendVolTarget.py:50: PerformanceWarning: DataFrame is highly fragmented.  This is usually the result of calling `frame.insert` many times, which has poor performance.  Consider joining all columns at once using pd.concat(axis=1) instead. To get a de-fragmented frame, use `newframe = frame.copy()`
  dataframe[f"dc_hi_{n}"] = dataframe["high"].rolling(n).max().shift(1)
/freqtrade/user_data/strategies/TrendVolTarget.py:50: PerformanceWarning: DataFrame is highly fragmented.  This is usually the result of calling `frame.insert` many times, which has poor performance.  Consider joining all columns at once using pd.concat(axis=1) instead. To get a de-fragmented frame, use `newframe = frame.copy()`
  dataframe[f"dc_hi_{n}"] = dataframe["high"].rolling(n).max().shift(1)
/freqtrade/user_data/strategies/TrendVolTarget.py:50: PerformanceWarning: DataFrame is highly fragmented.  This is usually the result of calling `frame.insert` many times, which has poor performance.  Consider joining all columns at once using pd.concat(axis=1) instead. To get a de-fragmented frame, use `newframe = frame.copy()`
  dataframe[f"dc_hi_{n}"] = dataframe["high"].rolling(n).max().shift(1)
/freqtrade/user_data/strategies/TrendVolTarget.py:50: PerformanceWarning: DataFrame is highly fragmented.  This is usually the result of calling `frame.insert` many times, which has poor performance.  Consider joining all columns at once using pd.concat(axis=1) instead. To get a de-fragmented frame, use `newframe = frame.copy()`
  dataframe[f"dc_hi_{n}"] = dataframe["high"].rolling(n).max().shift(1)
/freqtrade/user_data/strategies/TrendVolTarget.py:50: PerformanceWarning: DataFrame is highly fragmented.  This is usually the result of calling `frame.insert` many times, which has poor performance.  Consider joining all columns at once using pd.concat(axis=1) instead. To get a de-fragmented frame, use `newframe = frame.copy()`
  dataframe[f"dc_hi_{n}"] = dataframe["high"].rolling(n).max().shift(1)
/freqtrade/user_data/strategies/TrendVolTarget.py:50: PerformanceWarning: DataFrame is highly fragmented.  This is usually the result of calling `frame.insert` many times, which has poor performance.  Consider joining all columns at once using pd.concat(axis=1) instead. To get a de-fragmented frame, use `newframe = frame.copy()`
  dataframe[f"dc_hi_{n}"] = dataframe["high"].rolling(n).max().shift(1)
/freqtrade/user_data/strategies/TrendVolTarget.py:50: PerformanceWarning: DataFrame is highly fragmented.  This is usually the result of calling `frame.insert` many times, which has poor performance.  Consider joining all columns at once using pd.concat(axis=1) instead. To get a de-fragmented frame, use `newframe = frame.copy()`
  dataframe[f"dc_hi_{n}"] = dataframe["high"].rolling(n).max().shift(1)
/freqtrade/user_data/strategies/TrendVolTarget.py:50: PerformanceWarning: DataFrame is highly fragmented.  This is usually the result of calling `frame.insert` many times, which has poor performance.  Consider joining all columns at once using pd.concat(axis=1) instead. To get a de-fragmented frame, use `newframe = frame.copy()`
  dataframe[f"dc_hi_{n}"] = dataframe["high"].rolling(n).max().shift(1)
/freqtrade/user_data/strategies/TrendVolTarget.py:50: PerformanceWarning: DataFrame is highly fragmented.  This is usually the result of calling `frame.insert` many times, which has poor performance.  Consider joining all columns at once using pd.concat(axis=1) instead. To get a de-fragmented frame, use `newframe = frame.copy()`
  dataframe[f"dc_hi_{n}"] = dataframe["high"].rolling(n).max().shift(1)
/freqtrade/user_data/strategies/TrendVolTarget.py:50: PerformanceWarning: DataFrame is highly fragmented.  This is usually the result of calling `frame.insert` many times, which has poor performance.  Consider joining all columns at once using pd.concat(axis=1) instead. To get a de-fragmented frame, use `newframe = frame.copy()`
  dataframe[f"dc_hi_{n}"] = dataframe["high"].rolling(n).max().shift(1)
/freqtrade/user_data/strategies/TrendVolTarget.py:53: PerformanceWarning: DataFrame is highly fragmented.  This is usually the result of calling `frame.insert` many times, which has poor performance.  Consider joining all columns at once using pd.concat(axis=1) instead. To get a de-fragmented frame, use `newframe = frame.copy()`
  dataframe["sma_f"] = ta.SMA(dataframe, timeperiod=60)
/freqtrade/user_data/strategies/TrendVolTarget.py:54: PerformanceWarning: DataFrame is highly fragmented.  This is usually the result of calling `frame.insert` many times, which has poor performance.  Consider joining all columns at once using pd.concat(axis=1) instead. To get a de-fragmented frame, use `newframe = frame.copy()`
  dataframe["sma_s"] = ta.SMA(dataframe, timeperiod=240)
/freqtrade/user_data/strategies/TrendVolTarget.py:56: PerformanceWarning: DataFrame is highly fragmented.  This is usually the result of calling `frame.insert` many times, which has poor performance.  Consider joining all columns at once using pd.concat(axis=1) instead. To get a de-fragmented frame, use `newframe = frame.copy()`
  dataframe["rvol"] = dataframe["close"].pct_change().rolling(90).std() * np.sqrt(6 * 365)
/freqtrade/user_data/strategies/TrendVolTarget.py:50: PerformanceWarning: DataFrame is highly fragmented.  This is usually the result of calling `frame.insert` many times, which has poor performance.  Consider joining all columns at once using pd.concat(axis=1) instead. To get a de-fragmented frame, use `newframe = frame.copy()`
  dataframe[f"dc_hi_{n}"] = dataframe["high"].rolling(n).max().shift(1)
/freqtrade/user_data/strategies/TrendVolTarget.py:50: PerformanceWarning: DataFrame is highly fragmented.  This is usually the result of calling `frame.insert` many times, which has poor performance.  Consider joining all columns at once using pd.concat(axis=1) instead. To get a de-fragmented frame, use `newframe = frame.copy()`
  dataframe[f"dc_hi_{n}"] = dataframe["high"].rolling(n).max().shift(1)
/freqtrade/user_data/strategies/TrendVolTarget.py:50: PerformanceWarning: DataFrame is highly fragmented.  This is usually the result of calling `frame.insert` many times, which has poor performance.  Consider joining all columns at once using pd.concat(axis=1) instead. To get a de-fragmented frame, use `newframe = frame.copy()`
  dataframe[f"dc_hi_{n}"] = dataframe["high"].rolling(n).max().shift(1)
/freqtrade/user_data/strategies/TrendVolTarget.py:50: PerformanceWarning: DataFrame is highly fragmented.  This is usually the result of calling `frame.insert` many times, which has poor performance.  Consider joining all columns at once using pd.concat(axis=1) instead. To get a de-fragmented frame, use `newframe = frame.copy()`
  dataframe[f"dc_hi_{n}"] = dataframe["high"].rolling(n).max().shift(1)
/freqtrade/user_data/strategies/TrendVolTarget.py:50: PerformanceWarning: DataFrame is highly fragmented.  This is usually the result of calling `frame.insert` many times, which has poor performance.  Consider joining all columns at once using pd.concat(axis=1) instead. To get a de-fragmented frame, use `newframe = frame.copy()`
  dataframe[f"dc_hi_{n}"] = dataframe["high"].rolling(n).max().shift(1)
/freqtrade/user_data/strategies/TrendVolTarget.py:50: PerformanceWarning: DataFrame is highly fragmented.  This is usually the result of calling `frame.insert` many times, which has poor performance.  Consider joining all columns at once using pd.concat(axis=1) instead. To get a de-fragmented frame, use `newframe = frame.copy()`
  dataframe[f"dc_hi_{n}"] = dataframe["high"].rolling(n).max().shift(1)
/freqtrade/user_data/strategies/TrendVolTarget.py:50: PerformanceWarning: DataFrame is highly fragmented.  This is usually the result of calling `frame.insert` many times, which has poor performance.  Consider joining all columns at once using pd.concat(axis=1) instead. To get a de-fragmented frame, use `newframe = frame.copy()`
  dataframe[f"dc_hi_{n}"] = dataframe["high"].rolling(n).max().shift(1)
/freqtrade/user_data/strategies/TrendVolTarget.py:50: PerformanceWarning: DataFrame is highly fragmented.  This is usually the result of calling `frame.insert` many times, which has poor performance.  Consider joining all columns at once using pd.concat(axis=1) instead. To get a de-fragmented frame, use `newframe = frame.copy()`
  dataframe[f"dc_hi_{n}"] = dataframe["high"].rolling(n).max().shift(1)
/freqtrade/user_data/strategies/TrendVolTarget.py:50: PerformanceWarning: DataFrame is highly fragmented.  This is usually the result of calling `frame.insert` many times, which has poor performance.  Consider joining all columns at once using pd.concat(axis=1) instead. To get a de-fragmented frame, use `newframe = frame.copy()`
  dataframe[f"dc_hi_{n}"] = dataframe["high"].rolling(n).max().shift(1)
/freqtrade/user_data/strategies/TrendVolTarget.py:50: PerformanceWarning: DataFrame is highly fragmented.  This is usually the result of calling `frame.insert` many times, which has poor performance.  Consider joining all columns at once using pd.concat(axis=1) instead. To get a de-fragmented frame, use `newframe = frame.copy()`
  dataframe[f"dc_hi_{n}"] = dataframe["high"].rolling(n).max().shift(1)
/freqtrade/user_data/strategies/TrendVolTarget.py:50: PerformanceWarning: DataFrame is highly fragmented.  This is usually the result of calling `frame.insert` many times, which has poor performance.  Consider joining all columns at once using pd.concat(axis=1) instead. To get a de-fragmented frame, use `newframe = frame.copy()`
  dataframe[f"dc_hi_{n}"] = dataframe["high"].rolling(n).max().shift(1)
/freqtrade/user_data/strategies/TrendVolTarget.py:50: PerformanceWarning: DataFrame is highly fragmented.  This is usually the result of calling `frame.insert` many times, which has poor performance.  Consider joining all columns at once using pd.concat(axis=1) instead. To get a de-fragmented frame, use `newframe = frame.copy()`
  dataframe[f"dc_hi_{n}"] = dataframe["high"].rolling(n).max().shift(1)
/freqtrade/user_data/strategies/TrendVolTarget.py:50: PerformanceWarning: DataFrame is highly fragmented.  This is usually the result of calling `frame.insert` many times, which has poor performance.  Consider joining all columns at once using pd.concat(axis=1) instead. To get a de-fragmented frame, use `newframe = frame.copy()`
  dataframe[f"dc_hi_{n}"] = dataframe["high"].rolling(n).max().shift(1)
/freqtrade/user_data/strategies/TrendVolTarget.py:50: PerformanceWarning: DataFrame is highly fragmented.  This is usually the result of calling `frame.insert` many times, which has poor performance.  Consider joining all columns at once using pd.concat(axis=1) instead. To get a de-fragmented frame, use `newframe = frame.copy()`
  dataframe[f"dc_hi_{n}"] = dataframe["high"].rolling(n).max().shift(1)
/freqtrade/user_data/strategies/TrendVolTarget.py:50: PerformanceWarning: DataFrame is highly fragmented.  This is usually the result of calling `frame.insert` many times, which has poor performance.  Consider joining all columns at once using pd.concat(axis=1) instead. To get a de-fragmented frame, use `newframe = frame.copy()`
  dataframe[f"dc_hi_{n}"] = dataframe["high"].rolling(n).max().shift(1)
/freqtrade/user_data/strategies/TrendVolTarget.py:50: PerformanceWarning: DataFrame is highly fragmented.  This is usually the result of calling `frame.insert` many times, which has poor performance.  Consider joining all columns at once using pd.concat(axis=1) instead. To get a de-fragmented frame, use `newframe = frame.copy()`
  dataframe[f"dc_hi_{n}"] = dataframe["high"].rolling(n).max().shift(1)
/freqtrade/user_data/strategies/TrendVolTarget.py:50: PerformanceWarning: DataFrame is highly fragmented.  This is usually the result of calling `frame.insert` many times, which has poor performance.  Consider joining all columns at once using pd.concat(axis=1) instead. To get a de-fragmented frame, use `newframe = frame.copy()`
  dataframe[f"dc_hi_{n}"] = dataframe["high"].rolling(n).max().shift(1)
/freqtrade/user_data/strategies/TrendVolTarget.py:50: PerformanceWarning: DataFrame is highly fragmented.  This is usually the result of calling `frame.insert` many times, which has poor performance.  Consider joining all columns at once using pd.concat(axis=1) instead. To get a de-fragmented frame, use `newframe = frame.copy()`
  dataframe[f"dc_hi_{n}"] = dataframe["high"].rolling(n).max().shift(1)
/freqtrade/user_data/strategies/TrendVolTarget.py:50: PerformanceWarning: DataFrame is highly fragmented.  This is usually the result of calling `frame.insert` many times, which has poor performance.  Consider joining all columns at once using pd.concat(axis=1) instead. To get a de-fragmented frame, use `newframe = frame.copy()`
  dataframe[f"dc_hi_{n}"] = dataframe["high"].rolling(n).max().shift(1)
/freqtrade/user_data/strategies/TrendVolTarget.py:50: PerformanceWarning: DataFrame is highly fragmented.  This is usually the result of calling `frame.insert` many times, which has poor performance.  Consider joining all columns at once using pd.concat(axis=1) instead. To get a de-fragmented frame, use `newframe = frame.copy()`
  dataframe[f"dc_hi_{n}"] = dataframe["high"].rolling(n).max().shift(1)
/freqtrade/user_data/strategies/TrendVolTarget.py:50: PerformanceWarning: DataFrame is highly fragmented.  This is usually the result of calling `frame.insert` many times, which has poor performance.  Consider joining all columns at once using pd.concat(axis=1) instead. To get a de-fragmented frame, use `newframe = frame.copy()`
  dataframe[f"dc_hi_{n}"] = dataframe["high"].rolling(n).max().shift(1)
/freqtrade/user_data/strategies/TrendVolTarget.py:50: PerformanceWarning: DataFrame is highly fragmented.  This is usually the result of calling `frame.insert` many times, which has poor performance.  Consider joining all columns at once using pd.concat(axis=1) instead. To get a de-fragmented frame, use `newframe = frame.copy()`
  dataframe[f"dc_hi_{n}"] = dataframe["high"].rolling(n).max().shift(1)
/freqtrade/user_data/strategies/TrendVolTarget.py:50: PerformanceWarning: DataFrame is highly fragmented.  This is usually the result of calling `frame.insert` many times, which has poor performance.  Consider joining all columns at once using pd.concat(axis=1) instead. To get a de-fragmented frame, use `newframe = frame.copy()`
  dataframe[f"dc_hi_{n}"] = dataframe["high"].rolling(n).max().shift(1)
/freqtrade/user_data/strategies/TrendVolTarget.py:50: PerformanceWarning: DataFrame is highly fragmented.  This is usually the result of calling `frame.insert` many times, which has poor performance.  Consider joining all columns at once using pd.concat(axis=1) instead. To get a de-fragmented frame, use `newframe = frame.copy()`
  dataframe[f"dc_hi_{n}"] = dataframe["high"].rolling(n).max().shift(1)
/freqtrade/user_data/strategies/TrendVolTarget.py:50: PerformanceWarning: DataFrame is highly fragmented.  This is usually the result of calling `frame.insert` many times, which has poor performance.  Consider joining all columns at once using pd.concat(axis=1) instead. To get a de-fragmented frame, use `newframe = frame.copy()`
  dataframe[f"dc_hi_{n}"] = dataframe["high"].rolling(n).max().shift(1)
/freqtrade/user_data/strategies/TrendVolTarget.py:50: PerformanceWarning: DataFrame is highly fragmented.  This is usually the result of calling `frame.insert` many times, which has poor performance.  Consider joining all columns at once using pd.concat(axis=1) instead. To get a de-fragmented frame, use `newframe = frame.copy()`
  dataframe[f"dc_hi_{n}"] = dataframe["high"].rolling(n).max().shift(1)
/freqtrade/user_data/strategies/TrendVolTarget.py:50: PerformanceWarning: DataFrame is highly fragmented.  This is usually the result of calling `frame.insert` many times, which has poor performance.  Consider joining all columns at once using pd.concat(axis=1) instead. To get a de-fragmented frame, use `newframe = frame.copy()`
  dataframe[f"dc_hi_{n}"] = dataframe["high"].rolling(n).max().shift(1)
/freqtrade/user_data/strategies/TrendVolTarget.py:50: PerformanceWarning: DataFrame is highly fragmented.  This is usually the result of calling `frame.insert` many times, which has poor performance.  Consider joining all columns at once using pd.concat(axis=1) instead. To get a de-fragmented frame, use `newframe = frame.copy()`
  dataframe[f"dc_hi_{n}"] = dataframe["high"].rolling(n).max().shift(1)
/freqtrade/user_data/strategies/TrendVolTarget.py:50: PerformanceWarning: DataFrame is highly fragmented.  This is usually the result of calling `frame.insert` many times, which has poor performance.  Consider joining all columns at once using pd.concat(axis=1) instead. To get a de-fragmented frame, use `newframe = frame.copy()`
  dataframe[f"dc_hi_{n}"] = dataframe["high"].rolling(n).max().shift(1)
/freqtrade/user_data/strategies/TrendVolTarget.py:50: PerformanceWarning: DataFrame is highly fragmented.  This is usually the result of calling `frame.insert` many times, which has poor performance.  Consider joining all columns at once using pd.concat(axis=1) instead. To get a de-fragmented frame, use `newframe = frame.copy()`
  dataframe[f"dc_hi_{n}"] = dataframe["high"].rolling(n).max().shift(1)
/freqtrade/user_data/strategies/TrendVolTarget.py:50: PerformanceWarning: DataFrame is highly fragmented.  This is usually the result of calling `frame.insert` many times, which has poor performance.  Consider joining all columns at once using pd.concat(axis=1) instead. To get a de-fragmented frame, use `newframe = frame.copy()`
  dataframe[f"dc_hi_{n}"] = dataframe["high"].rolling(n).max().shift(1)
/freqtrade/user_data/strategies/TrendVolTarget.py:50: PerformanceWarning: DataFrame is highly fragmented.  This is usually the result of calling `frame.insert` many times, which has poor performance.  Consider joining all columns at once using pd.concat(axis=1) instead. To get a de-fragmented frame, use `newframe = frame.copy()`
  dataframe[f"dc_hi_{n}"] = dataframe["high"].rolling(n).max().shift(1)
/freqtrade/user_data/strategies/TrendVolTarget.py:50: PerformanceWarning: DataFrame is highly fragmented.  This is usually the result of calling `frame.insert` many times, which has poor performance.  Consider joining all columns at once using pd.concat(axis=1) instead. To get a de-fragmented frame, use `newframe = frame.copy()`
  dataframe[f"dc_hi_{n}"] = dataframe["high"].rolling(n).max().shift(1)
/freqtrade/user_data/strategies/TrendVolTarget.py:50: PerformanceWarning: DataFrame is highly fragmented.  This is usually the result of calling `frame.insert` many times, which has poor performance.  Consider joining all columns at once using pd.concat(axis=1) instead. To get a de-fragmented frame, use `newframe = frame.copy()`
  dataframe[f"dc_hi_{n}"] = dataframe["high"].rolling(n).max().shift(1)
/freqtrade/user_data/strategies/TrendVolTarget.py:50: PerformanceWarning: DataFrame is highly fragmented.  This is usually the result of calling `frame.insert` many times, which has poor performance.  Consider joining all columns at once using pd.concat(axis=1) instead. To get a de-fragmented frame, use `newframe = frame.copy()`
  dataframe[f"dc_hi_{n}"] = dataframe["high"].rolling(n).max().shift(1)
/freqtrade/user_data/strategies/TrendVolTarget.py:50: PerformanceWarning: DataFrame is highly fragmented.  This is usually the result of calling `frame.insert` many times, which has poor performance.  Consider joining all columns at once using pd.concat(axis=1) instead. To get a de-fragmented frame, use `newframe = frame.copy()`
  dataframe[f"dc_hi_{n}"] = dataframe["high"].rolling(n).max().shift(1)
/freqtrade/user_data/strategies/TrendVolTarget.py:50: PerformanceWarning: DataFrame is highly fragmented.  This is usually the result of calling `frame.insert` many times, which has poor performance.  Consider joining all columns at once using pd.concat(axis=1) instead. To get a de-fragmented frame, use `newframe = frame.copy()`
  dataframe[f"dc_hi_{n}"] = dataframe["high"].rolling(n).max().shift(1)
/freqtrade/user_data/strategies/TrendVolTarget.py:50: PerformanceWarning: DataFrame is highly fragmented.  This is usually the result of calling `frame.insert` many times, which has poor performance.  Consider joining all columns at once using pd.concat(axis=1) instead. To get a de-fragmented frame, use `newframe = frame.copy()`
  dataframe[f"dc_hi_{n}"] = dataframe["high"].rolling(n).max().shift(1)
/freqtrade/user_data/strategies/TrendVolTarget.py:50: PerformanceWarning: DataFrame is highly fragmented.  This is usually the result of calling `frame.insert` many times, which has poor performance.  Consider joining all columns at once using pd.concat(axis=1) instead. To get a de-fragmented frame, use `newframe = frame.copy()`
  dataframe[f"dc_hi_{n}"] = dataframe["high"].rolling(n).max().shift(1)
/freqtrade/user_data/strategies/TrendVolTarget.py:50: PerformanceWarning: DataFrame is highly fragmented.  This is usually the result of calling `frame.insert` many times, which has poor performance.  Consider joining all columns at once using pd.concat(axis=1) instead. To get a de-fragmented frame, use `newframe = frame.copy()`
  dataframe[f"dc_hi_{n}"] = dataframe["high"].rolling(n).max().shift(1)
/freqtrade/user_data/strategies/TrendVolTarget.py:50: PerformanceWarning: DataFrame is highly fragmented.  This is usually the result of calling `frame.insert` many times, which has poor performance.  Consider joining all columns at once using pd.concat(axis=1) instead. To get a de-fragmented frame, use `newframe = frame.copy()`
  dataframe[f"dc_hi_{n}"] = dataframe["high"].rolling(n).max().shift(1)
/freqtrade/user_data/strategies/TrendVolTarget.py:50: PerformanceWarning: DataFrame is highly fragmented.  This is usually the result of calling `frame.insert` many times, which has poor performance.  Consider joining all columns at once using pd.concat(axis=1) instead. To get a de-fragmented frame, use `newframe = frame.copy()`
  dataframe[f"dc_hi_{n}"] = dataframe["high"].rolling(n).max().shift(1)
/freqtrade/user_data/strategies/TrendVolTarget.py:50: PerformanceWarning: DataFrame is highly fragmented.  This is usually the result of calling `frame.insert` many times, which has poor performance.  Consider joining all columns at once using pd.concat(axis=1) instead. To get a de-fragmented frame, use `newframe = frame.copy()`
  dataframe[f"dc_hi_{n}"] = dataframe["high"].rolling(n).max().shift(1)
/freqtrade/user_data/strategies/TrendVolTarget.py:50: PerformanceWarning: DataFrame is highly fragmented.  This is usually the result of calling `frame.insert` many times, which has poor performance.  Consider joining all columns at once using pd.concat(axis=1) instead. To get a de-fragmented frame, use `newframe = frame.copy()`
  dataframe[f"dc_hi_{n}"] = dataframe["high"].rolling(n).max().shift(1)
/freqtrade/user_data/strategies/TrendVolTarget.py:50: PerformanceWarning: DataFrame is highly fragmented.  This is usually the result of calling `frame.insert` many times, which has poor performance.  Consider joining all columns at once using pd.concat(axis=1) instead. To get a de-fragmented frame, use `newframe = frame.copy()`
  dataframe[f"dc_hi_{n}"] = dataframe["high"].rolling(n).max().shift(1)
/freqtrade/user_data/strategies/TrendVolTarget.py:50: PerformanceWarning: DataFrame is highly fragmented.  This is usually the result of calling `frame.insert` many times, which has poor performance.  Consider joining all columns at once using pd.concat(axis=1) instead. To get a de-fragmented frame, use `newframe = frame.copy()`
  dataframe[f"dc_hi_{n}"] = dataframe["high"].rolling(n).max().shift(1)
/freqtrade/user_data/strategies/TrendVolTarget.py:50: PerformanceWarning: DataFrame is highly fragmented.  This is usually the result of calling `frame.insert` many times, which has poor performance.  Consider joining all columns at once using pd.concat(axis=1) instead. To get a de-fragmented frame, use `newframe = frame.copy()`
  dataframe[f"dc_hi_{n}"] = dataframe["high"].rolling(n).max().shift(1)
/freqtrade/user_data/strategies/TrendVolTarget.py:50: PerformanceWarning: DataFrame is highly fragmented.  This is usually the result of calling `frame.insert` many times, which has poor performance.  Consider joining all columns at once using pd.concat(axis=1) instead. To get a de-fragmented frame, use `newframe = frame.copy()`
  dataframe[f"dc_hi_{n}"] = dataframe["high"].rolling(n).max().shift(1)
/freqtrade/user_data/strategies/TrendVolTarget.py:50: PerformanceWarning: DataFrame is highly fragmented.  This is usually the result of calling `frame.insert` many times, which has poor performance.  Consider joining all columns at once using pd.concat(axis=1) instead. To get a de-fragmented frame, use `newframe = frame.copy()`
  dataframe[f"dc_hi_{n}"] = dataframe["high"].rolling(n).max().shift(1)
/freqtrade/user_data/strategies/TrendVolTarget.py:50: PerformanceWarning: DataFrame is highly fragmented.  This is usually the result of calling `frame.insert` many times, which has poor performance.  Consider joining all columns at once using pd.concat(axis=1) instead. To get a de-fragmented frame, use `newframe = frame.copy()`
  dataframe[f"dc_hi_{n}"] = dataframe["high"].rolling(n).max().shift(1)
/freqtrade/user_data/strategies/TrendVolTarget.py:50: PerformanceWarning: DataFrame is highly fragmented.  This is usually the result of calling `frame.insert` many times, which has poor performance.  Consider joining all columns at once using pd.concat(axis=1) instead. To get a de-fragmented frame, use `newframe = frame.copy()`
  dataframe[f"dc_hi_{n}"] = dataframe["high"].rolling(n).max().shift(1)
/freqtrade/user_data/strategies/TrendVolTarget.py:50: PerformanceWarning: DataFrame is highly fragmented.  This is usually the result of calling `frame.insert` many times, which has poor performance.  Consider joining all columns at once using pd.concat(axis=1) instead. To get a de-fragmented frame, use `newframe = frame.copy()`
  dataframe[f"dc_hi_{n}"] = dataframe["high"].rolling(n).max().shift(1)
/freqtrade/user_data/strategies/TrendVolTarget.py:50: PerformanceWarning: DataFrame is highly fragmented.  This is usually the result of calling `frame.insert` many times, which has poor performance.  Consider joining all columns at once using pd.concat(axis=1) instead. To get a de-fragmented frame, use `newframe = frame.copy()`
  dataframe[f"dc_hi_{n}"] = dataframe["high"].rolling(n).max().shift(1)
/freqtrade/user_data/strategies/TrendVolTarget.py:50: PerformanceWarning: DataFrame is highly fragmented.  This is usually the result of calling `frame.insert` many times, which has poor performance.  Consider joining all columns at once using pd.concat(axis=1) instead. To get a de-fragmented frame, use `newframe = frame.copy()`
  dataframe[f"dc_hi_{n}"] = dataframe["high"].rolling(n).max().shift(1)
/freqtrade/user_data/strategies/TrendVolTarget.py:50: PerformanceWarning: DataFrame is highly fragmented.  This is usually the result of calling `frame.insert` many times, which has poor performance.  Consider joining all columns at once using pd.concat(axis=1) instead. To get a de-fragmented frame, use `newframe = frame.copy()`
  dataframe[f"dc_hi_{n}"] = dataframe["high"].rolling(n).max().shift(1)
/freqtrade/user_data/strategies/TrendVolTarget.py:50: PerformanceWarning: DataFrame is highly fragmented.  This is usually the result of calling `frame.insert` many times, which has poor performance.  Consider joining all columns at once using pd.concat(axis=1) instead. To get a de-fragmented frame, use `newframe = frame.copy()`
  dataframe[f"dc_hi_{n}"] = dataframe["high"].rolling(n).max().shift(1)
/freqtrade/user_data/strategies/TrendVolTarget.py:50: PerformanceWarning: DataFrame is highly fragmented.  This is usually the result of calling `frame.insert` many times, which has poor performance.  Consider joining all columns at once using pd.concat(axis=1) instead. To get a de-fragmented frame, use `newframe = frame.copy()`
  dataframe[f"dc_hi_{n}"] = dataframe["high"].rolling(n).max().shift(1)
/freqtrade/user_data/strategies/TrendVolTarget.py:50: PerformanceWarning: DataFrame is highly fragmented.  This is usually the result of calling `frame.insert` many times, which has poor performance.  Consider joining all columns at once using pd.concat(axis=1) instead. To get a de-fragmented frame, use `newframe = frame.copy()`
  dataframe[f"dc_hi_{n}"] = dataframe["high"].rolling(n).max().shift(1)
/freqtrade/user_data/strategies/TrendVolTarget.py:50: PerformanceWarning: DataFrame is highly fragmented.  This is usually the result of calling `frame.insert` many times, which has poor performance.  Consider joining all columns at once using pd.concat(axis=1) instead. To get a de-fragmented frame, use `newframe = frame.copy()`
  dataframe[f"dc_hi_{n}"] = dataframe["high"].rolling(n).max().shift(1)
/freqtrade/user_data/strategies/TrendVolTarget.py:50: PerformanceWarning: DataFrame is highly fragmented.  This is usually the result of calling `frame.insert` many times, which has poor performance.  Consider joining all columns at once using pd.concat(axis=1) instead. To get a de-fragmented frame, use `newframe = frame.copy()`
  dataframe[f"dc_hi_{n}"] = dataframe["high"].rolling(n).max().shift(1)
/freqtrade/user_data/strategies/TrendVolTarget.py:50: PerformanceWarning: DataFrame is highly fragmented.  This is usually the result of calling `frame.insert` many times, which has poor performance.  Consider joining all columns at once using pd.concat(axis=1) instead. To get a de-fragmented frame, use `newframe = frame.copy()`
  dataframe[f"dc_hi_{n}"] = dataframe["high"].rolling(n).max().shift(1)
/freqtrade/user_data/strategies/TrendVolTarget.py:50: PerformanceWarning: DataFrame is highly fragmented.  This is usually the result of calling `frame.insert` many times, which has poor performance.  Consider joining all columns at once using pd.concat(axis=1) instead. To get a de-fragmented frame, use `newframe = frame.copy()`
  dataframe[f"dc_hi_{n}"] = dataframe["high"].rolling(n).max().shift(1)
/freqtrade/user_data/strategies/TrendVolTarget.py:50: PerformanceWarning: DataFrame is highly fragmented.  This is usually the result of calling `frame.insert` many times, which has poor performance.  Consider joining all columns at once using pd.concat(axis=1) instead. To get a de-fragmented frame, use `newframe = frame.copy()`
  dataframe[f"dc_hi_{n}"] = dataframe["high"].rolling(n).max().shift(1)
/freqtrade/user_data/strategies/TrendVolTarget.py:50: PerformanceWarning: DataFrame is highly fragmented.  This is usually the result of calling `frame.insert` many times, which has poor performance.  Consider joining all columns at once using pd.concat(axis=1) instead. To get a de-fragmented frame, use `newframe = frame.copy()`
  dataframe[f"dc_hi_{n}"] = dataframe["high"].rolling(n).max().shift(1)
/freqtrade/user_data/strategies/TrendVolTarget.py:50: PerformanceWarning: DataFrame is highly fragmented.  This is usually the result of calling `frame.insert` many times, which has poor performance.  Consider joining all columns at once using pd.concat(axis=1) instead. To get a de-fragmented frame, use `newframe = frame.copy()`
  dataframe[f"dc_hi_{n}"] = dataframe["high"].rolling(n).max().shift(1)
/freqtrade/user_data/strategies/TrendVolTarget.py:50: PerformanceWarning: DataFrame is highly fragmented.  This is usually the result of calling `frame.insert` many times, which has poor performance.  Consider joining all columns at once using pd.concat(axis=1) instead. To get a de-fragmented frame, use `newframe = frame.copy()`
  dataframe[f"dc_hi_{n}"] = dataframe["high"].rolling(n).max().shift(1)
/freqtrade/user_data/strategies/TrendVolTarget.py:50: PerformanceWarning: DataFrame is highly fragmented.  This is usually the result of calling `frame.insert` many times, which has poor performance.  Consider joining all columns at once using pd.concat(axis=1) instead. To get a de-fragmented frame, use `newframe = frame.copy()`
  dataframe[f"dc_hi_{n}"] = dataframe["high"].rolling(n).max().shift(1)
/freqtrade/user_data/strategies/TrendVolTarget.py:50: PerformanceWarning: DataFrame is highly fragmented.  This is usually the result of calling `frame.insert` many times, which has poor performance.  Consider joining all columns at once using pd.concat(axis=1) instead. To get a de-fragmented frame, use `newframe = frame.copy()`
  dataframe[f"dc_hi_{n}"] = dataframe["high"].rolling(n).max().shift(1)
/freqtrade/user_data/strategies/TrendVolTarget.py:50: PerformanceWarning: DataFrame is highly fragmented.  This is usually the result of calling `frame.insert` many times, which has poor performance.  Consider joining all columns at once using pd.concat(axis=1) instead. To get a de-fragmented frame, use `newframe = frame.copy()`
  dataframe[f"dc_hi_{n}"] = dataframe["high"].rolling(n).max().shift(1)
/freqtrade/user_data/strategies/TrendVolTarget.py:50: PerformanceWarning: DataFrame is highly fragmented.  This is usually the result of calling `frame.insert` many times, which has poor performance.  Consider joining all columns at once using pd.concat(axis=1) instead. To get a de-fragmented frame, use `newframe = frame.copy()`
  dataframe[f"dc_hi_{n}"] = dataframe["high"].rolling(n).max().shift(1)
/freqtrade/user_data/strategies/TrendVolTarget.py:50: PerformanceWarning: DataFrame is highly fragmented.  This is usually the result of calling `frame.insert` many times, which has poor performance.  Consider joining all columns at once using pd.concat(axis=1) instead. To get a de-fragmented frame, use `newframe = frame.copy()`
  dataframe[f"dc_hi_{n}"] = dataframe["high"].rolling(n).max().shift(1)
/freqtrade/user_data/strategies/TrendVolTarget.py:50: PerformanceWarning: DataFrame is highly fragmented.  This is usually the result of calling `frame.insert` many times, which has poor performance.  Consider joining all columns at once using pd.concat(axis=1) instead. To get a de-fragmented frame, use `newframe = frame.copy()`
  dataframe[f"dc_hi_{n}"] = dataframe["high"].rolling(n).max().shift(1)
/freqtrade/user_data/strategies/TrendVolTarget.py:50: PerformanceWarning: DataFrame is highly fragmented.  This is usually the result of calling `frame.insert` many times, which has poor performance.  Consider joining all columns at once using pd.concat(axis=1) instead. To get a de-fragmented frame, use `newframe = frame.copy()`
  dataframe[f"dc_hi_{n}"] = dataframe["high"].rolling(n).max().shift(1)
/freqtrade/user_data/strategies/TrendVolTarget.py:50: PerformanceWarning: DataFrame is highly fragmented.  This is usually the result of calling `frame.insert` many times, which has poor performance.  Consider joining all columns at once using pd.concat(axis=1) instead. To get a de-fragmented frame, use `newframe = frame.copy()`
  dataframe[f"dc_hi_{n}"] = dataframe["high"].rolling(n).max().shift(1)
/freqtrade/user_data/strategies/TrendVolTarget.py:50: PerformanceWarning: DataFrame is highly fragmented.  This is usually the result of calling `frame.insert` many times, which has poor performance.  Consider joining all columns at once using pd.concat(axis=1) instead. To get a de-fragmented frame, use `newframe = frame.copy()`
  dataframe[f"dc_hi_{n}"] = dataframe["high"].rolling(n).max().shift(1)
/freqtrade/user_data/strategies/TrendVolTarget.py:50: PerformanceWarning: DataFrame is highly fragmented.  This is usually the result of calling `frame.insert` many times, which has poor performance.  Consider joining all columns at once using pd.concat(axis=1) instead. To get a de-fragmented frame, use `newframe = frame.copy()`
  dataframe[f"dc_hi_{n}"] = dataframe["high"].rolling(n).max().shift(1)
/freqtrade/user_data/strategies/TrendVolTarget.py:50: PerformanceWarning: DataFrame is highly fragmented.  This is usually the result of calling `frame.insert` many times, which has poor performance.  Consider joining all columns at once using pd.concat(axis=1) instead. To get a de-fragmented frame, use `newframe = frame.copy()`
  dataframe[f"dc_hi_{n}"] = dataframe["high"].rolling(n).max().shift(1)
/freqtrade/user_data/strategies/TrendVolTarget.py:50: PerformanceWarning: DataFrame is highly fragmented.  This is usually the result of calling `frame.insert` many times, which has poor performance.  Consider joining all columns at once using pd.concat(axis=1) instead. To get a de-fragmented frame, use `newframe = frame.copy()`
  dataframe[f"dc_hi_{n}"] = dataframe["high"].rolling(n).max().shift(1)
/freqtrade/user_data/strategies/TrendVolTarget.py:50: PerformanceWarning: DataFrame is highly fragmented.  This is usually the result of calling `frame.insert` many times, which has poor performance.  Consider joining all columns at once using pd.concat(axis=1) instead. To get a de-fragmented frame, use `newframe = frame.copy()`
  dataframe[f"dc_hi_{n}"] = dataframe["high"].rolling(n).max().shift(1)
/freqtrade/user_data/strategies/TrendVolTarget.py:50: PerformanceWarning: DataFrame is highly fragmented.  This is usually the result of calling `frame.insert` many times, which has poor performance.  Consider joining all columns at once using pd.concat(axis=1) instead. To get a de-fragmented frame, use `newframe = frame.copy()`
  dataframe[f"dc_hi_{n}"] = dataframe["high"].rolling(n).max().shift(1)
/freqtrade/user_data/strategies/TrendVolTarget.py:50: PerformanceWarning: DataFrame is highly fragmented.  This is usually the result of calling `frame.insert` many times, which has poor performance.  Consider joining all columns at once using pd.concat(axis=1) instead. To get a de-fragmented frame, use `newframe = frame.copy()`
  dataframe[f"dc_hi_{n}"] = dataframe["high"].rolling(n).max().shift(1)
/freqtrade/user_data/strategies/TrendVolTarget.py:50: PerformanceWarning: DataFrame is highly fragmented.  This is usually the result of calling `frame.insert` many times, which has poor performance.  Consider joining all columns at once using pd.concat(axis=1) instead. To get a de-fragmented frame, use `newframe = frame.copy()`
  dataframe[f"dc_hi_{n}"] = dataframe["high"].rolling(n).max().shift(1)
/freqtrade/user_data/strategies/TrendVolTarget.py:50: PerformanceWarning: DataFrame is highly fragmented.  This is usually the result of calling `frame.insert` many times, which has poor performance.  Consider joining all columns at once using pd.concat(axis=1) instead. To get a de-fragmented frame, use `newframe = frame.copy()`
  dataframe[f"dc_hi_{n}"] = dataframe["high"].rolling(n).max().shift(1)
/freqtrade/user_data/strategies/TrendVolTarget.py:50: PerformanceWarning: DataFrame is highly fragmented.  This is usually the result of calling `frame.insert` many times, which has poor performance.  Consider joining all columns at once using pd.concat(axis=1) instead. To get a de-fragmented frame, use `newframe = frame.copy()`
  dataframe[f"dc_hi_{n}"] = dataframe["high"].rolling(n).max().shift(1)
/freqtrade/user_data/strategies/TrendVolTarget.py:53: PerformanceWarning: DataFrame is highly fragmented.  This is usually the result of calling `frame.insert` many times, which has poor performance.  Consider joining all columns at once using pd.concat(axis=1) instead. To get a de-fragmented frame, use `newframe = frame.copy()`
  dataframe["sma_f"] = ta.SMA(dataframe, timeperiod=60)
/freqtrade/user_data/strategies/TrendVolTarget.py:54: PerformanceWarning: DataFrame is highly fragmented.  This is usually the result of calling `frame.insert` many times, which has poor performance.  Consider joining all columns at once using pd.concat(axis=1) instead. To get a de-fragmented frame, use `newframe = frame.copy()`
  dataframe["sma_s"] = ta.SMA(dataframe, timeperiod=240)
/freqtrade/user_data/strategies/TrendVolTarget.py:56: PerformanceWarning: DataFrame is highly fragmented.  This is usually the result of calling `frame.insert` many times, which has poor performance.  Consider joining all columns at once using pd.concat(axis=1) instead. To get a de-fragmented frame, use `newframe = frame.copy()`
  dataframe["rvol"] = dataframe["close"].pct_change().rolling(90).std() * np.sqrt(6 * 365)
2026-09-28 20:13:59,907 - freqtrade.optimize.hyperopt.hyperopt_optimizer - INFO - Hyperopting with data from 2023-07-02 00:00:00 up to 2024-12-30 00:00:00 (547 days)..
2026-09-28 20:14:00,207 - freqtrade.optimize.hyperopt.hyperopt - INFO - Found 12 CPU cores. Let's make them scream!
2026-09-28 20:14:00,207 - freqtrade.optimize.hyperopt.hyperopt - INFO - Number of parallel jobs set as: -1
2026-09-28 20:14:00,208 - freqtrade.optimize.hyperopt.hyperopt_optimizer - INFO - Using optuna sampler NSGAIIISampler.
[I 2026-09-28 20:14:00,208] A new study created in memory with name: no-name-5969eac9-11ed-4840-8fd5-1219f1022ef9
2026-09-28 20:14:00,210 - freqtrade.optimize.hyperopt.hyperopt - INFO - Effective number of parallel workers used: 12
                                                                                           Hyperopt results                                                                                             
                         ┏━━━━━━━━┳━━━━━━━━┳━━━━━━━━┳━━━━━━━━━━━━━━━━━━━━━━━━┳━━━━━━━━━━━━┳━━━━━━━━━━━━━━━━━━━━━━━━━┳━━━━━━━━━━━━━━━━━━┳━━━━━━━━━━━┳━━━━━━━━━━━━━━━━━━━━━━━━━┓                          
                         ┃ Best   ┃  Epoch ┃ Trades ┃  Win  Draw  Loss  Win% ┃ Avg profit ┃                  Profit ┃     Avg duration ┃ Objective ┃     Max Drawdown (Acct) ┃                          
                         ┡━━━━━━━━╇━━━━━━━━╇━━━━━━━━╇━━━━━━━━━━━━━━━━━━━━━━━━╇━━━━━━━━━━━━╇━━━━━━━━━━━━━━━━━━━━━━━━━╇━━━━━━━━━━━━━━━━━━╇━━━━━━━━━━━╇━━━━━━━━━━━━━━━━━━━━━━━━━┩                          
                         │ * Best │  1/100 │     92 │   33     0    59  35.9 │      3.33% │ 184.316 USDT    (9.22%) │ 5 days, 17:29:00 │  -0.51378 │  73.834 USDT    (3.64%) │                          
                         │ * Best │  3/100 │    130 │   49     0    81  37.7 │      3.07% │ 253.349 USDT   (12.67%) │ 6 days, 21:56:00 │  -0.58780 │ 177.195 USDT    (7.91%) │                          
                         │ * Best │ 10/100 │    102 │   37     0    65  36.3 │      3.71% │ 261.625 USDT   (13.08%) │  8 days, 6:40:00 │  -0.64762 │ 128.547 USDT    (5.85%) │                          
                         │ * Best │ 11/100 │     93 │   36     0    57  38.7 │      5.19% │ 414.003 USDT   (20.70%) │ 10 days, 1:51:00 │  -0.68229 │  93.378 USDT    (4.13%) │                          
                         │ * Best │ 21/100 │    153 │   56     0    97  36.6 │      2.19% │ 333.256 USDT   (16.66%) │  8 days, 3:27:00 │  -0.87088 │ 112.838 USDT    (5.01%) │                          
                         └────────┴────────┴────────┴────────────────────────┴────────────┴─────────────────────────┴──────────────────┴───────────┴─────────────────────────┘                          
Epochs ━━━━━━━━━━━━━━━━━━━━━━━━━━━━━━━━━━━━━━━━━━━━━━━━━━━━━━━━━━━━━━━━━━━━━━━━━━━━━━━━━━━━━━━━━━━━━━━━━━━━━━━━━━━━━━━━━━━━━━━━━━━━━━━━━━━━━━━━━━━━━━━━━━━━━━━━━━━━━━━━ 100/100 100% • 0:00:49 • 0:00:00
2026-09-28 20:14:49,514 - freqtrade.optimize.hyperopt.hyperopt - INFO - 100 epochs saved to '/freqtrade/user_data/hyperopt_results/strategy_TrendVolTarget_2026-09-28_23-13-56.fthypt'.
/freqtrade/user_data/strategies/Strategy002.py:8: FutureWarning: 'freqtrade.vendor.qtpylib.indicators' is deprecated and will be removed in a future release. Import from technical instead - either the module (`from technical import qtpylib`) or a single function (`from technical.qtpylib import crossed_above`).
  import freqtrade.vendor.qtpylib.indicators as qtpylib
2026-09-28 20:14:49,799 - freqtrade.optimize.hyperopt_tools - INFO - Dumping parameters to /freqtrade/user_data/strategies/TrendVolTarget.json

Best result:

*   21/100:    153 trades. 56/0/97 Wins/Draws/Losses. Avg profit   2.19%. Median profit  -1.74%. Total profit 333.25569920 USDT (  16.66%). Avg duration 8 days, 3:27:00 min. Objective: -0.87088


    # Buy parameters:
    buy_params = {
        "entry_len": 60,
        "vol_floor": 0.006,
    }

    # Sell parameters:
    sell_params = {
        "atr_stop": 5.7,
    }

    # ROI parameters:  # value loaded from strategy
    minimal_roi = {
        "0": 100
    }

    # Stoploss parameters:
    stoploss = -0.1  # value loaded from strategy

    # Trailing stop parameters:
    trailing_stop = False  # value loaded from strategy
    trailing_stop_positive = None  # value loaded from strategy
    trailing_stop_positive_offset = 0.0  # value loaded from strategy
    trailing_only_offset_is_reached = False  # value loaded from strategy
    

    # max_open_trades parameters:
    max_open_trades = 5  # value loaded from strategy
