2026-09-28 20:07:44,337 - freqtrade - INFO - freqtrade 2026.8
2026-09-28 20:07:44,668 - numexpr.utils - INFO - NumExpr defaulting to 12 threads.
2026-09-28 20:07:45,677 - freqtrade.configuration.load_config - INFO - Using config: user_data/config.json ...
2026-09-28 20:07:45,678 - freqtrade.loggers - INFO - Enabling colorized output.
2026-09-28 20:07:45,679 - freqtrade.loggers - INFO - Logfile configured
2026-09-28 20:07:45,679 - freqtrade.loggers - INFO - Verbosity set to 0
2026-09-28 20:07:45,679 - freqtrade.configuration.configuration - INFO - Parameter -i/--timeframe detected ... Using timeframe: 4h ...
2026-09-28 20:07:45,679 - freqtrade.configuration.configuration - INFO - Using max_open_trades: 5 ...
2026-09-28 20:07:45,679 - freqtrade.configuration.configuration - INFO - Parameter --fee detected, setting fee to: 0.001 ...
2026-09-28 20:07:45,679 - freqtrade.configuration.configuration - INFO - Parameter --timerange detected: 20210101-20220702 ...
2026-09-28 20:07:45,690 - freqtrade.configuration.configuration - INFO - Using user-data directory: /freqtrade/user_data ...
2026-09-28 20:07:45,690 - freqtrade.configuration.configuration - INFO - Using data directory: /freqtrade/user_data/data/binance ...
2026-09-28 20:07:45,690 - freqtrade.configuration.configuration - INFO - Parameter --epochs detected ... Will run Hyperopt with for 100 epochs ...
2026-09-28 20:07:45,690 - freqtrade.configuration.configuration - INFO - Parameter -s/--spaces detected: ['buy', 'sell']
2026-09-28 20:07:45,690 - freqtrade.configuration.configuration - INFO - Parameter -j/--job-workers detected: -1
2026-09-28 20:07:45,691 - freqtrade.configuration.configuration - INFO - Parameter --random-state detected: 2001
2026-09-28 20:07:45,691 - freqtrade.configuration.configuration - INFO - Parameter --min-trades detected: 1
2026-09-28 20:07:45,691 - freqtrade.configuration.configuration - INFO - Using Hyperopt loss class name: SharpeHyperOptLoss
2026-09-28 20:07:45,691 - freqtrade.configuration.configuration - INFO - Filter trades by timerange: 20210101-20220702
2026-09-28 20:07:45,692 - freqtrade.exchange.check_exchange - INFO - Checking exchange...
2026-09-28 20:07:45,697 - freqtrade.exchange.check_exchange - INFO - Exchange "binance" is officially supported by the Freqtrade development team.
2026-09-28 20:07:45,697 - freqtrade.configuration.configuration - INFO - Using pairlist from configuration.
2026-09-28 20:07:45,697 - freqtrade.configuration.config_validation - INFO - Validating configuration ...
2026-09-28 20:07:45,698 - freqtrade.commands.optimize_commands - INFO - Starting freqtrade in Hyperopt mode
2026-09-28 20:07:45,699 - freqtrade.exchange.exchange - INFO - Instance is running with dry_run enabled
2026-09-28 20:07:45,699 - freqtrade.exchange.exchange - INFO - Using CCXT 4.5.76
2026-09-28 20:07:45,699 - freqtrade.exchange.exchange - INFO - Applying additional ccxt config: {'enableRateLimit': True}
2026-09-28 20:07:45,704 - freqtrade.exchange.exchange - INFO - Applying additional ccxt config: {'enableRateLimit': True}
2026-09-28 20:07:45,708 - freqtrade.exchange.exchange - INFO - Using Exchange "Binance"
2026-09-28 20:07:47,407 - freqtrade.resolvers.exchange_resolver - INFO - Using resolved exchange class 'Binance' ...
2026-09-28 20:07:47,414 - freqtrade.resolvers.iresolver - INFO - Using resolved strategy TrendVolTarget from '/freqtrade/user_data/strategies/TrendVolTarget.py'...
2026-09-28 20:07:47,414 - freqtrade.strategy.hyper - INFO - Found no parameter file.
2026-09-28 20:07:47,414 - freqtrade.resolvers.strategy_resolver - INFO - Override strategy 'timeframe' with value from the configuration: 4h.
2026-09-28 20:07:47,415 - freqtrade.resolvers.strategy_resolver - INFO - Override strategy 'stoploss' with value from the configuration: -0.1.
2026-09-28 20:07:47,415 - freqtrade.resolvers.strategy_resolver - INFO - Override strategy 'stake_currency' with value from the configuration: USDT.
2026-09-28 20:07:47,415 - freqtrade.resolvers.strategy_resolver - INFO - Override strategy 'stake_amount' with value from the configuration: 100.
2026-09-28 20:07:47,415 - freqtrade.resolvers.strategy_resolver - INFO - Override strategy 'unfilledtimeout' with value from the configuration: {'entry': 10, 'exit': 30, 'exit_timeout_count': 0, 
'unit': 'minutes'}.
2026-09-28 20:07:47,415 - freqtrade.resolvers.strategy_resolver - INFO - Override strategy 'use_exit_signal' with value from the configuration: True.
2026-09-28 20:07:47,416 - freqtrade.resolvers.strategy_resolver - INFO - Override strategy 'exit_profit_only' with value from the configuration: False.
2026-09-28 20:07:47,416 - freqtrade.resolvers.strategy_resolver - INFO - Override strategy 'ignore_roi_if_entry_signal' with value from the configuration: False.
2026-09-28 20:07:47,416 - freqtrade.resolvers.strategy_resolver - INFO - Override strategy 'max_open_trades' with value from the configuration: 5.
2026-09-28 20:07:47,416 - freqtrade.resolvers.strategy_resolver - INFO - Strategy using minimal_roi: {'0': 100}
2026-09-28 20:07:47,416 - freqtrade.resolvers.strategy_resolver - INFO - Strategy using timeframe: 4h
2026-09-28 20:07:47,416 - freqtrade.resolvers.strategy_resolver - INFO - Strategy using stoploss: -0.1
2026-09-28 20:07:47,417 - freqtrade.resolvers.strategy_resolver - INFO - Strategy using trailing_stop: False
2026-09-28 20:07:47,417 - freqtrade.resolvers.strategy_resolver - INFO - Strategy using trailing_stop_positive_offset: 0.0
2026-09-28 20:07:47,417 - freqtrade.resolvers.strategy_resolver - INFO - Strategy using trailing_only_offset_is_reached: False
2026-09-28 20:07:47,417 - freqtrade.resolvers.strategy_resolver - INFO - Strategy using use_custom_stoploss: True
2026-09-28 20:07:47,417 - freqtrade.resolvers.strategy_resolver - INFO - Strategy using process_only_new_candles: True
2026-09-28 20:07:47,418 - freqtrade.resolvers.strategy_resolver - INFO - Strategy using order_types: {'entry': 'limit', 'exit': 'limit', 'stoploss': 'limit', 'stoploss_on_exchange': False, 
'stoploss_on_exchange_interval': 60}
2026-09-28 20:07:47,418 - freqtrade.resolvers.strategy_resolver - INFO - Strategy using order_time_in_force: {'entry': 'GTC', 'exit': 'GTC'}
2026-09-28 20:07:47,418 - freqtrade.resolvers.strategy_resolver - INFO - Strategy using stake_currency: USDT
2026-09-28 20:07:47,418 - freqtrade.resolvers.strategy_resolver - INFO - Strategy using stake_amount: 100
2026-09-28 20:07:47,418 - freqtrade.resolvers.strategy_resolver - INFO - Strategy using startup_candle_count: 300
2026-09-28 20:07:47,418 - freqtrade.resolvers.strategy_resolver - INFO - Strategy using unfilledtimeout: {'entry': 10, 'exit': 30, 'exit_timeout_count': 0, 'unit': 'minutes'}
2026-09-28 20:07:47,419 - freqtrade.resolvers.strategy_resolver - INFO - Strategy using use_exit_signal: True
2026-09-28 20:07:47,419 - freqtrade.resolvers.strategy_resolver - INFO - Strategy using exit_profit_only: False
2026-09-28 20:07:47,419 - freqtrade.resolvers.strategy_resolver - INFO - Strategy using ignore_roi_if_entry_signal: False
2026-09-28 20:07:47,419 - freqtrade.resolvers.strategy_resolver - INFO - Strategy using exit_profit_offset: 0.0
2026-09-28 20:07:47,419 - freqtrade.resolvers.strategy_resolver - INFO - Strategy using disable_dataframe_checks: False
2026-09-28 20:07:47,419 - freqtrade.resolvers.strategy_resolver - INFO - Strategy using ignore_buying_expired_candle_after: 0
2026-09-28 20:07:47,419 - freqtrade.resolvers.strategy_resolver - INFO - Strategy using position_adjustment_enable: False
2026-09-28 20:07:47,419 - freqtrade.resolvers.strategy_resolver - INFO - Strategy using max_entry_position_adjustment: -1
2026-09-28 20:07:47,420 - freqtrade.resolvers.strategy_resolver - INFO - Strategy using max_open_trades: 5
2026-09-28 20:07:47,420 - freqtrade.configuration.config_validation - INFO - Validating configuration ...
2026-09-28 20:07:47,422 - freqtrade.resolvers.iresolver - INFO - Using resolved pairlist StaticPairList from '/freqtrade/freqtrade/plugins/pairlist/StaticPairList.py'...
2026-09-28 20:07:47,432 - freqtrade.optimize.backtesting - INFO - Using fee 0.1000% from config.
2026-09-28 20:07:47,432 - freqtrade.strategy.hyper - INFO - No params for sell found, using default values.
2026-09-28 20:07:47,432 - freqtrade.strategy.hyper - INFO - Strategy Parameter(default): atr_stop = 3.5
2026-09-28 20:07:47,433 - freqtrade.strategy.hyper - INFO - No params for buy found, using default values.
2026-09-28 20:07:47,433 - freqtrade.strategy.hyper - INFO - Strategy Parameter(default): entry_len = 120
2026-09-28 20:07:47,433 - freqtrade.strategy.hyper - INFO - Strategy Parameter(default): vol_floor = 0.012
2026-09-28 20:07:47,434 - freqtrade.resolvers.iresolver - INFO - Using resolved hyperoptloss SharpeHyperOptLoss from '/freqtrade/freqtrade/optimize/hyperopt_loss/hyperopt_loss_sharpe.py'...
2026-09-28 20:07:47,743 - freqtrade.optimize.hyperopt.hyperopt_optimizer - INFO - manager queue <class 'multiprocessing.managers.AutoProxy[Queue]'>
2026-09-28 20:07:47,743 - freqtrade.optimize.hyperopt.hyperopt - INFO - Using optimizer random state: 2001
2026-09-28 20:07:47,889 - freqtrade.optimize.backtesting - INFO - Loading data from 2020-11-12 00:00:00 up to 2022-07-02 00:00:00 (597 days).
2026-09-28 20:07:48,207 - freqtrade.optimize.hyperopt.hyperopt_optimizer - INFO - Dataload complete. Calculating indicators
/freqtrade/user_data/strategies/TrendVolTarget.py:50: PerformanceWarning: DataFrame is highly fragmented.  This is usually the result of calling `frame.insert` many times, which has poor performance.  Consider joining all columns at once using pd.concat(axis=1) instead. To get a de-fragmented frame, use `newframe = frame.copy()`
  dataframe[f"dc_hi_{n}"] = dataframe["high"].rolling(n).max().shift(1)
/freqtrade/user_data/strategies/TrendVolTarget.py:50: PerformanceWarning: DataFrame is highly fragmented.  This is usually the result of calling `frame.insert` many times, which has poor performance.  Consider joining all columns at once using pd.concat(axis=1) instead. To get a de-fragmented frame, use `newframe = frame.copy()`
  dataframe[f"dc_hi_{n}"] = dataframe["high"].rolling(n).max().shift(1)
/freqtrade/user_data/strategies/TrendVolTarget.py:50: PerformanceWarning: DataFrame is highly fragmented.  This is usually the result of calling `frame.insert` many times, which has poor performance.  Consider joining all columns at once using pd.concat(axis=1) instead. To get a de-fragmented frame, use `newframe = frame.copy()`
  dataframe[f"dc_hi_{n}"] = dataframe["high"].rolling(n).max().shift(1)
/freqtrade/user_data/strategies/TrendVolTarget.py:50: PerformanceWarning: DataFrame is highly fragmented.  This is usually the result of calling `frame.insert` many times, which has poor performance.  Consider joining all columns at once using pd.concat(axis=1) instead. To get a de-fragmented frame, use `newframe = frame.copy()`
  dataframe[f"dc_hi_{n}"] = dataframe["high"].rolling(n).max().shift(1)
/freqtrade/user_data/strategies/TrendVolTarget.py:50: PerformanceWarning: DataFrame is highly fragmented.  This is usually the result of calling `frame.insert` many times, which has poor performance.  Consider joining all columns at once using pd.concat(axis=1) instead. To get a de-fragmented frame, use `newframe = frame.copy()`
  dataframe[f"dc_hi_{n}"] = dataframe["high"].rolling(n).max().shift(1)
/freqtrade/user_data/strategies/TrendVolTarget.py:50: PerformanceWarning: DataFrame is highly fragmented.  This is usually the result of calling `frame.insert` many times, which has poor performance.  Consider joining all columns at once using pd.concat(axis=1) instead. To get a de-fragmented frame, use `newframe = frame.copy()`
  dataframe[f"dc_hi_{n}"] = dataframe["high"].rolling(n).max().shift(1)
/freqtrade/user_data/strategies/TrendVolTarget.py:50: PerformanceWarning: DataFrame is highly fragmented.  This is usually the result of calling `frame.insert` many times, which has poor performance.  Consider joining all columns at once using pd.concat(axis=1) instead. To get a de-fragmented frame, use `newframe = frame.copy()`
  dataframe[f"dc_hi_{n}"] = dataframe["high"].rolling(n).max().shift(1)
/freqtrade/user_data/strategies/TrendVolTarget.py:50: PerformanceWarning: DataFrame is highly fragmented.  This is usually the result of calling `frame.insert` many times, which has poor performance.  Consider joining all columns at once using pd.concat(axis=1) instead. To get a de-fragmented frame, use `newframe = frame.copy()`
  dataframe[f"dc_hi_{n}"] = dataframe["high"].rolling(n).max().shift(1)
/freqtrade/user_data/strategies/TrendVolTarget.py:50: PerformanceWarning: DataFrame is highly fragmented.  This is usually the result of calling `frame.insert` many times, which has poor performance.  Consider joining all columns at once using pd.concat(axis=1) instead. To get a de-fragmented frame, use `newframe = frame.copy()`
  dataframe[f"dc_hi_{n}"] = dataframe["high"].rolling(n).max().shift(1)
/freqtrade/user_data/strategies/TrendVolTarget.py:50: PerformanceWarning: DataFrame is highly fragmented.  This is usually the result of calling `frame.insert` many times, which has poor performance.  Consider joining all columns at once using pd.concat(axis=1) instead. To get a de-fragmented frame, use `newframe = frame.copy()`
  dataframe[f"dc_hi_{n}"] = dataframe["high"].rolling(n).max().shift(1)
/freqtrade/user_data/strategies/TrendVolTarget.py:50: PerformanceWarning: DataFrame is highly fragmented.  This is usually the result of calling `frame.insert` many times, which has poor performance.  Consider joining all columns at once using pd.concat(axis=1) instead. To get a de-fragmented frame, use `newframe = frame.copy()`
  dataframe[f"dc_hi_{n}"] = dataframe["high"].rolling(n).max().shift(1)
/freqtrade/user_data/strategies/TrendVolTarget.py:50: PerformanceWarning: DataFrame is highly fragmented.  This is usually the result of calling `frame.insert` many times, which has poor performance.  Consider joining all columns at once using pd.concat(axis=1) instead. To get a de-fragmented frame, use `newframe = frame.copy()`
  dataframe[f"dc_hi_{n}"] = dataframe["high"].rolling(n).max().shift(1)
/freqtrade/user_data/strategies/TrendVolTarget.py:50: PerformanceWarning: DataFrame is highly fragmented.  This is usually the result of calling `frame.insert` many times, which has poor performance.  Consider joining all columns at once using pd.concat(axis=1) instead. To get a de-fragmented frame, use `newframe = frame.copy()`
  dataframe[f"dc_hi_{n}"] = dataframe["high"].rolling(n).max().shift(1)
/freqtrade/user_data/strategies/TrendVolTarget.py:50: PerformanceWarning: DataFrame is highly fragmented.  This is usually the result of calling `frame.insert` many times, which has poor performance.  Consider joining all columns at once using pd.concat(axis=1) instead. To get a de-fragmented frame, use `newframe = frame.copy()`
  dataframe[f"dc_hi_{n}"] = dataframe["high"].rolling(n).max().shift(1)
/freqtrade/user_data/strategies/TrendVolTarget.py:50: PerformanceWarning: DataFrame is highly fragmented.  This is usually the result of calling `frame.insert` many times, which has poor performance.  Consider joining all columns at once using pd.concat(axis=1) instead. To get a de-fragmented frame, use `newframe = frame.copy()`
  dataframe[f"dc_hi_{n}"] = dataframe["high"].rolling(n).max().shift(1)
/freqtrade/user_data/strategies/TrendVolTarget.py:50: PerformanceWarning: DataFrame is highly fragmented.  This is usually the result of calling `frame.insert` many times, which has poor performance.  Consider joining all columns at once using pd.concat(axis=1) instead. To get a de-fragmented frame, use `newframe = frame.copy()`
  dataframe[f"dc_hi_{n}"] = dataframe["high"].rolling(n).max().shift(1)
/freqtrade/user_data/strategies/TrendVolTarget.py:50: PerformanceWarning: DataFrame is highly fragmented.  This is usually the result of calling `frame.insert` many times, which has poor performance.  Consider joining all columns at once using pd.concat(axis=1) instead. To get a de-fragmented frame, use `newframe = frame.copy()`
  dataframe[f"dc_hi_{n}"] = dataframe["high"].rolling(n).max().shift(1)
/freqtrade/user_data/strategies/TrendVolTarget.py:50: PerformanceWarning: DataFrame is highly fragmented.  This is usually the result of calling `frame.insert` many times, which has poor performance.  Consider joining all columns at once using pd.concat(axis=1) instead. To get a de-fragmented frame, use `newframe = frame.copy()`
  dataframe[f"dc_hi_{n}"] = dataframe["high"].rolling(n).max().shift(1)
/freqtrade/user_data/strategies/TrendVolTarget.py:50: PerformanceWarning: DataFrame is highly fragmented.  This is usually the result of calling `frame.insert` many times, which has poor performance.  Consider joining all columns at once using pd.concat(axis=1) instead. To get a de-fragmented frame, use `newframe = frame.copy()`
  dataframe[f"dc_hi_{n}"] = dataframe["high"].rolling(n).max().shift(1)
/freqtrade/user_data/strategies/TrendVolTarget.py:50: PerformanceWarning: DataFrame is highly fragmented.  This is usually the result of calling `frame.insert` many times, which has poor performance.  Consider joining all columns at once using pd.concat(axis=1) instead. To get a de-fragmented frame, use `newframe = frame.copy()`
  dataframe[f"dc_hi_{n}"] = dataframe["high"].rolling(n).max().shift(1)
/freqtrade/user_data/strategies/TrendVolTarget.py:50: PerformanceWarning: DataFrame is highly fragmented.  This is usually the result of calling `frame.insert` many times, which has poor performance.  Consider joining all columns at once using pd.concat(axis=1) instead. To get a de-fragmented frame, use `newframe = frame.copy()`
  dataframe[f"dc_hi_{n}"] = dataframe["high"].rolling(n).max().shift(1)
/freqtrade/user_data/strategies/TrendVolTarget.py:50: PerformanceWarning: DataFrame is highly fragmented.  This is usually the result of calling `frame.insert` many times, which has poor performance.  Consider joining all columns at once using pd.concat(axis=1) instead. To get a de-fragmented frame, use `newframe = frame.copy()`
  dataframe[f"dc_hi_{n}"] = dataframe["high"].rolling(n).max().shift(1)
/freqtrade/user_data/strategies/TrendVolTarget.py:50: PerformanceWarning: DataFrame is highly fragmented.  This is usually the result of calling `frame.insert` many times, which has poor performance.  Consider joining all columns at once using pd.concat(axis=1) instead. To get a de-fragmented frame, use `newframe = frame.copy()`
  dataframe[f"dc_hi_{n}"] = dataframe["high"].rolling(n).max().shift(1)
/freqtrade/user_data/strategies/TrendVolTarget.py:50: PerformanceWarning: DataFrame is highly fragmented.  This is usually the result of calling `frame.insert` many times, which has poor performance.  Consider joining all columns at once using pd.concat(axis=1) instead. To get a de-fragmented frame, use `newframe = frame.copy()`
  dataframe[f"dc_hi_{n}"] = dataframe["high"].rolling(n).max().shift(1)
/freqtrade/user_data/strategies/TrendVolTarget.py:50: PerformanceWarning: DataFrame is highly fragmented.  This is usually the result of calling `frame.insert` many times, which has poor performance.  Consider joining all columns at once using pd.concat(axis=1) instead. To get a de-fragmented frame, use `newframe = frame.copy()`
  dataframe[f"dc_hi_{n}"] = dataframe["high"].rolling(n).max().shift(1)
/freqtrade/user_data/strategies/TrendVolTarget.py:50: PerformanceWarning: DataFrame is highly fragmented.  This is usually the result of calling `frame.insert` many times, which has poor performance.  Consider joining all columns at once using pd.concat(axis=1) instead. To get a de-fragmented frame, use `newframe = frame.copy()`
  dataframe[f"dc_hi_{n}"] = dataframe["high"].rolling(n).max().shift(1)
/freqtrade/user_data/strategies/TrendVolTarget.py:50: PerformanceWarning: DataFrame is highly fragmented.  This is usually the result of calling `frame.insert` many times, which has poor performance.  Consider joining all columns at once using pd.concat(axis=1) instead. To get a de-fragmented frame, use `newframe = frame.copy()`
  dataframe[f"dc_hi_{n}"] = dataframe["high"].rolling(n).max().shift(1)
/freqtrade/user_data/strategies/TrendVolTarget.py:50: PerformanceWarning: DataFrame is highly fragmented.  This is usually the result of calling `frame.insert` many times, which has poor performance.  Consider joining all columns at once using pd.concat(axis=1) instead. To get a de-fragmented frame, use `newframe = frame.copy()`
  dataframe[f"dc_hi_{n}"] = dataframe["high"].rolling(n).max().shift(1)
/freqtrade/user_data/strategies/TrendVolTarget.py:50: PerformanceWarning: DataFrame is highly fragmented.  This is usually the result of calling `frame.insert` many times, which has poor performance.  Consider joining all columns at once using pd.concat(axis=1) instead. To get a de-fragmented frame, use `newframe = frame.copy()`
  dataframe[f"dc_hi_{n}"] = dataframe["high"].rolling(n).max().shift(1)
/freqtrade/user_data/strategies/TrendVolTarget.py:50: PerformanceWarning: DataFrame is highly fragmented.  This is usually the result of calling `frame.insert` many times, which has poor performance.  Consider joining all columns at once using pd.concat(axis=1) instead. To get a de-fragmented frame, use `newframe = frame.copy()`
  dataframe[f"dc_hi_{n}"] = dataframe["high"].rolling(n).max().shift(1)
/freqtrade/user_data/strategies/TrendVolTarget.py:50: PerformanceWarning: DataFrame is highly fragmented.  This is usually the result of calling `frame.insert` many times, which has poor performance.  Consider joining all columns at once using pd.concat(axis=1) instead. To get a de-fragmented frame, use `newframe = frame.copy()`
  dataframe[f"dc_hi_{n}"] = dataframe["high"].rolling(n).max().shift(1)
/freqtrade/user_data/strategies/TrendVolTarget.py:50: PerformanceWarning: DataFrame is highly fragmented.  This is usually the result of calling `frame.insert` many times, which has poor performance.  Consider joining all columns at once using pd.concat(axis=1) instead. To get a de-fragmented frame, use `newframe = frame.copy()`
  dataframe[f"dc_hi_{n}"] = dataframe["high"].rolling(n).max().shift(1)
/freqtrade/user_data/strategies/TrendVolTarget.py:50: PerformanceWarning: DataFrame is highly fragmented.  This is usually the result of calling `frame.insert` many times, which has poor performance.  Consider joining all columns at once using pd.concat(axis=1) instead. To get a de-fragmented frame, use `newframe = frame.copy()`
  dataframe[f"dc_hi_{n}"] = dataframe["high"].rolling(n).max().shift(1)
/freqtrade/user_data/strategies/TrendVolTarget.py:50: PerformanceWarning: DataFrame is highly fragmented.  This is usually the result of calling `frame.insert` many times, which has poor performance.  Consider joining all columns at once using pd.concat(axis=1) instead. To get a de-fragmented frame, use `newframe = frame.copy()`
  dataframe[f"dc_hi_{n}"] = dataframe["high"].rolling(n).max().shift(1)
/freqtrade/user_data/strategies/TrendVolTarget.py:50: PerformanceWarning: DataFrame is highly fragmented.  This is usually the result of calling `frame.insert` many times, which has poor performance.  Consider joining all columns at once using pd.concat(axis=1) instead. To get a de-fragmented frame, use `newframe = frame.copy()`
  dataframe[f"dc_hi_{n}"] = dataframe["high"].rolling(n).max().shift(1)
/freqtrade/user_data/strategies/TrendVolTarget.py:50: PerformanceWarning: DataFrame is highly fragmented.  This is usually the result of calling `frame.insert` many times, which has poor performance.  Consider joining all columns at once using pd.concat(axis=1) instead. To get a de-fragmented frame, use `newframe = frame.copy()`
  dataframe[f"dc_hi_{n}"] = dataframe["high"].rolling(n).max().shift(1)
/freqtrade/user_data/strategies/TrendVolTarget.py:50: PerformanceWarning: DataFrame is highly fragmented.  This is usually the result of calling `frame.insert` many times, which has poor performance.  Consider joining all columns at once using pd.concat(axis=1) instead. To get a de-fragmented frame, use `newframe = frame.copy()`
  dataframe[f"dc_hi_{n}"] = dataframe["high"].rolling(n).max().shift(1)
/freqtrade/user_data/strategies/TrendVolTarget.py:50: PerformanceWarning: DataFrame is highly fragmented.  This is usually the result of calling `frame.insert` many times, which has poor performance.  Consider joining all columns at once using pd.concat(axis=1) instead. To get a de-fragmented frame, use `newframe = frame.copy()`
  dataframe[f"dc_hi_{n}"] = dataframe["high"].rolling(n).max().shift(1)
/freqtrade/user_data/strategies/TrendVolTarget.py:50: PerformanceWarning: DataFrame is highly fragmented.  This is usually the result of calling `frame.insert` many times, which has poor performance.  Consider joining all columns at once using pd.concat(axis=1) instead. To get a de-fragmented frame, use `newframe = frame.copy()`
  dataframe[f"dc_hi_{n}"] = dataframe["high"].rolling(n).max().shift(1)
/freqtrade/user_data/strategies/TrendVolTarget.py:50: PerformanceWarning: DataFrame is highly fragmented.  This is usually the result of calling `frame.insert` many times, which has poor performance.  Consider joining all columns at once using pd.concat(axis=1) instead. To get a de-fragmented frame, use `newframe = frame.copy()`
  dataframe[f"dc_hi_{n}"] = dataframe["high"].rolling(n).max().shift(1)
/freqtrade/user_data/strategies/TrendVolTarget.py:50: PerformanceWarning: DataFrame is highly fragmented.  This is usually the result of calling `frame.insert` many times, which has poor performance.  Consider joining all columns at once using pd.concat(axis=1) instead. To get a de-fragmented frame, use `newframe = frame.copy()`
  dataframe[f"dc_hi_{n}"] = dataframe["high"].rolling(n).max().shift(1)
/freqtrade/user_data/strategies/TrendVolTarget.py:50: PerformanceWarning: DataFrame is highly fragmented.  This is usually the result of calling `frame.insert` many times, which has poor performance.  Consider joining all columns at once using pd.concat(axis=1) instead. To get a de-fragmented frame, use `newframe = frame.copy()`
  dataframe[f"dc_hi_{n}"] = dataframe["high"].rolling(n).max().shift(1)
/freqtrade/user_data/strategies/TrendVolTarget.py:50: PerformanceWarning: DataFrame is highly fragmented.  This is usually the result of calling `frame.insert` many times, which has poor performance.  Consider joining all columns at once using pd.concat(axis=1) instead. To get a de-fragmented frame, use `newframe = frame.copy()`
  dataframe[f"dc_hi_{n}"] = dataframe["high"].rolling(n).max().shift(1)
/freqtrade/user_data/strategies/TrendVolTarget.py:50: PerformanceWarning: DataFrame is highly fragmented.  This is usually the result of calling `frame.insert` many times, which has poor performance.  Consider joining all columns at once using pd.concat(axis=1) instead. To get a de-fragmented frame, use `newframe = frame.copy()`
  dataframe[f"dc_hi_{n}"] = dataframe["high"].rolling(n).max().shift(1)
/freqtrade/user_data/strategies/TrendVolTarget.py:50: PerformanceWarning: DataFrame is highly fragmented.  This is usually the result of calling `frame.insert` many times, which has poor performance.  Consider joining all columns at once using pd.concat(axis=1) instead. To get a de-fragmented frame, use `newframe = frame.copy()`
  dataframe[f"dc_hi_{n}"] = dataframe["high"].rolling(n).max().shift(1)
/freqtrade/user_data/strategies/TrendVolTarget.py:50: PerformanceWarning: DataFrame is highly fragmented.  This is usually the result of calling `frame.insert` many times, which has poor performance.  Consider joining all columns at once using pd.concat(axis=1) instead. To get a de-fragmented frame, use `newframe = frame.copy()`
  dataframe[f"dc_hi_{n}"] = dataframe["high"].rolling(n).max().shift(1)
/freqtrade/user_data/strategies/TrendVolTarget.py:50: PerformanceWarning: DataFrame is highly fragmented.  This is usually the result of calling `frame.insert` many times, which has poor performance.  Consider joining all columns at once using pd.concat(axis=1) instead. To get a de-fragmented frame, use `newframe = frame.copy()`
  dataframe[f"dc_hi_{n}"] = dataframe["high"].rolling(n).max().shift(1)
/freqtrade/user_data/strategies/TrendVolTarget.py:50: PerformanceWarning: DataFrame is highly fragmented.  This is usually the result of calling `frame.insert` many times, which has poor performance.  Consider joining all columns at once using pd.concat(axis=1) instead. To get a de-fragmented frame, use `newframe = frame.copy()`
  dataframe[f"dc_hi_{n}"] = dataframe["high"].rolling(n).max().shift(1)
/freqtrade/user_data/strategies/TrendVolTarget.py:50: PerformanceWarning: DataFrame is highly fragmented.  This is usually the result of calling `frame.insert` many times, which has poor performance.  Consider joining all columns at once using pd.concat(axis=1) instead. To get a de-fragmented frame, use `newframe = frame.copy()`
  dataframe[f"dc_hi_{n}"] = dataframe["high"].rolling(n).max().shift(1)
/freqtrade/user_data/strategies/TrendVolTarget.py:50: PerformanceWarning: DataFrame is highly fragmented.  This is usually the result of calling `frame.insert` many times, which has poor performance.  Consider joining all columns at once using pd.concat(axis=1) instead. To get a de-fragmented frame, use `newframe = frame.copy()`
  dataframe[f"dc_hi_{n}"] = dataframe["high"].rolling(n).max().shift(1)
/freqtrade/user_data/strategies/TrendVolTarget.py:50: PerformanceWarning: DataFrame is highly fragmented.  This is usually the result of calling `frame.insert` many times, which has poor performance.  Consider joining all columns at once using pd.concat(axis=1) instead. To get a de-fragmented frame, use `newframe = frame.copy()`
  dataframe[f"dc_hi_{n}"] = dataframe["high"].rolling(n).max().shift(1)
/freqtrade/user_data/strategies/TrendVolTarget.py:50: PerformanceWarning: DataFrame is highly fragmented.  This is usually the result of calling `frame.insert` many times, which has poor performance.  Consider joining all columns at once using pd.concat(axis=1) instead. To get a de-fragmented frame, use `newframe = frame.copy()`
  dataframe[f"dc_hi_{n}"] = dataframe["high"].rolling(n).max().shift(1)
/freqtrade/user_data/strategies/TrendVolTarget.py:50: PerformanceWarning: DataFrame is highly fragmented.  This is usually the result of calling `frame.insert` many times, which has poor performance.  Consider joining all columns at once using pd.concat(axis=1) instead. To get a de-fragmented frame, use `newframe = frame.copy()`
  dataframe[f"dc_hi_{n}"] = dataframe["high"].rolling(n).max().shift(1)
/freqtrade/user_data/strategies/TrendVolTarget.py:50: PerformanceWarning: DataFrame is highly fragmented.  This is usually the result of calling `frame.insert` many times, which has poor performance.  Consider joining all columns at once using pd.concat(axis=1) instead. To get a de-fragmented frame, use `newframe = frame.copy()`
  dataframe[f"dc_hi_{n}"] = dataframe["high"].rolling(n).max().shift(1)
/freqtrade/user_data/strategies/TrendVolTarget.py:50: PerformanceWarning: DataFrame is highly fragmented.  This is usually the result of calling `frame.insert` many times, which has poor performance.  Consider joining all columns at once using pd.concat(axis=1) instead. To get a de-fragmented frame, use `newframe = frame.copy()`
  dataframe[f"dc_hi_{n}"] = dataframe["high"].rolling(n).max().shift(1)
/freqtrade/user_data/strategies/TrendVolTarget.py:50: PerformanceWarning: DataFrame is highly fragmented.  This is usually the result of calling `frame.insert` many times, which has poor performance.  Consider joining all columns at once using pd.concat(axis=1) instead. To get a de-fragmented frame, use `newframe = frame.copy()`
  dataframe[f"dc_hi_{n}"] = dataframe["high"].rolling(n).max().shift(1)
/freqtrade/user_data/strategies/TrendVolTarget.py:50: PerformanceWarning: DataFrame is highly fragmented.  This is usually the result of calling `frame.insert` many times, which has poor performance.  Consider joining all columns at once using pd.concat(axis=1) instead. To get a de-fragmented frame, use `newframe = frame.copy()`
  dataframe[f"dc_hi_{n}"] = dataframe["high"].rolling(n).max().shift(1)
/freqtrade/user_data/strategies/TrendVolTarget.py:50: PerformanceWarning: DataFrame is highly fragmented.  This is usually the result of calling `frame.insert` many times, which has poor performance.  Consider joining all columns at once using pd.concat(axis=1) instead. To get a de-fragmented frame, use `newframe = frame.copy()`
  dataframe[f"dc_hi_{n}"] = dataframe["high"].rolling(n).max().shift(1)
/freqtrade/user_data/strategies/TrendVolTarget.py:50: PerformanceWarning: DataFrame is highly fragmented.  This is usually the result of calling `frame.insert` many times, which has poor performance.  Consider joining all columns at once using pd.concat(axis=1) instead. To get a de-fragmented frame, use `newframe = frame.copy()`
  dataframe[f"dc_hi_{n}"] = dataframe["high"].rolling(n).max().shift(1)
/freqtrade/user_data/strategies/TrendVolTarget.py:50: PerformanceWarning: DataFrame is highly fragmented.  This is usually the result of calling `frame.insert` many times, which has poor performance.  Consider joining all columns at once using pd.concat(axis=1) instead. To get a de-fragmented frame, use `newframe = frame.copy()`
  dataframe[f"dc_hi_{n}"] = dataframe["high"].rolling(n).max().shift(1)
/freqtrade/user_data/strategies/TrendVolTarget.py:50: PerformanceWarning: DataFrame is highly fragmented.  This is usually the result of calling `frame.insert` many times, which has poor performance.  Consider joining all columns at once using pd.concat(axis=1) instead. To get a de-fragmented frame, use `newframe = frame.copy()`
  dataframe[f"dc_hi_{n}"] = dataframe["high"].rolling(n).max().shift(1)
/freqtrade/user_data/strategies/TrendVolTarget.py:50: PerformanceWarning: DataFrame is highly fragmented.  This is usually the result of calling `frame.insert` many times, which has poor performance.  Consider joining all columns at once using pd.concat(axis=1) instead. To get a de-fragmented frame, use `newframe = frame.copy()`
  dataframe[f"dc_hi_{n}"] = dataframe["high"].rolling(n).max().shift(1)
/freqtrade/user_data/strategies/TrendVolTarget.py:50: PerformanceWarning: DataFrame is highly fragmented.  This is usually the result of calling `frame.insert` many times, which has poor performance.  Consider joining all columns at once using pd.concat(axis=1) instead. To get a de-fragmented frame, use `newframe = frame.copy()`
  dataframe[f"dc_hi_{n}"] = dataframe["high"].rolling(n).max().shift(1)
/freqtrade/user_data/strategies/TrendVolTarget.py:50: PerformanceWarning: DataFrame is highly fragmented.  This is usually the result of calling `frame.insert` many times, which has poor performance.  Consider joining all columns at once using pd.concat(axis=1) instead. To get a de-fragmented frame, use `newframe = frame.copy()`
  dataframe[f"dc_hi_{n}"] = dataframe["high"].rolling(n).max().shift(1)
/freqtrade/user_data/strategies/TrendVolTarget.py:50: PerformanceWarning: DataFrame is highly fragmented.  This is usually the result of calling `frame.insert` many times, which has poor performance.  Consider joining all columns at once using pd.concat(axis=1) instead. To get a de-fragmented frame, use `newframe = frame.copy()`
  dataframe[f"dc_hi_{n}"] = dataframe["high"].rolling(n).max().shift(1)
/freqtrade/user_data/strategies/TrendVolTarget.py:50: PerformanceWarning: DataFrame is highly fragmented.  This is usually the result of calling `frame.insert` many times, which has poor performance.  Consider joining all columns at once using pd.concat(axis=1) instead. To get a de-fragmented frame, use `newframe = frame.copy()`
  dataframe[f"dc_hi_{n}"] = dataframe["high"].rolling(n).max().shift(1)
/freqtrade/user_data/strategies/TrendVolTarget.py:50: PerformanceWarning: DataFrame is highly fragmented.  This is usually the result of calling `frame.insert` many times, which has poor performance.  Consider joining all columns at once using pd.concat(axis=1) instead. To get a de-fragmented frame, use `newframe = frame.copy()`
  dataframe[f"dc_hi_{n}"] = dataframe["high"].rolling(n).max().shift(1)
/freqtrade/user_data/strategies/TrendVolTarget.py:50: PerformanceWarning: DataFrame is highly fragmented.  This is usually the result of calling `frame.insert` many times, which has poor performance.  Consider joining all columns at once using pd.concat(axis=1) instead. To get a de-fragmented frame, use `newframe = frame.copy()`
  dataframe[f"dc_hi_{n}"] = dataframe["high"].rolling(n).max().shift(1)
/freqtrade/user_data/strategies/TrendVolTarget.py:50: PerformanceWarning: DataFrame is highly fragmented.  This is usually the result of calling `frame.insert` many times, which has poor performance.  Consider joining all columns at once using pd.concat(axis=1) instead. To get a de-fragmented frame, use `newframe = frame.copy()`
  dataframe[f"dc_hi_{n}"] = dataframe["high"].rolling(n).max().shift(1)
/freqtrade/user_data/strategies/TrendVolTarget.py:50: PerformanceWarning: DataFrame is highly fragmented.  This is usually the result of calling `frame.insert` many times, which has poor performance.  Consider joining all columns at once using pd.concat(axis=1) instead. To get a de-fragmented frame, use `newframe = frame.copy()`
  dataframe[f"dc_hi_{n}"] = dataframe["high"].rolling(n).max().shift(1)
/freqtrade/user_data/strategies/TrendVolTarget.py:50: PerformanceWarning: DataFrame is highly fragmented.  This is usually the result of calling `frame.insert` many times, which has poor performance.  Consider joining all columns at once using pd.concat(axis=1) instead. To get a de-fragmented frame, use `newframe = frame.copy()`
  dataframe[f"dc_hi_{n}"] = dataframe["high"].rolling(n).max().shift(1)
/freqtrade/user_data/strategies/TrendVolTarget.py:50: PerformanceWarning: DataFrame is highly fragmented.  This is usually the result of calling `frame.insert` many times, which has poor performance.  Consider joining all columns at once using pd.concat(axis=1) instead. To get a de-fragmented frame, use `newframe = frame.copy()`
  dataframe[f"dc_hi_{n}"] = dataframe["high"].rolling(n).max().shift(1)
/freqtrade/user_data/strategies/TrendVolTarget.py:50: PerformanceWarning: DataFrame is highly fragmented.  This is usually the result of calling `frame.insert` many times, which has poor performance.  Consider joining all columns at once using pd.concat(axis=1) instead. To get a de-fragmented frame, use `newframe = frame.copy()`
  dataframe[f"dc_hi_{n}"] = dataframe["high"].rolling(n).max().shift(1)
/freqtrade/user_data/strategies/TrendVolTarget.py:50: PerformanceWarning: DataFrame is highly fragmented.  This is usually the result of calling `frame.insert` many times, which has poor performance.  Consider joining all columns at once using pd.concat(axis=1) instead. To get a de-fragmented frame, use `newframe = frame.copy()`
  dataframe[f"dc_hi_{n}"] = dataframe["high"].rolling(n).max().shift(1)
/freqtrade/user_data/strategies/TrendVolTarget.py:50: PerformanceWarning: DataFrame is highly fragmented.  This is usually the result of calling `frame.insert` many times, which has poor performance.  Consider joining all columns at once using pd.concat(axis=1) instead. To get a de-fragmented frame, use `newframe = frame.copy()`
  dataframe[f"dc_hi_{n}"] = dataframe["high"].rolling(n).max().shift(1)
/freqtrade/user_data/strategies/TrendVolTarget.py:50: PerformanceWarning: DataFrame is highly fragmented.  This is usually the result of calling `frame.insert` many times, which has poor performance.  Consider joining all columns at once using pd.concat(axis=1) instead. To get a de-fragmented frame, use `newframe = frame.copy()`
  dataframe[f"dc_hi_{n}"] = dataframe["high"].rolling(n).max().shift(1)
/freqtrade/user_data/strategies/TrendVolTarget.py:50: PerformanceWarning: DataFrame is highly fragmented.  This is usually the result of calling `frame.insert` many times, which has poor performance.  Consider joining all columns at once using pd.concat(axis=1) instead. To get a de-fragmented frame, use `newframe = frame.copy()`
  dataframe[f"dc_hi_{n}"] = dataframe["high"].rolling(n).max().shift(1)
/freqtrade/user_data/strategies/TrendVolTarget.py:50: PerformanceWarning: DataFrame is highly fragmented.  This is usually the result of calling `frame.insert` many times, which has poor performance.  Consider joining all columns at once using pd.concat(axis=1) instead. To get a de-fragmented frame, use `newframe = frame.copy()`
  dataframe[f"dc_hi_{n}"] = dataframe["high"].rolling(n).max().shift(1)
/freqtrade/user_data/strategies/TrendVolTarget.py:50: PerformanceWarning: DataFrame is highly fragmented.  This is usually the result of calling `frame.insert` many times, which has poor performance.  Consider joining all columns at once using pd.concat(axis=1) instead. To get a de-fragmented frame, use `newframe = frame.copy()`
  dataframe[f"dc_hi_{n}"] = dataframe["high"].rolling(n).max().shift(1)
/freqtrade/user_data/strategies/TrendVolTarget.py:50: PerformanceWarning: DataFrame is highly fragmented.  This is usually the result of calling `frame.insert` many times, which has poor performance.  Consider joining all columns at once using pd.concat(axis=1) instead. To get a de-fragmented frame, use `newframe = frame.copy()`
  dataframe[f"dc_hi_{n}"] = dataframe["high"].rolling(n).max().shift(1)
/freqtrade/user_data/strategies/TrendVolTarget.py:50: PerformanceWarning: DataFrame is highly fragmented.  This is usually the result of calling `frame.insert` many times, which has poor performance.  Consider joining all columns at once using pd.concat(axis=1) instead. To get a de-fragmented frame, use `newframe = frame.copy()`
  dataframe[f"dc_hi_{n}"] = dataframe["high"].rolling(n).max().shift(1)
/freqtrade/user_data/strategies/TrendVolTarget.py:50: PerformanceWarning: DataFrame is highly fragmented.  This is usually the result of calling `frame.insert` many times, which has poor performance.  Consider joining all columns at once using pd.concat(axis=1) instead. To get a de-fragmented frame, use `newframe = frame.copy()`
  dataframe[f"dc_hi_{n}"] = dataframe["high"].rolling(n).max().shift(1)
/freqtrade/user_data/strategies/TrendVolTarget.py:50: PerformanceWarning: DataFrame is highly fragmented.  This is usually the result of calling `frame.insert` many times, which has poor performance.  Consider joining all columns at once using pd.concat(axis=1) instead. To get a de-fragmented frame, use `newframe = frame.copy()`
  dataframe[f"dc_hi_{n}"] = dataframe["high"].rolling(n).max().shift(1)
/freqtrade/user_data/strategies/TrendVolTarget.py:50: PerformanceWarning: DataFrame is highly fragmented.  This is usually the result of calling `frame.insert` many times, which has poor performance.  Consider joining all columns at once using pd.concat(axis=1) instead. To get a de-fragmented frame, use `newframe = frame.copy()`
  dataframe[f"dc_hi_{n}"] = dataframe["high"].rolling(n).max().shift(1)
/freqtrade/user_data/strategies/TrendVolTarget.py:53: PerformanceWarning: DataFrame is highly fragmented.  This is usually the result of calling `frame.insert` many times, which has poor performance.  Consider joining all columns at once using pd.concat(axis=1) instead. To get a de-fragmented frame, use `newframe = frame.copy()`
  dataframe["sma_f"] = ta.SMA(dataframe, timeperiod=60)
/freqtrade/user_data/strategies/TrendVolTarget.py:54: PerformanceWarning: DataFrame is highly fragmented.  This is usually the result of calling `frame.insert` many times, which has poor performance.  Consider joining all columns at once using pd.concat(axis=1) instead. To get a de-fragmented frame, use `newframe = frame.copy()`
  dataframe["sma_s"] = ta.SMA(dataframe, timeperiod=240)
/freqtrade/user_data/strategies/TrendVolTarget.py:56: PerformanceWarning: DataFrame is highly fragmented.  This is usually the result of calling `frame.insert` many times, which has poor performance.  Consider joining all columns at once using pd.concat(axis=1) instead. To get a de-fragmented frame, use `newframe = frame.copy()`
  dataframe["rvol"] = dataframe["close"].pct_change().rolling(90).std() * np.sqrt(6 * 365)
/freqtrade/user_data/strategies/TrendVolTarget.py:50: PerformanceWarning: DataFrame is highly fragmented.  This is usually the result of calling `frame.insert` many times, which has poor performance.  Consider joining all columns at once using pd.concat(axis=1) instead. To get a de-fragmented frame, use `newframe = frame.copy()`
  dataframe[f"dc_hi_{n}"] = dataframe["high"].rolling(n).max().shift(1)
/freqtrade/user_data/strategies/TrendVolTarget.py:50: PerformanceWarning: DataFrame is highly fragmented.  This is usually the result of calling `frame.insert` many times, which has poor performance.  Consider joining all columns at once using pd.concat(axis=1) instead. To get a de-fragmented frame, use `newframe = frame.copy()`
  dataframe[f"dc_hi_{n}"] = dataframe["high"].rolling(n).max().shift(1)
/freqtrade/user_data/strategies/TrendVolTarget.py:50: PerformanceWarning: DataFrame is highly fragmented.  This is usually the result of calling `frame.insert` many times, which has poor performance.  Consider joining all columns at once using pd.concat(axis=1) instead. To get a de-fragmented frame, use `newframe = frame.copy()`
  dataframe[f"dc_hi_{n}"] = dataframe["high"].rolling(n).max().shift(1)
/freqtrade/user_data/strategies/TrendVolTarget.py:50: PerformanceWarning: DataFrame is highly fragmented.  This is usually the result of calling `frame.insert` many times, which has poor performance.  Consider joining all columns at once using pd.concat(axis=1) instead. To get a de-fragmented frame, use `newframe = frame.copy()`
  dataframe[f"dc_hi_{n}"] = dataframe["high"].rolling(n).max().shift(1)
/freqtrade/user_data/strategies/TrendVolTarget.py:50: PerformanceWarning: DataFrame is highly fragmented.  This is usually the result of calling `frame.insert` many times, which has poor performance.  Consider joining all columns at once using pd.concat(axis=1) instead. To get a de-fragmented frame, use `newframe = frame.copy()`
  dataframe[f"dc_hi_{n}"] = dataframe["high"].rolling(n).max().shift(1)
/freqtrade/user_data/strategies/TrendVolTarget.py:50: PerformanceWarning: DataFrame is highly fragmented.  This is usually the result of calling `frame.insert` many times, which has poor performance.  Consider joining all columns at once using pd.concat(axis=1) instead. To get a de-fragmented frame, use `newframe = frame.copy()`
  dataframe[f"dc_hi_{n}"] = dataframe["high"].rolling(n).max().shift(1)
/freqtrade/user_data/strategies/TrendVolTarget.py:50: PerformanceWarning: DataFrame is highly fragmented.  This is usually the result of calling `frame.insert` many times, which has poor performance.  Consider joining all columns at once using pd.concat(axis=1) instead. To get a de-fragmented frame, use `newframe = frame.copy()`
  dataframe[f"dc_hi_{n}"] = dataframe["high"].rolling(n).max().shift(1)
/freqtrade/user_data/strategies/TrendVolTarget.py:50: PerformanceWarning: DataFrame is highly fragmented.  This is usually the result of calling `frame.insert` many times, which has poor performance.  Consider joining all columns at once using pd.concat(axis=1) instead. To get a de-fragmented frame, use `newframe = frame.copy()`
  dataframe[f"dc_hi_{n}"] = dataframe["high"].rolling(n).max().shift(1)
/freqtrade/user_data/strategies/TrendVolTarget.py:50: PerformanceWarning: DataFrame is highly fragmented.  This is usually the result of calling `frame.insert` many times, which has poor performance.  Consider joining all columns at once using pd.concat(axis=1) instead. To get a de-fragmented frame, use `newframe = frame.copy()`
  dataframe[f"dc_hi_{n}"] = dataframe["high"].rolling(n).max().shift(1)
/freqtrade/user_data/strategies/TrendVolTarget.py:50: PerformanceWarning: DataFrame is highly fragmented.  This is usually the result of calling `frame.insert` many times, which has poor performance.  Consider joining all columns at once using pd.concat(axis=1) instead. To get a de-fragmented frame, use `newframe = frame.copy()`
  dataframe[f"dc_hi_{n}"] = dataframe["high"].rolling(n).max().shift(1)
/freqtrade/user_data/strategies/TrendVolTarget.py:50: PerformanceWarning: DataFrame is highly fragmented.  This is usually the result of calling `frame.insert` many times, which has poor performance.  Consider joining all columns at once using pd.concat(axis=1) instead. To get a de-fragmented frame, use `newframe = frame.copy()`
  dataframe[f"dc_hi_{n}"] = dataframe["high"].rolling(n).max().shift(1)
/freqtrade/user_data/strategies/TrendVolTarget.py:50: PerformanceWarning: DataFrame is highly fragmented.  This is usually the result of calling `frame.insert` many times, which has poor performance.  Consider joining all columns at once using pd.concat(axis=1) instead. To get a de-fragmented frame, use `newframe = frame.copy()`
  dataframe[f"dc_hi_{n}"] = dataframe["high"].rolling(n).max().shift(1)
/freqtrade/user_data/strategies/TrendVolTarget.py:50: PerformanceWarning: DataFrame is highly fragmented.  This is usually the result of calling `frame.insert` many times, which has poor performance.  Consider joining all columns at once using pd.concat(axis=1) instead. To get a de-fragmented frame, use `newframe = frame.copy()`
  dataframe[f"dc_hi_{n}"] = dataframe["high"].rolling(n).max().shift(1)
/freqtrade/user_data/strategies/TrendVolTarget.py:50: PerformanceWarning: DataFrame is highly fragmented.  This is usually the result of calling `frame.insert` many times, which has poor performance.  Consider joining all columns at once using pd.concat(axis=1) instead. To get a de-fragmented frame, use `newframe = frame.copy()`
  dataframe[f"dc_hi_{n}"] = dataframe["high"].rolling(n).max().shift(1)
/freqtrade/user_data/strategies/TrendVolTarget.py:50: PerformanceWarning: DataFrame is highly fragmented.  This is usually the result of calling `frame.insert` many times, which has poor performance.  Consider joining all columns at once using pd.concat(axis=1) instead. To get a de-fragmented frame, use `newframe = frame.copy()`
  dataframe[f"dc_hi_{n}"] = dataframe["high"].rolling(n).max().shift(1)
/freqtrade/user_data/strategies/TrendVolTarget.py:50: PerformanceWarning: DataFrame is highly fragmented.  This is usually the result of calling `frame.insert` many times, which has poor performance.  Consider joining all columns at once using pd.concat(axis=1) instead. To get a de-fragmented frame, use `newframe = frame.copy()`
  dataframe[f"dc_hi_{n}"] = dataframe["high"].rolling(n).max().shift(1)
/freqtrade/user_data/strategies/TrendVolTarget.py:50: PerformanceWarning: DataFrame is highly fragmented.  This is usually the result of calling `frame.insert` many times, which has poor performance.  Consider joining all columns at once using pd.concat(axis=1) instead. To get a de-fragmented frame, use `newframe = frame.copy()`
  dataframe[f"dc_hi_{n}"] = dataframe["high"].rolling(n).max().shift(1)
/freqtrade/user_data/strategies/TrendVolTarget.py:50: PerformanceWarning: DataFrame is highly fragmented.  This is usually the result of calling `frame.insert` many times, which has poor performance.  Consider joining all columns at once using pd.concat(axis=1) instead. To get a de-fragmented frame, use `newframe = frame.copy()`
  dataframe[f"dc_hi_{n}"] = dataframe["high"].rolling(n).max().shift(1)
/freqtrade/user_data/strategies/TrendVolTarget.py:50: PerformanceWarning: DataFrame is highly fragmented.  This is usually the result of calling `frame.insert` many times, which has poor performance.  Consider joining all columns at once using pd.concat(axis=1) instead. To get a de-fragmented frame, use `newframe = frame.copy()`
  dataframe[f"dc_hi_{n}"] = dataframe["high"].rolling(n).max().shift(1)
/freqtrade/user_data/strategies/TrendVolTarget.py:50: PerformanceWarning: DataFrame is highly fragmented.  This is usually the result of calling `frame.insert` many times, which has poor performance.  Consider joining all columns at once using pd.concat(axis=1) instead. To get a de-fragmented frame, use `newframe = frame.copy()`
  dataframe[f"dc_hi_{n}"] = dataframe["high"].rolling(n).max().shift(1)
/freqtrade/user_data/strategies/TrendVolTarget.py:50: PerformanceWarning: DataFrame is highly fragmented.  This is usually the result of calling `frame.insert` many times, which has poor performance.  Consider joining all columns at once using pd.concat(axis=1) instead. To get a de-fragmented frame, use `newframe = frame.copy()`
  dataframe[f"dc_hi_{n}"] = dataframe["high"].rolling(n).max().shift(1)
/freqtrade/user_data/strategies/TrendVolTarget.py:50: PerformanceWarning: DataFrame is highly fragmented.  This is usually the result of calling `frame.insert` many times, which has poor performance.  Consider joining all columns at once using pd.concat(axis=1) instead. To get a de-fragmented frame, use `newframe = frame.copy()`
  dataframe[f"dc_hi_{n}"] = dataframe["high"].rolling(n).max().shift(1)
/freqtrade/user_data/strategies/TrendVolTarget.py:50: PerformanceWarning: DataFrame is highly fragmented.  This is usually the result of calling `frame.insert` many times, which has poor performance.  Consider joining all columns at once using pd.concat(axis=1) instead. To get a de-fragmented frame, use `newframe = frame.copy()`
  dataframe[f"dc_hi_{n}"] = dataframe["high"].rolling(n).max().shift(1)
/freqtrade/user_data/strategies/TrendVolTarget.py:50: PerformanceWarning: DataFrame is highly fragmented.  This is usually the result of calling `frame.insert` many times, which has poor performance.  Consider joining all columns at once using pd.concat(axis=1) instead. To get a de-fragmented frame, use `newframe = frame.copy()`
  dataframe[f"dc_hi_{n}"] = dataframe["high"].rolling(n).max().shift(1)
/freqtrade/user_data/strategies/TrendVolTarget.py:50: PerformanceWarning: DataFrame is highly fragmented.  This is usually the result of calling `frame.insert` many times, which has poor performance.  Consider joining all columns at once using pd.concat(axis=1) instead. To get a de-fragmented frame, use `newframe = frame.copy()`
  dataframe[f"dc_hi_{n}"] = dataframe["high"].rolling(n).max().shift(1)
/freqtrade/user_data/strategies/TrendVolTarget.py:50: PerformanceWarning: DataFrame is highly fragmented.  This is usually the result of calling `frame.insert` many times, which has poor performance.  Consider joining all columns at once using pd.concat(axis=1) instead. To get a de-fragmented frame, use `newframe = frame.copy()`
  dataframe[f"dc_hi_{n}"] = dataframe["high"].rolling(n).max().shift(1)
/freqtrade/user_data/strategies/TrendVolTarget.py:50: PerformanceWarning: DataFrame is highly fragmented.  This is usually the result of calling `frame.insert` many times, which has poor performance.  Consider joining all columns at once using pd.concat(axis=1) instead. To get a de-fragmented frame, use `newframe = frame.copy()`
  dataframe[f"dc_hi_{n}"] = dataframe["high"].rolling(n).max().shift(1)
/freqtrade/user_data/strategies/TrendVolTarget.py:50: PerformanceWarning: DataFrame is highly fragmented.  This is usually the result of calling `frame.insert` many times, which has poor performance.  Consider joining all columns at once using pd.concat(axis=1) instead. To get a de-fragmented frame, use `newframe = frame.copy()`
  dataframe[f"dc_hi_{n}"] = dataframe["high"].rolling(n).max().shift(1)
/freqtrade/user_data/strategies/TrendVolTarget.py:50: PerformanceWarning: DataFrame is highly fragmented.  This is usually the result of calling `frame.insert` many times, which has poor performance.  Consider joining all columns at once using pd.concat(axis=1) instead. To get a de-fragmented frame, use `newframe = frame.copy()`
  dataframe[f"dc_hi_{n}"] = dataframe["high"].rolling(n).max().shift(1)
/freqtrade/user_data/strategies/TrendVolTarget.py:50: PerformanceWarning: DataFrame is highly fragmented.  This is usually the result of calling `frame.insert` many times, which has poor performance.  Consider joining all columns at once using pd.concat(axis=1) instead. To get a de-fragmented frame, use `newframe = frame.copy()`
  dataframe[f"dc_hi_{n}"] = dataframe["high"].rolling(n).max().shift(1)
/freqtrade/user_data/strategies/TrendVolTarget.py:50: PerformanceWarning: DataFrame is highly fragmented.  This is usually the result of calling `frame.insert` many times, which has poor performance.  Consider joining all columns at once using pd.concat(axis=1) instead. To get a de-fragmented frame, use `newframe = frame.copy()`
  dataframe[f"dc_hi_{n}"] = dataframe["high"].rolling(n).max().shift(1)
/freqtrade/user_data/strategies/TrendVolTarget.py:50: PerformanceWarning: DataFrame is highly fragmented.  This is usually the result of calling `frame.insert` many times, which has poor performance.  Consider joining all columns at once using pd.concat(axis=1) instead. To get a de-fragmented frame, use `newframe = frame.copy()`
  dataframe[f"dc_hi_{n}"] = dataframe["high"].rolling(n).max().shift(1)
/freqtrade/user_data/strategies/TrendVolTarget.py:50: PerformanceWarning: DataFrame is highly fragmented.  This is usually the result of calling `frame.insert` many times, which has poor performance.  Consider joining all columns at once using pd.concat(axis=1) instead. To get a de-fragmented frame, use `newframe = frame.copy()`
  dataframe[f"dc_hi_{n}"] = dataframe["high"].rolling(n).max().shift(1)
/freqtrade/user_data/strategies/TrendVolTarget.py:50: PerformanceWarning: DataFrame is highly fragmented.  This is usually the result of calling `frame.insert` many times, which has poor performance.  Consider joining all columns at once using pd.concat(axis=1) instead. To get a de-fragmented frame, use `newframe = frame.copy()`
  dataframe[f"dc_hi_{n}"] = dataframe["high"].rolling(n).max().shift(1)
/freqtrade/user_data/strategies/TrendVolTarget.py:50: PerformanceWarning: DataFrame is highly fragmented.  This is usually the result of calling `frame.insert` many times, which has poor performance.  Consider joining all columns at once using pd.concat(axis=1) instead. To get a de-fragmented frame, use `newframe = frame.copy()`
  dataframe[f"dc_hi_{n}"] = dataframe["high"].rolling(n).max().shift(1)
/freqtrade/user_data/strategies/TrendVolTarget.py:50: PerformanceWarning: DataFrame is highly fragmented.  This is usually the result of calling `frame.insert` many times, which has poor performance.  Consider joining all columns at once using pd.concat(axis=1) instead. To get a de-fragmented frame, use `newframe = frame.copy()`
  dataframe[f"dc_hi_{n}"] = dataframe["high"].rolling(n).max().shift(1)
/freqtrade/user_data/strategies/TrendVolTarget.py:50: PerformanceWarning: DataFrame is highly fragmented.  This is usually the result of calling `frame.insert` many times, which has poor performance.  Consider joining all columns at once using pd.concat(axis=1) instead. To get a de-fragmented frame, use `newframe = frame.copy()`
  dataframe[f"dc_hi_{n}"] = dataframe["high"].rolling(n).max().shift(1)
/freqtrade/user_data/strategies/TrendVolTarget.py:50: PerformanceWarning: DataFrame is highly fragmented.  This is usually the result of calling `frame.insert` many times, which has poor performance.  Consider joining all columns at once using pd.concat(axis=1) instead. To get a de-fragmented frame, use `newframe = frame.copy()`
  dataframe[f"dc_hi_{n}"] = dataframe["high"].rolling(n).max().shift(1)
/freqtrade/user_data/strategies/TrendVolTarget.py:50: PerformanceWarning: DataFrame is highly fragmented.  This is usually the result of calling `frame.insert` many times, which has poor performance.  Consider joining all columns at once using pd.concat(axis=1) instead. To get a de-fragmented frame, use `newframe = frame.copy()`
  dataframe[f"dc_hi_{n}"] = dataframe["high"].rolling(n).max().shift(1)
/freqtrade/user_data/strategies/TrendVolTarget.py:50: PerformanceWarning: DataFrame is highly fragmented.  This is usually the result of calling `frame.insert` many times, which has poor performance.  Consider joining all columns at once using pd.concat(axis=1) instead. To get a de-fragmented frame, use `newframe = frame.copy()`
  dataframe[f"dc_hi_{n}"] = dataframe["high"].rolling(n).max().shift(1)
/freqtrade/user_data/strategies/TrendVolTarget.py:50: PerformanceWarning: DataFrame is highly fragmented.  This is usually the result of calling `frame.insert` many times, which has poor performance.  Consider joining all columns at once using pd.concat(axis=1) instead. To get a de-fragmented frame, use `newframe = frame.copy()`
  dataframe[f"dc_hi_{n}"] = dataframe["high"].rolling(n).max().shift(1)
/freqtrade/user_data/strategies/TrendVolTarget.py:50: PerformanceWarning: DataFrame is highly fragmented.  This is usually the result of calling `frame.insert` many times, which has poor performance.  Consider joining all columns at once using pd.concat(axis=1) instead. To get a de-fragmented frame, use `newframe = frame.copy()`
  dataframe[f"dc_hi_{n}"] = dataframe["high"].rolling(n).max().shift(1)
/freqtrade/user_data/strategies/TrendVolTarget.py:50: PerformanceWarning: DataFrame is highly fragmented.  This is usually the result of calling `frame.insert` many times, which has poor performance.  Consider joining all columns at once using pd.concat(axis=1) instead. To get a de-fragmented frame, use `newframe = frame.copy()`
  dataframe[f"dc_hi_{n}"] = dataframe["high"].rolling(n).max().shift(1)
/freqtrade/user_data/strategies/TrendVolTarget.py:50: PerformanceWarning: DataFrame is highly fragmented.  This is usually the result of calling `frame.insert` many times, which has poor performance.  Consider joining all columns at once using pd.concat(axis=1) instead. To get a de-fragmented frame, use `newframe = frame.copy()`
  dataframe[f"dc_hi_{n}"] = dataframe["high"].rolling(n).max().shift(1)
/freqtrade/user_data/strategies/TrendVolTarget.py:50: PerformanceWarning: DataFrame is highly fragmented.  This is usually the result of calling `frame.insert` many times, which has poor performance.  Consider joining all columns at once using pd.concat(axis=1) instead. To get a de-fragmented frame, use `newframe = frame.copy()`
  dataframe[f"dc_hi_{n}"] = dataframe["high"].rolling(n).max().shift(1)
/freqtrade/user_data/strategies/TrendVolTarget.py:50: PerformanceWarning: DataFrame is highly fragmented.  This is usually the result of calling `frame.insert` many times, which has poor performance.  Consider joining all columns at once using pd.concat(axis=1) instead. To get a de-fragmented frame, use `newframe = frame.copy()`
  dataframe[f"dc_hi_{n}"] = dataframe["high"].rolling(n).max().shift(1)
/freqtrade/user_data/strategies/TrendVolTarget.py:50: PerformanceWarning: DataFrame is highly fragmented.  This is usually the result of calling `frame.insert` many times, which has poor performance.  Consider joining all columns at once using pd.concat(axis=1) instead. To get a de-fragmented frame, use `newframe = frame.copy()`
  dataframe[f"dc_hi_{n}"] = dataframe["high"].rolling(n).max().shift(1)
/freqtrade/user_data/strategies/TrendVolTarget.py:50: PerformanceWarning: DataFrame is highly fragmented.  This is usually the result of calling `frame.insert` many times, which has poor performance.  Consider joining all columns at once using pd.concat(axis=1) instead. To get a de-fragmented frame, use `newframe = frame.copy()`
  dataframe[f"dc_hi_{n}"] = dataframe["high"].rolling(n).max().shift(1)
/freqtrade/user_data/strategies/TrendVolTarget.py:50: PerformanceWarning: DataFrame is highly fragmented.  This is usually the result of calling `frame.insert` many times, which has poor performance.  Consider joining all columns at once using pd.concat(axis=1) instead. To get a de-fragmented frame, use `newframe = frame.copy()`
  dataframe[f"dc_hi_{n}"] = dataframe["high"].rolling(n).max().shift(1)
/freqtrade/user_data/strategies/TrendVolTarget.py:50: PerformanceWarning: DataFrame is highly fragmented.  This is usually the result of calling `frame.insert` many times, which has poor performance.  Consider joining all columns at once using pd.concat(axis=1) instead. To get a de-fragmented frame, use `newframe = frame.copy()`
  dataframe[f"dc_hi_{n}"] = dataframe["high"].rolling(n).max().shift(1)
/freqtrade/user_data/strategies/TrendVolTarget.py:50: PerformanceWarning: DataFrame is highly fragmented.  This is usually the result of calling `frame.insert` many times, which has poor performance.  Consider joining all columns at once using pd.concat(axis=1) instead. To get a de-fragmented frame, use `newframe = frame.copy()`
  dataframe[f"dc_hi_{n}"] = dataframe["high"].rolling(n).max().shift(1)
/freqtrade/user_data/strategies/TrendVolTarget.py:50: PerformanceWarning: DataFrame is highly fragmented.  This is usually the result of calling `frame.insert` many times, which has poor performance.  Consider joining all columns at once using pd.concat(axis=1) instead. To get a de-fragmented frame, use `newframe = frame.copy()`
  dataframe[f"dc_hi_{n}"] = dataframe["high"].rolling(n).max().shift(1)
/freqtrade/user_data/strategies/TrendVolTarget.py:50: PerformanceWarning: DataFrame is highly fragmented.  This is usually the result of calling `frame.insert` many times, which has poor performance.  Consider joining all columns at once using pd.concat(axis=1) instead. To get a de-fragmented frame, use `newframe = frame.copy()`
  dataframe[f"dc_hi_{n}"] = dataframe["high"].rolling(n).max().shift(1)
/freqtrade/user_data/strategies/TrendVolTarget.py:50: PerformanceWarning: DataFrame is highly fragmented.  This is usually the result of calling `frame.insert` many times, which has poor performance.  Consider joining all columns at once using pd.concat(axis=1) instead. To get a de-fragmented frame, use `newframe = frame.copy()`
  dataframe[f"dc_hi_{n}"] = dataframe["high"].rolling(n).max().shift(1)
/freqtrade/user_data/strategies/TrendVolTarget.py:50: PerformanceWarning: DataFrame is highly fragmented.  This is usually the result of calling `frame.insert` many times, which has poor performance.  Consider joining all columns at once using pd.concat(axis=1) instead. To get a de-fragmented frame, use `newframe = frame.copy()`
  dataframe[f"dc_hi_{n}"] = dataframe["high"].rolling(n).max().shift(1)
/freqtrade/user_data/strategies/TrendVolTarget.py:50: PerformanceWarning: DataFrame is highly fragmented.  This is usually the result of calling `frame.insert` many times, which has poor performance.  Consider joining all columns at once using pd.concat(axis=1) instead. To get a de-fragmented frame, use `newframe = frame.copy()`
  dataframe[f"dc_hi_{n}"] = dataframe["high"].rolling(n).max().shift(1)
/freqtrade/user_data/strategies/TrendVolTarget.py:50: PerformanceWarning: DataFrame is highly fragmented.  This is usually the result of calling `frame.insert` many times, which has poor performance.  Consider joining all columns at once using pd.concat(axis=1) instead. To get a de-fragmented frame, use `newframe = frame.copy()`
  dataframe[f"dc_hi_{n}"] = dataframe["high"].rolling(n).max().shift(1)
/freqtrade/user_data/strategies/TrendVolTarget.py:50: PerformanceWarning: DataFrame is highly fragmented.  This is usually the result of calling `frame.insert` many times, which has poor performance.  Consider joining all columns at once using pd.concat(axis=1) instead. To get a de-fragmented frame, use `newframe = frame.copy()`
  dataframe[f"dc_hi_{n}"] = dataframe["high"].rolling(n).max().shift(1)
/freqtrade/user_data/strategies/TrendVolTarget.py:50: PerformanceWarning: DataFrame is highly fragmented.  This is usually the result of calling `frame.insert` many times, which has poor performance.  Consider joining all columns at once using pd.concat(axis=1) instead. To get a de-fragmented frame, use `newframe = frame.copy()`
  dataframe[f"dc_hi_{n}"] = dataframe["high"].rolling(n).max().shift(1)
/freqtrade/user_data/strategies/TrendVolTarget.py:50: PerformanceWarning: DataFrame is highly fragmented.  This is usually the result of calling `frame.insert` many times, which has poor performance.  Consider joining all columns at once using pd.concat(axis=1) instead. To get a de-fragmented frame, use `newframe = frame.copy()`
  dataframe[f"dc_hi_{n}"] = dataframe["high"].rolling(n).max().shift(1)
/freqtrade/user_data/strategies/TrendVolTarget.py:50: PerformanceWarning: DataFrame is highly fragmented.  This is usually the result of calling `frame.insert` many times, which has poor performance.  Consider joining all columns at once using pd.concat(axis=1) instead. To get a de-fragmented frame, use `newframe = frame.copy()`
  dataframe[f"dc_hi_{n}"] = dataframe["high"].rolling(n).max().shift(1)
/freqtrade/user_data/strategies/TrendVolTarget.py:50: PerformanceWarning: DataFrame is highly fragmented.  This is usually the result of calling `frame.insert` many times, which has poor performance.  Consider joining all columns at once using pd.concat(axis=1) instead. To get a de-fragmented frame, use `newframe = frame.copy()`
  dataframe[f"dc_hi_{n}"] = dataframe["high"].rolling(n).max().shift(1)
/freqtrade/user_data/strategies/TrendVolTarget.py:50: PerformanceWarning: DataFrame is highly fragmented.  This is usually the result of calling `frame.insert` many times, which has poor performance.  Consider joining all columns at once using pd.concat(axis=1) instead. To get a de-fragmented frame, use `newframe = frame.copy()`
  dataframe[f"dc_hi_{n}"] = dataframe["high"].rolling(n).max().shift(1)
/freqtrade/user_data/strategies/TrendVolTarget.py:50: PerformanceWarning: DataFrame is highly fragmented.  This is usually the result of calling `frame.insert` many times, which has poor performance.  Consider joining all columns at once using pd.concat(axis=1) instead. To get a de-fragmented frame, use `newframe = frame.copy()`
  dataframe[f"dc_hi_{n}"] = dataframe["high"].rolling(n).max().shift(1)
/freqtrade/user_data/strategies/TrendVolTarget.py:50: PerformanceWarning: DataFrame is highly fragmented.  This is usually the result of calling `frame.insert` many times, which has poor performance.  Consider joining all columns at once using pd.concat(axis=1) instead. To get a de-fragmented frame, use `newframe = frame.copy()`
  dataframe[f"dc_hi_{n}"] = dataframe["high"].rolling(n).max().shift(1)
/freqtrade/user_data/strategies/TrendVolTarget.py:50: PerformanceWarning: DataFrame is highly fragmented.  This is usually the result of calling `frame.insert` many times, which has poor performance.  Consider joining all columns at once using pd.concat(axis=1) instead. To get a de-fragmented frame, use `newframe = frame.copy()`
  dataframe[f"dc_hi_{n}"] = dataframe["high"].rolling(n).max().shift(1)
/freqtrade/user_data/strategies/TrendVolTarget.py:50: PerformanceWarning: DataFrame is highly fragmented.  This is usually the result of calling `frame.insert` many times, which has poor performance.  Consider joining all columns at once using pd.concat(axis=1) instead. To get a de-fragmented frame, use `newframe = frame.copy()`
  dataframe[f"dc_hi_{n}"] = dataframe["high"].rolling(n).max().shift(1)
/freqtrade/user_data/strategies/TrendVolTarget.py:50: PerformanceWarning: DataFrame is highly fragmented.  This is usually the result of calling `frame.insert` many times, which has poor performance.  Consider joining all columns at once using pd.concat(axis=1) instead. To get a de-fragmented frame, use `newframe = frame.copy()`
  dataframe[f"dc_hi_{n}"] = dataframe["high"].rolling(n).max().shift(1)
/freqtrade/user_data/strategies/TrendVolTarget.py:50: PerformanceWarning: DataFrame is highly fragmented.  This is usually the result of calling `frame.insert` many times, which has poor performance.  Consider joining all columns at once using pd.concat(axis=1) instead. To get a de-fragmented frame, use `newframe = frame.copy()`
  dataframe[f"dc_hi_{n}"] = dataframe["high"].rolling(n).max().shift(1)
/freqtrade/user_data/strategies/TrendVolTarget.py:50: PerformanceWarning: DataFrame is highly fragmented.  This is usually the result of calling `frame.insert` many times, which has poor performance.  Consider joining all columns at once using pd.concat(axis=1) instead. To get a de-fragmented frame, use `newframe = frame.copy()`
  dataframe[f"dc_hi_{n}"] = dataframe["high"].rolling(n).max().shift(1)
/freqtrade/user_data/strategies/TrendVolTarget.py:50: PerformanceWarning: DataFrame is highly fragmented.  This is usually the result of calling `frame.insert` many times, which has poor performance.  Consider joining all columns at once using pd.concat(axis=1) instead. To get a de-fragmented frame, use `newframe = frame.copy()`
  dataframe[f"dc_hi_{n}"] = dataframe["high"].rolling(n).max().shift(1)
/freqtrade/user_data/strategies/TrendVolTarget.py:50: PerformanceWarning: DataFrame is highly fragmented.  This is usually the result of calling `frame.insert` many times, which has poor performance.  Consider joining all columns at once using pd.concat(axis=1) instead. To get a de-fragmented frame, use `newframe = frame.copy()`
  dataframe[f"dc_hi_{n}"] = dataframe["high"].rolling(n).max().shift(1)
/freqtrade/user_data/strategies/TrendVolTarget.py:50: PerformanceWarning: DataFrame is highly fragmented.  This is usually the result of calling `frame.insert` many times, which has poor performance.  Consider joining all columns at once using pd.concat(axis=1) instead. To get a de-fragmented frame, use `newframe = frame.copy()`
  dataframe[f"dc_hi_{n}"] = dataframe["high"].rolling(n).max().shift(1)
/freqtrade/user_data/strategies/TrendVolTarget.py:50: PerformanceWarning: DataFrame is highly fragmented.  This is usually the result of calling `frame.insert` many times, which has poor performance.  Consider joining all columns at once using pd.concat(axis=1) instead. To get a de-fragmented frame, use `newframe = frame.copy()`
  dataframe[f"dc_hi_{n}"] = dataframe["high"].rolling(n).max().shift(1)
/freqtrade/user_data/strategies/TrendVolTarget.py:50: PerformanceWarning: DataFrame is highly fragmented.  This is usually the result of calling `frame.insert` many times, which has poor performance.  Consider joining all columns at once using pd.concat(axis=1) instead. To get a de-fragmented frame, use `newframe = frame.copy()`
  dataframe[f"dc_hi_{n}"] = dataframe["high"].rolling(n).max().shift(1)
/freqtrade/user_data/strategies/TrendVolTarget.py:50: PerformanceWarning: DataFrame is highly fragmented.  This is usually the result of calling `frame.insert` many times, which has poor performance.  Consider joining all columns at once using pd.concat(axis=1) instead. To get a de-fragmented frame, use `newframe = frame.copy()`
  dataframe[f"dc_hi_{n}"] = dataframe["high"].rolling(n).max().shift(1)
/freqtrade/user_data/strategies/TrendVolTarget.py:50: PerformanceWarning: DataFrame is highly fragmented.  This is usually the result of calling `frame.insert` many times, which has poor performance.  Consider joining all columns at once using pd.concat(axis=1) instead. To get a de-fragmented frame, use `newframe = frame.copy()`
  dataframe[f"dc_hi_{n}"] = dataframe["high"].rolling(n).max().shift(1)
/freqtrade/user_data/strategies/TrendVolTarget.py:50: PerformanceWarning: DataFrame is highly fragmented.  This is usually the result of calling `frame.insert` many times, which has poor performance.  Consider joining all columns at once using pd.concat(axis=1) instead. To get a de-fragmented frame, use `newframe = frame.copy()`
  dataframe[f"dc_hi_{n}"] = dataframe["high"].rolling(n).max().shift(1)
/freqtrade/user_data/strategies/TrendVolTarget.py:50: PerformanceWarning: DataFrame is highly fragmented.  This is usually the result of calling `frame.insert` many times, which has poor performance.  Consider joining all columns at once using pd.concat(axis=1) instead. To get a de-fragmented frame, use `newframe = frame.copy()`
  dataframe[f"dc_hi_{n}"] = dataframe["high"].rolling(n).max().shift(1)
/freqtrade/user_data/strategies/TrendVolTarget.py:50: PerformanceWarning: DataFrame is highly fragmented.  This is usually the result of calling `frame.insert` many times, which has poor performance.  Consider joining all columns at once using pd.concat(axis=1) instead. To get a de-fragmented frame, use `newframe = frame.copy()`
  dataframe[f"dc_hi_{n}"] = dataframe["high"].rolling(n).max().shift(1)
/freqtrade/user_data/strategies/TrendVolTarget.py:50: PerformanceWarning: DataFrame is highly fragmented.  This is usually the result of calling `frame.insert` many times, which has poor performance.  Consider joining all columns at once using pd.concat(axis=1) instead. To get a de-fragmented frame, use `newframe = frame.copy()`
  dataframe[f"dc_hi_{n}"] = dataframe["high"].rolling(n).max().shift(1)
/freqtrade/user_data/strategies/TrendVolTarget.py:50: PerformanceWarning: DataFrame is highly fragmented.  This is usually the result of calling `frame.insert` many times, which has poor performance.  Consider joining all columns at once using pd.concat(axis=1) instead. To get a de-fragmented frame, use `newframe = frame.copy()`
  dataframe[f"dc_hi_{n}"] = dataframe["high"].rolling(n).max().shift(1)
/freqtrade/user_data/strategies/TrendVolTarget.py:50: PerformanceWarning: DataFrame is highly fragmented.  This is usually the result of calling `frame.insert` many times, which has poor performance.  Consider joining all columns at once using pd.concat(axis=1) instead. To get a de-fragmented frame, use `newframe = frame.copy()`
  dataframe[f"dc_hi_{n}"] = dataframe["high"].rolling(n).max().shift(1)
/freqtrade/user_data/strategies/TrendVolTarget.py:50: PerformanceWarning: DataFrame is highly fragmented.  This is usually the result of calling `frame.insert` many times, which has poor performance.  Consider joining all columns at once using pd.concat(axis=1) instead. To get a de-fragmented frame, use `newframe = frame.copy()`
  dataframe[f"dc_hi_{n}"] = dataframe["high"].rolling(n).max().shift(1)
/freqtrade/user_data/strategies/TrendVolTarget.py:53: PerformanceWarning: DataFrame is highly fragmented.  This is usually the result of calling `frame.insert` many times, which has poor performance.  Consider joining all columns at once using pd.concat(axis=1) instead. To get a de-fragmented frame, use `newframe = frame.copy()`
  dataframe["sma_f"] = ta.SMA(dataframe, timeperiod=60)
/freqtrade/user_data/strategies/TrendVolTarget.py:54: PerformanceWarning: DataFrame is highly fragmented.  This is usually the result of calling `frame.insert` many times, which has poor performance.  Consider joining all columns at once using pd.concat(axis=1) instead. To get a de-fragmented frame, use `newframe = frame.copy()`
  dataframe["sma_s"] = ta.SMA(dataframe, timeperiod=240)
/freqtrade/user_data/strategies/TrendVolTarget.py:56: PerformanceWarning: DataFrame is highly fragmented.  This is usually the result of calling `frame.insert` many times, which has poor performance.  Consider joining all columns at once using pd.concat(axis=1) instead. To get a de-fragmented frame, use `newframe = frame.copy()`
  dataframe["rvol"] = dataframe["close"].pct_change().rolling(90).std() * np.sqrt(6 * 365)
/freqtrade/user_data/strategies/TrendVolTarget.py:50: PerformanceWarning: DataFrame is highly fragmented.  This is usually the result of calling `frame.insert` many times, which has poor performance.  Consider joining all columns at once using pd.concat(axis=1) instead. To get a de-fragmented frame, use `newframe = frame.copy()`
  dataframe[f"dc_hi_{n}"] = dataframe["high"].rolling(n).max().shift(1)
/freqtrade/user_data/strategies/TrendVolTarget.py:50: PerformanceWarning: DataFrame is highly fragmented.  This is usually the result of calling `frame.insert` many times, which has poor performance.  Consider joining all columns at once using pd.concat(axis=1) instead. To get a de-fragmented frame, use `newframe = frame.copy()`
  dataframe[f"dc_hi_{n}"] = dataframe["high"].rolling(n).max().shift(1)
/freqtrade/user_data/strategies/TrendVolTarget.py:50: PerformanceWarning: DataFrame is highly fragmented.  This is usually the result of calling `frame.insert` many times, which has poor performance.  Consider joining all columns at once using pd.concat(axis=1) instead. To get a de-fragmented frame, use `newframe = frame.copy()`
  dataframe[f"dc_hi_{n}"] = dataframe["high"].rolling(n).max().shift(1)
/freqtrade/user_data/strategies/TrendVolTarget.py:50: PerformanceWarning: DataFrame is highly fragmented.  This is usually the result of calling `frame.insert` many times, which has poor performance.  Consider joining all columns at once using pd.concat(axis=1) instead. To get a de-fragmented frame, use `newframe = frame.copy()`
  dataframe[f"dc_hi_{n}"] = dataframe["high"].rolling(n).max().shift(1)
/freqtrade/user_data/strategies/TrendVolTarget.py:50: PerformanceWarning: DataFrame is highly fragmented.  This is usually the result of calling `frame.insert` many times, which has poor performance.  Consider joining all columns at once using pd.concat(axis=1) instead. To get a de-fragmented frame, use `newframe = frame.copy()`
  dataframe[f"dc_hi_{n}"] = dataframe["high"].rolling(n).max().shift(1)
/freqtrade/user_data/strategies/TrendVolTarget.py:50: PerformanceWarning: DataFrame is highly fragmented.  This is usually the result of calling `frame.insert` many times, which has poor performance.  Consider joining all columns at once using pd.concat(axis=1) instead. To get a de-fragmented frame, use `newframe = frame.copy()`
  dataframe[f"dc_hi_{n}"] = dataframe["high"].rolling(n).max().shift(1)
/freqtrade/user_data/strategies/TrendVolTarget.py:50: PerformanceWarning: DataFrame is highly fragmented.  This is usually the result of calling `frame.insert` many times, which has poor performance.  Consider joining all columns at once using pd.concat(axis=1) instead. To get a de-fragmented frame, use `newframe = frame.copy()`
  dataframe[f"dc_hi_{n}"] = dataframe["high"].rolling(n).max().shift(1)
/freqtrade/user_data/strategies/TrendVolTarget.py:50: PerformanceWarning: DataFrame is highly fragmented.  This is usually the result of calling `frame.insert` many times, which has poor performance.  Consider joining all columns at once using pd.concat(axis=1) instead. To get a de-fragmented frame, use `newframe = frame.copy()`
  dataframe[f"dc_hi_{n}"] = dataframe["high"].rolling(n).max().shift(1)
/freqtrade/user_data/strategies/TrendVolTarget.py:50: PerformanceWarning: DataFrame is highly fragmented.  This is usually the result of calling `frame.insert` many times, which has poor performance.  Consider joining all columns at once using pd.concat(axis=1) instead. To get a de-fragmented frame, use `newframe = frame.copy()`
  dataframe[f"dc_hi_{n}"] = dataframe["high"].rolling(n).max().shift(1)
/freqtrade/user_data/strategies/TrendVolTarget.py:50: PerformanceWarning: DataFrame is highly fragmented.  This is usually the result of calling `frame.insert` many times, which has poor performance.  Consider joining all columns at once using pd.concat(axis=1) instead. To get a de-fragmented frame, use `newframe = frame.copy()`
  dataframe[f"dc_hi_{n}"] = dataframe["high"].rolling(n).max().shift(1)
/freqtrade/user_data/strategies/TrendVolTarget.py:50: PerformanceWarning: DataFrame is highly fragmented.  This is usually the result of calling `frame.insert` many times, which has poor performance.  Consider joining all columns at once using pd.concat(axis=1) instead. To get a de-fragmented frame, use `newframe = frame.copy()`
  dataframe[f"dc_hi_{n}"] = dataframe["high"].rolling(n).max().shift(1)
/freqtrade/user_data/strategies/TrendVolTarget.py:50: PerformanceWarning: DataFrame is highly fragmented.  This is usually the result of calling `frame.insert` many times, which has poor performance.  Consider joining all columns at once using pd.concat(axis=1) instead. To get a de-fragmented frame, use `newframe = frame.copy()`
  dataframe[f"dc_hi_{n}"] = dataframe["high"].rolling(n).max().shift(1)
/freqtrade/user_data/strategies/TrendVolTarget.py:50: PerformanceWarning: DataFrame is highly fragmented.  This is usually the result of calling `frame.insert` many times, which has poor performance.  Consider joining all columns at once using pd.concat(axis=1) instead. To get a de-fragmented frame, use `newframe = frame.copy()`
  dataframe[f"dc_hi_{n}"] = dataframe["high"].rolling(n).max().shift(1)
/freqtrade/user_data/strategies/TrendVolTarget.py:50: PerformanceWarning: DataFrame is highly fragmented.  This is usually the result of calling `frame.insert` many times, which has poor performance.  Consider joining all columns at once using pd.concat(axis=1) instead. To get a de-fragmented frame, use `newframe = frame.copy()`
  dataframe[f"dc_hi_{n}"] = dataframe["high"].rolling(n).max().shift(1)
/freqtrade/user_data/strategies/TrendVolTarget.py:50: PerformanceWarning: DataFrame is highly fragmented.  This is usually the result of calling `frame.insert` many times, which has poor performance.  Consider joining all columns at once using pd.concat(axis=1) instead. To get a de-fragmented frame, use `newframe = frame.copy()`
  dataframe[f"dc_hi_{n}"] = dataframe["high"].rolling(n).max().shift(1)
/freqtrade/user_data/strategies/TrendVolTarget.py:50: PerformanceWarning: DataFrame is highly fragmented.  This is usually the result of calling `frame.insert` many times, which has poor performance.  Consider joining all columns at once using pd.concat(axis=1) instead. To get a de-fragmented frame, use `newframe = frame.copy()`
  dataframe[f"dc_hi_{n}"] = dataframe["high"].rolling(n).max().shift(1)
/freqtrade/user_data/strategies/TrendVolTarget.py:50: PerformanceWarning: DataFrame is highly fragmented.  This is usually the result of calling `frame.insert` many times, which has poor performance.  Consider joining all columns at once using pd.concat(axis=1) instead. To get a de-fragmented frame, use `newframe = frame.copy()`
  dataframe[f"dc_hi_{n}"] = dataframe["high"].rolling(n).max().shift(1)
/freqtrade/user_data/strategies/TrendVolTarget.py:50: PerformanceWarning: DataFrame is highly fragmented.  This is usually the result of calling `frame.insert` many times, which has poor performance.  Consider joining all columns at once using pd.concat(axis=1) instead. To get a de-fragmented frame, use `newframe = frame.copy()`
  dataframe[f"dc_hi_{n}"] = dataframe["high"].rolling(n).max().shift(1)
/freqtrade/user_data/strategies/TrendVolTarget.py:50: PerformanceWarning: DataFrame is highly fragmented.  This is usually the result of calling `frame.insert` many times, which has poor performance.  Consider joining all columns at once using pd.concat(axis=1) instead. To get a de-fragmented frame, use `newframe = frame.copy()`
  dataframe[f"dc_hi_{n}"] = dataframe["high"].rolling(n).max().shift(1)
/freqtrade/user_data/strategies/TrendVolTarget.py:50: PerformanceWarning: DataFrame is highly fragmented.  This is usually the result of calling `frame.insert` many times, which has poor performance.  Consider joining all columns at once using pd.concat(axis=1) instead. To get a de-fragmented frame, use `newframe = frame.copy()`
  dataframe[f"dc_hi_{n}"] = dataframe["high"].rolling(n).max().shift(1)
/freqtrade/user_data/strategies/TrendVolTarget.py:50: PerformanceWarning: DataFrame is highly fragmented.  This is usually the result of calling `frame.insert` many times, which has poor performance.  Consider joining all columns at once using pd.concat(axis=1) instead. To get a de-fragmented frame, use `newframe = frame.copy()`
  dataframe[f"dc_hi_{n}"] = dataframe["high"].rolling(n).max().shift(1)
/freqtrade/user_data/strategies/TrendVolTarget.py:50: PerformanceWarning: DataFrame is highly fragmented.  This is usually the result of calling `frame.insert` many times, which has poor performance.  Consider joining all columns at once using pd.concat(axis=1) instead. To get a de-fragmented frame, use `newframe = frame.copy()`
  dataframe[f"dc_hi_{n}"] = dataframe["high"].rolling(n).max().shift(1)
/freqtrade/user_data/strategies/TrendVolTarget.py:50: PerformanceWarning: DataFrame is highly fragmented.  This is usually the result of calling `frame.insert` many times, which has poor performance.  Consider joining all columns at once using pd.concat(axis=1) instead. To get a de-fragmented frame, use `newframe = frame.copy()`
  dataframe[f"dc_hi_{n}"] = dataframe["high"].rolling(n).max().shift(1)
/freqtrade/user_data/strategies/TrendVolTarget.py:50: PerformanceWarning: DataFrame is highly fragmented.  This is usually the result of calling `frame.insert` many times, which has poor performance.  Consider joining all columns at once using pd.concat(axis=1) instead. To get a de-fragmented frame, use `newframe = frame.copy()`
  dataframe[f"dc_hi_{n}"] = dataframe["high"].rolling(n).max().shift(1)
/freqtrade/user_data/strategies/TrendVolTarget.py:50: PerformanceWarning: DataFrame is highly fragmented.  This is usually the result of calling `frame.insert` many times, which has poor performance.  Consider joining all columns at once using pd.concat(axis=1) instead. To get a de-fragmented frame, use `newframe = frame.copy()`
  dataframe[f"dc_hi_{n}"] = dataframe["high"].rolling(n).max().shift(1)
/freqtrade/user_data/strategies/TrendVolTarget.py:50: PerformanceWarning: DataFrame is highly fragmented.  This is usually the result of calling `frame.insert` many times, which has poor performance.  Consider joining all columns at once using pd.concat(axis=1) instead. To get a de-fragmented frame, use `newframe = frame.copy()`
  dataframe[f"dc_hi_{n}"] = dataframe["high"].rolling(n).max().shift(1)
/freqtrade/user_data/strategies/TrendVolTarget.py:50: PerformanceWarning: DataFrame is highly fragmented.  This is usually the result of calling `frame.insert` many times, which has poor performance.  Consider joining all columns at once using pd.concat(axis=1) instead. To get a de-fragmented frame, use `newframe = frame.copy()`
  dataframe[f"dc_hi_{n}"] = dataframe["high"].rolling(n).max().shift(1)
/freqtrade/user_data/strategies/TrendVolTarget.py:50: PerformanceWarning: DataFrame is highly fragmented.  This is usually the result of calling `frame.insert` many times, which has poor performance.  Consider joining all columns at once using pd.concat(axis=1) instead. To get a de-fragmented frame, use `newframe = frame.copy()`
  dataframe[f"dc_hi_{n}"] = dataframe["high"].rolling(n).max().shift(1)
/freqtrade/user_data/strategies/TrendVolTarget.py:50: PerformanceWarning: DataFrame is highly fragmented.  This is usually the result of calling `frame.insert` many times, which has poor performance.  Consider joining all columns at once using pd.concat(axis=1) instead. To get a de-fragmented frame, use `newframe = frame.copy()`
  dataframe[f"dc_hi_{n}"] = dataframe["high"].rolling(n).max().shift(1)
/freqtrade/user_data/strategies/TrendVolTarget.py:50: PerformanceWarning: DataFrame is highly fragmented.  This is usually the result of calling `frame.insert` many times, which has poor performance.  Consider joining all columns at once using pd.concat(axis=1) instead. To get a de-fragmented frame, use `newframe = frame.copy()`
  dataframe[f"dc_hi_{n}"] = dataframe["high"].rolling(n).max().shift(1)
/freqtrade/user_data/strategies/TrendVolTarget.py:50: PerformanceWarning: DataFrame is highly fragmented.  This is usually the result of calling `frame.insert` many times, which has poor performance.  Consider joining all columns at once using pd.concat(axis=1) instead. To get a de-fragmented frame, use `newframe = frame.copy()`
  dataframe[f"dc_hi_{n}"] = dataframe["high"].rolling(n).max().shift(1)
/freqtrade/user_data/strategies/TrendVolTarget.py:50: PerformanceWarning: DataFrame is highly fragmented.  This is usually the result of calling `frame.insert` many times, which has poor performance.  Consider joining all columns at once using pd.concat(axis=1) instead. To get a de-fragmented frame, use `newframe = frame.copy()`
  dataframe[f"dc_hi_{n}"] = dataframe["high"].rolling(n).max().shift(1)
/freqtrade/user_data/strategies/TrendVolTarget.py:50: PerformanceWarning: DataFrame is highly fragmented.  This is usually the result of calling `frame.insert` many times, which has poor performance.  Consider joining all columns at once using pd.concat(axis=1) instead. To get a de-fragmented frame, use `newframe = frame.copy()`
  dataframe[f"dc_hi_{n}"] = dataframe["high"].rolling(n).max().shift(1)
/freqtrade/user_data/strategies/TrendVolTarget.py:50: PerformanceWarning: DataFrame is highly fragmented.  This is usually the result of calling `frame.insert` many times, which has poor performance.  Consider joining all columns at once using pd.concat(axis=1) instead. To get a de-fragmented frame, use `newframe = frame.copy()`
  dataframe[f"dc_hi_{n}"] = dataframe["high"].rolling(n).max().shift(1)
/freqtrade/user_data/strategies/TrendVolTarget.py:50: PerformanceWarning: DataFrame is highly fragmented.  This is usually the result of calling `frame.insert` many times, which has poor performance.  Consider joining all columns at once using pd.concat(axis=1) instead. To get a de-fragmented frame, use `newframe = frame.copy()`
  dataframe[f"dc_hi_{n}"] = dataframe["high"].rolling(n).max().shift(1)
/freqtrade/user_data/strategies/TrendVolTarget.py:50: PerformanceWarning: DataFrame is highly fragmented.  This is usually the result of calling `frame.insert` many times, which has poor performance.  Consider joining all columns at once using pd.concat(axis=1) instead. To get a de-fragmented frame, use `newframe = frame.copy()`
  dataframe[f"dc_hi_{n}"] = dataframe["high"].rolling(n).max().shift(1)
/freqtrade/user_data/strategies/TrendVolTarget.py:50: PerformanceWarning: DataFrame is highly fragmented.  This is usually the result of calling `frame.insert` many times, which has poor performance.  Consider joining all columns at once using pd.concat(axis=1) instead. To get a de-fragmented frame, use `newframe = frame.copy()`
  dataframe[f"dc_hi_{n}"] = dataframe["high"].rolling(n).max().shift(1)
/freqtrade/user_data/strategies/TrendVolTarget.py:50: PerformanceWarning: DataFrame is highly fragmented.  This is usually the result of calling `frame.insert` many times, which has poor performance.  Consider joining all columns at once using pd.concat(axis=1) instead. To get a de-fragmented frame, use `newframe = frame.copy()`
  dataframe[f"dc_hi_{n}"] = dataframe["high"].rolling(n).max().shift(1)
/freqtrade/user_data/strategies/TrendVolTarget.py:50: PerformanceWarning: DataFrame is highly fragmented.  This is usually the result of calling `frame.insert` many times, which has poor performance.  Consider joining all columns at once using pd.concat(axis=1) instead. To get a de-fragmented frame, use `newframe = frame.copy()`
  dataframe[f"dc_hi_{n}"] = dataframe["high"].rolling(n).max().shift(1)
/freqtrade/user_data/strategies/TrendVolTarget.py:50: PerformanceWarning: DataFrame is highly fragmented.  This is usually the result of calling `frame.insert` many times, which has poor performance.  Consider joining all columns at once using pd.concat(axis=1) instead. To get a de-fragmented frame, use `newframe = frame.copy()`
  dataframe[f"dc_hi_{n}"] = dataframe["high"].rolling(n).max().shift(1)
/freqtrade/user_data/strategies/TrendVolTarget.py:50: PerformanceWarning: DataFrame is highly fragmented.  This is usually the result of calling `frame.insert` many times, which has poor performance.  Consider joining all columns at once using pd.concat(axis=1) instead. To get a de-fragmented frame, use `newframe = frame.copy()`
  dataframe[f"dc_hi_{n}"] = dataframe["high"].rolling(n).max().shift(1)
/freqtrade/user_data/strategies/TrendVolTarget.py:50: PerformanceWarning: DataFrame is highly fragmented.  This is usually the result of calling `frame.insert` many times, which has poor performance.  Consider joining all columns at once using pd.concat(axis=1) instead. To get a de-fragmented frame, use `newframe = frame.copy()`
  dataframe[f"dc_hi_{n}"] = dataframe["high"].rolling(n).max().shift(1)
/freqtrade/user_data/strategies/TrendVolTarget.py:50: PerformanceWarning: DataFrame is highly fragmented.  This is usually the result of calling `frame.insert` many times, which has poor performance.  Consider joining all columns at once using pd.concat(axis=1) instead. To get a de-fragmented frame, use `newframe = frame.copy()`
  dataframe[f"dc_hi_{n}"] = dataframe["high"].rolling(n).max().shift(1)
/freqtrade/user_data/strategies/TrendVolTarget.py:50: PerformanceWarning: DataFrame is highly fragmented.  This is usually the result of calling `frame.insert` many times, which has poor performance.  Consider joining all columns at once using pd.concat(axis=1) instead. To get a de-fragmented frame, use `newframe = frame.copy()`
  dataframe[f"dc_hi_{n}"] = dataframe["high"].rolling(n).max().shift(1)
/freqtrade/user_data/strategies/TrendVolTarget.py:50: PerformanceWarning: DataFrame is highly fragmented.  This is usually the result of calling `frame.insert` many times, which has poor performance.  Consider joining all columns at once using pd.concat(axis=1) instead. To get a de-fragmented frame, use `newframe = frame.copy()`
  dataframe[f"dc_hi_{n}"] = dataframe["high"].rolling(n).max().shift(1)
/freqtrade/user_data/strategies/TrendVolTarget.py:50: PerformanceWarning: DataFrame is highly fragmented.  This is usually the result of calling `frame.insert` many times, which has poor performance.  Consider joining all columns at once using pd.concat(axis=1) instead. To get a de-fragmented frame, use `newframe = frame.copy()`
  dataframe[f"dc_hi_{n}"] = dataframe["high"].rolling(n).max().shift(1)
/freqtrade/user_data/strategies/TrendVolTarget.py:50: PerformanceWarning: DataFrame is highly fragmented.  This is usually the result of calling `frame.insert` many times, which has poor performance.  Consider joining all columns at once using pd.concat(axis=1) instead. To get a de-fragmented frame, use `newframe = frame.copy()`
  dataframe[f"dc_hi_{n}"] = dataframe["high"].rolling(n).max().shift(1)
/freqtrade/user_data/strategies/TrendVolTarget.py:50: PerformanceWarning: DataFrame is highly fragmented.  This is usually the result of calling `frame.insert` many times, which has poor performance.  Consider joining all columns at once using pd.concat(axis=1) instead. To get a de-fragmented frame, use `newframe = frame.copy()`
  dataframe[f"dc_hi_{n}"] = dataframe["high"].rolling(n).max().shift(1)
/freqtrade/user_data/strategies/TrendVolTarget.py:50: PerformanceWarning: DataFrame is highly fragmented.  This is usually the result of calling `frame.insert` many times, which has poor performance.  Consider joining all columns at once using pd.concat(axis=1) instead. To get a de-fragmented frame, use `newframe = frame.copy()`
  dataframe[f"dc_hi_{n}"] = dataframe["high"].rolling(n).max().shift(1)
/freqtrade/user_data/strategies/TrendVolTarget.py:50: PerformanceWarning: DataFrame is highly fragmented.  This is usually the result of calling `frame.insert` many times, which has poor performance.  Consider joining all columns at once using pd.concat(axis=1) instead. To get a de-fragmented frame, use `newframe = frame.copy()`
  dataframe[f"dc_hi_{n}"] = dataframe["high"].rolling(n).max().shift(1)
/freqtrade/user_data/strategies/TrendVolTarget.py:50: PerformanceWarning: DataFrame is highly fragmented.  This is usually the result of calling `frame.insert` many times, which has poor performance.  Consider joining all columns at once using pd.concat(axis=1) instead. To get a de-fragmented frame, use `newframe = frame.copy()`
  dataframe[f"dc_hi_{n}"] = dataframe["high"].rolling(n).max().shift(1)
/freqtrade/user_data/strategies/TrendVolTarget.py:50: PerformanceWarning: DataFrame is highly fragmented.  This is usually the result of calling `frame.insert` many times, which has poor performance.  Consider joining all columns at once using pd.concat(axis=1) instead. To get a de-fragmented frame, use `newframe = frame.copy()`
  dataframe[f"dc_hi_{n}"] = dataframe["high"].rolling(n).max().shift(1)
/freqtrade/user_data/strategies/TrendVolTarget.py:50: PerformanceWarning: DataFrame is highly fragmented.  This is usually the result of calling `frame.insert` many times, which has poor performance.  Consider joining all columns at once using pd.concat(axis=1) instead. To get a de-fragmented frame, use `newframe = frame.copy()`
  dataframe[f"dc_hi_{n}"] = dataframe["high"].rolling(n).max().shift(1)
/freqtrade/user_data/strategies/TrendVolTarget.py:50: PerformanceWarning: DataFrame is highly fragmented.  This is usually the result of calling `frame.insert` many times, which has poor performance.  Consider joining all columns at once using pd.concat(axis=1) instead. To get a de-fragmented frame, use `newframe = frame.copy()`
  dataframe[f"dc_hi_{n}"] = dataframe["high"].rolling(n).max().shift(1)
/freqtrade/user_data/strategies/TrendVolTarget.py:50: PerformanceWarning: DataFrame is highly fragmented.  This is usually the result of calling `frame.insert` many times, which has poor performance.  Consider joining all columns at once using pd.concat(axis=1) instead. To get a de-fragmented frame, use `newframe = frame.copy()`
  dataframe[f"dc_hi_{n}"] = dataframe["high"].rolling(n).max().shift(1)
/freqtrade/user_data/strategies/TrendVolTarget.py:50: PerformanceWarning: DataFrame is highly fragmented.  This is usually the result of calling `frame.insert` many times, which has poor performance.  Consider joining all columns at once using pd.concat(axis=1) instead. To get a de-fragmented frame, use `newframe = frame.copy()`
  dataframe[f"dc_hi_{n}"] = dataframe["high"].rolling(n).max().shift(1)
/freqtrade/user_data/strategies/TrendVolTarget.py:50: PerformanceWarning: DataFrame is highly fragmented.  This is usually the result of calling `frame.insert` many times, which has poor performance.  Consider joining all columns at once using pd.concat(axis=1) instead. To get a de-fragmented frame, use `newframe = frame.copy()`
  dataframe[f"dc_hi_{n}"] = dataframe["high"].rolling(n).max().shift(1)
/freqtrade/user_data/strategies/TrendVolTarget.py:50: PerformanceWarning: DataFrame is highly fragmented.  This is usually the result of calling `frame.insert` many times, which has poor performance.  Consider joining all columns at once using pd.concat(axis=1) instead. To get a de-fragmented frame, use `newframe = frame.copy()`
  dataframe[f"dc_hi_{n}"] = dataframe["high"].rolling(n).max().shift(1)
/freqtrade/user_data/strategies/TrendVolTarget.py:50: PerformanceWarning: DataFrame is highly fragmented.  This is usually the result of calling `frame.insert` many times, which has poor performance.  Consider joining all columns at once using pd.concat(axis=1) instead. To get a de-fragmented frame, use `newframe = frame.copy()`
  dataframe[f"dc_hi_{n}"] = dataframe["high"].rolling(n).max().shift(1)
/freqtrade/user_data/strategies/TrendVolTarget.py:50: PerformanceWarning: DataFrame is highly fragmented.  This is usually the result of calling `frame.insert` many times, which has poor performance.  Consider joining all columns at once using pd.concat(axis=1) instead. To get a de-fragmented frame, use `newframe = frame.copy()`
  dataframe[f"dc_hi_{n}"] = dataframe["high"].rolling(n).max().shift(1)
/freqtrade/user_data/strategies/TrendVolTarget.py:50: PerformanceWarning: DataFrame is highly fragmented.  This is usually the result of calling `frame.insert` many times, which has poor performance.  Consider joining all columns at once using pd.concat(axis=1) instead. To get a de-fragmented frame, use `newframe = frame.copy()`
  dataframe[f"dc_hi_{n}"] = dataframe["high"].rolling(n).max().shift(1)
/freqtrade/user_data/strategies/TrendVolTarget.py:50: PerformanceWarning: DataFrame is highly fragmented.  This is usually the result of calling `frame.insert` many times, which has poor performance.  Consider joining all columns at once using pd.concat(axis=1) instead. To get a de-fragmented frame, use `newframe = frame.copy()`
  dataframe[f"dc_hi_{n}"] = dataframe["high"].rolling(n).max().shift(1)
/freqtrade/user_data/strategies/TrendVolTarget.py:50: PerformanceWarning: DataFrame is highly fragmented.  This is usually the result of calling `frame.insert` many times, which has poor performance.  Consider joining all columns at once using pd.concat(axis=1) instead. To get a de-fragmented frame, use `newframe = frame.copy()`
  dataframe[f"dc_hi_{n}"] = dataframe["high"].rolling(n).max().shift(1)
/freqtrade/user_data/strategies/TrendVolTarget.py:50: PerformanceWarning: DataFrame is highly fragmented.  This is usually the result of calling `frame.insert` many times, which has poor performance.  Consider joining all columns at once using pd.concat(axis=1) instead. To get a de-fragmented frame, use `newframe = frame.copy()`
  dataframe[f"dc_hi_{n}"] = dataframe["high"].rolling(n).max().shift(1)
/freqtrade/user_data/strategies/TrendVolTarget.py:50: PerformanceWarning: DataFrame is highly fragmented.  This is usually the result of calling `frame.insert` many times, which has poor performance.  Consider joining all columns at once using pd.concat(axis=1) instead. To get a de-fragmented frame, use `newframe = frame.copy()`
  dataframe[f"dc_hi_{n}"] = dataframe["high"].rolling(n).max().shift(1)
/freqtrade/user_data/strategies/TrendVolTarget.py:50: PerformanceWarning: DataFrame is highly fragmented.  This is usually the result of calling `frame.insert` many times, which has poor performance.  Consider joining all columns at once using pd.concat(axis=1) instead. To get a de-fragmented frame, use `newframe = frame.copy()`
  dataframe[f"dc_hi_{n}"] = dataframe["high"].rolling(n).max().shift(1)
/freqtrade/user_data/strategies/TrendVolTarget.py:50: PerformanceWarning: DataFrame is highly fragmented.  This is usually the result of calling `frame.insert` many times, which has poor performance.  Consider joining all columns at once using pd.concat(axis=1) instead. To get a de-fragmented frame, use `newframe = frame.copy()`
  dataframe[f"dc_hi_{n}"] = dataframe["high"].rolling(n).max().shift(1)
/freqtrade/user_data/strategies/TrendVolTarget.py:50: PerformanceWarning: DataFrame is highly fragmented.  This is usually the result of calling `frame.insert` many times, which has poor performance.  Consider joining all columns at once using pd.concat(axis=1) instead. To get a de-fragmented frame, use `newframe = frame.copy()`
  dataframe[f"dc_hi_{n}"] = dataframe["high"].rolling(n).max().shift(1)
/freqtrade/user_data/strategies/TrendVolTarget.py:50: PerformanceWarning: DataFrame is highly fragmented.  This is usually the result of calling `frame.insert` many times, which has poor performance.  Consider joining all columns at once using pd.concat(axis=1) instead. To get a de-fragmented frame, use `newframe = frame.copy()`
  dataframe[f"dc_hi_{n}"] = dataframe["high"].rolling(n).max().shift(1)
/freqtrade/user_data/strategies/TrendVolTarget.py:50: PerformanceWarning: DataFrame is highly fragmented.  This is usually the result of calling `frame.insert` many times, which has poor performance.  Consider joining all columns at once using pd.concat(axis=1) instead. To get a de-fragmented frame, use `newframe = frame.copy()`
  dataframe[f"dc_hi_{n}"] = dataframe["high"].rolling(n).max().shift(1)
/freqtrade/user_data/strategies/TrendVolTarget.py:50: PerformanceWarning: DataFrame is highly fragmented.  This is usually the result of calling `frame.insert` many times, which has poor performance.  Consider joining all columns at once using pd.concat(axis=1) instead. To get a de-fragmented frame, use `newframe = frame.copy()`
  dataframe[f"dc_hi_{n}"] = dataframe["high"].rolling(n).max().shift(1)
/freqtrade/user_data/strategies/TrendVolTarget.py:50: PerformanceWarning: DataFrame is highly fragmented.  This is usually the result of calling `frame.insert` many times, which has poor performance.  Consider joining all columns at once using pd.concat(axis=1) instead. To get a de-fragmented frame, use `newframe = frame.copy()`
  dataframe[f"dc_hi_{n}"] = dataframe["high"].rolling(n).max().shift(1)
/freqtrade/user_data/strategies/TrendVolTarget.py:50: PerformanceWarning: DataFrame is highly fragmented.  This is usually the result of calling `frame.insert` many times, which has poor performance.  Consider joining all columns at once using pd.concat(axis=1) instead. To get a de-fragmented frame, use `newframe = frame.copy()`
  dataframe[f"dc_hi_{n}"] = dataframe["high"].rolling(n).max().shift(1)
/freqtrade/user_data/strategies/TrendVolTarget.py:50: PerformanceWarning: DataFrame is highly fragmented.  This is usually the result of calling `frame.insert` many times, which has poor performance.  Consider joining all columns at once using pd.concat(axis=1) instead. To get a de-fragmented frame, use `newframe = frame.copy()`
  dataframe[f"dc_hi_{n}"] = dataframe["high"].rolling(n).max().shift(1)
/freqtrade/user_data/strategies/TrendVolTarget.py:50: PerformanceWarning: DataFrame is highly fragmented.  This is usually the result of calling `frame.insert` many times, which has poor performance.  Consider joining all columns at once using pd.concat(axis=1) instead. To get a de-fragmented frame, use `newframe = frame.copy()`
  dataframe[f"dc_hi_{n}"] = dataframe["high"].rolling(n).max().shift(1)
/freqtrade/user_data/strategies/TrendVolTarget.py:50: PerformanceWarning: DataFrame is highly fragmented.  This is usually the result of calling `frame.insert` many times, which has poor performance.  Consider joining all columns at once using pd.concat(axis=1) instead. To get a de-fragmented frame, use `newframe = frame.copy()`
  dataframe[f"dc_hi_{n}"] = dataframe["high"].rolling(n).max().shift(1)
/freqtrade/user_data/strategies/TrendVolTarget.py:50: PerformanceWarning: DataFrame is highly fragmented.  This is usually the result of calling `frame.insert` many times, which has poor performance.  Consider joining all columns at once using pd.concat(axis=1) instead. To get a de-fragmented frame, use `newframe = frame.copy()`
  dataframe[f"dc_hi_{n}"] = dataframe["high"].rolling(n).max().shift(1)
/freqtrade/user_data/strategies/TrendVolTarget.py:50: PerformanceWarning: DataFrame is highly fragmented.  This is usually the result of calling `frame.insert` many times, which has poor performance.  Consider joining all columns at once using pd.concat(axis=1) instead. To get a de-fragmented frame, use `newframe = frame.copy()`
  dataframe[f"dc_hi_{n}"] = dataframe["high"].rolling(n).max().shift(1)
/freqtrade/user_data/strategies/TrendVolTarget.py:50: PerformanceWarning: DataFrame is highly fragmented.  This is usually the result of calling `frame.insert` many times, which has poor performance.  Consider joining all columns at once using pd.concat(axis=1) instead. To get a de-fragmented frame, use `newframe = frame.copy()`
  dataframe[f"dc_hi_{n}"] = dataframe["high"].rolling(n).max().shift(1)
/freqtrade/user_data/strategies/TrendVolTarget.py:50: PerformanceWarning: DataFrame is highly fragmented.  This is usually the result of calling `frame.insert` many times, which has poor performance.  Consider joining all columns at once using pd.concat(axis=1) instead. To get a de-fragmented frame, use `newframe = frame.copy()`
  dataframe[f"dc_hi_{n}"] = dataframe["high"].rolling(n).max().shift(1)
/freqtrade/user_data/strategies/TrendVolTarget.py:50: PerformanceWarning: DataFrame is highly fragmented.  This is usually the result of calling `frame.insert` many times, which has poor performance.  Consider joining all columns at once using pd.concat(axis=1) instead. To get a de-fragmented frame, use `newframe = frame.copy()`
  dataframe[f"dc_hi_{n}"] = dataframe["high"].rolling(n).max().shift(1)
/freqtrade/user_data/strategies/TrendVolTarget.py:50: PerformanceWarning: DataFrame is highly fragmented.  This is usually the result of calling `frame.insert` many times, which has poor performance.  Consider joining all columns at once using pd.concat(axis=1) instead. To get a de-fragmented frame, use `newframe = frame.copy()`
  dataframe[f"dc_hi_{n}"] = dataframe["high"].rolling(n).max().shift(1)
/freqtrade/user_data/strategies/TrendVolTarget.py:50: PerformanceWarning: DataFrame is highly fragmented.  This is usually the result of calling `frame.insert` many times, which has poor performance.  Consider joining all columns at once using pd.concat(axis=1) instead. To get a de-fragmented frame, use `newframe = frame.copy()`
  dataframe[f"dc_hi_{n}"] = dataframe["high"].rolling(n).max().shift(1)
/freqtrade/user_data/strategies/TrendVolTarget.py:50: PerformanceWarning: DataFrame is highly fragmented.  This is usually the result of calling `frame.insert` many times, which has poor performance.  Consider joining all columns at once using pd.concat(axis=1) instead. To get a de-fragmented frame, use `newframe = frame.copy()`
  dataframe[f"dc_hi_{n}"] = dataframe["high"].rolling(n).max().shift(1)
/freqtrade/user_data/strategies/TrendVolTarget.py:53: PerformanceWarning: DataFrame is highly fragmented.  This is usually the result of calling `frame.insert` many times, which has poor performance.  Consider joining all columns at once using pd.concat(axis=1) instead. To get a de-fragmented frame, use `newframe = frame.copy()`
  dataframe["sma_f"] = ta.SMA(dataframe, timeperiod=60)
/freqtrade/user_data/strategies/TrendVolTarget.py:54: PerformanceWarning: DataFrame is highly fragmented.  This is usually the result of calling `frame.insert` many times, which has poor performance.  Consider joining all columns at once using pd.concat(axis=1) instead. To get a de-fragmented frame, use `newframe = frame.copy()`
  dataframe["sma_s"] = ta.SMA(dataframe, timeperiod=240)
/freqtrade/user_data/strategies/TrendVolTarget.py:56: PerformanceWarning: DataFrame is highly fragmented.  This is usually the result of calling `frame.insert` many times, which has poor performance.  Consider joining all columns at once using pd.concat(axis=1) instead. To get a de-fragmented frame, use `newframe = frame.copy()`
  dataframe["rvol"] = dataframe["close"].pct_change().rolling(90).std() * np.sqrt(6 * 365)
/freqtrade/user_data/strategies/TrendVolTarget.py:50: PerformanceWarning: DataFrame is highly fragmented.  This is usually the result of calling `frame.insert` many times, which has poor performance.  Consider joining all columns at once using pd.concat(axis=1) instead. To get a de-fragmented frame, use `newframe = frame.copy()`
  dataframe[f"dc_hi_{n}"] = dataframe["high"].rolling(n).max().shift(1)
/freqtrade/user_data/strategies/TrendVolTarget.py:50: PerformanceWarning: DataFrame is highly fragmented.  This is usually the result of calling `frame.insert` many times, which has poor performance.  Consider joining all columns at once using pd.concat(axis=1) instead. To get a de-fragmented frame, use `newframe = frame.copy()`
  dataframe[f"dc_hi_{n}"] = dataframe["high"].rolling(n).max().shift(1)
/freqtrade/user_data/strategies/TrendVolTarget.py:50: PerformanceWarning: DataFrame is highly fragmented.  This is usually the result of calling `frame.insert` many times, which has poor performance.  Consider joining all columns at once using pd.concat(axis=1) instead. To get a de-fragmented frame, use `newframe = frame.copy()`
  dataframe[f"dc_hi_{n}"] = dataframe["high"].rolling(n).max().shift(1)
/freqtrade/user_data/strategies/TrendVolTarget.py:50: PerformanceWarning: DataFrame is highly fragmented.  This is usually the result of calling `frame.insert` many times, which has poor performance.  Consider joining all columns at once using pd.concat(axis=1) instead. To get a de-fragmented frame, use `newframe = frame.copy()`
  dataframe[f"dc_hi_{n}"] = dataframe["high"].rolling(n).max().shift(1)
/freqtrade/user_data/strategies/TrendVolTarget.py:50: PerformanceWarning: DataFrame is highly fragmented.  This is usually the result of calling `frame.insert` many times, which has poor performance.  Consider joining all columns at once using pd.concat(axis=1) instead. To get a de-fragmented frame, use `newframe = frame.copy()`
  dataframe[f"dc_hi_{n}"] = dataframe["high"].rolling(n).max().shift(1)
/freqtrade/user_data/strategies/TrendVolTarget.py:50: PerformanceWarning: DataFrame is highly fragmented.  This is usually the result of calling `frame.insert` many times, which has poor performance.  Consider joining all columns at once using pd.concat(axis=1) instead. To get a de-fragmented frame, use `newframe = frame.copy()`
  dataframe[f"dc_hi_{n}"] = dataframe["high"].rolling(n).max().shift(1)
/freqtrade/user_data/strategies/TrendVolTarget.py:50: PerformanceWarning: DataFrame is highly fragmented.  This is usually the result of calling `frame.insert` many times, which has poor performance.  Consider joining all columns at once using pd.concat(axis=1) instead. To get a de-fragmented frame, use `newframe = frame.copy()`
  dataframe[f"dc_hi_{n}"] = dataframe["high"].rolling(n).max().shift(1)
/freqtrade/user_data/strategies/TrendVolTarget.py:50: PerformanceWarning: DataFrame is highly fragmented.  This is usually the result of calling `frame.insert` many times, which has poor performance.  Consider joining all columns at once using pd.concat(axis=1) instead. To get a de-fragmented frame, use `newframe = frame.copy()`
  dataframe[f"dc_hi_{n}"] = dataframe["high"].rolling(n).max().shift(1)
/freqtrade/user_data/strategies/TrendVolTarget.py:50: PerformanceWarning: DataFrame is highly fragmented.  This is usually the result of calling `frame.insert` many times, which has poor performance.  Consider joining all columns at once using pd.concat(axis=1) instead. To get a de-fragmented frame, use `newframe = frame.copy()`
  dataframe[f"dc_hi_{n}"] = dataframe["high"].rolling(n).max().shift(1)
/freqtrade/user_data/strategies/TrendVolTarget.py:50: PerformanceWarning: DataFrame is highly fragmented.  This is usually the result of calling `frame.insert` many times, which has poor performance.  Consider joining all columns at once using pd.concat(axis=1) instead. To get a de-fragmented frame, use `newframe = frame.copy()`
  dataframe[f"dc_hi_{n}"] = dataframe["high"].rolling(n).max().shift(1)
/freqtrade/user_data/strategies/TrendVolTarget.py:50: PerformanceWarning: DataFrame is highly fragmented.  This is usually the result of calling `frame.insert` many times, which has poor performance.  Consider joining all columns at once using pd.concat(axis=1) instead. To get a de-fragmented frame, use `newframe = frame.copy()`
  dataframe[f"dc_hi_{n}"] = dataframe["high"].rolling(n).max().shift(1)
/freqtrade/user_data/strategies/TrendVolTarget.py:50: PerformanceWarning: DataFrame is highly fragmented.  This is usually the result of calling `frame.insert` many times, which has poor performance.  Consider joining all columns at once using pd.concat(axis=1) instead. To get a de-fragmented frame, use `newframe = frame.copy()`
  dataframe[f"dc_hi_{n}"] = dataframe["high"].rolling(n).max().shift(1)
/freqtrade/user_data/strategies/TrendVolTarget.py:50: PerformanceWarning: DataFrame is highly fragmented.  This is usually the result of calling `frame.insert` many times, which has poor performance.  Consider joining all columns at once using pd.concat(axis=1) instead. To get a de-fragmented frame, use `newframe = frame.copy()`
  dataframe[f"dc_hi_{n}"] = dataframe["high"].rolling(n).max().shift(1)
/freqtrade/user_data/strategies/TrendVolTarget.py:50: PerformanceWarning: DataFrame is highly fragmented.  This is usually the result of calling `frame.insert` many times, which has poor performance.  Consider joining all columns at once using pd.concat(axis=1) instead. To get a de-fragmented frame, use `newframe = frame.copy()`
  dataframe[f"dc_hi_{n}"] = dataframe["high"].rolling(n).max().shift(1)
/freqtrade/user_data/strategies/TrendVolTarget.py:50: PerformanceWarning: DataFrame is highly fragmented.  This is usually the result of calling `frame.insert` many times, which has poor performance.  Consider joining all columns at once using pd.concat(axis=1) instead. To get a de-fragmented frame, use `newframe = frame.copy()`
  dataframe[f"dc_hi_{n}"] = dataframe["high"].rolling(n).max().shift(1)
/freqtrade/user_data/strategies/TrendVolTarget.py:50: PerformanceWarning: DataFrame is highly fragmented.  This is usually the result of calling `frame.insert` many times, which has poor performance.  Consider joining all columns at once using pd.concat(axis=1) instead. To get a de-fragmented frame, use `newframe = frame.copy()`
  dataframe[f"dc_hi_{n}"] = dataframe["high"].rolling(n).max().shift(1)
/freqtrade/user_data/strategies/TrendVolTarget.py:50: PerformanceWarning: DataFrame is highly fragmented.  This is usually the result of calling `frame.insert` many times, which has poor performance.  Consider joining all columns at once using pd.concat(axis=1) instead. To get a de-fragmented frame, use `newframe = frame.copy()`
  dataframe[f"dc_hi_{n}"] = dataframe["high"].rolling(n).max().shift(1)
/freqtrade/user_data/strategies/TrendVolTarget.py:50: PerformanceWarning: DataFrame is highly fragmented.  This is usually the result of calling `frame.insert` many times, which has poor performance.  Consider joining all columns at once using pd.concat(axis=1) instead. To get a de-fragmented frame, use `newframe = frame.copy()`
  dataframe[f"dc_hi_{n}"] = dataframe["high"].rolling(n).max().shift(1)
/freqtrade/user_data/strategies/TrendVolTarget.py:50: PerformanceWarning: DataFrame is highly fragmented.  This is usually the result of calling `frame.insert` many times, which has poor performance.  Consider joining all columns at once using pd.concat(axis=1) instead. To get a de-fragmented frame, use `newframe = frame.copy()`
  dataframe[f"dc_hi_{n}"] = dataframe["high"].rolling(n).max().shift(1)
/freqtrade/user_data/strategies/TrendVolTarget.py:50: PerformanceWarning: DataFrame is highly fragmented.  This is usually the result of calling `frame.insert` many times, which has poor performance.  Consider joining all columns at once using pd.concat(axis=1) instead. To get a de-fragmented frame, use `newframe = frame.copy()`
  dataframe[f"dc_hi_{n}"] = dataframe["high"].rolling(n).max().shift(1)
/freqtrade/user_data/strategies/TrendVolTarget.py:50: PerformanceWarning: DataFrame is highly fragmented.  This is usually the result of calling `frame.insert` many times, which has poor performance.  Consider joining all columns at once using pd.concat(axis=1) instead. To get a de-fragmented frame, use `newframe = frame.copy()`
  dataframe[f"dc_hi_{n}"] = dataframe["high"].rolling(n).max().shift(1)
/freqtrade/user_data/strategies/TrendVolTarget.py:50: PerformanceWarning: DataFrame is highly fragmented.  This is usually the result of calling `frame.insert` many times, which has poor performance.  Consider joining all columns at once using pd.concat(axis=1) instead. To get a de-fragmented frame, use `newframe = frame.copy()`
  dataframe[f"dc_hi_{n}"] = dataframe["high"].rolling(n).max().shift(1)
/freqtrade/user_data/strategies/TrendVolTarget.py:50: PerformanceWarning: DataFrame is highly fragmented.  This is usually the result of calling `frame.insert` many times, which has poor performance.  Consider joining all columns at once using pd.concat(axis=1) instead. To get a de-fragmented frame, use `newframe = frame.copy()`
  dataframe[f"dc_hi_{n}"] = dataframe["high"].rolling(n).max().shift(1)
/freqtrade/user_data/strategies/TrendVolTarget.py:50: PerformanceWarning: DataFrame is highly fragmented.  This is usually the result of calling `frame.insert` many times, which has poor performance.  Consider joining all columns at once using pd.concat(axis=1) instead. To get a de-fragmented frame, use `newframe = frame.copy()`
  dataframe[f"dc_hi_{n}"] = dataframe["high"].rolling(n).max().shift(1)
/freqtrade/user_data/strategies/TrendVolTarget.py:50: PerformanceWarning: DataFrame is highly fragmented.  This is usually the result of calling `frame.insert` many times, which has poor performance.  Consider joining all columns at once using pd.concat(axis=1) instead. To get a de-fragmented frame, use `newframe = frame.copy()`
  dataframe[f"dc_hi_{n}"] = dataframe["high"].rolling(n).max().shift(1)
/freqtrade/user_data/strategies/TrendVolTarget.py:50: PerformanceWarning: DataFrame is highly fragmented.  This is usually the result of calling `frame.insert` many times, which has poor performance.  Consider joining all columns at once using pd.concat(axis=1) instead. To get a de-fragmented frame, use `newframe = frame.copy()`
  dataframe[f"dc_hi_{n}"] = dataframe["high"].rolling(n).max().shift(1)
/freqtrade/user_data/strategies/TrendVolTarget.py:50: PerformanceWarning: DataFrame is highly fragmented.  This is usually the result of calling `frame.insert` many times, which has poor performance.  Consider joining all columns at once using pd.concat(axis=1) instead. To get a de-fragmented frame, use `newframe = frame.copy()`
  dataframe[f"dc_hi_{n}"] = dataframe["high"].rolling(n).max().shift(1)
/freqtrade/user_data/strategies/TrendVolTarget.py:50: PerformanceWarning: DataFrame is highly fragmented.  This is usually the result of calling `frame.insert` many times, which has poor performance.  Consider joining all columns at once using pd.concat(axis=1) instead. To get a de-fragmented frame, use `newframe = frame.copy()`
  dataframe[f"dc_hi_{n}"] = dataframe["high"].rolling(n).max().shift(1)
/freqtrade/user_data/strategies/TrendVolTarget.py:50: PerformanceWarning: DataFrame is highly fragmented.  This is usually the result of calling `frame.insert` many times, which has poor performance.  Consider joining all columns at once using pd.concat(axis=1) instead. To get a de-fragmented frame, use `newframe = frame.copy()`
  dataframe[f"dc_hi_{n}"] = dataframe["high"].rolling(n).max().shift(1)
/freqtrade/user_data/strategies/TrendVolTarget.py:50: PerformanceWarning: DataFrame is highly fragmented.  This is usually the result of calling `frame.insert` many times, which has poor performance.  Consider joining all columns at once using pd.concat(axis=1) instead. To get a de-fragmented frame, use `newframe = frame.copy()`
  dataframe[f"dc_hi_{n}"] = dataframe["high"].rolling(n).max().shift(1)
/freqtrade/user_data/strategies/TrendVolTarget.py:50: PerformanceWarning: DataFrame is highly fragmented.  This is usually the result of calling `frame.insert` many times, which has poor performance.  Consider joining all columns at once using pd.concat(axis=1) instead. To get a de-fragmented frame, use `newframe = frame.copy()`
  dataframe[f"dc_hi_{n}"] = dataframe["high"].rolling(n).max().shift(1)
/freqtrade/user_data/strategies/TrendVolTarget.py:50: PerformanceWarning: DataFrame is highly fragmented.  This is usually the result of calling `frame.insert` many times, which has poor performance.  Consider joining all columns at once using pd.concat(axis=1) instead. To get a de-fragmented frame, use `newframe = frame.copy()`
  dataframe[f"dc_hi_{n}"] = dataframe["high"].rolling(n).max().shift(1)
/freqtrade/user_data/strategies/TrendVolTarget.py:50: PerformanceWarning: DataFrame is highly fragmented.  This is usually the result of calling `frame.insert` many times, which has poor performance.  Consider joining all columns at once using pd.concat(axis=1) instead. To get a de-fragmented frame, use `newframe = frame.copy()`
  dataframe[f"dc_hi_{n}"] = dataframe["high"].rolling(n).max().shift(1)
/freqtrade/user_data/strategies/TrendVolTarget.py:50: PerformanceWarning: DataFrame is highly fragmented.  This is usually the result of calling `frame.insert` many times, which has poor performance.  Consider joining all columns at once using pd.concat(axis=1) instead. To get a de-fragmented frame, use `newframe = frame.copy()`
  dataframe[f"dc_hi_{n}"] = dataframe["high"].rolling(n).max().shift(1)
/freqtrade/user_data/strategies/TrendVolTarget.py:50: PerformanceWarning: DataFrame is highly fragmented.  This is usually the result of calling `frame.insert` many times, which has poor performance.  Consider joining all columns at once using pd.concat(axis=1) instead. To get a de-fragmented frame, use `newframe = frame.copy()`
  dataframe[f"dc_hi_{n}"] = dataframe["high"].rolling(n).max().shift(1)
/freqtrade/user_data/strategies/TrendVolTarget.py:50: PerformanceWarning: DataFrame is highly fragmented.  This is usually the result of calling `frame.insert` many times, which has poor performance.  Consider joining all columns at once using pd.concat(axis=1) instead. To get a de-fragmented frame, use `newframe = frame.copy()`
  dataframe[f"dc_hi_{n}"] = dataframe["high"].rolling(n).max().shift(1)
/freqtrade/user_data/strategies/TrendVolTarget.py:50: PerformanceWarning: DataFrame is highly fragmented.  This is usually the result of calling `frame.insert` many times, which has poor performance.  Consider joining all columns at once using pd.concat(axis=1) instead. To get a de-fragmented frame, use `newframe = frame.copy()`
  dataframe[f"dc_hi_{n}"] = dataframe["high"].rolling(n).max().shift(1)
/freqtrade/user_data/strategies/TrendVolTarget.py:50: PerformanceWarning: DataFrame is highly fragmented.  This is usually the result of calling `frame.insert` many times, which has poor performance.  Consider joining all columns at once using pd.concat(axis=1) instead. To get a de-fragmented frame, use `newframe = frame.copy()`
  dataframe[f"dc_hi_{n}"] = dataframe["high"].rolling(n).max().shift(1)
/freqtrade/user_data/strategies/TrendVolTarget.py:50: PerformanceWarning: DataFrame is highly fragmented.  This is usually the result of calling `frame.insert` many times, which has poor performance.  Consider joining all columns at once using pd.concat(axis=1) instead. To get a de-fragmented frame, use `newframe = frame.copy()`
  dataframe[f"dc_hi_{n}"] = dataframe["high"].rolling(n).max().shift(1)
/freqtrade/user_data/strategies/TrendVolTarget.py:50: PerformanceWarning: DataFrame is highly fragmented.  This is usually the result of calling `frame.insert` many times, which has poor performance.  Consider joining all columns at once using pd.concat(axis=1) instead. To get a de-fragmented frame, use `newframe = frame.copy()`
  dataframe[f"dc_hi_{n}"] = dataframe["high"].rolling(n).max().shift(1)
/freqtrade/user_data/strategies/TrendVolTarget.py:50: PerformanceWarning: DataFrame is highly fragmented.  This is usually the result of calling `frame.insert` many times, which has poor performance.  Consider joining all columns at once using pd.concat(axis=1) instead. To get a de-fragmented frame, use `newframe = frame.copy()`
  dataframe[f"dc_hi_{n}"] = dataframe["high"].rolling(n).max().shift(1)
/freqtrade/user_data/strategies/TrendVolTarget.py:50: PerformanceWarning: DataFrame is highly fragmented.  This is usually the result of calling `frame.insert` many times, which has poor performance.  Consider joining all columns at once using pd.concat(axis=1) instead. To get a de-fragmented frame, use `newframe = frame.copy()`
  dataframe[f"dc_hi_{n}"] = dataframe["high"].rolling(n).max().shift(1)
/freqtrade/user_data/strategies/TrendVolTarget.py:50: PerformanceWarning: DataFrame is highly fragmented.  This is usually the result of calling `frame.insert` many times, which has poor performance.  Consider joining all columns at once using pd.concat(axis=1) instead. To get a de-fragmented frame, use `newframe = frame.copy()`
  dataframe[f"dc_hi_{n}"] = dataframe["high"].rolling(n).max().shift(1)
/freqtrade/user_data/strategies/TrendVolTarget.py:50: PerformanceWarning: DataFrame is highly fragmented.  This is usually the result of calling `frame.insert` many times, which has poor performance.  Consider joining all columns at once using pd.concat(axis=1) instead. To get a de-fragmented frame, use `newframe = frame.copy()`
  dataframe[f"dc_hi_{n}"] = dataframe["high"].rolling(n).max().shift(1)
/freqtrade/user_data/strategies/TrendVolTarget.py:50: PerformanceWarning: DataFrame is highly fragmented.  This is usually the result of calling `frame.insert` many times, which has poor performance.  Consider joining all columns at once using pd.concat(axis=1) instead. To get a de-fragmented frame, use `newframe = frame.copy()`
  dataframe[f"dc_hi_{n}"] = dataframe["high"].rolling(n).max().shift(1)
/freqtrade/user_data/strategies/TrendVolTarget.py:50: PerformanceWarning: DataFrame is highly fragmented.  This is usually the result of calling `frame.insert` many times, which has poor performance.  Consider joining all columns at once using pd.concat(axis=1) instead. To get a de-fragmented frame, use `newframe = frame.copy()`
  dataframe[f"dc_hi_{n}"] = dataframe["high"].rolling(n).max().shift(1)
/freqtrade/user_data/strategies/TrendVolTarget.py:50: PerformanceWarning: DataFrame is highly fragmented.  This is usually the result of calling `frame.insert` many times, which has poor performance.  Consider joining all columns at once using pd.concat(axis=1) instead. To get a de-fragmented frame, use `newframe = frame.copy()`
  dataframe[f"dc_hi_{n}"] = dataframe["high"].rolling(n).max().shift(1)
/freqtrade/user_data/strategies/TrendVolTarget.py:50: PerformanceWarning: DataFrame is highly fragmented.  This is usually the result of calling `frame.insert` many times, which has poor performance.  Consider joining all columns at once using pd.concat(axis=1) instead. To get a de-fragmented frame, use `newframe = frame.copy()`
  dataframe[f"dc_hi_{n}"] = dataframe["high"].rolling(n).max().shift(1)
/freqtrade/user_data/strategies/TrendVolTarget.py:50: PerformanceWarning: DataFrame is highly fragmented.  This is usually the result of calling `frame.insert` many times, which has poor performance.  Consider joining all columns at once using pd.concat(axis=1) instead. To get a de-fragmented frame, use `newframe = frame.copy()`
  dataframe[f"dc_hi_{n}"] = dataframe["high"].rolling(n).max().shift(1)
/freqtrade/user_data/strategies/TrendVolTarget.py:50: PerformanceWarning: DataFrame is highly fragmented.  This is usually the result of calling `frame.insert` many times, which has poor performance.  Consider joining all columns at once using pd.concat(axis=1) instead. To get a de-fragmented frame, use `newframe = frame.copy()`
  dataframe[f"dc_hi_{n}"] = dataframe["high"].rolling(n).max().shift(1)
/freqtrade/user_data/strategies/TrendVolTarget.py:50: PerformanceWarning: DataFrame is highly fragmented.  This is usually the result of calling `frame.insert` many times, which has poor performance.  Consider joining all columns at once using pd.concat(axis=1) instead. To get a de-fragmented frame, use `newframe = frame.copy()`
  dataframe[f"dc_hi_{n}"] = dataframe["high"].rolling(n).max().shift(1)
/freqtrade/user_data/strategies/TrendVolTarget.py:50: PerformanceWarning: DataFrame is highly fragmented.  This is usually the result of calling `frame.insert` many times, which has poor performance.  Consider joining all columns at once using pd.concat(axis=1) instead. To get a de-fragmented frame, use `newframe = frame.copy()`
  dataframe[f"dc_hi_{n}"] = dataframe["high"].rolling(n).max().shift(1)
/freqtrade/user_data/strategies/TrendVolTarget.py:50: PerformanceWarning: DataFrame is highly fragmented.  This is usually the result of calling `frame.insert` many times, which has poor performance.  Consider joining all columns at once using pd.concat(axis=1) instead. To get a de-fragmented frame, use `newframe = frame.copy()`
  dataframe[f"dc_hi_{n}"] = dataframe["high"].rolling(n).max().shift(1)
/freqtrade/user_data/strategies/TrendVolTarget.py:50: PerformanceWarning: DataFrame is highly fragmented.  This is usually the result of calling `frame.insert` many times, which has poor performance.  Consider joining all columns at once using pd.concat(axis=1) instead. To get a de-fragmented frame, use `newframe = frame.copy()`
  dataframe[f"dc_hi_{n}"] = dataframe["high"].rolling(n).max().shift(1)
/freqtrade/user_data/strategies/TrendVolTarget.py:50: PerformanceWarning: DataFrame is highly fragmented.  This is usually the result of calling `frame.insert` many times, which has poor performance.  Consider joining all columns at once using pd.concat(axis=1) instead. To get a de-fragmented frame, use `newframe = frame.copy()`
  dataframe[f"dc_hi_{n}"] = dataframe["high"].rolling(n).max().shift(1)
/freqtrade/user_data/strategies/TrendVolTarget.py:50: PerformanceWarning: DataFrame is highly fragmented.  This is usually the result of calling `frame.insert` many times, which has poor performance.  Consider joining all columns at once using pd.concat(axis=1) instead. To get a de-fragmented frame, use `newframe = frame.copy()`
  dataframe[f"dc_hi_{n}"] = dataframe["high"].rolling(n).max().shift(1)
/freqtrade/user_data/strategies/TrendVolTarget.py:50: PerformanceWarning: DataFrame is highly fragmented.  This is usually the result of calling `frame.insert` many times, which has poor performance.  Consider joining all columns at once using pd.concat(axis=1) instead. To get a de-fragmented frame, use `newframe = frame.copy()`
  dataframe[f"dc_hi_{n}"] = dataframe["high"].rolling(n).max().shift(1)
/freqtrade/user_data/strategies/TrendVolTarget.py:50: PerformanceWarning: DataFrame is highly fragmented.  This is usually the result of calling `frame.insert` many times, which has poor performance.  Consider joining all columns at once using pd.concat(axis=1) instead. To get a de-fragmented frame, use `newframe = frame.copy()`
  dataframe[f"dc_hi_{n}"] = dataframe["high"].rolling(n).max().shift(1)
/freqtrade/user_data/strategies/TrendVolTarget.py:50: PerformanceWarning: DataFrame is highly fragmented.  This is usually the result of calling `frame.insert` many times, which has poor performance.  Consider joining all columns at once using pd.concat(axis=1) instead. To get a de-fragmented frame, use `newframe = frame.copy()`
  dataframe[f"dc_hi_{n}"] = dataframe["high"].rolling(n).max().shift(1)
/freqtrade/user_data/strategies/TrendVolTarget.py:50: PerformanceWarning: DataFrame is highly fragmented.  This is usually the result of calling `frame.insert` many times, which has poor performance.  Consider joining all columns at once using pd.concat(axis=1) instead. To get a de-fragmented frame, use `newframe = frame.copy()`
  dataframe[f"dc_hi_{n}"] = dataframe["high"].rolling(n).max().shift(1)
/freqtrade/user_data/strategies/TrendVolTarget.py:50: PerformanceWarning: DataFrame is highly fragmented.  This is usually the result of calling `frame.insert` many times, which has poor performance.  Consider joining all columns at once using pd.concat(axis=1) instead. To get a de-fragmented frame, use `newframe = frame.copy()`
  dataframe[f"dc_hi_{n}"] = dataframe["high"].rolling(n).max().shift(1)
/freqtrade/user_data/strategies/TrendVolTarget.py:50: PerformanceWarning: DataFrame is highly fragmented.  This is usually the result of calling `frame.insert` many times, which has poor performance.  Consider joining all columns at once using pd.concat(axis=1) instead. To get a de-fragmented frame, use `newframe = frame.copy()`
  dataframe[f"dc_hi_{n}"] = dataframe["high"].rolling(n).max().shift(1)
/freqtrade/user_data/strategies/TrendVolTarget.py:50: PerformanceWarning: DataFrame is highly fragmented.  This is usually the result of calling `frame.insert` many times, which has poor performance.  Consider joining all columns at once using pd.concat(axis=1) instead. To get a de-fragmented frame, use `newframe = frame.copy()`
  dataframe[f"dc_hi_{n}"] = dataframe["high"].rolling(n).max().shift(1)
/freqtrade/user_data/strategies/TrendVolTarget.py:50: PerformanceWarning: DataFrame is highly fragmented.  This is usually the result of calling `frame.insert` many times, which has poor performance.  Consider joining all columns at once using pd.concat(axis=1) instead. To get a de-fragmented frame, use `newframe = frame.copy()`
  dataframe[f"dc_hi_{n}"] = dataframe["high"].rolling(n).max().shift(1)
/freqtrade/user_data/strategies/TrendVolTarget.py:50: PerformanceWarning: DataFrame is highly fragmented.  This is usually the result of calling `frame.insert` many times, which has poor performance.  Consider joining all columns at once using pd.concat(axis=1) instead. To get a de-fragmented frame, use `newframe = frame.copy()`
  dataframe[f"dc_hi_{n}"] = dataframe["high"].rolling(n).max().shift(1)
/freqtrade/user_data/strategies/TrendVolTarget.py:50: PerformanceWarning: DataFrame is highly fragmented.  This is usually the result of calling `frame.insert` many times, which has poor performance.  Consider joining all columns at once using pd.concat(axis=1) instead. To get a de-fragmented frame, use `newframe = frame.copy()`
  dataframe[f"dc_hi_{n}"] = dataframe["high"].rolling(n).max().shift(1)
/freqtrade/user_data/strategies/TrendVolTarget.py:50: PerformanceWarning: DataFrame is highly fragmented.  This is usually the result of calling `frame.insert` many times, which has poor performance.  Consider joining all columns at once using pd.concat(axis=1) instead. To get a de-fragmented frame, use `newframe = frame.copy()`
  dataframe[f"dc_hi_{n}"] = dataframe["high"].rolling(n).max().shift(1)
/freqtrade/user_data/strategies/TrendVolTarget.py:50: PerformanceWarning: DataFrame is highly fragmented.  This is usually the result of calling `frame.insert` many times, which has poor performance.  Consider joining all columns at once using pd.concat(axis=1) instead. To get a de-fragmented frame, use `newframe = frame.copy()`
  dataframe[f"dc_hi_{n}"] = dataframe["high"].rolling(n).max().shift(1)
/freqtrade/user_data/strategies/TrendVolTarget.py:50: PerformanceWarning: DataFrame is highly fragmented.  This is usually the result of calling `frame.insert` many times, which has poor performance.  Consider joining all columns at once using pd.concat(axis=1) instead. To get a de-fragmented frame, use `newframe = frame.copy()`
  dataframe[f"dc_hi_{n}"] = dataframe["high"].rolling(n).max().shift(1)
/freqtrade/user_data/strategies/TrendVolTarget.py:50: PerformanceWarning: DataFrame is highly fragmented.  This is usually the result of calling `frame.insert` many times, which has poor performance.  Consider joining all columns at once using pd.concat(axis=1) instead. To get a de-fragmented frame, use `newframe = frame.copy()`
  dataframe[f"dc_hi_{n}"] = dataframe["high"].rolling(n).max().shift(1)
/freqtrade/user_data/strategies/TrendVolTarget.py:50: PerformanceWarning: DataFrame is highly fragmented.  This is usually the result of calling `frame.insert` many times, which has poor performance.  Consider joining all columns at once using pd.concat(axis=1) instead. To get a de-fragmented frame, use `newframe = frame.copy()`
  dataframe[f"dc_hi_{n}"] = dataframe["high"].rolling(n).max().shift(1)
/freqtrade/user_data/strategies/TrendVolTarget.py:50: PerformanceWarning: DataFrame is highly fragmented.  This is usually the result of calling `frame.insert` many times, which has poor performance.  Consider joining all columns at once using pd.concat(axis=1) instead. To get a de-fragmented frame, use `newframe = frame.copy()`
  dataframe[f"dc_hi_{n}"] = dataframe["high"].rolling(n).max().shift(1)
/freqtrade/user_data/strategies/TrendVolTarget.py:50: PerformanceWarning: DataFrame is highly fragmented.  This is usually the result of calling `frame.insert` many times, which has poor performance.  Consider joining all columns at once using pd.concat(axis=1) instead. To get a de-fragmented frame, use `newframe = frame.copy()`
  dataframe[f"dc_hi_{n}"] = dataframe["high"].rolling(n).max().shift(1)
/freqtrade/user_data/strategies/TrendVolTarget.py:50: PerformanceWarning: DataFrame is highly fragmented.  This is usually the result of calling `frame.insert` many times, which has poor performance.  Consider joining all columns at once using pd.concat(axis=1) instead. To get a de-fragmented frame, use `newframe = frame.copy()`
  dataframe[f"dc_hi_{n}"] = dataframe["high"].rolling(n).max().shift(1)
/freqtrade/user_data/strategies/TrendVolTarget.py:50: PerformanceWarning: DataFrame is highly fragmented.  This is usually the result of calling `frame.insert` many times, which has poor performance.  Consider joining all columns at once using pd.concat(axis=1) instead. To get a de-fragmented frame, use `newframe = frame.copy()`
  dataframe[f"dc_hi_{n}"] = dataframe["high"].rolling(n).max().shift(1)
/freqtrade/user_data/strategies/TrendVolTarget.py:50: PerformanceWarning: DataFrame is highly fragmented.  This is usually the result of calling `frame.insert` many times, which has poor performance.  Consider joining all columns at once using pd.concat(axis=1) instead. To get a de-fragmented frame, use `newframe = frame.copy()`
  dataframe[f"dc_hi_{n}"] = dataframe["high"].rolling(n).max().shift(1)
/freqtrade/user_data/strategies/TrendVolTarget.py:50: PerformanceWarning: DataFrame is highly fragmented.  This is usually the result of calling `frame.insert` many times, which has poor performance.  Consider joining all columns at once using pd.concat(axis=1) instead. To get a de-fragmented frame, use `newframe = frame.copy()`
  dataframe[f"dc_hi_{n}"] = dataframe["high"].rolling(n).max().shift(1)
/freqtrade/user_data/strategies/TrendVolTarget.py:50: PerformanceWarning: DataFrame is highly fragmented.  This is usually the result of calling `frame.insert` many times, which has poor performance.  Consider joining all columns at once using pd.concat(axis=1) instead. To get a de-fragmented frame, use `newframe = frame.copy()`
  dataframe[f"dc_hi_{n}"] = dataframe["high"].rolling(n).max().shift(1)
/freqtrade/user_data/strategies/TrendVolTarget.py:50: PerformanceWarning: DataFrame is highly fragmented.  This is usually the result of calling `frame.insert` many times, which has poor performance.  Consider joining all columns at once using pd.concat(axis=1) instead. To get a de-fragmented frame, use `newframe = frame.copy()`
  dataframe[f"dc_hi_{n}"] = dataframe["high"].rolling(n).max().shift(1)
/freqtrade/user_data/strategies/TrendVolTarget.py:50: PerformanceWarning: DataFrame is highly fragmented.  This is usually the result of calling `frame.insert` many times, which has poor performance.  Consider joining all columns at once using pd.concat(axis=1) instead. To get a de-fragmented frame, use `newframe = frame.copy()`
  dataframe[f"dc_hi_{n}"] = dataframe["high"].rolling(n).max().shift(1)
/freqtrade/user_data/strategies/TrendVolTarget.py:50: PerformanceWarning: DataFrame is highly fragmented.  This is usually the result of calling `frame.insert` many times, which has poor performance.  Consider joining all columns at once using pd.concat(axis=1) instead. To get a de-fragmented frame, use `newframe = frame.copy()`
  dataframe[f"dc_hi_{n}"] = dataframe["high"].rolling(n).max().shift(1)
/freqtrade/user_data/strategies/TrendVolTarget.py:50: PerformanceWarning: DataFrame is highly fragmented.  This is usually the result of calling `frame.insert` many times, which has poor performance.  Consider joining all columns at once using pd.concat(axis=1) instead. To get a de-fragmented frame, use `newframe = frame.copy()`
  dataframe[f"dc_hi_{n}"] = dataframe["high"].rolling(n).max().shift(1)
/freqtrade/user_data/strategies/TrendVolTarget.py:50: PerformanceWarning: DataFrame is highly fragmented.  This is usually the result of calling `frame.insert` many times, which has poor performance.  Consider joining all columns at once using pd.concat(axis=1) instead. To get a de-fragmented frame, use `newframe = frame.copy()`
  dataframe[f"dc_hi_{n}"] = dataframe["high"].rolling(n).max().shift(1)
/freqtrade/user_data/strategies/TrendVolTarget.py:50: PerformanceWarning: DataFrame is highly fragmented.  This is usually the result of calling `frame.insert` many times, which has poor performance.  Consider joining all columns at once using pd.concat(axis=1) instead. To get a de-fragmented frame, use `newframe = frame.copy()`
  dataframe[f"dc_hi_{n}"] = dataframe["high"].rolling(n).max().shift(1)
/freqtrade/user_data/strategies/TrendVolTarget.py:50: PerformanceWarning: DataFrame is highly fragmented.  This is usually the result of calling `frame.insert` many times, which has poor performance.  Consider joining all columns at once using pd.concat(axis=1) instead. To get a de-fragmented frame, use `newframe = frame.copy()`
  dataframe[f"dc_hi_{n}"] = dataframe["high"].rolling(n).max().shift(1)
/freqtrade/user_data/strategies/TrendVolTarget.py:53: PerformanceWarning: DataFrame is highly fragmented.  This is usually the result of calling `frame.insert` many times, which has poor performance.  Consider joining all columns at once using pd.concat(axis=1) instead. To get a de-fragmented frame, use `newframe = frame.copy()`
  dataframe["sma_f"] = ta.SMA(dataframe, timeperiod=60)
/freqtrade/user_data/strategies/TrendVolTarget.py:54: PerformanceWarning: DataFrame is highly fragmented.  This is usually the result of calling `frame.insert` many times, which has poor performance.  Consider joining all columns at once using pd.concat(axis=1) instead. To get a de-fragmented frame, use `newframe = frame.copy()`
  dataframe["sma_s"] = ta.SMA(dataframe, timeperiod=240)
/freqtrade/user_data/strategies/TrendVolTarget.py:56: PerformanceWarning: DataFrame is highly fragmented.  This is usually the result of calling `frame.insert` many times, which has poor performance.  Consider joining all columns at once using pd.concat(axis=1) instead. To get a de-fragmented frame, use `newframe = frame.copy()`
  dataframe["rvol"] = dataframe["close"].pct_change().rolling(90).std() * np.sqrt(6 * 365)
/freqtrade/user_data/strategies/TrendVolTarget.py:50: PerformanceWarning: DataFrame is highly fragmented.  This is usually the result of calling `frame.insert` many times, which has poor performance.  Consider joining all columns at once using pd.concat(axis=1) instead. To get a de-fragmented frame, use `newframe = frame.copy()`
  dataframe[f"dc_hi_{n}"] = dataframe["high"].rolling(n).max().shift(1)
/freqtrade/user_data/strategies/TrendVolTarget.py:50: PerformanceWarning: DataFrame is highly fragmented.  This is usually the result of calling `frame.insert` many times, which has poor performance.  Consider joining all columns at once using pd.concat(axis=1) instead. To get a de-fragmented frame, use `newframe = frame.copy()`
  dataframe[f"dc_hi_{n}"] = dataframe["high"].rolling(n).max().shift(1)
/freqtrade/user_data/strategies/TrendVolTarget.py:50: PerformanceWarning: DataFrame is highly fragmented.  This is usually the result of calling `frame.insert` many times, which has poor performance.  Consider joining all columns at once using pd.concat(axis=1) instead. To get a de-fragmented frame, use `newframe = frame.copy()`
  dataframe[f"dc_hi_{n}"] = dataframe["high"].rolling(n).max().shift(1)
/freqtrade/user_data/strategies/TrendVolTarget.py:50: PerformanceWarning: DataFrame is highly fragmented.  This is usually the result of calling `frame.insert` many times, which has poor performance.  Consider joining all columns at once using pd.concat(axis=1) instead. To get a de-fragmented frame, use `newframe = frame.copy()`
  dataframe[f"dc_hi_{n}"] = dataframe["high"].rolling(n).max().shift(1)
/freqtrade/user_data/strategies/TrendVolTarget.py:50: PerformanceWarning: DataFrame is highly fragmented.  This is usually the result of calling `frame.insert` many times, which has poor performance.  Consider joining all columns at once using pd.concat(axis=1) instead. To get a de-fragmented frame, use `newframe = frame.copy()`
  dataframe[f"dc_hi_{n}"] = dataframe["high"].rolling(n).max().shift(1)
/freqtrade/user_data/strategies/TrendVolTarget.py:50: PerformanceWarning: DataFrame is highly fragmented.  This is usually the result of calling `frame.insert` many times, which has poor performance.  Consider joining all columns at once using pd.concat(axis=1) instead. To get a de-fragmented frame, use `newframe = frame.copy()`
  dataframe[f"dc_hi_{n}"] = dataframe["high"].rolling(n).max().shift(1)
/freqtrade/user_data/strategies/TrendVolTarget.py:50: PerformanceWarning: DataFrame is highly fragmented.  This is usually the result of calling `frame.insert` many times, which has poor performance.  Consider joining all columns at once using pd.concat(axis=1) instead. To get a de-fragmented frame, use `newframe = frame.copy()`
  dataframe[f"dc_hi_{n}"] = dataframe["high"].rolling(n).max().shift(1)
/freqtrade/user_data/strategies/TrendVolTarget.py:50: PerformanceWarning: DataFrame is highly fragmented.  This is usually the result of calling `frame.insert` many times, which has poor performance.  Consider joining all columns at once using pd.concat(axis=1) instead. To get a de-fragmented frame, use `newframe = frame.copy()`
  dataframe[f"dc_hi_{n}"] = dataframe["high"].rolling(n).max().shift(1)
/freqtrade/user_data/strategies/TrendVolTarget.py:50: PerformanceWarning: DataFrame is highly fragmented.  This is usually the result of calling `frame.insert` many times, which has poor performance.  Consider joining all columns at once using pd.concat(axis=1) instead. To get a de-fragmented frame, use `newframe = frame.copy()`
  dataframe[f"dc_hi_{n}"] = dataframe["high"].rolling(n).max().shift(1)
/freqtrade/user_data/strategies/TrendVolTarget.py:50: PerformanceWarning: DataFrame is highly fragmented.  This is usually the result of calling `frame.insert` many times, which has poor performance.  Consider joining all columns at once using pd.concat(axis=1) instead. To get a de-fragmented frame, use `newframe = frame.copy()`
  dataframe[f"dc_hi_{n}"] = dataframe["high"].rolling(n).max().shift(1)
/freqtrade/user_data/strategies/TrendVolTarget.py:50: PerformanceWarning: DataFrame is highly fragmented.  This is usually the result of calling `frame.insert` many times, which has poor performance.  Consider joining all columns at once using pd.concat(axis=1) instead. To get a de-fragmented frame, use `newframe = frame.copy()`
  dataframe[f"dc_hi_{n}"] = dataframe["high"].rolling(n).max().shift(1)
/freqtrade/user_data/strategies/TrendVolTarget.py:50: PerformanceWarning: DataFrame is highly fragmented.  This is usually the result of calling `frame.insert` many times, which has poor performance.  Consider joining all columns at once using pd.concat(axis=1) instead. To get a de-fragmented frame, use `newframe = frame.copy()`
  dataframe[f"dc_hi_{n}"] = dataframe["high"].rolling(n).max().shift(1)
/freqtrade/user_data/strategies/TrendVolTarget.py:50: PerformanceWarning: DataFrame is highly fragmented.  This is usually the result of calling `frame.insert` many times, which has poor performance.  Consider joining all columns at once using pd.concat(axis=1) instead. To get a de-fragmented frame, use `newframe = frame.copy()`
  dataframe[f"dc_hi_{n}"] = dataframe["high"].rolling(n).max().shift(1)
/freqtrade/user_data/strategies/TrendVolTarget.py:50: PerformanceWarning: DataFrame is highly fragmented.  This is usually the result of calling `frame.insert` many times, which has poor performance.  Consider joining all columns at once using pd.concat(axis=1) instead. To get a de-fragmented frame, use `newframe = frame.copy()`
  dataframe[f"dc_hi_{n}"] = dataframe["high"].rolling(n).max().shift(1)
/freqtrade/user_data/strategies/TrendVolTarget.py:50: PerformanceWarning: DataFrame is highly fragmented.  This is usually the result of calling `frame.insert` many times, which has poor performance.  Consider joining all columns at once using pd.concat(axis=1) instead. To get a de-fragmented frame, use `newframe = frame.copy()`
  dataframe[f"dc_hi_{n}"] = dataframe["high"].rolling(n).max().shift(1)
/freqtrade/user_data/strategies/TrendVolTarget.py:50: PerformanceWarning: DataFrame is highly fragmented.  This is usually the result of calling `frame.insert` many times, which has poor performance.  Consider joining all columns at once using pd.concat(axis=1) instead. To get a de-fragmented frame, use `newframe = frame.copy()`
  dataframe[f"dc_hi_{n}"] = dataframe["high"].rolling(n).max().shift(1)
/freqtrade/user_data/strategies/TrendVolTarget.py:50: PerformanceWarning: DataFrame is highly fragmented.  This is usually the result of calling `frame.insert` many times, which has poor performance.  Consider joining all columns at once using pd.concat(axis=1) instead. To get a de-fragmented frame, use `newframe = frame.copy()`
  dataframe[f"dc_hi_{n}"] = dataframe["high"].rolling(n).max().shift(1)
/freqtrade/user_data/strategies/TrendVolTarget.py:50: PerformanceWarning: DataFrame is highly fragmented.  This is usually the result of calling `frame.insert` many times, which has poor performance.  Consider joining all columns at once using pd.concat(axis=1) instead. To get a de-fragmented frame, use `newframe = frame.copy()`
  dataframe[f"dc_hi_{n}"] = dataframe["high"].rolling(n).max().shift(1)
/freqtrade/user_data/strategies/TrendVolTarget.py:50: PerformanceWarning: DataFrame is highly fragmented.  This is usually the result of calling `frame.insert` many times, which has poor performance.  Consider joining all columns at once using pd.concat(axis=1) instead. To get a de-fragmented frame, use `newframe = frame.copy()`
  dataframe[f"dc_hi_{n}"] = dataframe["high"].rolling(n).max().shift(1)
/freqtrade/user_data/strategies/TrendVolTarget.py:50: PerformanceWarning: DataFrame is highly fragmented.  This is usually the result of calling `frame.insert` many times, which has poor performance.  Consider joining all columns at once using pd.concat(axis=1) instead. To get a de-fragmented frame, use `newframe = frame.copy()`
  dataframe[f"dc_hi_{n}"] = dataframe["high"].rolling(n).max().shift(1)
/freqtrade/user_data/strategies/TrendVolTarget.py:50: PerformanceWarning: DataFrame is highly fragmented.  This is usually the result of calling `frame.insert` many times, which has poor performance.  Consider joining all columns at once using pd.concat(axis=1) instead. To get a de-fragmented frame, use `newframe = frame.copy()`
  dataframe[f"dc_hi_{n}"] = dataframe["high"].rolling(n).max().shift(1)
/freqtrade/user_data/strategies/TrendVolTarget.py:50: PerformanceWarning: DataFrame is highly fragmented.  This is usually the result of calling `frame.insert` many times, which has poor performance.  Consider joining all columns at once using pd.concat(axis=1) instead. To get a de-fragmented frame, use `newframe = frame.copy()`
  dataframe[f"dc_hi_{n}"] = dataframe["high"].rolling(n).max().shift(1)
/freqtrade/user_data/strategies/TrendVolTarget.py:50: PerformanceWarning: DataFrame is highly fragmented.  This is usually the result of calling `frame.insert` many times, which has poor performance.  Consider joining all columns at once using pd.concat(axis=1) instead. To get a de-fragmented frame, use `newframe = frame.copy()`
  dataframe[f"dc_hi_{n}"] = dataframe["high"].rolling(n).max().shift(1)
/freqtrade/user_data/strategies/TrendVolTarget.py:50: PerformanceWarning: DataFrame is highly fragmented.  This is usually the result of calling `frame.insert` many times, which has poor performance.  Consider joining all columns at once using pd.concat(axis=1) instead. To get a de-fragmented frame, use `newframe = frame.copy()`
  dataframe[f"dc_hi_{n}"] = dataframe["high"].rolling(n).max().shift(1)
/freqtrade/user_data/strategies/TrendVolTarget.py:50: PerformanceWarning: DataFrame is highly fragmented.  This is usually the result of calling `frame.insert` many times, which has poor performance.  Consider joining all columns at once using pd.concat(axis=1) instead. To get a de-fragmented frame, use `newframe = frame.copy()`
  dataframe[f"dc_hi_{n}"] = dataframe["high"].rolling(n).max().shift(1)
/freqtrade/user_data/strategies/TrendVolTarget.py:50: PerformanceWarning: DataFrame is highly fragmented.  This is usually the result of calling `frame.insert` many times, which has poor performance.  Consider joining all columns at once using pd.concat(axis=1) instead. To get a de-fragmented frame, use `newframe = frame.copy()`
  dataframe[f"dc_hi_{n}"] = dataframe["high"].rolling(n).max().shift(1)
/freqtrade/user_data/strategies/TrendVolTarget.py:50: PerformanceWarning: DataFrame is highly fragmented.  This is usually the result of calling `frame.insert` many times, which has poor performance.  Consider joining all columns at once using pd.concat(axis=1) instead. To get a de-fragmented frame, use `newframe = frame.copy()`
  dataframe[f"dc_hi_{n}"] = dataframe["high"].rolling(n).max().shift(1)
/freqtrade/user_data/strategies/TrendVolTarget.py:50: PerformanceWarning: DataFrame is highly fragmented.  This is usually the result of calling `frame.insert` many times, which has poor performance.  Consider joining all columns at once using pd.concat(axis=1) instead. To get a de-fragmented frame, use `newframe = frame.copy()`
  dataframe[f"dc_hi_{n}"] = dataframe["high"].rolling(n).max().shift(1)
/freqtrade/user_data/strategies/TrendVolTarget.py:50: PerformanceWarning: DataFrame is highly fragmented.  This is usually the result of calling `frame.insert` many times, which has poor performance.  Consider joining all columns at once using pd.concat(axis=1) instead. To get a de-fragmented frame, use `newframe = frame.copy()`
  dataframe[f"dc_hi_{n}"] = dataframe["high"].rolling(n).max().shift(1)
/freqtrade/user_data/strategies/TrendVolTarget.py:50: PerformanceWarning: DataFrame is highly fragmented.  This is usually the result of calling `frame.insert` many times, which has poor performance.  Consider joining all columns at once using pd.concat(axis=1) instead. To get a de-fragmented frame, use `newframe = frame.copy()`
  dataframe[f"dc_hi_{n}"] = dataframe["high"].rolling(n).max().shift(1)
/freqtrade/user_data/strategies/TrendVolTarget.py:50: PerformanceWarning: DataFrame is highly fragmented.  This is usually the result of calling `frame.insert` many times, which has poor performance.  Consider joining all columns at once using pd.concat(axis=1) instead. To get a de-fragmented frame, use `newframe = frame.copy()`
  dataframe[f"dc_hi_{n}"] = dataframe["high"].rolling(n).max().shift(1)
/freqtrade/user_data/strategies/TrendVolTarget.py:50: PerformanceWarning: DataFrame is highly fragmented.  This is usually the result of calling `frame.insert` many times, which has poor performance.  Consider joining all columns at once using pd.concat(axis=1) instead. To get a de-fragmented frame, use `newframe = frame.copy()`
  dataframe[f"dc_hi_{n}"] = dataframe["high"].rolling(n).max().shift(1)
/freqtrade/user_data/strategies/TrendVolTarget.py:50: PerformanceWarning: DataFrame is highly fragmented.  This is usually the result of calling `frame.insert` many times, which has poor performance.  Consider joining all columns at once using pd.concat(axis=1) instead. To get a de-fragmented frame, use `newframe = frame.copy()`
  dataframe[f"dc_hi_{n}"] = dataframe["high"].rolling(n).max().shift(1)
/freqtrade/user_data/strategies/TrendVolTarget.py:50: PerformanceWarning: DataFrame is highly fragmented.  This is usually the result of calling `frame.insert` many times, which has poor performance.  Consider joining all columns at once using pd.concat(axis=1) instead. To get a de-fragmented frame, use `newframe = frame.copy()`
  dataframe[f"dc_hi_{n}"] = dataframe["high"].rolling(n).max().shift(1)
/freqtrade/user_data/strategies/TrendVolTarget.py:50: PerformanceWarning: DataFrame is highly fragmented.  This is usually the result of calling `frame.insert` many times, which has poor performance.  Consider joining all columns at once using pd.concat(axis=1) instead. To get a de-fragmented frame, use `newframe = frame.copy()`
  dataframe[f"dc_hi_{n}"] = dataframe["high"].rolling(n).max().shift(1)
/freqtrade/user_data/strategies/TrendVolTarget.py:50: PerformanceWarning: DataFrame is highly fragmented.  This is usually the result of calling `frame.insert` many times, which has poor performance.  Consider joining all columns at once using pd.concat(axis=1) instead. To get a de-fragmented frame, use `newframe = frame.copy()`
  dataframe[f"dc_hi_{n}"] = dataframe["high"].rolling(n).max().shift(1)
/freqtrade/user_data/strategies/TrendVolTarget.py:50: PerformanceWarning: DataFrame is highly fragmented.  This is usually the result of calling `frame.insert` many times, which has poor performance.  Consider joining all columns at once using pd.concat(axis=1) instead. To get a de-fragmented frame, use `newframe = frame.copy()`
  dataframe[f"dc_hi_{n}"] = dataframe["high"].rolling(n).max().shift(1)
/freqtrade/user_data/strategies/TrendVolTarget.py:50: PerformanceWarning: DataFrame is highly fragmented.  This is usually the result of calling `frame.insert` many times, which has poor performance.  Consider joining all columns at once using pd.concat(axis=1) instead. To get a de-fragmented frame, use `newframe = frame.copy()`
  dataframe[f"dc_hi_{n}"] = dataframe["high"].rolling(n).max().shift(1)
/freqtrade/user_data/strategies/TrendVolTarget.py:50: PerformanceWarning: DataFrame is highly fragmented.  This is usually the result of calling `frame.insert` many times, which has poor performance.  Consider joining all columns at once using pd.concat(axis=1) instead. To get a de-fragmented frame, use `newframe = frame.copy()`
  dataframe[f"dc_hi_{n}"] = dataframe["high"].rolling(n).max().shift(1)
/freqtrade/user_data/strategies/TrendVolTarget.py:50: PerformanceWarning: DataFrame is highly fragmented.  This is usually the result of calling `frame.insert` many times, which has poor performance.  Consider joining all columns at once using pd.concat(axis=1) instead. To get a de-fragmented frame, use `newframe = frame.copy()`
  dataframe[f"dc_hi_{n}"] = dataframe["high"].rolling(n).max().shift(1)
/freqtrade/user_data/strategies/TrendVolTarget.py:50: PerformanceWarning: DataFrame is highly fragmented.  This is usually the result of calling `frame.insert` many times, which has poor performance.  Consider joining all columns at once using pd.concat(axis=1) instead. To get a de-fragmented frame, use `newframe = frame.copy()`
  dataframe[f"dc_hi_{n}"] = dataframe["high"].rolling(n).max().shift(1)
/freqtrade/user_data/strategies/TrendVolTarget.py:50: PerformanceWarning: DataFrame is highly fragmented.  This is usually the result of calling `frame.insert` many times, which has poor performance.  Consider joining all columns at once using pd.concat(axis=1) instead. To get a de-fragmented frame, use `newframe = frame.copy()`
  dataframe[f"dc_hi_{n}"] = dataframe["high"].rolling(n).max().shift(1)
/freqtrade/user_data/strategies/TrendVolTarget.py:50: PerformanceWarning: DataFrame is highly fragmented.  This is usually the result of calling `frame.insert` many times, which has poor performance.  Consider joining all columns at once using pd.concat(axis=1) instead. To get a de-fragmented frame, use `newframe = frame.copy()`
  dataframe[f"dc_hi_{n}"] = dataframe["high"].rolling(n).max().shift(1)
/freqtrade/user_data/strategies/TrendVolTarget.py:50: PerformanceWarning: DataFrame is highly fragmented.  This is usually the result of calling `frame.insert` many times, which has poor performance.  Consider joining all columns at once using pd.concat(axis=1) instead. To get a de-fragmented frame, use `newframe = frame.copy()`
  dataframe[f"dc_hi_{n}"] = dataframe["high"].rolling(n).max().shift(1)
/freqtrade/user_data/strategies/TrendVolTarget.py:50: PerformanceWarning: DataFrame is highly fragmented.  This is usually the result of calling `frame.insert` many times, which has poor performance.  Consider joining all columns at once using pd.concat(axis=1) instead. To get a de-fragmented frame, use `newframe = frame.copy()`
  dataframe[f"dc_hi_{n}"] = dataframe["high"].rolling(n).max().shift(1)
/freqtrade/user_data/strategies/TrendVolTarget.py:50: PerformanceWarning: DataFrame is highly fragmented.  This is usually the result of calling `frame.insert` many times, which has poor performance.  Consider joining all columns at once using pd.concat(axis=1) instead. To get a de-fragmented frame, use `newframe = frame.copy()`
  dataframe[f"dc_hi_{n}"] = dataframe["high"].rolling(n).max().shift(1)
/freqtrade/user_data/strategies/TrendVolTarget.py:50: PerformanceWarning: DataFrame is highly fragmented.  This is usually the result of calling `frame.insert` many times, which has poor performance.  Consider joining all columns at once using pd.concat(axis=1) instead. To get a de-fragmented frame, use `newframe = frame.copy()`
  dataframe[f"dc_hi_{n}"] = dataframe["high"].rolling(n).max().shift(1)
/freqtrade/user_data/strategies/TrendVolTarget.py:50: PerformanceWarning: DataFrame is highly fragmented.  This is usually the result of calling `frame.insert` many times, which has poor performance.  Consider joining all columns at once using pd.concat(axis=1) instead. To get a de-fragmented frame, use `newframe = frame.copy()`
  dataframe[f"dc_hi_{n}"] = dataframe["high"].rolling(n).max().shift(1)
/freqtrade/user_data/strategies/TrendVolTarget.py:50: PerformanceWarning: DataFrame is highly fragmented.  This is usually the result of calling `frame.insert` many times, which has poor performance.  Consider joining all columns at once using pd.concat(axis=1) instead. To get a de-fragmented frame, use `newframe = frame.copy()`
  dataframe[f"dc_hi_{n}"] = dataframe["high"].rolling(n).max().shift(1)
/freqtrade/user_data/strategies/TrendVolTarget.py:50: PerformanceWarning: DataFrame is highly fragmented.  This is usually the result of calling `frame.insert` many times, which has poor performance.  Consider joining all columns at once using pd.concat(axis=1) instead. To get a de-fragmented frame, use `newframe = frame.copy()`
  dataframe[f"dc_hi_{n}"] = dataframe["high"].rolling(n).max().shift(1)
/freqtrade/user_data/strategies/TrendVolTarget.py:50: PerformanceWarning: DataFrame is highly fragmented.  This is usually the result of calling `frame.insert` many times, which has poor performance.  Consider joining all columns at once using pd.concat(axis=1) instead. To get a de-fragmented frame, use `newframe = frame.copy()`
  dataframe[f"dc_hi_{n}"] = dataframe["high"].rolling(n).max().shift(1)
/freqtrade/user_data/strategies/TrendVolTarget.py:50: PerformanceWarning: DataFrame is highly fragmented.  This is usually the result of calling `frame.insert` many times, which has poor performance.  Consider joining all columns at once using pd.concat(axis=1) instead. To get a de-fragmented frame, use `newframe = frame.copy()`
  dataframe[f"dc_hi_{n}"] = dataframe["high"].rolling(n).max().shift(1)
/freqtrade/user_data/strategies/TrendVolTarget.py:50: PerformanceWarning: DataFrame is highly fragmented.  This is usually the result of calling `frame.insert` many times, which has poor performance.  Consider joining all columns at once using pd.concat(axis=1) instead. To get a de-fragmented frame, use `newframe = frame.copy()`
  dataframe[f"dc_hi_{n}"] = dataframe["high"].rolling(n).max().shift(1)
/freqtrade/user_data/strategies/TrendVolTarget.py:50: PerformanceWarning: DataFrame is highly fragmented.  This is usually the result of calling `frame.insert` many times, which has poor performance.  Consider joining all columns at once using pd.concat(axis=1) instead. To get a de-fragmented frame, use `newframe = frame.copy()`
  dataframe[f"dc_hi_{n}"] = dataframe["high"].rolling(n).max().shift(1)
/freqtrade/user_data/strategies/TrendVolTarget.py:50: PerformanceWarning: DataFrame is highly fragmented.  This is usually the result of calling `frame.insert` many times, which has poor performance.  Consider joining all columns at once using pd.concat(axis=1) instead. To get a de-fragmented frame, use `newframe = frame.copy()`
  dataframe[f"dc_hi_{n}"] = dataframe["high"].rolling(n).max().shift(1)
/freqtrade/user_data/strategies/TrendVolTarget.py:50: PerformanceWarning: DataFrame is highly fragmented.  This is usually the result of calling `frame.insert` many times, which has poor performance.  Consider joining all columns at once using pd.concat(axis=1) instead. To get a de-fragmented frame, use `newframe = frame.copy()`
  dataframe[f"dc_hi_{n}"] = dataframe["high"].rolling(n).max().shift(1)
/freqtrade/user_data/strategies/TrendVolTarget.py:50: PerformanceWarning: DataFrame is highly fragmented.  This is usually the result of calling `frame.insert` many times, which has poor performance.  Consider joining all columns at once using pd.concat(axis=1) instead. To get a de-fragmented frame, use `newframe = frame.copy()`
  dataframe[f"dc_hi_{n}"] = dataframe["high"].rolling(n).max().shift(1)
/freqtrade/user_data/strategies/TrendVolTarget.py:50: PerformanceWarning: DataFrame is highly fragmented.  This is usually the result of calling `frame.insert` many times, which has poor performance.  Consider joining all columns at once using pd.concat(axis=1) instead. To get a de-fragmented frame, use `newframe = frame.copy()`
  dataframe[f"dc_hi_{n}"] = dataframe["high"].rolling(n).max().shift(1)
/freqtrade/user_data/strategies/TrendVolTarget.py:50: PerformanceWarning: DataFrame is highly fragmented.  This is usually the result of calling `frame.insert` many times, which has poor performance.  Consider joining all columns at once using pd.concat(axis=1) instead. To get a de-fragmented frame, use `newframe = frame.copy()`
  dataframe[f"dc_hi_{n}"] = dataframe["high"].rolling(n).max().shift(1)
/freqtrade/user_data/strategies/TrendVolTarget.py:50: PerformanceWarning: DataFrame is highly fragmented.  This is usually the result of calling `frame.insert` many times, which has poor performance.  Consider joining all columns at once using pd.concat(axis=1) instead. To get a de-fragmented frame, use `newframe = frame.copy()`
  dataframe[f"dc_hi_{n}"] = dataframe["high"].rolling(n).max().shift(1)
/freqtrade/user_data/strategies/TrendVolTarget.py:50: PerformanceWarning: DataFrame is highly fragmented.  This is usually the result of calling `frame.insert` many times, which has poor performance.  Consider joining all columns at once using pd.concat(axis=1) instead. To get a de-fragmented frame, use `newframe = frame.copy()`
  dataframe[f"dc_hi_{n}"] = dataframe["high"].rolling(n).max().shift(1)
/freqtrade/user_data/strategies/TrendVolTarget.py:50: PerformanceWarning: DataFrame is highly fragmented.  This is usually the result of calling `frame.insert` many times, which has poor performance.  Consider joining all columns at once using pd.concat(axis=1) instead. To get a de-fragmented frame, use `newframe = frame.copy()`
  dataframe[f"dc_hi_{n}"] = dataframe["high"].rolling(n).max().shift(1)
/freqtrade/user_data/strategies/TrendVolTarget.py:50: PerformanceWarning: DataFrame is highly fragmented.  This is usually the result of calling `frame.insert` many times, which has poor performance.  Consider joining all columns at once using pd.concat(axis=1) instead. To get a de-fragmented frame, use `newframe = frame.copy()`
  dataframe[f"dc_hi_{n}"] = dataframe["high"].rolling(n).max().shift(1)
/freqtrade/user_data/strategies/TrendVolTarget.py:50: PerformanceWarning: DataFrame is highly fragmented.  This is usually the result of calling `frame.insert` many times, which has poor performance.  Consider joining all columns at once using pd.concat(axis=1) instead. To get a de-fragmented frame, use `newframe = frame.copy()`
  dataframe[f"dc_hi_{n}"] = dataframe["high"].rolling(n).max().shift(1)
/freqtrade/user_data/strategies/TrendVolTarget.py:50: PerformanceWarning: DataFrame is highly fragmented.  This is usually the result of calling `frame.insert` many times, which has poor performance.  Consider joining all columns at once using pd.concat(axis=1) instead. To get a de-fragmented frame, use `newframe = frame.copy()`
  dataframe[f"dc_hi_{n}"] = dataframe["high"].rolling(n).max().shift(1)
/freqtrade/user_data/strategies/TrendVolTarget.py:50: PerformanceWarning: DataFrame is highly fragmented.  This is usually the result of calling `frame.insert` many times, which has poor performance.  Consider joining all columns at once using pd.concat(axis=1) instead. To get a de-fragmented frame, use `newframe = frame.copy()`
  dataframe[f"dc_hi_{n}"] = dataframe["high"].rolling(n).max().shift(1)
/freqtrade/user_data/strategies/TrendVolTarget.py:50: PerformanceWarning: DataFrame is highly fragmented.  This is usually the result of calling `frame.insert` many times, which has poor performance.  Consider joining all columns at once using pd.concat(axis=1) instead. To get a de-fragmented frame, use `newframe = frame.copy()`
  dataframe[f"dc_hi_{n}"] = dataframe["high"].rolling(n).max().shift(1)
/freqtrade/user_data/strategies/TrendVolTarget.py:50: PerformanceWarning: DataFrame is highly fragmented.  This is usually the result of calling `frame.insert` many times, which has poor performance.  Consider joining all columns at once using pd.concat(axis=1) instead. To get a de-fragmented frame, use `newframe = frame.copy()`
  dataframe[f"dc_hi_{n}"] = dataframe["high"].rolling(n).max().shift(1)
/freqtrade/user_data/strategies/TrendVolTarget.py:50: PerformanceWarning: DataFrame is highly fragmented.  This is usually the result of calling `frame.insert` many times, which has poor performance.  Consider joining all columns at once using pd.concat(axis=1) instead. To get a de-fragmented frame, use `newframe = frame.copy()`
  dataframe[f"dc_hi_{n}"] = dataframe["high"].rolling(n).max().shift(1)
/freqtrade/user_data/strategies/TrendVolTarget.py:50: PerformanceWarning: DataFrame is highly fragmented.  This is usually the result of calling `frame.insert` many times, which has poor performance.  Consider joining all columns at once using pd.concat(axis=1) instead. To get a de-fragmented frame, use `newframe = frame.copy()`
  dataframe[f"dc_hi_{n}"] = dataframe["high"].rolling(n).max().shift(1)
/freqtrade/user_data/strategies/TrendVolTarget.py:50: PerformanceWarning: DataFrame is highly fragmented.  This is usually the result of calling `frame.insert` many times, which has poor performance.  Consider joining all columns at once using pd.concat(axis=1) instead. To get a de-fragmented frame, use `newframe = frame.copy()`
  dataframe[f"dc_hi_{n}"] = dataframe["high"].rolling(n).max().shift(1)
/freqtrade/user_data/strategies/TrendVolTarget.py:50: PerformanceWarning: DataFrame is highly fragmented.  This is usually the result of calling `frame.insert` many times, which has poor performance.  Consider joining all columns at once using pd.concat(axis=1) instead. To get a de-fragmented frame, use `newframe = frame.copy()`
  dataframe[f"dc_hi_{n}"] = dataframe["high"].rolling(n).max().shift(1)
/freqtrade/user_data/strategies/TrendVolTarget.py:50: PerformanceWarning: DataFrame is highly fragmented.  This is usually the result of calling `frame.insert` many times, which has poor performance.  Consider joining all columns at once using pd.concat(axis=1) instead. To get a de-fragmented frame, use `newframe = frame.copy()`
  dataframe[f"dc_hi_{n}"] = dataframe["high"].rolling(n).max().shift(1)
/freqtrade/user_data/strategies/TrendVolTarget.py:50: PerformanceWarning: DataFrame is highly fragmented.  This is usually the result of calling `frame.insert` many times, which has poor performance.  Consider joining all columns at once using pd.concat(axis=1) instead. To get a de-fragmented frame, use `newframe = frame.copy()`
  dataframe[f"dc_hi_{n}"] = dataframe["high"].rolling(n).max().shift(1)
/freqtrade/user_data/strategies/TrendVolTarget.py:50: PerformanceWarning: DataFrame is highly fragmented.  This is usually the result of calling `frame.insert` many times, which has poor performance.  Consider joining all columns at once using pd.concat(axis=1) instead. To get a de-fragmented frame, use `newframe = frame.copy()`
  dataframe[f"dc_hi_{n}"] = dataframe["high"].rolling(n).max().shift(1)
/freqtrade/user_data/strategies/TrendVolTarget.py:50: PerformanceWarning: DataFrame is highly fragmented.  This is usually the result of calling `frame.insert` many times, which has poor performance.  Consider joining all columns at once using pd.concat(axis=1) instead. To get a de-fragmented frame, use `newframe = frame.copy()`
  dataframe[f"dc_hi_{n}"] = dataframe["high"].rolling(n).max().shift(1)
/freqtrade/user_data/strategies/TrendVolTarget.py:50: PerformanceWarning: DataFrame is highly fragmented.  This is usually the result of calling `frame.insert` many times, which has poor performance.  Consider joining all columns at once using pd.concat(axis=1) instead. To get a de-fragmented frame, use `newframe = frame.copy()`
  dataframe[f"dc_hi_{n}"] = dataframe["high"].rolling(n).max().shift(1)
/freqtrade/user_data/strategies/TrendVolTarget.py:50: PerformanceWarning: DataFrame is highly fragmented.  This is usually the result of calling `frame.insert` many times, which has poor performance.  Consider joining all columns at once using pd.concat(axis=1) instead. To get a de-fragmented frame, use `newframe = frame.copy()`
  dataframe[f"dc_hi_{n}"] = dataframe["high"].rolling(n).max().shift(1)
/freqtrade/user_data/strategies/TrendVolTarget.py:50: PerformanceWarning: DataFrame is highly fragmented.  This is usually the result of calling `frame.insert` many times, which has poor performance.  Consider joining all columns at once using pd.concat(axis=1) instead. To get a de-fragmented frame, use `newframe = frame.copy()`
  dataframe[f"dc_hi_{n}"] = dataframe["high"].rolling(n).max().shift(1)
/freqtrade/user_data/strategies/TrendVolTarget.py:50: PerformanceWarning: DataFrame is highly fragmented.  This is usually the result of calling `frame.insert` many times, which has poor performance.  Consider joining all columns at once using pd.concat(axis=1) instead. To get a de-fragmented frame, use `newframe = frame.copy()`
  dataframe[f"dc_hi_{n}"] = dataframe["high"].rolling(n).max().shift(1)
/freqtrade/user_data/strategies/TrendVolTarget.py:50: PerformanceWarning: DataFrame is highly fragmented.  This is usually the result of calling `frame.insert` many times, which has poor performance.  Consider joining all columns at once using pd.concat(axis=1) instead. To get a de-fragmented frame, use `newframe = frame.copy()`
  dataframe[f"dc_hi_{n}"] = dataframe["high"].rolling(n).max().shift(1)
/freqtrade/user_data/strategies/TrendVolTarget.py:50: PerformanceWarning: DataFrame is highly fragmented.  This is usually the result of calling `frame.insert` many times, which has poor performance.  Consider joining all columns at once using pd.concat(axis=1) instead. To get a de-fragmented frame, use `newframe = frame.copy()`
  dataframe[f"dc_hi_{n}"] = dataframe["high"].rolling(n).max().shift(1)
/freqtrade/user_data/strategies/TrendVolTarget.py:50: PerformanceWarning: DataFrame is highly fragmented.  This is usually the result of calling `frame.insert` many times, which has poor performance.  Consider joining all columns at once using pd.concat(axis=1) instead. To get a de-fragmented frame, use `newframe = frame.copy()`
  dataframe[f"dc_hi_{n}"] = dataframe["high"].rolling(n).max().shift(1)
/freqtrade/user_data/strategies/TrendVolTarget.py:50: PerformanceWarning: DataFrame is highly fragmented.  This is usually the result of calling `frame.insert` many times, which has poor performance.  Consider joining all columns at once using pd.concat(axis=1) instead. To get a de-fragmented frame, use `newframe = frame.copy()`
  dataframe[f"dc_hi_{n}"] = dataframe["high"].rolling(n).max().shift(1)
/freqtrade/user_data/strategies/TrendVolTarget.py:50: PerformanceWarning: DataFrame is highly fragmented.  This is usually the result of calling `frame.insert` many times, which has poor performance.  Consider joining all columns at once using pd.concat(axis=1) instead. To get a de-fragmented frame, use `newframe = frame.copy()`
  dataframe[f"dc_hi_{n}"] = dataframe["high"].rolling(n).max().shift(1)
/freqtrade/user_data/strategies/TrendVolTarget.py:53: PerformanceWarning: DataFrame is highly fragmented.  This is usually the result of calling `frame.insert` many times, which has poor performance.  Consider joining all columns at once using pd.concat(axis=1) instead. To get a de-fragmented frame, use `newframe = frame.copy()`
  dataframe["sma_f"] = ta.SMA(dataframe, timeperiod=60)
/freqtrade/user_data/strategies/TrendVolTarget.py:54: PerformanceWarning: DataFrame is highly fragmented.  This is usually the result of calling `frame.insert` many times, which has poor performance.  Consider joining all columns at once using pd.concat(axis=1) instead. To get a de-fragmented frame, use `newframe = frame.copy()`
  dataframe["sma_s"] = ta.SMA(dataframe, timeperiod=240)
/freqtrade/user_data/strategies/TrendVolTarget.py:56: PerformanceWarning: DataFrame is highly fragmented.  This is usually the result of calling `frame.insert` many times, which has poor performance.  Consider joining all columns at once using pd.concat(axis=1) instead. To get a de-fragmented frame, use `newframe = frame.copy()`
  dataframe["rvol"] = dataframe["close"].pct_change().rolling(90).std() * np.sqrt(6 * 365)
/freqtrade/user_data/strategies/TrendVolTarget.py:50: PerformanceWarning: DataFrame is highly fragmented.  This is usually the result of calling `frame.insert` many times, which has poor performance.  Consider joining all columns at once using pd.concat(axis=1) instead. To get a de-fragmented frame, use `newframe = frame.copy()`
  dataframe[f"dc_hi_{n}"] = dataframe["high"].rolling(n).max().shift(1)
/freqtrade/user_data/strategies/TrendVolTarget.py:50: PerformanceWarning: DataFrame is highly fragmented.  This is usually the result of calling `frame.insert` many times, which has poor performance.  Consider joining all columns at once using pd.concat(axis=1) instead. To get a de-fragmented frame, use `newframe = frame.copy()`
  dataframe[f"dc_hi_{n}"] = dataframe["high"].rolling(n).max().shift(1)
/freqtrade/user_data/strategies/TrendVolTarget.py:50: PerformanceWarning: DataFrame is highly fragmented.  This is usually the result of calling `frame.insert` many times, which has poor performance.  Consider joining all columns at once using pd.concat(axis=1) instead. To get a de-fragmented frame, use `newframe = frame.copy()`
  dataframe[f"dc_hi_{n}"] = dataframe["high"].rolling(n).max().shift(1)
/freqtrade/user_data/strategies/TrendVolTarget.py:50: PerformanceWarning: DataFrame is highly fragmented.  This is usually the result of calling `frame.insert` many times, which has poor performance.  Consider joining all columns at once using pd.concat(axis=1) instead. To get a de-fragmented frame, use `newframe = frame.copy()`
  dataframe[f"dc_hi_{n}"] = dataframe["high"].rolling(n).max().shift(1)
/freqtrade/user_data/strategies/TrendVolTarget.py:50: PerformanceWarning: DataFrame is highly fragmented.  This is usually the result of calling `frame.insert` many times, which has poor performance.  Consider joining all columns at once using pd.concat(axis=1) instead. To get a de-fragmented frame, use `newframe = frame.copy()`
  dataframe[f"dc_hi_{n}"] = dataframe["high"].rolling(n).max().shift(1)
/freqtrade/user_data/strategies/TrendVolTarget.py:50: PerformanceWarning: DataFrame is highly fragmented.  This is usually the result of calling `frame.insert` many times, which has poor performance.  Consider joining all columns at once using pd.concat(axis=1) instead. To get a de-fragmented frame, use `newframe = frame.copy()`
  dataframe[f"dc_hi_{n}"] = dataframe["high"].rolling(n).max().shift(1)
/freqtrade/user_data/strategies/TrendVolTarget.py:50: PerformanceWarning: DataFrame is highly fragmented.  This is usually the result of calling `frame.insert` many times, which has poor performance.  Consider joining all columns at once using pd.concat(axis=1) instead. To get a de-fragmented frame, use `newframe = frame.copy()`
  dataframe[f"dc_hi_{n}"] = dataframe["high"].rolling(n).max().shift(1)
/freqtrade/user_data/strategies/TrendVolTarget.py:50: PerformanceWarning: DataFrame is highly fragmented.  This is usually the result of calling `frame.insert` many times, which has poor performance.  Consider joining all columns at once using pd.concat(axis=1) instead. To get a de-fragmented frame, use `newframe = frame.copy()`
  dataframe[f"dc_hi_{n}"] = dataframe["high"].rolling(n).max().shift(1)
/freqtrade/user_data/strategies/TrendVolTarget.py:50: PerformanceWarning: DataFrame is highly fragmented.  This is usually the result of calling `frame.insert` many times, which has poor performance.  Consider joining all columns at once using pd.concat(axis=1) instead. To get a de-fragmented frame, use `newframe = frame.copy()`
  dataframe[f"dc_hi_{n}"] = dataframe["high"].rolling(n).max().shift(1)
/freqtrade/user_data/strategies/TrendVolTarget.py:50: PerformanceWarning: DataFrame is highly fragmented.  This is usually the result of calling `frame.insert` many times, which has poor performance.  Consider joining all columns at once using pd.concat(axis=1) instead. To get a de-fragmented frame, use `newframe = frame.copy()`
  dataframe[f"dc_hi_{n}"] = dataframe["high"].rolling(n).max().shift(1)
/freqtrade/user_data/strategies/TrendVolTarget.py:50: PerformanceWarning: DataFrame is highly fragmented.  This is usually the result of calling `frame.insert` many times, which has poor performance.  Consider joining all columns at once using pd.concat(axis=1) instead. To get a de-fragmented frame, use `newframe = frame.copy()`
  dataframe[f"dc_hi_{n}"] = dataframe["high"].rolling(n).max().shift(1)
/freqtrade/user_data/strategies/TrendVolTarget.py:50: PerformanceWarning: DataFrame is highly fragmented.  This is usually the result of calling `frame.insert` many times, which has poor performance.  Consider joining all columns at once using pd.concat(axis=1) instead. To get a de-fragmented frame, use `newframe = frame.copy()`
  dataframe[f"dc_hi_{n}"] = dataframe["high"].rolling(n).max().shift(1)
/freqtrade/user_data/strategies/TrendVolTarget.py:50: PerformanceWarning: DataFrame is highly fragmented.  This is usually the result of calling `frame.insert` many times, which has poor performance.  Consider joining all columns at once using pd.concat(axis=1) instead. To get a de-fragmented frame, use `newframe = frame.copy()`
  dataframe[f"dc_hi_{n}"] = dataframe["high"].rolling(n).max().shift(1)
/freqtrade/user_data/strategies/TrendVolTarget.py:50: PerformanceWarning: DataFrame is highly fragmented.  This is usually the result of calling `frame.insert` many times, which has poor performance.  Consider joining all columns at once using pd.concat(axis=1) instead. To get a de-fragmented frame, use `newframe = frame.copy()`
  dataframe[f"dc_hi_{n}"] = dataframe["high"].rolling(n).max().shift(1)
/freqtrade/user_data/strategies/TrendVolTarget.py:50: PerformanceWarning: DataFrame is highly fragmented.  This is usually the result of calling `frame.insert` many times, which has poor performance.  Consider joining all columns at once using pd.concat(axis=1) instead. To get a de-fragmented frame, use `newframe = frame.copy()`
  dataframe[f"dc_hi_{n}"] = dataframe["high"].rolling(n).max().shift(1)
/freqtrade/user_data/strategies/TrendVolTarget.py:50: PerformanceWarning: DataFrame is highly fragmented.  This is usually the result of calling `frame.insert` many times, which has poor performance.  Consider joining all columns at once using pd.concat(axis=1) instead. To get a de-fragmented frame, use `newframe = frame.copy()`
  dataframe[f"dc_hi_{n}"] = dataframe["high"].rolling(n).max().shift(1)
/freqtrade/user_data/strategies/TrendVolTarget.py:50: PerformanceWarning: DataFrame is highly fragmented.  This is usually the result of calling `frame.insert` many times, which has poor performance.  Consider joining all columns at once using pd.concat(axis=1) instead. To get a de-fragmented frame, use `newframe = frame.copy()`
  dataframe[f"dc_hi_{n}"] = dataframe["high"].rolling(n).max().shift(1)
/freqtrade/user_data/strategies/TrendVolTarget.py:50: PerformanceWarning: DataFrame is highly fragmented.  This is usually the result of calling `frame.insert` many times, which has poor performance.  Consider joining all columns at once using pd.concat(axis=1) instead. To get a de-fragmented frame, use `newframe = frame.copy()`
  dataframe[f"dc_hi_{n}"] = dataframe["high"].rolling(n).max().shift(1)
/freqtrade/user_data/strategies/TrendVolTarget.py:50: PerformanceWarning: DataFrame is highly fragmented.  This is usually the result of calling `frame.insert` many times, which has poor performance.  Consider joining all columns at once using pd.concat(axis=1) instead. To get a de-fragmented frame, use `newframe = frame.copy()`
  dataframe[f"dc_hi_{n}"] = dataframe["high"].rolling(n).max().shift(1)
/freqtrade/user_data/strategies/TrendVolTarget.py:50: PerformanceWarning: DataFrame is highly fragmented.  This is usually the result of calling `frame.insert` many times, which has poor performance.  Consider joining all columns at once using pd.concat(axis=1) instead. To get a de-fragmented frame, use `newframe = frame.copy()`
  dataframe[f"dc_hi_{n}"] = dataframe["high"].rolling(n).max().shift(1)
/freqtrade/user_data/strategies/TrendVolTarget.py:50: PerformanceWarning: DataFrame is highly fragmented.  This is usually the result of calling `frame.insert` many times, which has poor performance.  Consider joining all columns at once using pd.concat(axis=1) instead. To get a de-fragmented frame, use `newframe = frame.copy()`
  dataframe[f"dc_hi_{n}"] = dataframe["high"].rolling(n).max().shift(1)
/freqtrade/user_data/strategies/TrendVolTarget.py:50: PerformanceWarning: DataFrame is highly fragmented.  This is usually the result of calling `frame.insert` many times, which has poor performance.  Consider joining all columns at once using pd.concat(axis=1) instead. To get a de-fragmented frame, use `newframe = frame.copy()`
  dataframe[f"dc_hi_{n}"] = dataframe["high"].rolling(n).max().shift(1)
/freqtrade/user_data/strategies/TrendVolTarget.py:50: PerformanceWarning: DataFrame is highly fragmented.  This is usually the result of calling `frame.insert` many times, which has poor performance.  Consider joining all columns at once using pd.concat(axis=1) instead. To get a de-fragmented frame, use `newframe = frame.copy()`
  dataframe[f"dc_hi_{n}"] = dataframe["high"].rolling(n).max().shift(1)
/freqtrade/user_data/strategies/TrendVolTarget.py:50: PerformanceWarning: DataFrame is highly fragmented.  This is usually the result of calling `frame.insert` many times, which has poor performance.  Consider joining all columns at once using pd.concat(axis=1) instead. To get a de-fragmented frame, use `newframe = frame.copy()`
  dataframe[f"dc_hi_{n}"] = dataframe["high"].rolling(n).max().shift(1)
/freqtrade/user_data/strategies/TrendVolTarget.py:50: PerformanceWarning: DataFrame is highly fragmented.  This is usually the result of calling `frame.insert` many times, which has poor performance.  Consider joining all columns at once using pd.concat(axis=1) instead. To get a de-fragmented frame, use `newframe = frame.copy()`
  dataframe[f"dc_hi_{n}"] = dataframe["high"].rolling(n).max().shift(1)
/freqtrade/user_data/strategies/TrendVolTarget.py:50: PerformanceWarning: DataFrame is highly fragmented.  This is usually the result of calling `frame.insert` many times, which has poor performance.  Consider joining all columns at once using pd.concat(axis=1) instead. To get a de-fragmented frame, use `newframe = frame.copy()`
  dataframe[f"dc_hi_{n}"] = dataframe["high"].rolling(n).max().shift(1)
/freqtrade/user_data/strategies/TrendVolTarget.py:50: PerformanceWarning: DataFrame is highly fragmented.  This is usually the result of calling `frame.insert` many times, which has poor performance.  Consider joining all columns at once using pd.concat(axis=1) instead. To get a de-fragmented frame, use `newframe = frame.copy()`
  dataframe[f"dc_hi_{n}"] = dataframe["high"].rolling(n).max().shift(1)
/freqtrade/user_data/strategies/TrendVolTarget.py:50: PerformanceWarning: DataFrame is highly fragmented.  This is usually the result of calling `frame.insert` many times, which has poor performance.  Consider joining all columns at once using pd.concat(axis=1) instead. To get a de-fragmented frame, use `newframe = frame.copy()`
  dataframe[f"dc_hi_{n}"] = dataframe["high"].rolling(n).max().shift(1)
/freqtrade/user_data/strategies/TrendVolTarget.py:50: PerformanceWarning: DataFrame is highly fragmented.  This is usually the result of calling `frame.insert` many times, which has poor performance.  Consider joining all columns at once using pd.concat(axis=1) instead. To get a de-fragmented frame, use `newframe = frame.copy()`
  dataframe[f"dc_hi_{n}"] = dataframe["high"].rolling(n).max().shift(1)
/freqtrade/user_data/strategies/TrendVolTarget.py:50: PerformanceWarning: DataFrame is highly fragmented.  This is usually the result of calling `frame.insert` many times, which has poor performance.  Consider joining all columns at once using pd.concat(axis=1) instead. To get a de-fragmented frame, use `newframe = frame.copy()`
  dataframe[f"dc_hi_{n}"] = dataframe["high"].rolling(n).max().shift(1)
/freqtrade/user_data/strategies/TrendVolTarget.py:50: PerformanceWarning: DataFrame is highly fragmented.  This is usually the result of calling `frame.insert` many times, which has poor performance.  Consider joining all columns at once using pd.concat(axis=1) instead. To get a de-fragmented frame, use `newframe = frame.copy()`
  dataframe[f"dc_hi_{n}"] = dataframe["high"].rolling(n).max().shift(1)
/freqtrade/user_data/strategies/TrendVolTarget.py:50: PerformanceWarning: DataFrame is highly fragmented.  This is usually the result of calling `frame.insert` many times, which has poor performance.  Consider joining all columns at once using pd.concat(axis=1) instead. To get a de-fragmented frame, use `newframe = frame.copy()`
  dataframe[f"dc_hi_{n}"] = dataframe["high"].rolling(n).max().shift(1)
/freqtrade/user_data/strategies/TrendVolTarget.py:50: PerformanceWarning: DataFrame is highly fragmented.  This is usually the result of calling `frame.insert` many times, which has poor performance.  Consider joining all columns at once using pd.concat(axis=1) instead. To get a de-fragmented frame, use `newframe = frame.copy()`
  dataframe[f"dc_hi_{n}"] = dataframe["high"].rolling(n).max().shift(1)
/freqtrade/user_data/strategies/TrendVolTarget.py:50: PerformanceWarning: DataFrame is highly fragmented.  This is usually the result of calling `frame.insert` many times, which has poor performance.  Consider joining all columns at once using pd.concat(axis=1) instead. To get a de-fragmented frame, use `newframe = frame.copy()`
  dataframe[f"dc_hi_{n}"] = dataframe["high"].rolling(n).max().shift(1)
/freqtrade/user_data/strategies/TrendVolTarget.py:50: PerformanceWarning: DataFrame is highly fragmented.  This is usually the result of calling `frame.insert` many times, which has poor performance.  Consider joining all columns at once using pd.concat(axis=1) instead. To get a de-fragmented frame, use `newframe = frame.copy()`
  dataframe[f"dc_hi_{n}"] = dataframe["high"].rolling(n).max().shift(1)
/freqtrade/user_data/strategies/TrendVolTarget.py:50: PerformanceWarning: DataFrame is highly fragmented.  This is usually the result of calling `frame.insert` many times, which has poor performance.  Consider joining all columns at once using pd.concat(axis=1) instead. To get a de-fragmented frame, use `newframe = frame.copy()`
  dataframe[f"dc_hi_{n}"] = dataframe["high"].rolling(n).max().shift(1)
/freqtrade/user_data/strategies/TrendVolTarget.py:50: PerformanceWarning: DataFrame is highly fragmented.  This is usually the result of calling `frame.insert` many times, which has poor performance.  Consider joining all columns at once using pd.concat(axis=1) instead. To get a de-fragmented frame, use `newframe = frame.copy()`
  dataframe[f"dc_hi_{n}"] = dataframe["high"].rolling(n).max().shift(1)
/freqtrade/user_data/strategies/TrendVolTarget.py:50: PerformanceWarning: DataFrame is highly fragmented.  This is usually the result of calling `frame.insert` many times, which has poor performance.  Consider joining all columns at once using pd.concat(axis=1) instead. To get a de-fragmented frame, use `newframe = frame.copy()`
  dataframe[f"dc_hi_{n}"] = dataframe["high"].rolling(n).max().shift(1)
/freqtrade/user_data/strategies/TrendVolTarget.py:50: PerformanceWarning: DataFrame is highly fragmented.  This is usually the result of calling `frame.insert` many times, which has poor performance.  Consider joining all columns at once using pd.concat(axis=1) instead. To get a de-fragmented frame, use `newframe = frame.copy()`
  dataframe[f"dc_hi_{n}"] = dataframe["high"].rolling(n).max().shift(1)
/freqtrade/user_data/strategies/TrendVolTarget.py:50: PerformanceWarning: DataFrame is highly fragmented.  This is usually the result of calling `frame.insert` many times, which has poor performance.  Consider joining all columns at once using pd.concat(axis=1) instead. To get a de-fragmented frame, use `newframe = frame.copy()`
  dataframe[f"dc_hi_{n}"] = dataframe["high"].rolling(n).max().shift(1)
/freqtrade/user_data/strategies/TrendVolTarget.py:50: PerformanceWarning: DataFrame is highly fragmented.  This is usually the result of calling `frame.insert` many times, which has poor performance.  Consider joining all columns at once using pd.concat(axis=1) instead. To get a de-fragmented frame, use `newframe = frame.copy()`
  dataframe[f"dc_hi_{n}"] = dataframe["high"].rolling(n).max().shift(1)
/freqtrade/user_data/strategies/TrendVolTarget.py:50: PerformanceWarning: DataFrame is highly fragmented.  This is usually the result of calling `frame.insert` many times, which has poor performance.  Consider joining all columns at once using pd.concat(axis=1) instead. To get a de-fragmented frame, use `newframe = frame.copy()`
  dataframe[f"dc_hi_{n}"] = dataframe["high"].rolling(n).max().shift(1)
/freqtrade/user_data/strategies/TrendVolTarget.py:50: PerformanceWarning: DataFrame is highly fragmented.  This is usually the result of calling `frame.insert` many times, which has poor performance.  Consider joining all columns at once using pd.concat(axis=1) instead. To get a de-fragmented frame, use `newframe = frame.copy()`
  dataframe[f"dc_hi_{n}"] = dataframe["high"].rolling(n).max().shift(1)
/freqtrade/user_data/strategies/TrendVolTarget.py:50: PerformanceWarning: DataFrame is highly fragmented.  This is usually the result of calling `frame.insert` many times, which has poor performance.  Consider joining all columns at once using pd.concat(axis=1) instead. To get a de-fragmented frame, use `newframe = frame.copy()`
  dataframe[f"dc_hi_{n}"] = dataframe["high"].rolling(n).max().shift(1)
/freqtrade/user_data/strategies/TrendVolTarget.py:50: PerformanceWarning: DataFrame is highly fragmented.  This is usually the result of calling `frame.insert` many times, which has poor performance.  Consider joining all columns at once using pd.concat(axis=1) instead. To get a de-fragmented frame, use `newframe = frame.copy()`
  dataframe[f"dc_hi_{n}"] = dataframe["high"].rolling(n).max().shift(1)
/freqtrade/user_data/strategies/TrendVolTarget.py:50: PerformanceWarning: DataFrame is highly fragmented.  This is usually the result of calling `frame.insert` many times, which has poor performance.  Consider joining all columns at once using pd.concat(axis=1) instead. To get a de-fragmented frame, use `newframe = frame.copy()`
  dataframe[f"dc_hi_{n}"] = dataframe["high"].rolling(n).max().shift(1)
/freqtrade/user_data/strategies/TrendVolTarget.py:50: PerformanceWarning: DataFrame is highly fragmented.  This is usually the result of calling `frame.insert` many times, which has poor performance.  Consider joining all columns at once using pd.concat(axis=1) instead. To get a de-fragmented frame, use `newframe = frame.copy()`
  dataframe[f"dc_hi_{n}"] = dataframe["high"].rolling(n).max().shift(1)
/freqtrade/user_data/strategies/TrendVolTarget.py:50: PerformanceWarning: DataFrame is highly fragmented.  This is usually the result of calling `frame.insert` many times, which has poor performance.  Consider joining all columns at once using pd.concat(axis=1) instead. To get a de-fragmented frame, use `newframe = frame.copy()`
  dataframe[f"dc_hi_{n}"] = dataframe["high"].rolling(n).max().shift(1)
/freqtrade/user_data/strategies/TrendVolTarget.py:50: PerformanceWarning: DataFrame is highly fragmented.  This is usually the result of calling `frame.insert` many times, which has poor performance.  Consider joining all columns at once using pd.concat(axis=1) instead. To get a de-fragmented frame, use `newframe = frame.copy()`
  dataframe[f"dc_hi_{n}"] = dataframe["high"].rolling(n).max().shift(1)
/freqtrade/user_data/strategies/TrendVolTarget.py:50: PerformanceWarning: DataFrame is highly fragmented.  This is usually the result of calling `frame.insert` many times, which has poor performance.  Consider joining all columns at once using pd.concat(axis=1) instead. To get a de-fragmented frame, use `newframe = frame.copy()`
  dataframe[f"dc_hi_{n}"] = dataframe["high"].rolling(n).max().shift(1)
/freqtrade/user_data/strategies/TrendVolTarget.py:50: PerformanceWarning: DataFrame is highly fragmented.  This is usually the result of calling `frame.insert` many times, which has poor performance.  Consider joining all columns at once using pd.concat(axis=1) instead. To get a de-fragmented frame, use `newframe = frame.copy()`
  dataframe[f"dc_hi_{n}"] = dataframe["high"].rolling(n).max().shift(1)
/freqtrade/user_data/strategies/TrendVolTarget.py:50: PerformanceWarning: DataFrame is highly fragmented.  This is usually the result of calling `frame.insert` many times, which has poor performance.  Consider joining all columns at once using pd.concat(axis=1) instead. To get a de-fragmented frame, use `newframe = frame.copy()`
  dataframe[f"dc_hi_{n}"] = dataframe["high"].rolling(n).max().shift(1)
/freqtrade/user_data/strategies/TrendVolTarget.py:50: PerformanceWarning: DataFrame is highly fragmented.  This is usually the result of calling `frame.insert` many times, which has poor performance.  Consider joining all columns at once using pd.concat(axis=1) instead. To get a de-fragmented frame, use `newframe = frame.copy()`
  dataframe[f"dc_hi_{n}"] = dataframe["high"].rolling(n).max().shift(1)
/freqtrade/user_data/strategies/TrendVolTarget.py:50: PerformanceWarning: DataFrame is highly fragmented.  This is usually the result of calling `frame.insert` many times, which has poor performance.  Consider joining all columns at once using pd.concat(axis=1) instead. To get a de-fragmented frame, use `newframe = frame.copy()`
  dataframe[f"dc_hi_{n}"] = dataframe["high"].rolling(n).max().shift(1)
/freqtrade/user_data/strategies/TrendVolTarget.py:50: PerformanceWarning: DataFrame is highly fragmented.  This is usually the result of calling `frame.insert` many times, which has poor performance.  Consider joining all columns at once using pd.concat(axis=1) instead. To get a de-fragmented frame, use `newframe = frame.copy()`
  dataframe[f"dc_hi_{n}"] = dataframe["high"].rolling(n).max().shift(1)
/freqtrade/user_data/strategies/TrendVolTarget.py:50: PerformanceWarning: DataFrame is highly fragmented.  This is usually the result of calling `frame.insert` many times, which has poor performance.  Consider joining all columns at once using pd.concat(axis=1) instead. To get a de-fragmented frame, use `newframe = frame.copy()`
  dataframe[f"dc_hi_{n}"] = dataframe["high"].rolling(n).max().shift(1)
/freqtrade/user_data/strategies/TrendVolTarget.py:50: PerformanceWarning: DataFrame is highly fragmented.  This is usually the result of calling `frame.insert` many times, which has poor performance.  Consider joining all columns at once using pd.concat(axis=1) instead. To get a de-fragmented frame, use `newframe = frame.copy()`
  dataframe[f"dc_hi_{n}"] = dataframe["high"].rolling(n).max().shift(1)
/freqtrade/user_data/strategies/TrendVolTarget.py:50: PerformanceWarning: DataFrame is highly fragmented.  This is usually the result of calling `frame.insert` many times, which has poor performance.  Consider joining all columns at once using pd.concat(axis=1) instead. To get a de-fragmented frame, use `newframe = frame.copy()`
  dataframe[f"dc_hi_{n}"] = dataframe["high"].rolling(n).max().shift(1)
/freqtrade/user_data/strategies/TrendVolTarget.py:50: PerformanceWarning: DataFrame is highly fragmented.  This is usually the result of calling `frame.insert` many times, which has poor performance.  Consider joining all columns at once using pd.concat(axis=1) instead. To get a de-fragmented frame, use `newframe = frame.copy()`
  dataframe[f"dc_hi_{n}"] = dataframe["high"].rolling(n).max().shift(1)
/freqtrade/user_data/strategies/TrendVolTarget.py:50: PerformanceWarning: DataFrame is highly fragmented.  This is usually the result of calling `frame.insert` many times, which has poor performance.  Consider joining all columns at once using pd.concat(axis=1) instead. To get a de-fragmented frame, use `newframe = frame.copy()`
  dataframe[f"dc_hi_{n}"] = dataframe["high"].rolling(n).max().shift(1)
/freqtrade/user_data/strategies/TrendVolTarget.py:50: PerformanceWarning: DataFrame is highly fragmented.  This is usually the result of calling `frame.insert` many times, which has poor performance.  Consider joining all columns at once using pd.concat(axis=1) instead. To get a de-fragmented frame, use `newframe = frame.copy()`
  dataframe[f"dc_hi_{n}"] = dataframe["high"].rolling(n).max().shift(1)
/freqtrade/user_data/strategies/TrendVolTarget.py:50: PerformanceWarning: DataFrame is highly fragmented.  This is usually the result of calling `frame.insert` many times, which has poor performance.  Consider joining all columns at once using pd.concat(axis=1) instead. To get a de-fragmented frame, use `newframe = frame.copy()`
  dataframe[f"dc_hi_{n}"] = dataframe["high"].rolling(n).max().shift(1)
/freqtrade/user_data/strategies/TrendVolTarget.py:50: PerformanceWarning: DataFrame is highly fragmented.  This is usually the result of calling `frame.insert` many times, which has poor performance.  Consider joining all columns at once using pd.concat(axis=1) instead. To get a de-fragmented frame, use `newframe = frame.copy()`
  dataframe[f"dc_hi_{n}"] = dataframe["high"].rolling(n).max().shift(1)
/freqtrade/user_data/strategies/TrendVolTarget.py:50: PerformanceWarning: DataFrame is highly fragmented.  This is usually the result of calling `frame.insert` many times, which has poor performance.  Consider joining all columns at once using pd.concat(axis=1) instead. To get a de-fragmented frame, use `newframe = frame.copy()`
  dataframe[f"dc_hi_{n}"] = dataframe["high"].rolling(n).max().shift(1)
/freqtrade/user_data/strategies/TrendVolTarget.py:50: PerformanceWarning: DataFrame is highly fragmented.  This is usually the result of calling `frame.insert` many times, which has poor performance.  Consider joining all columns at once using pd.concat(axis=1) instead. To get a de-fragmented frame, use `newframe = frame.copy()`
  dataframe[f"dc_hi_{n}"] = dataframe["high"].rolling(n).max().shift(1)
/freqtrade/user_data/strategies/TrendVolTarget.py:50: PerformanceWarning: DataFrame is highly fragmented.  This is usually the result of calling `frame.insert` many times, which has poor performance.  Consider joining all columns at once using pd.concat(axis=1) instead. To get a de-fragmented frame, use `newframe = frame.copy()`
  dataframe[f"dc_hi_{n}"] = dataframe["high"].rolling(n).max().shift(1)
/freqtrade/user_data/strategies/TrendVolTarget.py:50: PerformanceWarning: DataFrame is highly fragmented.  This is usually the result of calling `frame.insert` many times, which has poor performance.  Consider joining all columns at once using pd.concat(axis=1) instead. To get a de-fragmented frame, use `newframe = frame.copy()`
  dataframe[f"dc_hi_{n}"] = dataframe["high"].rolling(n).max().shift(1)
/freqtrade/user_data/strategies/TrendVolTarget.py:50: PerformanceWarning: DataFrame is highly fragmented.  This is usually the result of calling `frame.insert` many times, which has poor performance.  Consider joining all columns at once using pd.concat(axis=1) instead. To get a de-fragmented frame, use `newframe = frame.copy()`
  dataframe[f"dc_hi_{n}"] = dataframe["high"].rolling(n).max().shift(1)
/freqtrade/user_data/strategies/TrendVolTarget.py:50: PerformanceWarning: DataFrame is highly fragmented.  This is usually the result of calling `frame.insert` many times, which has poor performance.  Consider joining all columns at once using pd.concat(axis=1) instead. To get a de-fragmented frame, use `newframe = frame.copy()`
  dataframe[f"dc_hi_{n}"] = dataframe["high"].rolling(n).max().shift(1)
/freqtrade/user_data/strategies/TrendVolTarget.py:50: PerformanceWarning: DataFrame is highly fragmented.  This is usually the result of calling `frame.insert` many times, which has poor performance.  Consider joining all columns at once using pd.concat(axis=1) instead. To get a de-fragmented frame, use `newframe = frame.copy()`
  dataframe[f"dc_hi_{n}"] = dataframe["high"].rolling(n).max().shift(1)
/freqtrade/user_data/strategies/TrendVolTarget.py:50: PerformanceWarning: DataFrame is highly fragmented.  This is usually the result of calling `frame.insert` many times, which has poor performance.  Consider joining all columns at once using pd.concat(axis=1) instead. To get a de-fragmented frame, use `newframe = frame.copy()`
  dataframe[f"dc_hi_{n}"] = dataframe["high"].rolling(n).max().shift(1)
/freqtrade/user_data/strategies/TrendVolTarget.py:50: PerformanceWarning: DataFrame is highly fragmented.  This is usually the result of calling `frame.insert` many times, which has poor performance.  Consider joining all columns at once using pd.concat(axis=1) instead. To get a de-fragmented frame, use `newframe = frame.copy()`
  dataframe[f"dc_hi_{n}"] = dataframe["high"].rolling(n).max().shift(1)
/freqtrade/user_data/strategies/TrendVolTarget.py:50: PerformanceWarning: DataFrame is highly fragmented.  This is usually the result of calling `frame.insert` many times, which has poor performance.  Consider joining all columns at once using pd.concat(axis=1) instead. To get a de-fragmented frame, use `newframe = frame.copy()`
  dataframe[f"dc_hi_{n}"] = dataframe["high"].rolling(n).max().shift(1)
/freqtrade/user_data/strategies/TrendVolTarget.py:50: PerformanceWarning: DataFrame is highly fragmented.  This is usually the result of calling `frame.insert` many times, which has poor performance.  Consider joining all columns at once using pd.concat(axis=1) instead. To get a de-fragmented frame, use `newframe = frame.copy()`
  dataframe[f"dc_hi_{n}"] = dataframe["high"].rolling(n).max().shift(1)
/freqtrade/user_data/strategies/TrendVolTarget.py:50: PerformanceWarning: DataFrame is highly fragmented.  This is usually the result of calling `frame.insert` many times, which has poor performance.  Consider joining all columns at once using pd.concat(axis=1) instead. To get a de-fragmented frame, use `newframe = frame.copy()`
  dataframe[f"dc_hi_{n}"] = dataframe["high"].rolling(n).max().shift(1)
/freqtrade/user_data/strategies/TrendVolTarget.py:50: PerformanceWarning: DataFrame is highly fragmented.  This is usually the result of calling `frame.insert` many times, which has poor performance.  Consider joining all columns at once using pd.concat(axis=1) instead. To get a de-fragmented frame, use `newframe = frame.copy()`
  dataframe[f"dc_hi_{n}"] = dataframe["high"].rolling(n).max().shift(1)
/freqtrade/user_data/strategies/TrendVolTarget.py:50: PerformanceWarning: DataFrame is highly fragmented.  This is usually the result of calling `frame.insert` many times, which has poor performance.  Consider joining all columns at once using pd.concat(axis=1) instead. To get a de-fragmented frame, use `newframe = frame.copy()`
  dataframe[f"dc_hi_{n}"] = dataframe["high"].rolling(n).max().shift(1)
/freqtrade/user_data/strategies/TrendVolTarget.py:50: PerformanceWarning: DataFrame is highly fragmented.  This is usually the result of calling `frame.insert` many times, which has poor performance.  Consider joining all columns at once using pd.concat(axis=1) instead. To get a de-fragmented frame, use `newframe = frame.copy()`
  dataframe[f"dc_hi_{n}"] = dataframe["high"].rolling(n).max().shift(1)
/freqtrade/user_data/strategies/TrendVolTarget.py:50: PerformanceWarning: DataFrame is highly fragmented.  This is usually the result of calling `frame.insert` many times, which has poor performance.  Consider joining all columns at once using pd.concat(axis=1) instead. To get a de-fragmented frame, use `newframe = frame.copy()`
  dataframe[f"dc_hi_{n}"] = dataframe["high"].rolling(n).max().shift(1)
/freqtrade/user_data/strategies/TrendVolTarget.py:50: PerformanceWarning: DataFrame is highly fragmented.  This is usually the result of calling `frame.insert` many times, which has poor performance.  Consider joining all columns at once using pd.concat(axis=1) instead. To get a de-fragmented frame, use `newframe = frame.copy()`
  dataframe[f"dc_hi_{n}"] = dataframe["high"].rolling(n).max().shift(1)
/freqtrade/user_data/strategies/TrendVolTarget.py:50: PerformanceWarning: DataFrame is highly fragmented.  This is usually the result of calling `frame.insert` many times, which has poor performance.  Consider joining all columns at once using pd.concat(axis=1) instead. To get a de-fragmented frame, use `newframe = frame.copy()`
  dataframe[f"dc_hi_{n}"] = dataframe["high"].rolling(n).max().shift(1)
/freqtrade/user_data/strategies/TrendVolTarget.py:50: PerformanceWarning: DataFrame is highly fragmented.  This is usually the result of calling `frame.insert` many times, which has poor performance.  Consider joining all columns at once using pd.concat(axis=1) instead. To get a de-fragmented frame, use `newframe = frame.copy()`
  dataframe[f"dc_hi_{n}"] = dataframe["high"].rolling(n).max().shift(1)
/freqtrade/user_data/strategies/TrendVolTarget.py:50: PerformanceWarning: DataFrame is highly fragmented.  This is usually the result of calling `frame.insert` many times, which has poor performance.  Consider joining all columns at once using pd.concat(axis=1) instead. To get a de-fragmented frame, use `newframe = frame.copy()`
  dataframe[f"dc_hi_{n}"] = dataframe["high"].rolling(n).max().shift(1)
/freqtrade/user_data/strategies/TrendVolTarget.py:50: PerformanceWarning: DataFrame is highly fragmented.  This is usually the result of calling `frame.insert` many times, which has poor performance.  Consider joining all columns at once using pd.concat(axis=1) instead. To get a de-fragmented frame, use `newframe = frame.copy()`
  dataframe[f"dc_hi_{n}"] = dataframe["high"].rolling(n).max().shift(1)
/freqtrade/user_data/strategies/TrendVolTarget.py:53: PerformanceWarning: DataFrame is highly fragmented.  This is usually the result of calling `frame.insert` many times, which has poor performance.  Consider joining all columns at once using pd.concat(axis=1) instead. To get a de-fragmented frame, use `newframe = frame.copy()`
  dataframe["sma_f"] = ta.SMA(dataframe, timeperiod=60)
/freqtrade/user_data/strategies/TrendVolTarget.py:54: PerformanceWarning: DataFrame is highly fragmented.  This is usually the result of calling `frame.insert` many times, which has poor performance.  Consider joining all columns at once using pd.concat(axis=1) instead. To get a de-fragmented frame, use `newframe = frame.copy()`
  dataframe["sma_s"] = ta.SMA(dataframe, timeperiod=240)
/freqtrade/user_data/strategies/TrendVolTarget.py:56: PerformanceWarning: DataFrame is highly fragmented.  This is usually the result of calling `frame.insert` many times, which has poor performance.  Consider joining all columns at once using pd.concat(axis=1) instead. To get a de-fragmented frame, use `newframe = frame.copy()`
  dataframe["rvol"] = dataframe["close"].pct_change().rolling(90).std() * np.sqrt(6 * 365)
/freqtrade/user_data/strategies/TrendVolTarget.py:50: PerformanceWarning: DataFrame is highly fragmented.  This is usually the result of calling `frame.insert` many times, which has poor performance.  Consider joining all columns at once using pd.concat(axis=1) instead. To get a de-fragmented frame, use `newframe = frame.copy()`
  dataframe[f"dc_hi_{n}"] = dataframe["high"].rolling(n).max().shift(1)
/freqtrade/user_data/strategies/TrendVolTarget.py:50: PerformanceWarning: DataFrame is highly fragmented.  This is usually the result of calling `frame.insert` many times, which has poor performance.  Consider joining all columns at once using pd.concat(axis=1) instead. To get a de-fragmented frame, use `newframe = frame.copy()`
  dataframe[f"dc_hi_{n}"] = dataframe["high"].rolling(n).max().shift(1)
/freqtrade/user_data/strategies/TrendVolTarget.py:50: PerformanceWarning: DataFrame is highly fragmented.  This is usually the result of calling `frame.insert` many times, which has poor performance.  Consider joining all columns at once using pd.concat(axis=1) instead. To get a de-fragmented frame, use `newframe = frame.copy()`
  dataframe[f"dc_hi_{n}"] = dataframe["high"].rolling(n).max().shift(1)
/freqtrade/user_data/strategies/TrendVolTarget.py:50: PerformanceWarning: DataFrame is highly fragmented.  This is usually the result of calling `frame.insert` many times, which has poor performance.  Consider joining all columns at once using pd.concat(axis=1) instead. To get a de-fragmented frame, use `newframe = frame.copy()`
  dataframe[f"dc_hi_{n}"] = dataframe["high"].rolling(n).max().shift(1)
/freqtrade/user_data/strategies/TrendVolTarget.py:50: PerformanceWarning: DataFrame is highly fragmented.  This is usually the result of calling `frame.insert` many times, which has poor performance.  Consider joining all columns at once using pd.concat(axis=1) instead. To get a de-fragmented frame, use `newframe = frame.copy()`
  dataframe[f"dc_hi_{n}"] = dataframe["high"].rolling(n).max().shift(1)
/freqtrade/user_data/strategies/TrendVolTarget.py:50: PerformanceWarning: DataFrame is highly fragmented.  This is usually the result of calling `frame.insert` many times, which has poor performance.  Consider joining all columns at once using pd.concat(axis=1) instead. To get a de-fragmented frame, use `newframe = frame.copy()`
  dataframe[f"dc_hi_{n}"] = dataframe["high"].rolling(n).max().shift(1)
/freqtrade/user_data/strategies/TrendVolTarget.py:50: PerformanceWarning: DataFrame is highly fragmented.  This is usually the result of calling `frame.insert` many times, which has poor performance.  Consider joining all columns at once using pd.concat(axis=1) instead. To get a de-fragmented frame, use `newframe = frame.copy()`
  dataframe[f"dc_hi_{n}"] = dataframe["high"].rolling(n).max().shift(1)
/freqtrade/user_data/strategies/TrendVolTarget.py:50: PerformanceWarning: DataFrame is highly fragmented.  This is usually the result of calling `frame.insert` many times, which has poor performance.  Consider joining all columns at once using pd.concat(axis=1) instead. To get a de-fragmented frame, use `newframe = frame.copy()`
  dataframe[f"dc_hi_{n}"] = dataframe["high"].rolling(n).max().shift(1)
/freqtrade/user_data/strategies/TrendVolTarget.py:50: PerformanceWarning: DataFrame is highly fragmented.  This is usually the result of calling `frame.insert` many times, which has poor performance.  Consider joining all columns at once using pd.concat(axis=1) instead. To get a de-fragmented frame, use `newframe = frame.copy()`
  dataframe[f"dc_hi_{n}"] = dataframe["high"].rolling(n).max().shift(1)
/freqtrade/user_data/strategies/TrendVolTarget.py:50: PerformanceWarning: DataFrame is highly fragmented.  This is usually the result of calling `frame.insert` many times, which has poor performance.  Consider joining all columns at once using pd.concat(axis=1) instead. To get a de-fragmented frame, use `newframe = frame.copy()`
  dataframe[f"dc_hi_{n}"] = dataframe["high"].rolling(n).max().shift(1)
/freqtrade/user_data/strategies/TrendVolTarget.py:50: PerformanceWarning: DataFrame is highly fragmented.  This is usually the result of calling `frame.insert` many times, which has poor performance.  Consider joining all columns at once using pd.concat(axis=1) instead. To get a de-fragmented frame, use `newframe = frame.copy()`
  dataframe[f"dc_hi_{n}"] = dataframe["high"].rolling(n).max().shift(1)
/freqtrade/user_data/strategies/TrendVolTarget.py:50: PerformanceWarning: DataFrame is highly fragmented.  This is usually the result of calling `frame.insert` many times, which has poor performance.  Consider joining all columns at once using pd.concat(axis=1) instead. To get a de-fragmented frame, use `newframe = frame.copy()`
  dataframe[f"dc_hi_{n}"] = dataframe["high"].rolling(n).max().shift(1)
/freqtrade/user_data/strategies/TrendVolTarget.py:50: PerformanceWarning: DataFrame is highly fragmented.  This is usually the result of calling `frame.insert` many times, which has poor performance.  Consider joining all columns at once using pd.concat(axis=1) instead. To get a de-fragmented frame, use `newframe = frame.copy()`
  dataframe[f"dc_hi_{n}"] = dataframe["high"].rolling(n).max().shift(1)
/freqtrade/user_data/strategies/TrendVolTarget.py:50: PerformanceWarning: DataFrame is highly fragmented.  This is usually the result of calling `frame.insert` many times, which has poor performance.  Consider joining all columns at once using pd.concat(axis=1) instead. To get a de-fragmented frame, use `newframe = frame.copy()`
  dataframe[f"dc_hi_{n}"] = dataframe["high"].rolling(n).max().shift(1)
/freqtrade/user_data/strategies/TrendVolTarget.py:50: PerformanceWarning: DataFrame is highly fragmented.  This is usually the result of calling `frame.insert` many times, which has poor performance.  Consider joining all columns at once using pd.concat(axis=1) instead. To get a de-fragmented frame, use `newframe = frame.copy()`
  dataframe[f"dc_hi_{n}"] = dataframe["high"].rolling(n).max().shift(1)
/freqtrade/user_data/strategies/TrendVolTarget.py:50: PerformanceWarning: DataFrame is highly fragmented.  This is usually the result of calling `frame.insert` many times, which has poor performance.  Consider joining all columns at once using pd.concat(axis=1) instead. To get a de-fragmented frame, use `newframe = frame.copy()`
  dataframe[f"dc_hi_{n}"] = dataframe["high"].rolling(n).max().shift(1)
/freqtrade/user_data/strategies/TrendVolTarget.py:50: PerformanceWarning: DataFrame is highly fragmented.  This is usually the result of calling `frame.insert` many times, which has poor performance.  Consider joining all columns at once using pd.concat(axis=1) instead. To get a de-fragmented frame, use `newframe = frame.copy()`
  dataframe[f"dc_hi_{n}"] = dataframe["high"].rolling(n).max().shift(1)
/freqtrade/user_data/strategies/TrendVolTarget.py:50: PerformanceWarning: DataFrame is highly fragmented.  This is usually the result of calling `frame.insert` many times, which has poor performance.  Consider joining all columns at once using pd.concat(axis=1) instead. To get a de-fragmented frame, use `newframe = frame.copy()`
  dataframe[f"dc_hi_{n}"] = dataframe["high"].rolling(n).max().shift(1)
/freqtrade/user_data/strategies/TrendVolTarget.py:50: PerformanceWarning: DataFrame is highly fragmented.  This is usually the result of calling `frame.insert` many times, which has poor performance.  Consider joining all columns at once using pd.concat(axis=1) instead. To get a de-fragmented frame, use `newframe = frame.copy()`
  dataframe[f"dc_hi_{n}"] = dataframe["high"].rolling(n).max().shift(1)
/freqtrade/user_data/strategies/TrendVolTarget.py:50: PerformanceWarning: DataFrame is highly fragmented.  This is usually the result of calling `frame.insert` many times, which has poor performance.  Consider joining all columns at once using pd.concat(axis=1) instead. To get a de-fragmented frame, use `newframe = frame.copy()`
  dataframe[f"dc_hi_{n}"] = dataframe["high"].rolling(n).max().shift(1)
/freqtrade/user_data/strategies/TrendVolTarget.py:50: PerformanceWarning: DataFrame is highly fragmented.  This is usually the result of calling `frame.insert` many times, which has poor performance.  Consider joining all columns at once using pd.concat(axis=1) instead. To get a de-fragmented frame, use `newframe = frame.copy()`
  dataframe[f"dc_hi_{n}"] = dataframe["high"].rolling(n).max().shift(1)
/freqtrade/user_data/strategies/TrendVolTarget.py:50: PerformanceWarning: DataFrame is highly fragmented.  This is usually the result of calling `frame.insert` many times, which has poor performance.  Consider joining all columns at once using pd.concat(axis=1) instead. To get a de-fragmented frame, use `newframe = frame.copy()`
  dataframe[f"dc_hi_{n}"] = dataframe["high"].rolling(n).max().shift(1)
/freqtrade/user_data/strategies/TrendVolTarget.py:50: PerformanceWarning: DataFrame is highly fragmented.  This is usually the result of calling `frame.insert` many times, which has poor performance.  Consider joining all columns at once using pd.concat(axis=1) instead. To get a de-fragmented frame, use `newframe = frame.copy()`
  dataframe[f"dc_hi_{n}"] = dataframe["high"].rolling(n).max().shift(1)
/freqtrade/user_data/strategies/TrendVolTarget.py:50: PerformanceWarning: DataFrame is highly fragmented.  This is usually the result of calling `frame.insert` many times, which has poor performance.  Consider joining all columns at once using pd.concat(axis=1) instead. To get a de-fragmented frame, use `newframe = frame.copy()`
  dataframe[f"dc_hi_{n}"] = dataframe["high"].rolling(n).max().shift(1)
/freqtrade/user_data/strategies/TrendVolTarget.py:50: PerformanceWarning: DataFrame is highly fragmented.  This is usually the result of calling `frame.insert` many times, which has poor performance.  Consider joining all columns at once using pd.concat(axis=1) instead. To get a de-fragmented frame, use `newframe = frame.copy()`
  dataframe[f"dc_hi_{n}"] = dataframe["high"].rolling(n).max().shift(1)
/freqtrade/user_data/strategies/TrendVolTarget.py:50: PerformanceWarning: DataFrame is highly fragmented.  This is usually the result of calling `frame.insert` many times, which has poor performance.  Consider joining all columns at once using pd.concat(axis=1) instead. To get a de-fragmented frame, use `newframe = frame.copy()`
  dataframe[f"dc_hi_{n}"] = dataframe["high"].rolling(n).max().shift(1)
/freqtrade/user_data/strategies/TrendVolTarget.py:50: PerformanceWarning: DataFrame is highly fragmented.  This is usually the result of calling `frame.insert` many times, which has poor performance.  Consider joining all columns at once using pd.concat(axis=1) instead. To get a de-fragmented frame, use `newframe = frame.copy()`
  dataframe[f"dc_hi_{n}"] = dataframe["high"].rolling(n).max().shift(1)
/freqtrade/user_data/strategies/TrendVolTarget.py:50: PerformanceWarning: DataFrame is highly fragmented.  This is usually the result of calling `frame.insert` many times, which has poor performance.  Consider joining all columns at once using pd.concat(axis=1) instead. To get a de-fragmented frame, use `newframe = frame.copy()`
  dataframe[f"dc_hi_{n}"] = dataframe["high"].rolling(n).max().shift(1)
/freqtrade/user_data/strategies/TrendVolTarget.py:50: PerformanceWarning: DataFrame is highly fragmented.  This is usually the result of calling `frame.insert` many times, which has poor performance.  Consider joining all columns at once using pd.concat(axis=1) instead. To get a de-fragmented frame, use `newframe = frame.copy()`
  dataframe[f"dc_hi_{n}"] = dataframe["high"].rolling(n).max().shift(1)
/freqtrade/user_data/strategies/TrendVolTarget.py:50: PerformanceWarning: DataFrame is highly fragmented.  This is usually the result of calling `frame.insert` many times, which has poor performance.  Consider joining all columns at once using pd.concat(axis=1) instead. To get a de-fragmented frame, use `newframe = frame.copy()`
  dataframe[f"dc_hi_{n}"] = dataframe["high"].rolling(n).max().shift(1)
/freqtrade/user_data/strategies/TrendVolTarget.py:50: PerformanceWarning: DataFrame is highly fragmented.  This is usually the result of calling `frame.insert` many times, which has poor performance.  Consider joining all columns at once using pd.concat(axis=1) instead. To get a de-fragmented frame, use `newframe = frame.copy()`
  dataframe[f"dc_hi_{n}"] = dataframe["high"].rolling(n).max().shift(1)
/freqtrade/user_data/strategies/TrendVolTarget.py:50: PerformanceWarning: DataFrame is highly fragmented.  This is usually the result of calling `frame.insert` many times, which has poor performance.  Consider joining all columns at once using pd.concat(axis=1) instead. To get a de-fragmented frame, use `newframe = frame.copy()`
  dataframe[f"dc_hi_{n}"] = dataframe["high"].rolling(n).max().shift(1)
/freqtrade/user_data/strategies/TrendVolTarget.py:50: PerformanceWarning: DataFrame is highly fragmented.  This is usually the result of calling `frame.insert` many times, which has poor performance.  Consider joining all columns at once using pd.concat(axis=1) instead. To get a de-fragmented frame, use `newframe = frame.copy()`
  dataframe[f"dc_hi_{n}"] = dataframe["high"].rolling(n).max().shift(1)
/freqtrade/user_data/strategies/TrendVolTarget.py:50: PerformanceWarning: DataFrame is highly fragmented.  This is usually the result of calling `frame.insert` many times, which has poor performance.  Consider joining all columns at once using pd.concat(axis=1) instead. To get a de-fragmented frame, use `newframe = frame.copy()`
  dataframe[f"dc_hi_{n}"] = dataframe["high"].rolling(n).max().shift(1)
/freqtrade/user_data/strategies/TrendVolTarget.py:50: PerformanceWarning: DataFrame is highly fragmented.  This is usually the result of calling `frame.insert` many times, which has poor performance.  Consider joining all columns at once using pd.concat(axis=1) instead. To get a de-fragmented frame, use `newframe = frame.copy()`
  dataframe[f"dc_hi_{n}"] = dataframe["high"].rolling(n).max().shift(1)
/freqtrade/user_data/strategies/TrendVolTarget.py:50: PerformanceWarning: DataFrame is highly fragmented.  This is usually the result of calling `frame.insert` many times, which has poor performance.  Consider joining all columns at once using pd.concat(axis=1) instead. To get a de-fragmented frame, use `newframe = frame.copy()`
  dataframe[f"dc_hi_{n}"] = dataframe["high"].rolling(n).max().shift(1)
/freqtrade/user_data/strategies/TrendVolTarget.py:50: PerformanceWarning: DataFrame is highly fragmented.  This is usually the result of calling `frame.insert` many times, which has poor performance.  Consider joining all columns at once using pd.concat(axis=1) instead. To get a de-fragmented frame, use `newframe = frame.copy()`
  dataframe[f"dc_hi_{n}"] = dataframe["high"].rolling(n).max().shift(1)
/freqtrade/user_data/strategies/TrendVolTarget.py:50: PerformanceWarning: DataFrame is highly fragmented.  This is usually the result of calling `frame.insert` many times, which has poor performance.  Consider joining all columns at once using pd.concat(axis=1) instead. To get a de-fragmented frame, use `newframe = frame.copy()`
  dataframe[f"dc_hi_{n}"] = dataframe["high"].rolling(n).max().shift(1)
/freqtrade/user_data/strategies/TrendVolTarget.py:50: PerformanceWarning: DataFrame is highly fragmented.  This is usually the result of calling `frame.insert` many times, which has poor performance.  Consider joining all columns at once using pd.concat(axis=1) instead. To get a de-fragmented frame, use `newframe = frame.copy()`
  dataframe[f"dc_hi_{n}"] = dataframe["high"].rolling(n).max().shift(1)
/freqtrade/user_data/strategies/TrendVolTarget.py:50: PerformanceWarning: DataFrame is highly fragmented.  This is usually the result of calling `frame.insert` many times, which has poor performance.  Consider joining all columns at once using pd.concat(axis=1) instead. To get a de-fragmented frame, use `newframe = frame.copy()`
  dataframe[f"dc_hi_{n}"] = dataframe["high"].rolling(n).max().shift(1)
/freqtrade/user_data/strategies/TrendVolTarget.py:50: PerformanceWarning: DataFrame is highly fragmented.  This is usually the result of calling `frame.insert` many times, which has poor performance.  Consider joining all columns at once using pd.concat(axis=1) instead. To get a de-fragmented frame, use `newframe = frame.copy()`
  dataframe[f"dc_hi_{n}"] = dataframe["high"].rolling(n).max().shift(1)
/freqtrade/user_data/strategies/TrendVolTarget.py:50: PerformanceWarning: DataFrame is highly fragmented.  This is usually the result of calling `frame.insert` many times, which has poor performance.  Consider joining all columns at once using pd.concat(axis=1) instead. To get a de-fragmented frame, use `newframe = frame.copy()`
  dataframe[f"dc_hi_{n}"] = dataframe["high"].rolling(n).max().shift(1)
/freqtrade/user_data/strategies/TrendVolTarget.py:50: PerformanceWarning: DataFrame is highly fragmented.  This is usually the result of calling `frame.insert` many times, which has poor performance.  Consider joining all columns at once using pd.concat(axis=1) instead. To get a de-fragmented frame, use `newframe = frame.copy()`
  dataframe[f"dc_hi_{n}"] = dataframe["high"].rolling(n).max().shift(1)
/freqtrade/user_data/strategies/TrendVolTarget.py:50: PerformanceWarning: DataFrame is highly fragmented.  This is usually the result of calling `frame.insert` many times, which has poor performance.  Consider joining all columns at once using pd.concat(axis=1) instead. To get a de-fragmented frame, use `newframe = frame.copy()`
  dataframe[f"dc_hi_{n}"] = dataframe["high"].rolling(n).max().shift(1)
/freqtrade/user_data/strategies/TrendVolTarget.py:50: PerformanceWarning: DataFrame is highly fragmented.  This is usually the result of calling `frame.insert` many times, which has poor performance.  Consider joining all columns at once using pd.concat(axis=1) instead. To get a de-fragmented frame, use `newframe = frame.copy()`
  dataframe[f"dc_hi_{n}"] = dataframe["high"].rolling(n).max().shift(1)
/freqtrade/user_data/strategies/TrendVolTarget.py:50: PerformanceWarning: DataFrame is highly fragmented.  This is usually the result of calling `frame.insert` many times, which has poor performance.  Consider joining all columns at once using pd.concat(axis=1) instead. To get a de-fragmented frame, use `newframe = frame.copy()`
  dataframe[f"dc_hi_{n}"] = dataframe["high"].rolling(n).max().shift(1)
/freqtrade/user_data/strategies/TrendVolTarget.py:50: PerformanceWarning: DataFrame is highly fragmented.  This is usually the result of calling `frame.insert` many times, which has poor performance.  Consider joining all columns at once using pd.concat(axis=1) instead. To get a de-fragmented frame, use `newframe = frame.copy()`
  dataframe[f"dc_hi_{n}"] = dataframe["high"].rolling(n).max().shift(1)
/freqtrade/user_data/strategies/TrendVolTarget.py:50: PerformanceWarning: DataFrame is highly fragmented.  This is usually the result of calling `frame.insert` many times, which has poor performance.  Consider joining all columns at once using pd.concat(axis=1) instead. To get a de-fragmented frame, use `newframe = frame.copy()`
  dataframe[f"dc_hi_{n}"] = dataframe["high"].rolling(n).max().shift(1)
/freqtrade/user_data/strategies/TrendVolTarget.py:50: PerformanceWarning: DataFrame is highly fragmented.  This is usually the result of calling `frame.insert` many times, which has poor performance.  Consider joining all columns at once using pd.concat(axis=1) instead. To get a de-fragmented frame, use `newframe = frame.copy()`
  dataframe[f"dc_hi_{n}"] = dataframe["high"].rolling(n).max().shift(1)
/freqtrade/user_data/strategies/TrendVolTarget.py:50: PerformanceWarning: DataFrame is highly fragmented.  This is usually the result of calling `frame.insert` many times, which has poor performance.  Consider joining all columns at once using pd.concat(axis=1) instead. To get a de-fragmented frame, use `newframe = frame.copy()`
  dataframe[f"dc_hi_{n}"] = dataframe["high"].rolling(n).max().shift(1)
/freqtrade/user_data/strategies/TrendVolTarget.py:50: PerformanceWarning: DataFrame is highly fragmented.  This is usually the result of calling `frame.insert` many times, which has poor performance.  Consider joining all columns at once using pd.concat(axis=1) instead. To get a de-fragmented frame, use `newframe = frame.copy()`
  dataframe[f"dc_hi_{n}"] = dataframe["high"].rolling(n).max().shift(1)
/freqtrade/user_data/strategies/TrendVolTarget.py:50: PerformanceWarning: DataFrame is highly fragmented.  This is usually the result of calling `frame.insert` many times, which has poor performance.  Consider joining all columns at once using pd.concat(axis=1) instead. To get a de-fragmented frame, use `newframe = frame.copy()`
  dataframe[f"dc_hi_{n}"] = dataframe["high"].rolling(n).max().shift(1)
/freqtrade/user_data/strategies/TrendVolTarget.py:50: PerformanceWarning: DataFrame is highly fragmented.  This is usually the result of calling `frame.insert` many times, which has poor performance.  Consider joining all columns at once using pd.concat(axis=1) instead. To get a de-fragmented frame, use `newframe = frame.copy()`
  dataframe[f"dc_hi_{n}"] = dataframe["high"].rolling(n).max().shift(1)
/freqtrade/user_data/strategies/TrendVolTarget.py:50: PerformanceWarning: DataFrame is highly fragmented.  This is usually the result of calling `frame.insert` many times, which has poor performance.  Consider joining all columns at once using pd.concat(axis=1) instead. To get a de-fragmented frame, use `newframe = frame.copy()`
  dataframe[f"dc_hi_{n}"] = dataframe["high"].rolling(n).max().shift(1)
/freqtrade/user_data/strategies/TrendVolTarget.py:50: PerformanceWarning: DataFrame is highly fragmented.  This is usually the result of calling `frame.insert` many times, which has poor performance.  Consider joining all columns at once using pd.concat(axis=1) instead. To get a de-fragmented frame, use `newframe = frame.copy()`
  dataframe[f"dc_hi_{n}"] = dataframe["high"].rolling(n).max().shift(1)
/freqtrade/user_data/strategies/TrendVolTarget.py:50: PerformanceWarning: DataFrame is highly fragmented.  This is usually the result of calling `frame.insert` many times, which has poor performance.  Consider joining all columns at once using pd.concat(axis=1) instead. To get a de-fragmented frame, use `newframe = frame.copy()`
  dataframe[f"dc_hi_{n}"] = dataframe["high"].rolling(n).max().shift(1)
/freqtrade/user_data/strategies/TrendVolTarget.py:50: PerformanceWarning: DataFrame is highly fragmented.  This is usually the result of calling `frame.insert` many times, which has poor performance.  Consider joining all columns at once using pd.concat(axis=1) instead. To get a de-fragmented frame, use `newframe = frame.copy()`
  dataframe[f"dc_hi_{n}"] = dataframe["high"].rolling(n).max().shift(1)
/freqtrade/user_data/strategies/TrendVolTarget.py:50: PerformanceWarning: DataFrame is highly fragmented.  This is usually the result of calling `frame.insert` many times, which has poor performance.  Consider joining all columns at once using pd.concat(axis=1) instead. To get a de-fragmented frame, use `newframe = frame.copy()`
  dataframe[f"dc_hi_{n}"] = dataframe["high"].rolling(n).max().shift(1)
/freqtrade/user_data/strategies/TrendVolTarget.py:50: PerformanceWarning: DataFrame is highly fragmented.  This is usually the result of calling `frame.insert` many times, which has poor performance.  Consider joining all columns at once using pd.concat(axis=1) instead. To get a de-fragmented frame, use `newframe = frame.copy()`
  dataframe[f"dc_hi_{n}"] = dataframe["high"].rolling(n).max().shift(1)
/freqtrade/user_data/strategies/TrendVolTarget.py:50: PerformanceWarning: DataFrame is highly fragmented.  This is usually the result of calling `frame.insert` many times, which has poor performance.  Consider joining all columns at once using pd.concat(axis=1) instead. To get a de-fragmented frame, use `newframe = frame.copy()`
  dataframe[f"dc_hi_{n}"] = dataframe["high"].rolling(n).max().shift(1)
/freqtrade/user_data/strategies/TrendVolTarget.py:50: PerformanceWarning: DataFrame is highly fragmented.  This is usually the result of calling `frame.insert` many times, which has poor performance.  Consider joining all columns at once using pd.concat(axis=1) instead. To get a de-fragmented frame, use `newframe = frame.copy()`
  dataframe[f"dc_hi_{n}"] = dataframe["high"].rolling(n).max().shift(1)
/freqtrade/user_data/strategies/TrendVolTarget.py:50: PerformanceWarning: DataFrame is highly fragmented.  This is usually the result of calling `frame.insert` many times, which has poor performance.  Consider joining all columns at once using pd.concat(axis=1) instead. To get a de-fragmented frame, use `newframe = frame.copy()`
  dataframe[f"dc_hi_{n}"] = dataframe["high"].rolling(n).max().shift(1)
/freqtrade/user_data/strategies/TrendVolTarget.py:50: PerformanceWarning: DataFrame is highly fragmented.  This is usually the result of calling `frame.insert` many times, which has poor performance.  Consider joining all columns at once using pd.concat(axis=1) instead. To get a de-fragmented frame, use `newframe = frame.copy()`
  dataframe[f"dc_hi_{n}"] = dataframe["high"].rolling(n).max().shift(1)
/freqtrade/user_data/strategies/TrendVolTarget.py:50: PerformanceWarning: DataFrame is highly fragmented.  This is usually the result of calling `frame.insert` many times, which has poor performance.  Consider joining all columns at once using pd.concat(axis=1) instead. To get a de-fragmented frame, use `newframe = frame.copy()`
  dataframe[f"dc_hi_{n}"] = dataframe["high"].rolling(n).max().shift(1)
/freqtrade/user_data/strategies/TrendVolTarget.py:50: PerformanceWarning: DataFrame is highly fragmented.  This is usually the result of calling `frame.insert` many times, which has poor performance.  Consider joining all columns at once using pd.concat(axis=1) instead. To get a de-fragmented frame, use `newframe = frame.copy()`
  dataframe[f"dc_hi_{n}"] = dataframe["high"].rolling(n).max().shift(1)
/freqtrade/user_data/strategies/TrendVolTarget.py:50: PerformanceWarning: DataFrame is highly fragmented.  This is usually the result of calling `frame.insert` many times, which has poor performance.  Consider joining all columns at once using pd.concat(axis=1) instead. To get a de-fragmented frame, use `newframe = frame.copy()`
  dataframe[f"dc_hi_{n}"] = dataframe["high"].rolling(n).max().shift(1)
/freqtrade/user_data/strategies/TrendVolTarget.py:50: PerformanceWarning: DataFrame is highly fragmented.  This is usually the result of calling `frame.insert` many times, which has poor performance.  Consider joining all columns at once using pd.concat(axis=1) instead. To get a de-fragmented frame, use `newframe = frame.copy()`
  dataframe[f"dc_hi_{n}"] = dataframe["high"].rolling(n).max().shift(1)
/freqtrade/user_data/strategies/TrendVolTarget.py:50: PerformanceWarning: DataFrame is highly fragmented.  This is usually the result of calling `frame.insert` many times, which has poor performance.  Consider joining all columns at once using pd.concat(axis=1) instead. To get a de-fragmented frame, use `newframe = frame.copy()`
  dataframe[f"dc_hi_{n}"] = dataframe["high"].rolling(n).max().shift(1)
/freqtrade/user_data/strategies/TrendVolTarget.py:50: PerformanceWarning: DataFrame is highly fragmented.  This is usually the result of calling `frame.insert` many times, which has poor performance.  Consider joining all columns at once using pd.concat(axis=1) instead. To get a de-fragmented frame, use `newframe = frame.copy()`
  dataframe[f"dc_hi_{n}"] = dataframe["high"].rolling(n).max().shift(1)
/freqtrade/user_data/strategies/TrendVolTarget.py:50: PerformanceWarning: DataFrame is highly fragmented.  This is usually the result of calling `frame.insert` many times, which has poor performance.  Consider joining all columns at once using pd.concat(axis=1) instead. To get a de-fragmented frame, use `newframe = frame.copy()`
  dataframe[f"dc_hi_{n}"] = dataframe["high"].rolling(n).max().shift(1)
/freqtrade/user_data/strategies/TrendVolTarget.py:50: PerformanceWarning: DataFrame is highly fragmented.  This is usually the result of calling `frame.insert` many times, which has poor performance.  Consider joining all columns at once using pd.concat(axis=1) instead. To get a de-fragmented frame, use `newframe = frame.copy()`
  dataframe[f"dc_hi_{n}"] = dataframe["high"].rolling(n).max().shift(1)
/freqtrade/user_data/strategies/TrendVolTarget.py:50: PerformanceWarning: DataFrame is highly fragmented.  This is usually the result of calling `frame.insert` many times, which has poor performance.  Consider joining all columns at once using pd.concat(axis=1) instead. To get a de-fragmented frame, use `newframe = frame.copy()`
  dataframe[f"dc_hi_{n}"] = dataframe["high"].rolling(n).max().shift(1)
/freqtrade/user_data/strategies/TrendVolTarget.py:50: PerformanceWarning: DataFrame is highly fragmented.  This is usually the result of calling `frame.insert` many times, which has poor performance.  Consider joining all columns at once using pd.concat(axis=1) instead. To get a de-fragmented frame, use `newframe = frame.copy()`
  dataframe[f"dc_hi_{n}"] = dataframe["high"].rolling(n).max().shift(1)
/freqtrade/user_data/strategies/TrendVolTarget.py:50: PerformanceWarning: DataFrame is highly fragmented.  This is usually the result of calling `frame.insert` many times, which has poor performance.  Consider joining all columns at once using pd.concat(axis=1) instead. To get a de-fragmented frame, use `newframe = frame.copy()`
  dataframe[f"dc_hi_{n}"] = dataframe["high"].rolling(n).max().shift(1)
/freqtrade/user_data/strategies/TrendVolTarget.py:50: PerformanceWarning: DataFrame is highly fragmented.  This is usually the result of calling `frame.insert` many times, which has poor performance.  Consider joining all columns at once using pd.concat(axis=1) instead. To get a de-fragmented frame, use `newframe = frame.copy()`
  dataframe[f"dc_hi_{n}"] = dataframe["high"].rolling(n).max().shift(1)
/freqtrade/user_data/strategies/TrendVolTarget.py:50: PerformanceWarning: DataFrame is highly fragmented.  This is usually the result of calling `frame.insert` many times, which has poor performance.  Consider joining all columns at once using pd.concat(axis=1) instead. To get a de-fragmented frame, use `newframe = frame.copy()`
  dataframe[f"dc_hi_{n}"] = dataframe["high"].rolling(n).max().shift(1)
/freqtrade/user_data/strategies/TrendVolTarget.py:50: PerformanceWarning: DataFrame is highly fragmented.  This is usually the result of calling `frame.insert` many times, which has poor performance.  Consider joining all columns at once using pd.concat(axis=1) instead. To get a de-fragmented frame, use `newframe = frame.copy()`
  dataframe[f"dc_hi_{n}"] = dataframe["high"].rolling(n).max().shift(1)
/freqtrade/user_data/strategies/TrendVolTarget.py:50: PerformanceWarning: DataFrame is highly fragmented.  This is usually the result of calling `frame.insert` many times, which has poor performance.  Consider joining all columns at once using pd.concat(axis=1) instead. To get a de-fragmented frame, use `newframe = frame.copy()`
  dataframe[f"dc_hi_{n}"] = dataframe["high"].rolling(n).max().shift(1)
/freqtrade/user_data/strategies/TrendVolTarget.py:50: PerformanceWarning: DataFrame is highly fragmented.  This is usually the result of calling `frame.insert` many times, which has poor performance.  Consider joining all columns at once using pd.concat(axis=1) instead. To get a de-fragmented frame, use `newframe = frame.copy()`
  dataframe[f"dc_hi_{n}"] = dataframe["high"].rolling(n).max().shift(1)
/freqtrade/user_data/strategies/TrendVolTarget.py:50: PerformanceWarning: DataFrame is highly fragmented.  This is usually the result of calling `frame.insert` many times, which has poor performance.  Consider joining all columns at once using pd.concat(axis=1) instead. To get a de-fragmented frame, use `newframe = frame.copy()`
  dataframe[f"dc_hi_{n}"] = dataframe["high"].rolling(n).max().shift(1)
/freqtrade/user_data/strategies/TrendVolTarget.py:50: PerformanceWarning: DataFrame is highly fragmented.  This is usually the result of calling `frame.insert` many times, which has poor performance.  Consider joining all columns at once using pd.concat(axis=1) instead. To get a de-fragmented frame, use `newframe = frame.copy()`
  dataframe[f"dc_hi_{n}"] = dataframe["high"].rolling(n).max().shift(1)
/freqtrade/user_data/strategies/TrendVolTarget.py:50: PerformanceWarning: DataFrame is highly fragmented.  This is usually the result of calling `frame.insert` many times, which has poor performance.  Consider joining all columns at once using pd.concat(axis=1) instead. To get a de-fragmented frame, use `newframe = frame.copy()`
  dataframe[f"dc_hi_{n}"] = dataframe["high"].rolling(n).max().shift(1)
/freqtrade/user_data/strategies/TrendVolTarget.py:50: PerformanceWarning: DataFrame is highly fragmented.  This is usually the result of calling `frame.insert` many times, which has poor performance.  Consider joining all columns at once using pd.concat(axis=1) instead. To get a de-fragmented frame, use `newframe = frame.copy()`
  dataframe[f"dc_hi_{n}"] = dataframe["high"].rolling(n).max().shift(1)
/freqtrade/user_data/strategies/TrendVolTarget.py:50: PerformanceWarning: DataFrame is highly fragmented.  This is usually the result of calling `frame.insert` many times, which has poor performance.  Consider joining all columns at once using pd.concat(axis=1) instead. To get a de-fragmented frame, use `newframe = frame.copy()`
  dataframe[f"dc_hi_{n}"] = dataframe["high"].rolling(n).max().shift(1)
/freqtrade/user_data/strategies/TrendVolTarget.py:50: PerformanceWarning: DataFrame is highly fragmented.  This is usually the result of calling `frame.insert` many times, which has poor performance.  Consider joining all columns at once using pd.concat(axis=1) instead. To get a de-fragmented frame, use `newframe = frame.copy()`
  dataframe[f"dc_hi_{n}"] = dataframe["high"].rolling(n).max().shift(1)
/freqtrade/user_data/strategies/TrendVolTarget.py:53: PerformanceWarning: DataFrame is highly fragmented.  This is usually the result of calling `frame.insert` many times, which has poor performance.  Consider joining all columns at once using pd.concat(axis=1) instead. To get a de-fragmented frame, use `newframe = frame.copy()`
  dataframe["sma_f"] = ta.SMA(dataframe, timeperiod=60)
/freqtrade/user_data/strategies/TrendVolTarget.py:54: PerformanceWarning: DataFrame is highly fragmented.  This is usually the result of calling `frame.insert` many times, which has poor performance.  Consider joining all columns at once using pd.concat(axis=1) instead. To get a de-fragmented frame, use `newframe = frame.copy()`
  dataframe["sma_s"] = ta.SMA(dataframe, timeperiod=240)
/freqtrade/user_data/strategies/TrendVolTarget.py:56: PerformanceWarning: DataFrame is highly fragmented.  This is usually the result of calling `frame.insert` many times, which has poor performance.  Consider joining all columns at once using pd.concat(axis=1) instead. To get a de-fragmented frame, use `newframe = frame.copy()`
  dataframe["rvol"] = dataframe["close"].pct_change().rolling(90).std() * np.sqrt(6 * 365)
/freqtrade/user_data/strategies/TrendVolTarget.py:50: PerformanceWarning: DataFrame is highly fragmented.  This is usually the result of calling `frame.insert` many times, which has poor performance.  Consider joining all columns at once using pd.concat(axis=1) instead. To get a de-fragmented frame, use `newframe = frame.copy()`
  dataframe[f"dc_hi_{n}"] = dataframe["high"].rolling(n).max().shift(1)
/freqtrade/user_data/strategies/TrendVolTarget.py:50: PerformanceWarning: DataFrame is highly fragmented.  This is usually the result of calling `frame.insert` many times, which has poor performance.  Consider joining all columns at once using pd.concat(axis=1) instead. To get a de-fragmented frame, use `newframe = frame.copy()`
  dataframe[f"dc_hi_{n}"] = dataframe["high"].rolling(n).max().shift(1)
/freqtrade/user_data/strategies/TrendVolTarget.py:50: PerformanceWarning: DataFrame is highly fragmented.  This is usually the result of calling `frame.insert` many times, which has poor performance.  Consider joining all columns at once using pd.concat(axis=1) instead. To get a de-fragmented frame, use `newframe = frame.copy()`
  dataframe[f"dc_hi_{n}"] = dataframe["high"].rolling(n).max().shift(1)
/freqtrade/user_data/strategies/TrendVolTarget.py:50: PerformanceWarning: DataFrame is highly fragmented.  This is usually the result of calling `frame.insert` many times, which has poor performance.  Consider joining all columns at once using pd.concat(axis=1) instead. To get a de-fragmented frame, use `newframe = frame.copy()`
  dataframe[f"dc_hi_{n}"] = dataframe["high"].rolling(n).max().shift(1)
/freqtrade/user_data/strategies/TrendVolTarget.py:50: PerformanceWarning: DataFrame is highly fragmented.  This is usually the result of calling `frame.insert` many times, which has poor performance.  Consider joining all columns at once using pd.concat(axis=1) instead. To get a de-fragmented frame, use `newframe = frame.copy()`
  dataframe[f"dc_hi_{n}"] = dataframe["high"].rolling(n).max().shift(1)
/freqtrade/user_data/strategies/TrendVolTarget.py:50: PerformanceWarning: DataFrame is highly fragmented.  This is usually the result of calling `frame.insert` many times, which has poor performance.  Consider joining all columns at once using pd.concat(axis=1) instead. To get a de-fragmented frame, use `newframe = frame.copy()`
  dataframe[f"dc_hi_{n}"] = dataframe["high"].rolling(n).max().shift(1)
/freqtrade/user_data/strategies/TrendVolTarget.py:50: PerformanceWarning: DataFrame is highly fragmented.  This is usually the result of calling `frame.insert` many times, which has poor performance.  Consider joining all columns at once using pd.concat(axis=1) instead. To get a de-fragmented frame, use `newframe = frame.copy()`
  dataframe[f"dc_hi_{n}"] = dataframe["high"].rolling(n).max().shift(1)
/freqtrade/user_data/strategies/TrendVolTarget.py:50: PerformanceWarning: DataFrame is highly fragmented.  This is usually the result of calling `frame.insert` many times, which has poor performance.  Consider joining all columns at once using pd.concat(axis=1) instead. To get a de-fragmented frame, use `newframe = frame.copy()`
  dataframe[f"dc_hi_{n}"] = dataframe["high"].rolling(n).max().shift(1)
/freqtrade/user_data/strategies/TrendVolTarget.py:50: PerformanceWarning: DataFrame is highly fragmented.  This is usually the result of calling `frame.insert` many times, which has poor performance.  Consider joining all columns at once using pd.concat(axis=1) instead. To get a de-fragmented frame, use `newframe = frame.copy()`
  dataframe[f"dc_hi_{n}"] = dataframe["high"].rolling(n).max().shift(1)
/freqtrade/user_data/strategies/TrendVolTarget.py:50: PerformanceWarning: DataFrame is highly fragmented.  This is usually the result of calling `frame.insert` many times, which has poor performance.  Consider joining all columns at once using pd.concat(axis=1) instead. To get a de-fragmented frame, use `newframe = frame.copy()`
  dataframe[f"dc_hi_{n}"] = dataframe["high"].rolling(n).max().shift(1)
/freqtrade/user_data/strategies/TrendVolTarget.py:50: PerformanceWarning: DataFrame is highly fragmented.  This is usually the result of calling `frame.insert` many times, which has poor performance.  Consider joining all columns at once using pd.concat(axis=1) instead. To get a de-fragmented frame, use `newframe = frame.copy()`
  dataframe[f"dc_hi_{n}"] = dataframe["high"].rolling(n).max().shift(1)
/freqtrade/user_data/strategies/TrendVolTarget.py:50: PerformanceWarning: DataFrame is highly fragmented.  This is usually the result of calling `frame.insert` many times, which has poor performance.  Consider joining all columns at once using pd.concat(axis=1) instead. To get a de-fragmented frame, use `newframe = frame.copy()`
  dataframe[f"dc_hi_{n}"] = dataframe["high"].rolling(n).max().shift(1)
/freqtrade/user_data/strategies/TrendVolTarget.py:50: PerformanceWarning: DataFrame is highly fragmented.  This is usually the result of calling `frame.insert` many times, which has poor performance.  Consider joining all columns at once using pd.concat(axis=1) instead. To get a de-fragmented frame, use `newframe = frame.copy()`
  dataframe[f"dc_hi_{n}"] = dataframe["high"].rolling(n).max().shift(1)
/freqtrade/user_data/strategies/TrendVolTarget.py:50: PerformanceWarning: DataFrame is highly fragmented.  This is usually the result of calling `frame.insert` many times, which has poor performance.  Consider joining all columns at once using pd.concat(axis=1) instead. To get a de-fragmented frame, use `newframe = frame.copy()`
  dataframe[f"dc_hi_{n}"] = dataframe["high"].rolling(n).max().shift(1)
/freqtrade/user_data/strategies/TrendVolTarget.py:50: PerformanceWarning: DataFrame is highly fragmented.  This is usually the result of calling `frame.insert` many times, which has poor performance.  Consider joining all columns at once using pd.concat(axis=1) instead. To get a de-fragmented frame, use `newframe = frame.copy()`
  dataframe[f"dc_hi_{n}"] = dataframe["high"].rolling(n).max().shift(1)
/freqtrade/user_data/strategies/TrendVolTarget.py:50: PerformanceWarning: DataFrame is highly fragmented.  This is usually the result of calling `frame.insert` many times, which has poor performance.  Consider joining all columns at once using pd.concat(axis=1) instead. To get a de-fragmented frame, use `newframe = frame.copy()`
  dataframe[f"dc_hi_{n}"] = dataframe["high"].rolling(n).max().shift(1)
/freqtrade/user_data/strategies/TrendVolTarget.py:50: PerformanceWarning: DataFrame is highly fragmented.  This is usually the result of calling `frame.insert` many times, which has poor performance.  Consider joining all columns at once using pd.concat(axis=1) instead. To get a de-fragmented frame, use `newframe = frame.copy()`
  dataframe[f"dc_hi_{n}"] = dataframe["high"].rolling(n).max().shift(1)
/freqtrade/user_data/strategies/TrendVolTarget.py:50: PerformanceWarning: DataFrame is highly fragmented.  This is usually the result of calling `frame.insert` many times, which has poor performance.  Consider joining all columns at once using pd.concat(axis=1) instead. To get a de-fragmented frame, use `newframe = frame.copy()`
  dataframe[f"dc_hi_{n}"] = dataframe["high"].rolling(n).max().shift(1)
/freqtrade/user_data/strategies/TrendVolTarget.py:50: PerformanceWarning: DataFrame is highly fragmented.  This is usually the result of calling `frame.insert` many times, which has poor performance.  Consider joining all columns at once using pd.concat(axis=1) instead. To get a de-fragmented frame, use `newframe = frame.copy()`
  dataframe[f"dc_hi_{n}"] = dataframe["high"].rolling(n).max().shift(1)
/freqtrade/user_data/strategies/TrendVolTarget.py:50: PerformanceWarning: DataFrame is highly fragmented.  This is usually the result of calling `frame.insert` many times, which has poor performance.  Consider joining all columns at once using pd.concat(axis=1) instead. To get a de-fragmented frame, use `newframe = frame.copy()`
  dataframe[f"dc_hi_{n}"] = dataframe["high"].rolling(n).max().shift(1)
/freqtrade/user_data/strategies/TrendVolTarget.py:50: PerformanceWarning: DataFrame is highly fragmented.  This is usually the result of calling `frame.insert` many times, which has poor performance.  Consider joining all columns at once using pd.concat(axis=1) instead. To get a de-fragmented frame, use `newframe = frame.copy()`
  dataframe[f"dc_hi_{n}"] = dataframe["high"].rolling(n).max().shift(1)
/freqtrade/user_data/strategies/TrendVolTarget.py:50: PerformanceWarning: DataFrame is highly fragmented.  This is usually the result of calling `frame.insert` many times, which has poor performance.  Consider joining all columns at once using pd.concat(axis=1) instead. To get a de-fragmented frame, use `newframe = frame.copy()`
  dataframe[f"dc_hi_{n}"] = dataframe["high"].rolling(n).max().shift(1)
/freqtrade/user_data/strategies/TrendVolTarget.py:50: PerformanceWarning: DataFrame is highly fragmented.  This is usually the result of calling `frame.insert` many times, which has poor performance.  Consider joining all columns at once using pd.concat(axis=1) instead. To get a de-fragmented frame, use `newframe = frame.copy()`
  dataframe[f"dc_hi_{n}"] = dataframe["high"].rolling(n).max().shift(1)
/freqtrade/user_data/strategies/TrendVolTarget.py:50: PerformanceWarning: DataFrame is highly fragmented.  This is usually the result of calling `frame.insert` many times, which has poor performance.  Consider joining all columns at once using pd.concat(axis=1) instead. To get a de-fragmented frame, use `newframe = frame.copy()`
  dataframe[f"dc_hi_{n}"] = dataframe["high"].rolling(n).max().shift(1)
/freqtrade/user_data/strategies/TrendVolTarget.py:50: PerformanceWarning: DataFrame is highly fragmented.  This is usually the result of calling `frame.insert` many times, which has poor performance.  Consider joining all columns at once using pd.concat(axis=1) instead. To get a de-fragmented frame, use `newframe = frame.copy()`
  dataframe[f"dc_hi_{n}"] = dataframe["high"].rolling(n).max().shift(1)
/freqtrade/user_data/strategies/TrendVolTarget.py:50: PerformanceWarning: DataFrame is highly fragmented.  This is usually the result of calling `frame.insert` many times, which has poor performance.  Consider joining all columns at once using pd.concat(axis=1) instead. To get a de-fragmented frame, use `newframe = frame.copy()`
  dataframe[f"dc_hi_{n}"] = dataframe["high"].rolling(n).max().shift(1)
/freqtrade/user_data/strategies/TrendVolTarget.py:50: PerformanceWarning: DataFrame is highly fragmented.  This is usually the result of calling `frame.insert` many times, which has poor performance.  Consider joining all columns at once using pd.concat(axis=1) instead. To get a de-fragmented frame, use `newframe = frame.copy()`
  dataframe[f"dc_hi_{n}"] = dataframe["high"].rolling(n).max().shift(1)
/freqtrade/user_data/strategies/TrendVolTarget.py:50: PerformanceWarning: DataFrame is highly fragmented.  This is usually the result of calling `frame.insert` many times, which has poor performance.  Consider joining all columns at once using pd.concat(axis=1) instead. To get a de-fragmented frame, use `newframe = frame.copy()`
  dataframe[f"dc_hi_{n}"] = dataframe["high"].rolling(n).max().shift(1)
/freqtrade/user_data/strategies/TrendVolTarget.py:50: PerformanceWarning: DataFrame is highly fragmented.  This is usually the result of calling `frame.insert` many times, which has poor performance.  Consider joining all columns at once using pd.concat(axis=1) instead. To get a de-fragmented frame, use `newframe = frame.copy()`
  dataframe[f"dc_hi_{n}"] = dataframe["high"].rolling(n).max().shift(1)
/freqtrade/user_data/strategies/TrendVolTarget.py:50: PerformanceWarning: DataFrame is highly fragmented.  This is usually the result of calling `frame.insert` many times, which has poor performance.  Consider joining all columns at once using pd.concat(axis=1) instead. To get a de-fragmented frame, use `newframe = frame.copy()`
  dataframe[f"dc_hi_{n}"] = dataframe["high"].rolling(n).max().shift(1)
/freqtrade/user_data/strategies/TrendVolTarget.py:50: PerformanceWarning: DataFrame is highly fragmented.  This is usually the result of calling `frame.insert` many times, which has poor performance.  Consider joining all columns at once using pd.concat(axis=1) instead. To get a de-fragmented frame, use `newframe = frame.copy()`
  dataframe[f"dc_hi_{n}"] = dataframe["high"].rolling(n).max().shift(1)
/freqtrade/user_data/strategies/TrendVolTarget.py:50: PerformanceWarning: DataFrame is highly fragmented.  This is usually the result of calling `frame.insert` many times, which has poor performance.  Consider joining all columns at once using pd.concat(axis=1) instead. To get a de-fragmented frame, use `newframe = frame.copy()`
  dataframe[f"dc_hi_{n}"] = dataframe["high"].rolling(n).max().shift(1)
/freqtrade/user_data/strategies/TrendVolTarget.py:50: PerformanceWarning: DataFrame is highly fragmented.  This is usually the result of calling `frame.insert` many times, which has poor performance.  Consider joining all columns at once using pd.concat(axis=1) instead. To get a de-fragmented frame, use `newframe = frame.copy()`
  dataframe[f"dc_hi_{n}"] = dataframe["high"].rolling(n).max().shift(1)
/freqtrade/user_data/strategies/TrendVolTarget.py:50: PerformanceWarning: DataFrame is highly fragmented.  This is usually the result of calling `frame.insert` many times, which has poor performance.  Consider joining all columns at once using pd.concat(axis=1) instead. To get a de-fragmented frame, use `newframe = frame.copy()`
  dataframe[f"dc_hi_{n}"] = dataframe["high"].rolling(n).max().shift(1)
/freqtrade/user_data/strategies/TrendVolTarget.py:50: PerformanceWarning: DataFrame is highly fragmented.  This is usually the result of calling `frame.insert` many times, which has poor performance.  Consider joining all columns at once using pd.concat(axis=1) instead. To get a de-fragmented frame, use `newframe = frame.copy()`
  dataframe[f"dc_hi_{n}"] = dataframe["high"].rolling(n).max().shift(1)
/freqtrade/user_data/strategies/TrendVolTarget.py:50: PerformanceWarning: DataFrame is highly fragmented.  This is usually the result of calling `frame.insert` many times, which has poor performance.  Consider joining all columns at once using pd.concat(axis=1) instead. To get a de-fragmented frame, use `newframe = frame.copy()`
  dataframe[f"dc_hi_{n}"] = dataframe["high"].rolling(n).max().shift(1)
/freqtrade/user_data/strategies/TrendVolTarget.py:50: PerformanceWarning: DataFrame is highly fragmented.  This is usually the result of calling `frame.insert` many times, which has poor performance.  Consider joining all columns at once using pd.concat(axis=1) instead. To get a de-fragmented frame, use `newframe = frame.copy()`
  dataframe[f"dc_hi_{n}"] = dataframe["high"].rolling(n).max().shift(1)
/freqtrade/user_data/strategies/TrendVolTarget.py:50: PerformanceWarning: DataFrame is highly fragmented.  This is usually the result of calling `frame.insert` many times, which has poor performance.  Consider joining all columns at once using pd.concat(axis=1) instead. To get a de-fragmented frame, use `newframe = frame.copy()`
  dataframe[f"dc_hi_{n}"] = dataframe["high"].rolling(n).max().shift(1)
/freqtrade/user_data/strategies/TrendVolTarget.py:50: PerformanceWarning: DataFrame is highly fragmented.  This is usually the result of calling `frame.insert` many times, which has poor performance.  Consider joining all columns at once using pd.concat(axis=1) instead. To get a de-fragmented frame, use `newframe = frame.copy()`
  dataframe[f"dc_hi_{n}"] = dataframe["high"].rolling(n).max().shift(1)
/freqtrade/user_data/strategies/TrendVolTarget.py:50: PerformanceWarning: DataFrame is highly fragmented.  This is usually the result of calling `frame.insert` many times, which has poor performance.  Consider joining all columns at once using pd.concat(axis=1) instead. To get a de-fragmented frame, use `newframe = frame.copy()`
  dataframe[f"dc_hi_{n}"] = dataframe["high"].rolling(n).max().shift(1)
/freqtrade/user_data/strategies/TrendVolTarget.py:50: PerformanceWarning: DataFrame is highly fragmented.  This is usually the result of calling `frame.insert` many times, which has poor performance.  Consider joining all columns at once using pd.concat(axis=1) instead. To get a de-fragmented frame, use `newframe = frame.copy()`
  dataframe[f"dc_hi_{n}"] = dataframe["high"].rolling(n).max().shift(1)
/freqtrade/user_data/strategies/TrendVolTarget.py:50: PerformanceWarning: DataFrame is highly fragmented.  This is usually the result of calling `frame.insert` many times, which has poor performance.  Consider joining all columns at once using pd.concat(axis=1) instead. To get a de-fragmented frame, use `newframe = frame.copy()`
  dataframe[f"dc_hi_{n}"] = dataframe["high"].rolling(n).max().shift(1)
/freqtrade/user_data/strategies/TrendVolTarget.py:50: PerformanceWarning: DataFrame is highly fragmented.  This is usually the result of calling `frame.insert` many times, which has poor performance.  Consider joining all columns at once using pd.concat(axis=1) instead. To get a de-fragmented frame, use `newframe = frame.copy()`
  dataframe[f"dc_hi_{n}"] = dataframe["high"].rolling(n).max().shift(1)
/freqtrade/user_data/strategies/TrendVolTarget.py:50: PerformanceWarning: DataFrame is highly fragmented.  This is usually the result of calling `frame.insert` many times, which has poor performance.  Consider joining all columns at once using pd.concat(axis=1) instead. To get a de-fragmented frame, use `newframe = frame.copy()`
  dataframe[f"dc_hi_{n}"] = dataframe["high"].rolling(n).max().shift(1)
/freqtrade/user_data/strategies/TrendVolTarget.py:50: PerformanceWarning: DataFrame is highly fragmented.  This is usually the result of calling `frame.insert` many times, which has poor performance.  Consider joining all columns at once using pd.concat(axis=1) instead. To get a de-fragmented frame, use `newframe = frame.copy()`
  dataframe[f"dc_hi_{n}"] = dataframe["high"].rolling(n).max().shift(1)
/freqtrade/user_data/strategies/TrendVolTarget.py:50: PerformanceWarning: DataFrame is highly fragmented.  This is usually the result of calling `frame.insert` many times, which has poor performance.  Consider joining all columns at once using pd.concat(axis=1) instead. To get a de-fragmented frame, use `newframe = frame.copy()`
  dataframe[f"dc_hi_{n}"] = dataframe["high"].rolling(n).max().shift(1)
/freqtrade/user_data/strategies/TrendVolTarget.py:50: PerformanceWarning: DataFrame is highly fragmented.  This is usually the result of calling `frame.insert` many times, which has poor performance.  Consider joining all columns at once using pd.concat(axis=1) instead. To get a de-fragmented frame, use `newframe = frame.copy()`
  dataframe[f"dc_hi_{n}"] = dataframe["high"].rolling(n).max().shift(1)
/freqtrade/user_data/strategies/TrendVolTarget.py:50: PerformanceWarning: DataFrame is highly fragmented.  This is usually the result of calling `frame.insert` many times, which has poor performance.  Consider joining all columns at once using pd.concat(axis=1) instead. To get a de-fragmented frame, use `newframe = frame.copy()`
  dataframe[f"dc_hi_{n}"] = dataframe["high"].rolling(n).max().shift(1)
/freqtrade/user_data/strategies/TrendVolTarget.py:50: PerformanceWarning: DataFrame is highly fragmented.  This is usually the result of calling `frame.insert` many times, which has poor performance.  Consider joining all columns at once using pd.concat(axis=1) instead. To get a de-fragmented frame, use `newframe = frame.copy()`
  dataframe[f"dc_hi_{n}"] = dataframe["high"].rolling(n).max().shift(1)
/freqtrade/user_data/strategies/TrendVolTarget.py:50: PerformanceWarning: DataFrame is highly fragmented.  This is usually the result of calling `frame.insert` many times, which has poor performance.  Consider joining all columns at once using pd.concat(axis=1) instead. To get a de-fragmented frame, use `newframe = frame.copy()`
  dataframe[f"dc_hi_{n}"] = dataframe["high"].rolling(n).max().shift(1)
/freqtrade/user_data/strategies/TrendVolTarget.py:50: PerformanceWarning: DataFrame is highly fragmented.  This is usually the result of calling `frame.insert` many times, which has poor performance.  Consider joining all columns at once using pd.concat(axis=1) instead. To get a de-fragmented frame, use `newframe = frame.copy()`
  dataframe[f"dc_hi_{n}"] = dataframe["high"].rolling(n).max().shift(1)
/freqtrade/user_data/strategies/TrendVolTarget.py:50: PerformanceWarning: DataFrame is highly fragmented.  This is usually the result of calling `frame.insert` many times, which has poor performance.  Consider joining all columns at once using pd.concat(axis=1) instead. To get a de-fragmented frame, use `newframe = frame.copy()`
  dataframe[f"dc_hi_{n}"] = dataframe["high"].rolling(n).max().shift(1)
/freqtrade/user_data/strategies/TrendVolTarget.py:50: PerformanceWarning: DataFrame is highly fragmented.  This is usually the result of calling `frame.insert` many times, which has poor performance.  Consider joining all columns at once using pd.concat(axis=1) instead. To get a de-fragmented frame, use `newframe = frame.copy()`
  dataframe[f"dc_hi_{n}"] = dataframe["high"].rolling(n).max().shift(1)
/freqtrade/user_data/strategies/TrendVolTarget.py:50: PerformanceWarning: DataFrame is highly fragmented.  This is usually the result of calling `frame.insert` many times, which has poor performance.  Consider joining all columns at once using pd.concat(axis=1) instead. To get a de-fragmented frame, use `newframe = frame.copy()`
  dataframe[f"dc_hi_{n}"] = dataframe["high"].rolling(n).max().shift(1)
/freqtrade/user_data/strategies/TrendVolTarget.py:50: PerformanceWarning: DataFrame is highly fragmented.  This is usually the result of calling `frame.insert` many times, which has poor performance.  Consider joining all columns at once using pd.concat(axis=1) instead. To get a de-fragmented frame, use `newframe = frame.copy()`
  dataframe[f"dc_hi_{n}"] = dataframe["high"].rolling(n).max().shift(1)
/freqtrade/user_data/strategies/TrendVolTarget.py:50: PerformanceWarning: DataFrame is highly fragmented.  This is usually the result of calling `frame.insert` many times, which has poor performance.  Consider joining all columns at once using pd.concat(axis=1) instead. To get a de-fragmented frame, use `newframe = frame.copy()`
  dataframe[f"dc_hi_{n}"] = dataframe["high"].rolling(n).max().shift(1)
/freqtrade/user_data/strategies/TrendVolTarget.py:50: PerformanceWarning: DataFrame is highly fragmented.  This is usually the result of calling `frame.insert` many times, which has poor performance.  Consider joining all columns at once using pd.concat(axis=1) instead. To get a de-fragmented frame, use `newframe = frame.copy()`
  dataframe[f"dc_hi_{n}"] = dataframe["high"].rolling(n).max().shift(1)
/freqtrade/user_data/strategies/TrendVolTarget.py:50: PerformanceWarning: DataFrame is highly fragmented.  This is usually the result of calling `frame.insert` many times, which has poor performance.  Consider joining all columns at once using pd.concat(axis=1) instead. To get a de-fragmented frame, use `newframe = frame.copy()`
  dataframe[f"dc_hi_{n}"] = dataframe["high"].rolling(n).max().shift(1)
/freqtrade/user_data/strategies/TrendVolTarget.py:50: PerformanceWarning: DataFrame is highly fragmented.  This is usually the result of calling `frame.insert` many times, which has poor performance.  Consider joining all columns at once using pd.concat(axis=1) instead. To get a de-fragmented frame, use `newframe = frame.copy()`
  dataframe[f"dc_hi_{n}"] = dataframe["high"].rolling(n).max().shift(1)
/freqtrade/user_data/strategies/TrendVolTarget.py:50: PerformanceWarning: DataFrame is highly fragmented.  This is usually the result of calling `frame.insert` many times, which has poor performance.  Consider joining all columns at once using pd.concat(axis=1) instead. To get a de-fragmented frame, use `newframe = frame.copy()`
  dataframe[f"dc_hi_{n}"] = dataframe["high"].rolling(n).max().shift(1)
/freqtrade/user_data/strategies/TrendVolTarget.py:50: PerformanceWarning: DataFrame is highly fragmented.  This is usually the result of calling `frame.insert` many times, which has poor performance.  Consider joining all columns at once using pd.concat(axis=1) instead. To get a de-fragmented frame, use `newframe = frame.copy()`
  dataframe[f"dc_hi_{n}"] = dataframe["high"].rolling(n).max().shift(1)
/freqtrade/user_data/strategies/TrendVolTarget.py:50: PerformanceWarning: DataFrame is highly fragmented.  This is usually the result of calling `frame.insert` many times, which has poor performance.  Consider joining all columns at once using pd.concat(axis=1) instead. To get a de-fragmented frame, use `newframe = frame.copy()`
  dataframe[f"dc_hi_{n}"] = dataframe["high"].rolling(n).max().shift(1)
/freqtrade/user_data/strategies/TrendVolTarget.py:50: PerformanceWarning: DataFrame is highly fragmented.  This is usually the result of calling `frame.insert` many times, which has poor performance.  Consider joining all columns at once using pd.concat(axis=1) instead. To get a de-fragmented frame, use `newframe = frame.copy()`
  dataframe[f"dc_hi_{n}"] = dataframe["high"].rolling(n).max().shift(1)
/freqtrade/user_data/strategies/TrendVolTarget.py:50: PerformanceWarning: DataFrame is highly fragmented.  This is usually the result of calling `frame.insert` many times, which has poor performance.  Consider joining all columns at once using pd.concat(axis=1) instead. To get a de-fragmented frame, use `newframe = frame.copy()`
  dataframe[f"dc_hi_{n}"] = dataframe["high"].rolling(n).max().shift(1)
/freqtrade/user_data/strategies/TrendVolTarget.py:50: PerformanceWarning: DataFrame is highly fragmented.  This is usually the result of calling `frame.insert` many times, which has poor performance.  Consider joining all columns at once using pd.concat(axis=1) instead. To get a de-fragmented frame, use `newframe = frame.copy()`
  dataframe[f"dc_hi_{n}"] = dataframe["high"].rolling(n).max().shift(1)
/freqtrade/user_data/strategies/TrendVolTarget.py:50: PerformanceWarning: DataFrame is highly fragmented.  This is usually the result of calling `frame.insert` many times, which has poor performance.  Consider joining all columns at once using pd.concat(axis=1) instead. To get a de-fragmented frame, use `newframe = frame.copy()`
  dataframe[f"dc_hi_{n}"] = dataframe["high"].rolling(n).max().shift(1)
/freqtrade/user_data/strategies/TrendVolTarget.py:50: PerformanceWarning: DataFrame is highly fragmented.  This is usually the result of calling `frame.insert` many times, which has poor performance.  Consider joining all columns at once using pd.concat(axis=1) instead. To get a de-fragmented frame, use `newframe = frame.copy()`
  dataframe[f"dc_hi_{n}"] = dataframe["high"].rolling(n).max().shift(1)
/freqtrade/user_data/strategies/TrendVolTarget.py:50: PerformanceWarning: DataFrame is highly fragmented.  This is usually the result of calling `frame.insert` many times, which has poor performance.  Consider joining all columns at once using pd.concat(axis=1) instead. To get a de-fragmented frame, use `newframe = frame.copy()`
  dataframe[f"dc_hi_{n}"] = dataframe["high"].rolling(n).max().shift(1)
/freqtrade/user_data/strategies/TrendVolTarget.py:50: PerformanceWarning: DataFrame is highly fragmented.  This is usually the result of calling `frame.insert` many times, which has poor performance.  Consider joining all columns at once using pd.concat(axis=1) instead. To get a de-fragmented frame, use `newframe = frame.copy()`
  dataframe[f"dc_hi_{n}"] = dataframe["high"].rolling(n).max().shift(1)
/freqtrade/user_data/strategies/TrendVolTarget.py:50: PerformanceWarning: DataFrame is highly fragmented.  This is usually the result of calling `frame.insert` many times, which has poor performance.  Consider joining all columns at once using pd.concat(axis=1) instead. To get a de-fragmented frame, use `newframe = frame.copy()`
  dataframe[f"dc_hi_{n}"] = dataframe["high"].rolling(n).max().shift(1)
/freqtrade/user_data/strategies/TrendVolTarget.py:50: PerformanceWarning: DataFrame is highly fragmented.  This is usually the result of calling `frame.insert` many times, which has poor performance.  Consider joining all columns at once using pd.concat(axis=1) instead. To get a de-fragmented frame, use `newframe = frame.copy()`
  dataframe[f"dc_hi_{n}"] = dataframe["high"].rolling(n).max().shift(1)
/freqtrade/user_data/strategies/TrendVolTarget.py:50: PerformanceWarning: DataFrame is highly fragmented.  This is usually the result of calling `frame.insert` many times, which has poor performance.  Consider joining all columns at once using pd.concat(axis=1) instead. To get a de-fragmented frame, use `newframe = frame.copy()`
  dataframe[f"dc_hi_{n}"] = dataframe["high"].rolling(n).max().shift(1)
/freqtrade/user_data/strategies/TrendVolTarget.py:50: PerformanceWarning: DataFrame is highly fragmented.  This is usually the result of calling `frame.insert` many times, which has poor performance.  Consider joining all columns at once using pd.concat(axis=1) instead. To get a de-fragmented frame, use `newframe = frame.copy()`
  dataframe[f"dc_hi_{n}"] = dataframe["high"].rolling(n).max().shift(1)
/freqtrade/user_data/strategies/TrendVolTarget.py:50: PerformanceWarning: DataFrame is highly fragmented.  This is usually the result of calling `frame.insert` many times, which has poor performance.  Consider joining all columns at once using pd.concat(axis=1) instead. To get a de-fragmented frame, use `newframe = frame.copy()`
  dataframe[f"dc_hi_{n}"] = dataframe["high"].rolling(n).max().shift(1)
/freqtrade/user_data/strategies/TrendVolTarget.py:50: PerformanceWarning: DataFrame is highly fragmented.  This is usually the result of calling `frame.insert` many times, which has poor performance.  Consider joining all columns at once using pd.concat(axis=1) instead. To get a de-fragmented frame, use `newframe = frame.copy()`
  dataframe[f"dc_hi_{n}"] = dataframe["high"].rolling(n).max().shift(1)
/freqtrade/user_data/strategies/TrendVolTarget.py:50: PerformanceWarning: DataFrame is highly fragmented.  This is usually the result of calling `frame.insert` many times, which has poor performance.  Consider joining all columns at once using pd.concat(axis=1) instead. To get a de-fragmented frame, use `newframe = frame.copy()`
  dataframe[f"dc_hi_{n}"] = dataframe["high"].rolling(n).max().shift(1)
/freqtrade/user_data/strategies/TrendVolTarget.py:50: PerformanceWarning: DataFrame is highly fragmented.  This is usually the result of calling `frame.insert` many times, which has poor performance.  Consider joining all columns at once using pd.concat(axis=1) instead. To get a de-fragmented frame, use `newframe = frame.copy()`
  dataframe[f"dc_hi_{n}"] = dataframe["high"].rolling(n).max().shift(1)
/freqtrade/user_data/strategies/TrendVolTarget.py:50: PerformanceWarning: DataFrame is highly fragmented.  This is usually the result of calling `frame.insert` many times, which has poor performance.  Consider joining all columns at once using pd.concat(axis=1) instead. To get a de-fragmented frame, use `newframe = frame.copy()`
  dataframe[f"dc_hi_{n}"] = dataframe["high"].rolling(n).max().shift(1)
/freqtrade/user_data/strategies/TrendVolTarget.py:50: PerformanceWarning: DataFrame is highly fragmented.  This is usually the result of calling `frame.insert` many times, which has poor performance.  Consider joining all columns at once using pd.concat(axis=1) instead. To get a de-fragmented frame, use `newframe = frame.copy()`
  dataframe[f"dc_hi_{n}"] = dataframe["high"].rolling(n).max().shift(1)
/freqtrade/user_data/strategies/TrendVolTarget.py:50: PerformanceWarning: DataFrame is highly fragmented.  This is usually the result of calling `frame.insert` many times, which has poor performance.  Consider joining all columns at once using pd.concat(axis=1) instead. To get a de-fragmented frame, use `newframe = frame.copy()`
  dataframe[f"dc_hi_{n}"] = dataframe["high"].rolling(n).max().shift(1)
/freqtrade/user_data/strategies/TrendVolTarget.py:50: PerformanceWarning: DataFrame is highly fragmented.  This is usually the result of calling `frame.insert` many times, which has poor performance.  Consider joining all columns at once using pd.concat(axis=1) instead. To get a de-fragmented frame, use `newframe = frame.copy()`
  dataframe[f"dc_hi_{n}"] = dataframe["high"].rolling(n).max().shift(1)
/freqtrade/user_data/strategies/TrendVolTarget.py:50: PerformanceWarning: DataFrame is highly fragmented.  This is usually the result of calling `frame.insert` many times, which has poor performance.  Consider joining all columns at once using pd.concat(axis=1) instead. To get a de-fragmented frame, use `newframe = frame.copy()`
  dataframe[f"dc_hi_{n}"] = dataframe["high"].rolling(n).max().shift(1)
/freqtrade/user_data/strategies/TrendVolTarget.py:50: PerformanceWarning: DataFrame is highly fragmented.  This is usually the result of calling `frame.insert` many times, which has poor performance.  Consider joining all columns at once using pd.concat(axis=1) instead. To get a de-fragmented frame, use `newframe = frame.copy()`
  dataframe[f"dc_hi_{n}"] = dataframe["high"].rolling(n).max().shift(1)
/freqtrade/user_data/strategies/TrendVolTarget.py:50: PerformanceWarning: DataFrame is highly fragmented.  This is usually the result of calling `frame.insert` many times, which has poor performance.  Consider joining all columns at once using pd.concat(axis=1) instead. To get a de-fragmented frame, use `newframe = frame.copy()`
  dataframe[f"dc_hi_{n}"] = dataframe["high"].rolling(n).max().shift(1)
/freqtrade/user_data/strategies/TrendVolTarget.py:53: PerformanceWarning: DataFrame is highly fragmented.  This is usually the result of calling `frame.insert` many times, which has poor performance.  Consider joining all columns at once using pd.concat(axis=1) instead. To get a de-fragmented frame, use `newframe = frame.copy()`
  dataframe["sma_f"] = ta.SMA(dataframe, timeperiod=60)
/freqtrade/user_data/strategies/TrendVolTarget.py:54: PerformanceWarning: DataFrame is highly fragmented.  This is usually the result of calling `frame.insert` many times, which has poor performance.  Consider joining all columns at once using pd.concat(axis=1) instead. To get a de-fragmented frame, use `newframe = frame.copy()`
  dataframe["sma_s"] = ta.SMA(dataframe, timeperiod=240)
/freqtrade/user_data/strategies/TrendVolTarget.py:56: PerformanceWarning: DataFrame is highly fragmented.  This is usually the result of calling `frame.insert` many times, which has poor performance.  Consider joining all columns at once using pd.concat(axis=1) instead. To get a de-fragmented frame, use `newframe = frame.copy()`
  dataframe["rvol"] = dataframe["close"].pct_change().rolling(90).std() * np.sqrt(6 * 365)
/freqtrade/user_data/strategies/TrendVolTarget.py:50: PerformanceWarning: DataFrame is highly fragmented.  This is usually the result of calling `frame.insert` many times, which has poor performance.  Consider joining all columns at once using pd.concat(axis=1) instead. To get a de-fragmented frame, use `newframe = frame.copy()`
  dataframe[f"dc_hi_{n}"] = dataframe["high"].rolling(n).max().shift(1)
/freqtrade/user_data/strategies/TrendVolTarget.py:50: PerformanceWarning: DataFrame is highly fragmented.  This is usually the result of calling `frame.insert` many times, which has poor performance.  Consider joining all columns at once using pd.concat(axis=1) instead. To get a de-fragmented frame, use `newframe = frame.copy()`
  dataframe[f"dc_hi_{n}"] = dataframe["high"].rolling(n).max().shift(1)
/freqtrade/user_data/strategies/TrendVolTarget.py:50: PerformanceWarning: DataFrame is highly fragmented.  This is usually the result of calling `frame.insert` many times, which has poor performance.  Consider joining all columns at once using pd.concat(axis=1) instead. To get a de-fragmented frame, use `newframe = frame.copy()`
  dataframe[f"dc_hi_{n}"] = dataframe["high"].rolling(n).max().shift(1)
/freqtrade/user_data/strategies/TrendVolTarget.py:50: PerformanceWarning: DataFrame is highly fragmented.  This is usually the result of calling `frame.insert` many times, which has poor performance.  Consider joining all columns at once using pd.concat(axis=1) instead. To get a de-fragmented frame, use `newframe = frame.copy()`
  dataframe[f"dc_hi_{n}"] = dataframe["high"].rolling(n).max().shift(1)
/freqtrade/user_data/strategies/TrendVolTarget.py:50: PerformanceWarning: DataFrame is highly fragmented.  This is usually the result of calling `frame.insert` many times, which has poor performance.  Consider joining all columns at once using pd.concat(axis=1) instead. To get a de-fragmented frame, use `newframe = frame.copy()`
  dataframe[f"dc_hi_{n}"] = dataframe["high"].rolling(n).max().shift(1)
/freqtrade/user_data/strategies/TrendVolTarget.py:50: PerformanceWarning: DataFrame is highly fragmented.  This is usually the result of calling `frame.insert` many times, which has poor performance.  Consider joining all columns at once using pd.concat(axis=1) instead. To get a de-fragmented frame, use `newframe = frame.copy()`
  dataframe[f"dc_hi_{n}"] = dataframe["high"].rolling(n).max().shift(1)
/freqtrade/user_data/strategies/TrendVolTarget.py:50: PerformanceWarning: DataFrame is highly fragmented.  This is usually the result of calling `frame.insert` many times, which has poor performance.  Consider joining all columns at once using pd.concat(axis=1) instead. To get a de-fragmented frame, use `newframe = frame.copy()`
  dataframe[f"dc_hi_{n}"] = dataframe["high"].rolling(n).max().shift(1)
/freqtrade/user_data/strategies/TrendVolTarget.py:50: PerformanceWarning: DataFrame is highly fragmented.  This is usually the result of calling `frame.insert` many times, which has poor performance.  Consider joining all columns at once using pd.concat(axis=1) instead. To get a de-fragmented frame, use `newframe = frame.copy()`
  dataframe[f"dc_hi_{n}"] = dataframe["high"].rolling(n).max().shift(1)
/freqtrade/user_data/strategies/TrendVolTarget.py:50: PerformanceWarning: DataFrame is highly fragmented.  This is usually the result of calling `frame.insert` many times, which has poor performance.  Consider joining all columns at once using pd.concat(axis=1) instead. To get a de-fragmented frame, use `newframe = frame.copy()`
  dataframe[f"dc_hi_{n}"] = dataframe["high"].rolling(n).max().shift(1)
/freqtrade/user_data/strategies/TrendVolTarget.py:50: PerformanceWarning: DataFrame is highly fragmented.  This is usually the result of calling `frame.insert` many times, which has poor performance.  Consider joining all columns at once using pd.concat(axis=1) instead. To get a de-fragmented frame, use `newframe = frame.copy()`
  dataframe[f"dc_hi_{n}"] = dataframe["high"].rolling(n).max().shift(1)
/freqtrade/user_data/strategies/TrendVolTarget.py:50: PerformanceWarning: DataFrame is highly fragmented.  This is usually the result of calling `frame.insert` many times, which has poor performance.  Consider joining all columns at once using pd.concat(axis=1) instead. To get a de-fragmented frame, use `newframe = frame.copy()`
  dataframe[f"dc_hi_{n}"] = dataframe["high"].rolling(n).max().shift(1)
/freqtrade/user_data/strategies/TrendVolTarget.py:50: PerformanceWarning: DataFrame is highly fragmented.  This is usually the result of calling `frame.insert` many times, which has poor performance.  Consider joining all columns at once using pd.concat(axis=1) instead. To get a de-fragmented frame, use `newframe = frame.copy()`
  dataframe[f"dc_hi_{n}"] = dataframe["high"].rolling(n).max().shift(1)
/freqtrade/user_data/strategies/TrendVolTarget.py:50: PerformanceWarning: DataFrame is highly fragmented.  This is usually the result of calling `frame.insert` many times, which has poor performance.  Consider joining all columns at once using pd.concat(axis=1) instead. To get a de-fragmented frame, use `newframe = frame.copy()`
  dataframe[f"dc_hi_{n}"] = dataframe["high"].rolling(n).max().shift(1)
/freqtrade/user_data/strategies/TrendVolTarget.py:50: PerformanceWarning: DataFrame is highly fragmented.  This is usually the result of calling `frame.insert` many times, which has poor performance.  Consider joining all columns at once using pd.concat(axis=1) instead. To get a de-fragmented frame, use `newframe = frame.copy()`
  dataframe[f"dc_hi_{n}"] = dataframe["high"].rolling(n).max().shift(1)
/freqtrade/user_data/strategies/TrendVolTarget.py:50: PerformanceWarning: DataFrame is highly fragmented.  This is usually the result of calling `frame.insert` many times, which has poor performance.  Consider joining all columns at once using pd.concat(axis=1) instead. To get a de-fragmented frame, use `newframe = frame.copy()`
  dataframe[f"dc_hi_{n}"] = dataframe["high"].rolling(n).max().shift(1)
/freqtrade/user_data/strategies/TrendVolTarget.py:50: PerformanceWarning: DataFrame is highly fragmented.  This is usually the result of calling `frame.insert` many times, which has poor performance.  Consider joining all columns at once using pd.concat(axis=1) instead. To get a de-fragmented frame, use `newframe = frame.copy()`
  dataframe[f"dc_hi_{n}"] = dataframe["high"].rolling(n).max().shift(1)
/freqtrade/user_data/strategies/TrendVolTarget.py:50: PerformanceWarning: DataFrame is highly fragmented.  This is usually the result of calling `frame.insert` many times, which has poor performance.  Consider joining all columns at once using pd.concat(axis=1) instead. To get a de-fragmented frame, use `newframe = frame.copy()`
  dataframe[f"dc_hi_{n}"] = dataframe["high"].rolling(n).max().shift(1)
/freqtrade/user_data/strategies/TrendVolTarget.py:50: PerformanceWarning: DataFrame is highly fragmented.  This is usually the result of calling `frame.insert` many times, which has poor performance.  Consider joining all columns at once using pd.concat(axis=1) instead. To get a de-fragmented frame, use `newframe = frame.copy()`
  dataframe[f"dc_hi_{n}"] = dataframe["high"].rolling(n).max().shift(1)
/freqtrade/user_data/strategies/TrendVolTarget.py:50: PerformanceWarning: DataFrame is highly fragmented.  This is usually the result of calling `frame.insert` many times, which has poor performance.  Consider joining all columns at once using pd.concat(axis=1) instead. To get a de-fragmented frame, use `newframe = frame.copy()`
  dataframe[f"dc_hi_{n}"] = dataframe["high"].rolling(n).max().shift(1)
/freqtrade/user_data/strategies/TrendVolTarget.py:50: PerformanceWarning: DataFrame is highly fragmented.  This is usually the result of calling `frame.insert` many times, which has poor performance.  Consider joining all columns at once using pd.concat(axis=1) instead. To get a de-fragmented frame, use `newframe = frame.copy()`
  dataframe[f"dc_hi_{n}"] = dataframe["high"].rolling(n).max().shift(1)
/freqtrade/user_data/strategies/TrendVolTarget.py:50: PerformanceWarning: DataFrame is highly fragmented.  This is usually the result of calling `frame.insert` many times, which has poor performance.  Consider joining all columns at once using pd.concat(axis=1) instead. To get a de-fragmented frame, use `newframe = frame.copy()`
  dataframe[f"dc_hi_{n}"] = dataframe["high"].rolling(n).max().shift(1)
/freqtrade/user_data/strategies/TrendVolTarget.py:50: PerformanceWarning: DataFrame is highly fragmented.  This is usually the result of calling `frame.insert` many times, which has poor performance.  Consider joining all columns at once using pd.concat(axis=1) instead. To get a de-fragmented frame, use `newframe = frame.copy()`
  dataframe[f"dc_hi_{n}"] = dataframe["high"].rolling(n).max().shift(1)
/freqtrade/user_data/strategies/TrendVolTarget.py:50: PerformanceWarning: DataFrame is highly fragmented.  This is usually the result of calling `frame.insert` many times, which has poor performance.  Consider joining all columns at once using pd.concat(axis=1) instead. To get a de-fragmented frame, use `newframe = frame.copy()`
  dataframe[f"dc_hi_{n}"] = dataframe["high"].rolling(n).max().shift(1)
/freqtrade/user_data/strategies/TrendVolTarget.py:50: PerformanceWarning: DataFrame is highly fragmented.  This is usually the result of calling `frame.insert` many times, which has poor performance.  Consider joining all columns at once using pd.concat(axis=1) instead. To get a de-fragmented frame, use `newframe = frame.copy()`
  dataframe[f"dc_hi_{n}"] = dataframe["high"].rolling(n).max().shift(1)
/freqtrade/user_data/strategies/TrendVolTarget.py:50: PerformanceWarning: DataFrame is highly fragmented.  This is usually the result of calling `frame.insert` many times, which has poor performance.  Consider joining all columns at once using pd.concat(axis=1) instead. To get a de-fragmented frame, use `newframe = frame.copy()`
  dataframe[f"dc_hi_{n}"] = dataframe["high"].rolling(n).max().shift(1)
/freqtrade/user_data/strategies/TrendVolTarget.py:50: PerformanceWarning: DataFrame is highly fragmented.  This is usually the result of calling `frame.insert` many times, which has poor performance.  Consider joining all columns at once using pd.concat(axis=1) instead. To get a de-fragmented frame, use `newframe = frame.copy()`
  dataframe[f"dc_hi_{n}"] = dataframe["high"].rolling(n).max().shift(1)
/freqtrade/user_data/strategies/TrendVolTarget.py:50: PerformanceWarning: DataFrame is highly fragmented.  This is usually the result of calling `frame.insert` many times, which has poor performance.  Consider joining all columns at once using pd.concat(axis=1) instead. To get a de-fragmented frame, use `newframe = frame.copy()`
  dataframe[f"dc_hi_{n}"] = dataframe["high"].rolling(n).max().shift(1)
/freqtrade/user_data/strategies/TrendVolTarget.py:50: PerformanceWarning: DataFrame is highly fragmented.  This is usually the result of calling `frame.insert` many times, which has poor performance.  Consider joining all columns at once using pd.concat(axis=1) instead. To get a de-fragmented frame, use `newframe = frame.copy()`
  dataframe[f"dc_hi_{n}"] = dataframe["high"].rolling(n).max().shift(1)
/freqtrade/user_data/strategies/TrendVolTarget.py:50: PerformanceWarning: DataFrame is highly fragmented.  This is usually the result of calling `frame.insert` many times, which has poor performance.  Consider joining all columns at once using pd.concat(axis=1) instead. To get a de-fragmented frame, use `newframe = frame.copy()`
  dataframe[f"dc_hi_{n}"] = dataframe["high"].rolling(n).max().shift(1)
/freqtrade/user_data/strategies/TrendVolTarget.py:50: PerformanceWarning: DataFrame is highly fragmented.  This is usually the result of calling `frame.insert` many times, which has poor performance.  Consider joining all columns at once using pd.concat(axis=1) instead. To get a de-fragmented frame, use `newframe = frame.copy()`
  dataframe[f"dc_hi_{n}"] = dataframe["high"].rolling(n).max().shift(1)
/freqtrade/user_data/strategies/TrendVolTarget.py:50: PerformanceWarning: DataFrame is highly fragmented.  This is usually the result of calling `frame.insert` many times, which has poor performance.  Consider joining all columns at once using pd.concat(axis=1) instead. To get a de-fragmented frame, use `newframe = frame.copy()`
  dataframe[f"dc_hi_{n}"] = dataframe["high"].rolling(n).max().shift(1)
/freqtrade/user_data/strategies/TrendVolTarget.py:50: PerformanceWarning: DataFrame is highly fragmented.  This is usually the result of calling `frame.insert` many times, which has poor performance.  Consider joining all columns at once using pd.concat(axis=1) instead. To get a de-fragmented frame, use `newframe = frame.copy()`
  dataframe[f"dc_hi_{n}"] = dataframe["high"].rolling(n).max().shift(1)
/freqtrade/user_data/strategies/TrendVolTarget.py:50: PerformanceWarning: DataFrame is highly fragmented.  This is usually the result of calling `frame.insert` many times, which has poor performance.  Consider joining all columns at once using pd.concat(axis=1) instead. To get a de-fragmented frame, use `newframe = frame.copy()`
  dataframe[f"dc_hi_{n}"] = dataframe["high"].rolling(n).max().shift(1)
/freqtrade/user_data/strategies/TrendVolTarget.py:50: PerformanceWarning: DataFrame is highly fragmented.  This is usually the result of calling `frame.insert` many times, which has poor performance.  Consider joining all columns at once using pd.concat(axis=1) instead. To get a de-fragmented frame, use `newframe = frame.copy()`
  dataframe[f"dc_hi_{n}"] = dataframe["high"].rolling(n).max().shift(1)
/freqtrade/user_data/strategies/TrendVolTarget.py:50: PerformanceWarning: DataFrame is highly fragmented.  This is usually the result of calling `frame.insert` many times, which has poor performance.  Consider joining all columns at once using pd.concat(axis=1) instead. To get a de-fragmented frame, use `newframe = frame.copy()`
  dataframe[f"dc_hi_{n}"] = dataframe["high"].rolling(n).max().shift(1)
/freqtrade/user_data/strategies/TrendVolTarget.py:50: PerformanceWarning: DataFrame is highly fragmented.  This is usually the result of calling `frame.insert` many times, which has poor performance.  Consider joining all columns at once using pd.concat(axis=1) instead. To get a de-fragmented frame, use `newframe = frame.copy()`
  dataframe[f"dc_hi_{n}"] = dataframe["high"].rolling(n).max().shift(1)
/freqtrade/user_data/strategies/TrendVolTarget.py:50: PerformanceWarning: DataFrame is highly fragmented.  This is usually the result of calling `frame.insert` many times, which has poor performance.  Consider joining all columns at once using pd.concat(axis=1) instead. To get a de-fragmented frame, use `newframe = frame.copy()`
  dataframe[f"dc_hi_{n}"] = dataframe["high"].rolling(n).max().shift(1)
/freqtrade/user_data/strategies/TrendVolTarget.py:50: PerformanceWarning: DataFrame is highly fragmented.  This is usually the result of calling `frame.insert` many times, which has poor performance.  Consider joining all columns at once using pd.concat(axis=1) instead. To get a de-fragmented frame, use `newframe = frame.copy()`
  dataframe[f"dc_hi_{n}"] = dataframe["high"].rolling(n).max().shift(1)
/freqtrade/user_data/strategies/TrendVolTarget.py:50: PerformanceWarning: DataFrame is highly fragmented.  This is usually the result of calling `frame.insert` many times, which has poor performance.  Consider joining all columns at once using pd.concat(axis=1) instead. To get a de-fragmented frame, use `newframe = frame.copy()`
  dataframe[f"dc_hi_{n}"] = dataframe["high"].rolling(n).max().shift(1)
/freqtrade/user_data/strategies/TrendVolTarget.py:50: PerformanceWarning: DataFrame is highly fragmented.  This is usually the result of calling `frame.insert` many times, which has poor performance.  Consider joining all columns at once using pd.concat(axis=1) instead. To get a de-fragmented frame, use `newframe = frame.copy()`
  dataframe[f"dc_hi_{n}"] = dataframe["high"].rolling(n).max().shift(1)
/freqtrade/user_data/strategies/TrendVolTarget.py:50: PerformanceWarning: DataFrame is highly fragmented.  This is usually the result of calling `frame.insert` many times, which has poor performance.  Consider joining all columns at once using pd.concat(axis=1) instead. To get a de-fragmented frame, use `newframe = frame.copy()`
  dataframe[f"dc_hi_{n}"] = dataframe["high"].rolling(n).max().shift(1)
/freqtrade/user_data/strategies/TrendVolTarget.py:50: PerformanceWarning: DataFrame is highly fragmented.  This is usually the result of calling `frame.insert` many times, which has poor performance.  Consider joining all columns at once using pd.concat(axis=1) instead. To get a de-fragmented frame, use `newframe = frame.copy()`
  dataframe[f"dc_hi_{n}"] = dataframe["high"].rolling(n).max().shift(1)
/freqtrade/user_data/strategies/TrendVolTarget.py:50: PerformanceWarning: DataFrame is highly fragmented.  This is usually the result of calling `frame.insert` many times, which has poor performance.  Consider joining all columns at once using pd.concat(axis=1) instead. To get a de-fragmented frame, use `newframe = frame.copy()`
  dataframe[f"dc_hi_{n}"] = dataframe["high"].rolling(n).max().shift(1)
/freqtrade/user_data/strategies/TrendVolTarget.py:50: PerformanceWarning: DataFrame is highly fragmented.  This is usually the result of calling `frame.insert` many times, which has poor performance.  Consider joining all columns at once using pd.concat(axis=1) instead. To get a de-fragmented frame, use `newframe = frame.copy()`
  dataframe[f"dc_hi_{n}"] = dataframe["high"].rolling(n).max().shift(1)
/freqtrade/user_data/strategies/TrendVolTarget.py:50: PerformanceWarning: DataFrame is highly fragmented.  This is usually the result of calling `frame.insert` many times, which has poor performance.  Consider joining all columns at once using pd.concat(axis=1) instead. To get a de-fragmented frame, use `newframe = frame.copy()`
  dataframe[f"dc_hi_{n}"] = dataframe["high"].rolling(n).max().shift(1)
/freqtrade/user_data/strategies/TrendVolTarget.py:50: PerformanceWarning: DataFrame is highly fragmented.  This is usually the result of calling `frame.insert` many times, which has poor performance.  Consider joining all columns at once using pd.concat(axis=1) instead. To get a de-fragmented frame, use `newframe = frame.copy()`
  dataframe[f"dc_hi_{n}"] = dataframe["high"].rolling(n).max().shift(1)
/freqtrade/user_data/strategies/TrendVolTarget.py:50: PerformanceWarning: DataFrame is highly fragmented.  This is usually the result of calling `frame.insert` many times, which has poor performance.  Consider joining all columns at once using pd.concat(axis=1) instead. To get a de-fragmented frame, use `newframe = frame.copy()`
  dataframe[f"dc_hi_{n}"] = dataframe["high"].rolling(n).max().shift(1)
/freqtrade/user_data/strategies/TrendVolTarget.py:50: PerformanceWarning: DataFrame is highly fragmented.  This is usually the result of calling `frame.insert` many times, which has poor performance.  Consider joining all columns at once using pd.concat(axis=1) instead. To get a de-fragmented frame, use `newframe = frame.copy()`
  dataframe[f"dc_hi_{n}"] = dataframe["high"].rolling(n).max().shift(1)
/freqtrade/user_data/strategies/TrendVolTarget.py:50: PerformanceWarning: DataFrame is highly fragmented.  This is usually the result of calling `frame.insert` many times, which has poor performance.  Consider joining all columns at once using pd.concat(axis=1) instead. To get a de-fragmented frame, use `newframe = frame.copy()`
  dataframe[f"dc_hi_{n}"] = dataframe["high"].rolling(n).max().shift(1)
/freqtrade/user_data/strategies/TrendVolTarget.py:50: PerformanceWarning: DataFrame is highly fragmented.  This is usually the result of calling `frame.insert` many times, which has poor performance.  Consider joining all columns at once using pd.concat(axis=1) instead. To get a de-fragmented frame, use `newframe = frame.copy()`
  dataframe[f"dc_hi_{n}"] = dataframe["high"].rolling(n).max().shift(1)
/freqtrade/user_data/strategies/TrendVolTarget.py:50: PerformanceWarning: DataFrame is highly fragmented.  This is usually the result of calling `frame.insert` many times, which has poor performance.  Consider joining all columns at once using pd.concat(axis=1) instead. To get a de-fragmented frame, use `newframe = frame.copy()`
  dataframe[f"dc_hi_{n}"] = dataframe["high"].rolling(n).max().shift(1)
/freqtrade/user_data/strategies/TrendVolTarget.py:50: PerformanceWarning: DataFrame is highly fragmented.  This is usually the result of calling `frame.insert` many times, which has poor performance.  Consider joining all columns at once using pd.concat(axis=1) instead. To get a de-fragmented frame, use `newframe = frame.copy()`
  dataframe[f"dc_hi_{n}"] = dataframe["high"].rolling(n).max().shift(1)
/freqtrade/user_data/strategies/TrendVolTarget.py:50: PerformanceWarning: DataFrame is highly fragmented.  This is usually the result of calling `frame.insert` many times, which has poor performance.  Consider joining all columns at once using pd.concat(axis=1) instead. To get a de-fragmented frame, use `newframe = frame.copy()`
  dataframe[f"dc_hi_{n}"] = dataframe["high"].rolling(n).max().shift(1)
/freqtrade/user_data/strategies/TrendVolTarget.py:50: PerformanceWarning: DataFrame is highly fragmented.  This is usually the result of calling `frame.insert` many times, which has poor performance.  Consider joining all columns at once using pd.concat(axis=1) instead. To get a de-fragmented frame, use `newframe = frame.copy()`
  dataframe[f"dc_hi_{n}"] = dataframe["high"].rolling(n).max().shift(1)
/freqtrade/user_data/strategies/TrendVolTarget.py:50: PerformanceWarning: DataFrame is highly fragmented.  This is usually the result of calling `frame.insert` many times, which has poor performance.  Consider joining all columns at once using pd.concat(axis=1) instead. To get a de-fragmented frame, use `newframe = frame.copy()`
  dataframe[f"dc_hi_{n}"] = dataframe["high"].rolling(n).max().shift(1)
/freqtrade/user_data/strategies/TrendVolTarget.py:50: PerformanceWarning: DataFrame is highly fragmented.  This is usually the result of calling `frame.insert` many times, which has poor performance.  Consider joining all columns at once using pd.concat(axis=1) instead. To get a de-fragmented frame, use `newframe = frame.copy()`
  dataframe[f"dc_hi_{n}"] = dataframe["high"].rolling(n).max().shift(1)
/freqtrade/user_data/strategies/TrendVolTarget.py:50: PerformanceWarning: DataFrame is highly fragmented.  This is usually the result of calling `frame.insert` many times, which has poor performance.  Consider joining all columns at once using pd.concat(axis=1) instead. To get a de-fragmented frame, use `newframe = frame.copy()`
  dataframe[f"dc_hi_{n}"] = dataframe["high"].rolling(n).max().shift(1)
/freqtrade/user_data/strategies/TrendVolTarget.py:50: PerformanceWarning: DataFrame is highly fragmented.  This is usually the result of calling `frame.insert` many times, which has poor performance.  Consider joining all columns at once using pd.concat(axis=1) instead. To get a de-fragmented frame, use `newframe = frame.copy()`
  dataframe[f"dc_hi_{n}"] = dataframe["high"].rolling(n).max().shift(1)
/freqtrade/user_data/strategies/TrendVolTarget.py:50: PerformanceWarning: DataFrame is highly fragmented.  This is usually the result of calling `frame.insert` many times, which has poor performance.  Consider joining all columns at once using pd.concat(axis=1) instead. To get a de-fragmented frame, use `newframe = frame.copy()`
  dataframe[f"dc_hi_{n}"] = dataframe["high"].rolling(n).max().shift(1)
/freqtrade/user_data/strategies/TrendVolTarget.py:50: PerformanceWarning: DataFrame is highly fragmented.  This is usually the result of calling `frame.insert` many times, which has poor performance.  Consider joining all columns at once using pd.concat(axis=1) instead. To get a de-fragmented frame, use `newframe = frame.copy()`
  dataframe[f"dc_hi_{n}"] = dataframe["high"].rolling(n).max().shift(1)
/freqtrade/user_data/strategies/TrendVolTarget.py:50: PerformanceWarning: DataFrame is highly fragmented.  This is usually the result of calling `frame.insert` many times, which has poor performance.  Consider joining all columns at once using pd.concat(axis=1) instead. To get a de-fragmented frame, use `newframe = frame.copy()`
  dataframe[f"dc_hi_{n}"] = dataframe["high"].rolling(n).max().shift(1)
/freqtrade/user_data/strategies/TrendVolTarget.py:50: PerformanceWarning: DataFrame is highly fragmented.  This is usually the result of calling `frame.insert` many times, which has poor performance.  Consider joining all columns at once using pd.concat(axis=1) instead. To get a de-fragmented frame, use `newframe = frame.copy()`
  dataframe[f"dc_hi_{n}"] = dataframe["high"].rolling(n).max().shift(1)
/freqtrade/user_data/strategies/TrendVolTarget.py:50: PerformanceWarning: DataFrame is highly fragmented.  This is usually the result of calling `frame.insert` many times, which has poor performance.  Consider joining all columns at once using pd.concat(axis=1) instead. To get a de-fragmented frame, use `newframe = frame.copy()`
  dataframe[f"dc_hi_{n}"] = dataframe["high"].rolling(n).max().shift(1)
/freqtrade/user_data/strategies/TrendVolTarget.py:50: PerformanceWarning: DataFrame is highly fragmented.  This is usually the result of calling `frame.insert` many times, which has poor performance.  Consider joining all columns at once using pd.concat(axis=1) instead. To get a de-fragmented frame, use `newframe = frame.copy()`
  dataframe[f"dc_hi_{n}"] = dataframe["high"].rolling(n).max().shift(1)
/freqtrade/user_data/strategies/TrendVolTarget.py:50: PerformanceWarning: DataFrame is highly fragmented.  This is usually the result of calling `frame.insert` many times, which has poor performance.  Consider joining all columns at once using pd.concat(axis=1) instead. To get a de-fragmented frame, use `newframe = frame.copy()`
  dataframe[f"dc_hi_{n}"] = dataframe["high"].rolling(n).max().shift(1)
/freqtrade/user_data/strategies/TrendVolTarget.py:50: PerformanceWarning: DataFrame is highly fragmented.  This is usually the result of calling `frame.insert` many times, which has poor performance.  Consider joining all columns at once using pd.concat(axis=1) instead. To get a de-fragmented frame, use `newframe = frame.copy()`
  dataframe[f"dc_hi_{n}"] = dataframe["high"].rolling(n).max().shift(1)
/freqtrade/user_data/strategies/TrendVolTarget.py:50: PerformanceWarning: DataFrame is highly fragmented.  This is usually the result of calling `frame.insert` many times, which has poor performance.  Consider joining all columns at once using pd.concat(axis=1) instead. To get a de-fragmented frame, use `newframe = frame.copy()`
  dataframe[f"dc_hi_{n}"] = dataframe["high"].rolling(n).max().shift(1)
/freqtrade/user_data/strategies/TrendVolTarget.py:50: PerformanceWarning: DataFrame is highly fragmented.  This is usually the result of calling `frame.insert` many times, which has poor performance.  Consider joining all columns at once using pd.concat(axis=1) instead. To get a de-fragmented frame, use `newframe = frame.copy()`
  dataframe[f"dc_hi_{n}"] = dataframe["high"].rolling(n).max().shift(1)
/freqtrade/user_data/strategies/TrendVolTarget.py:50: PerformanceWarning: DataFrame is highly fragmented.  This is usually the result of calling `frame.insert` many times, which has poor performance.  Consider joining all columns at once using pd.concat(axis=1) instead. To get a de-fragmented frame, use `newframe = frame.copy()`
  dataframe[f"dc_hi_{n}"] = dataframe["high"].rolling(n).max().shift(1)
/freqtrade/user_data/strategies/TrendVolTarget.py:50: PerformanceWarning: DataFrame is highly fragmented.  This is usually the result of calling `frame.insert` many times, which has poor performance.  Consider joining all columns at once using pd.concat(axis=1) instead. To get a de-fragmented frame, use `newframe = frame.copy()`
  dataframe[f"dc_hi_{n}"] = dataframe["high"].rolling(n).max().shift(1)
/freqtrade/user_data/strategies/TrendVolTarget.py:50: PerformanceWarning: DataFrame is highly fragmented.  This is usually the result of calling `frame.insert` many times, which has poor performance.  Consider joining all columns at once using pd.concat(axis=1) instead. To get a de-fragmented frame, use `newframe = frame.copy()`
  dataframe[f"dc_hi_{n}"] = dataframe["high"].rolling(n).max().shift(1)
/freqtrade/user_data/strategies/TrendVolTarget.py:50: PerformanceWarning: DataFrame is highly fragmented.  This is usually the result of calling `frame.insert` many times, which has poor performance.  Consider joining all columns at once using pd.concat(axis=1) instead. To get a de-fragmented frame, use `newframe = frame.copy()`
  dataframe[f"dc_hi_{n}"] = dataframe["high"].rolling(n).max().shift(1)
/freqtrade/user_data/strategies/TrendVolTarget.py:50: PerformanceWarning: DataFrame is highly fragmented.  This is usually the result of calling `frame.insert` many times, which has poor performance.  Consider joining all columns at once using pd.concat(axis=1) instead. To get a de-fragmented frame, use `newframe = frame.copy()`
  dataframe[f"dc_hi_{n}"] = dataframe["high"].rolling(n).max().shift(1)
/freqtrade/user_data/strategies/TrendVolTarget.py:50: PerformanceWarning: DataFrame is highly fragmented.  This is usually the result of calling `frame.insert` many times, which has poor performance.  Consider joining all columns at once using pd.concat(axis=1) instead. To get a de-fragmented frame, use `newframe = frame.copy()`
  dataframe[f"dc_hi_{n}"] = dataframe["high"].rolling(n).max().shift(1)
/freqtrade/user_data/strategies/TrendVolTarget.py:50: PerformanceWarning: DataFrame is highly fragmented.  This is usually the result of calling `frame.insert` many times, which has poor performance.  Consider joining all columns at once using pd.concat(axis=1) instead. To get a de-fragmented frame, use `newframe = frame.copy()`
  dataframe[f"dc_hi_{n}"] = dataframe["high"].rolling(n).max().shift(1)
/freqtrade/user_data/strategies/TrendVolTarget.py:50: PerformanceWarning: DataFrame is highly fragmented.  This is usually the result of calling `frame.insert` many times, which has poor performance.  Consider joining all columns at once using pd.concat(axis=1) instead. To get a de-fragmented frame, use `newframe = frame.copy()`
  dataframe[f"dc_hi_{n}"] = dataframe["high"].rolling(n).max().shift(1)
/freqtrade/user_data/strategies/TrendVolTarget.py:50: PerformanceWarning: DataFrame is highly fragmented.  This is usually the result of calling `frame.insert` many times, which has poor performance.  Consider joining all columns at once using pd.concat(axis=1) instead. To get a de-fragmented frame, use `newframe = frame.copy()`
  dataframe[f"dc_hi_{n}"] = dataframe["high"].rolling(n).max().shift(1)
/freqtrade/user_data/strategies/TrendVolTarget.py:50: PerformanceWarning: DataFrame is highly fragmented.  This is usually the result of calling `frame.insert` many times, which has poor performance.  Consider joining all columns at once using pd.concat(axis=1) instead. To get a de-fragmented frame, use `newframe = frame.copy()`
  dataframe[f"dc_hi_{n}"] = dataframe["high"].rolling(n).max().shift(1)
/freqtrade/user_data/strategies/TrendVolTarget.py:50: PerformanceWarning: DataFrame is highly fragmented.  This is usually the result of calling `frame.insert` many times, which has poor performance.  Consider joining all columns at once using pd.concat(axis=1) instead. To get a de-fragmented frame, use `newframe = frame.copy()`
  dataframe[f"dc_hi_{n}"] = dataframe["high"].rolling(n).max().shift(1)
/freqtrade/user_data/strategies/TrendVolTarget.py:50: PerformanceWarning: DataFrame is highly fragmented.  This is usually the result of calling `frame.insert` many times, which has poor performance.  Consider joining all columns at once using pd.concat(axis=1) instead. To get a de-fragmented frame, use `newframe = frame.copy()`
  dataframe[f"dc_hi_{n}"] = dataframe["high"].rolling(n).max().shift(1)
/freqtrade/user_data/strategies/TrendVolTarget.py:50: PerformanceWarning: DataFrame is highly fragmented.  This is usually the result of calling `frame.insert` many times, which has poor performance.  Consider joining all columns at once using pd.concat(axis=1) instead. To get a de-fragmented frame, use `newframe = frame.copy()`
  dataframe[f"dc_hi_{n}"] = dataframe["high"].rolling(n).max().shift(1)
/freqtrade/user_data/strategies/TrendVolTarget.py:50: PerformanceWarning: DataFrame is highly fragmented.  This is usually the result of calling `frame.insert` many times, which has poor performance.  Consider joining all columns at once using pd.concat(axis=1) instead. To get a de-fragmented frame, use `newframe = frame.copy()`
  dataframe[f"dc_hi_{n}"] = dataframe["high"].rolling(n).max().shift(1)
/freqtrade/user_data/strategies/TrendVolTarget.py:50: PerformanceWarning: DataFrame is highly fragmented.  This is usually the result of calling `frame.insert` many times, which has poor performance.  Consider joining all columns at once using pd.concat(axis=1) instead. To get a de-fragmented frame, use `newframe = frame.copy()`
  dataframe[f"dc_hi_{n}"] = dataframe["high"].rolling(n).max().shift(1)
/freqtrade/user_data/strategies/TrendVolTarget.py:50: PerformanceWarning: DataFrame is highly fragmented.  This is usually the result of calling `frame.insert` many times, which has poor performance.  Consider joining all columns at once using pd.concat(axis=1) instead. To get a de-fragmented frame, use `newframe = frame.copy()`
  dataframe[f"dc_hi_{n}"] = dataframe["high"].rolling(n).max().shift(1)
/freqtrade/user_data/strategies/TrendVolTarget.py:53: PerformanceWarning: DataFrame is highly fragmented.  This is usually the result of calling `frame.insert` many times, which has poor performance.  Consider joining all columns at once using pd.concat(axis=1) instead. To get a de-fragmented frame, use `newframe = frame.copy()`
  dataframe["sma_f"] = ta.SMA(dataframe, timeperiod=60)
/freqtrade/user_data/strategies/TrendVolTarget.py:54: PerformanceWarning: DataFrame is highly fragmented.  This is usually the result of calling `frame.insert` many times, which has poor performance.  Consider joining all columns at once using pd.concat(axis=1) instead. To get a de-fragmented frame, use `newframe = frame.copy()`
  dataframe["sma_s"] = ta.SMA(dataframe, timeperiod=240)
/freqtrade/user_data/strategies/TrendVolTarget.py:56: PerformanceWarning: DataFrame is highly fragmented.  This is usually the result of calling `frame.insert` many times, which has poor performance.  Consider joining all columns at once using pd.concat(axis=1) instead. To get a de-fragmented frame, use `newframe = frame.copy()`
  dataframe["rvol"] = dataframe["close"].pct_change().rolling(90).std() * np.sqrt(6 * 365)
/freqtrade/user_data/strategies/TrendVolTarget.py:50: PerformanceWarning: DataFrame is highly fragmented.  This is usually the result of calling `frame.insert` many times, which has poor performance.  Consider joining all columns at once using pd.concat(axis=1) instead. To get a de-fragmented frame, use `newframe = frame.copy()`
  dataframe[f"dc_hi_{n}"] = dataframe["high"].rolling(n).max().shift(1)
/freqtrade/user_data/strategies/TrendVolTarget.py:50: PerformanceWarning: DataFrame is highly fragmented.  This is usually the result of calling `frame.insert` many times, which has poor performance.  Consider joining all columns at once using pd.concat(axis=1) instead. To get a de-fragmented frame, use `newframe = frame.copy()`
  dataframe[f"dc_hi_{n}"] = dataframe["high"].rolling(n).max().shift(1)
/freqtrade/user_data/strategies/TrendVolTarget.py:50: PerformanceWarning: DataFrame is highly fragmented.  This is usually the result of calling `frame.insert` many times, which has poor performance.  Consider joining all columns at once using pd.concat(axis=1) instead. To get a de-fragmented frame, use `newframe = frame.copy()`
  dataframe[f"dc_hi_{n}"] = dataframe["high"].rolling(n).max().shift(1)
/freqtrade/user_data/strategies/TrendVolTarget.py:50: PerformanceWarning: DataFrame is highly fragmented.  This is usually the result of calling `frame.insert` many times, which has poor performance.  Consider joining all columns at once using pd.concat(axis=1) instead. To get a de-fragmented frame, use `newframe = frame.copy()`
  dataframe[f"dc_hi_{n}"] = dataframe["high"].rolling(n).max().shift(1)
/freqtrade/user_data/strategies/TrendVolTarget.py:50: PerformanceWarning: DataFrame is highly fragmented.  This is usually the result of calling `frame.insert` many times, which has poor performance.  Consider joining all columns at once using pd.concat(axis=1) instead. To get a de-fragmented frame, use `newframe = frame.copy()`
  dataframe[f"dc_hi_{n}"] = dataframe["high"].rolling(n).max().shift(1)
/freqtrade/user_data/strategies/TrendVolTarget.py:50: PerformanceWarning: DataFrame is highly fragmented.  This is usually the result of calling `frame.insert` many times, which has poor performance.  Consider joining all columns at once using pd.concat(axis=1) instead. To get a de-fragmented frame, use `newframe = frame.copy()`
  dataframe[f"dc_hi_{n}"] = dataframe["high"].rolling(n).max().shift(1)
/freqtrade/user_data/strategies/TrendVolTarget.py:50: PerformanceWarning: DataFrame is highly fragmented.  This is usually the result of calling `frame.insert` many times, which has poor performance.  Consider joining all columns at once using pd.concat(axis=1) instead. To get a de-fragmented frame, use `newframe = frame.copy()`
  dataframe[f"dc_hi_{n}"] = dataframe["high"].rolling(n).max().shift(1)
/freqtrade/user_data/strategies/TrendVolTarget.py:50: PerformanceWarning: DataFrame is highly fragmented.  This is usually the result of calling `frame.insert` many times, which has poor performance.  Consider joining all columns at once using pd.concat(axis=1) instead. To get a de-fragmented frame, use `newframe = frame.copy()`
  dataframe[f"dc_hi_{n}"] = dataframe["high"].rolling(n).max().shift(1)
/freqtrade/user_data/strategies/TrendVolTarget.py:50: PerformanceWarning: DataFrame is highly fragmented.  This is usually the result of calling `frame.insert` many times, which has poor performance.  Consider joining all columns at once using pd.concat(axis=1) instead. To get a de-fragmented frame, use `newframe = frame.copy()`
  dataframe[f"dc_hi_{n}"] = dataframe["high"].rolling(n).max().shift(1)
/freqtrade/user_data/strategies/TrendVolTarget.py:50: PerformanceWarning: DataFrame is highly fragmented.  This is usually the result of calling `frame.insert` many times, which has poor performance.  Consider joining all columns at once using pd.concat(axis=1) instead. To get a de-fragmented frame, use `newframe = frame.copy()`
  dataframe[f"dc_hi_{n}"] = dataframe["high"].rolling(n).max().shift(1)
/freqtrade/user_data/strategies/TrendVolTarget.py:50: PerformanceWarning: DataFrame is highly fragmented.  This is usually the result of calling `frame.insert` many times, which has poor performance.  Consider joining all columns at once using pd.concat(axis=1) instead. To get a de-fragmented frame, use `newframe = frame.copy()`
  dataframe[f"dc_hi_{n}"] = dataframe["high"].rolling(n).max().shift(1)
/freqtrade/user_data/strategies/TrendVolTarget.py:50: PerformanceWarning: DataFrame is highly fragmented.  This is usually the result of calling `frame.insert` many times, which has poor performance.  Consider joining all columns at once using pd.concat(axis=1) instead. To get a de-fragmented frame, use `newframe = frame.copy()`
  dataframe[f"dc_hi_{n}"] = dataframe["high"].rolling(n).max().shift(1)
/freqtrade/user_data/strategies/TrendVolTarget.py:50: PerformanceWarning: DataFrame is highly fragmented.  This is usually the result of calling `frame.insert` many times, which has poor performance.  Consider joining all columns at once using pd.concat(axis=1) instead. To get a de-fragmented frame, use `newframe = frame.copy()`
  dataframe[f"dc_hi_{n}"] = dataframe["high"].rolling(n).max().shift(1)
/freqtrade/user_data/strategies/TrendVolTarget.py:50: PerformanceWarning: DataFrame is highly fragmented.  This is usually the result of calling `frame.insert` many times, which has poor performance.  Consider joining all columns at once using pd.concat(axis=1) instead. To get a de-fragmented frame, use `newframe = frame.copy()`
  dataframe[f"dc_hi_{n}"] = dataframe["high"].rolling(n).max().shift(1)
/freqtrade/user_data/strategies/TrendVolTarget.py:50: PerformanceWarning: DataFrame is highly fragmented.  This is usually the result of calling `frame.insert` many times, which has poor performance.  Consider joining all columns at once using pd.concat(axis=1) instead. To get a de-fragmented frame, use `newframe = frame.copy()`
  dataframe[f"dc_hi_{n}"] = dataframe["high"].rolling(n).max().shift(1)
/freqtrade/user_data/strategies/TrendVolTarget.py:50: PerformanceWarning: DataFrame is highly fragmented.  This is usually the result of calling `frame.insert` many times, which has poor performance.  Consider joining all columns at once using pd.concat(axis=1) instead. To get a de-fragmented frame, use `newframe = frame.copy()`
  dataframe[f"dc_hi_{n}"] = dataframe["high"].rolling(n).max().shift(1)
/freqtrade/user_data/strategies/TrendVolTarget.py:50: PerformanceWarning: DataFrame is highly fragmented.  This is usually the result of calling `frame.insert` many times, which has poor performance.  Consider joining all columns at once using pd.concat(axis=1) instead. To get a de-fragmented frame, use `newframe = frame.copy()`
  dataframe[f"dc_hi_{n}"] = dataframe["high"].rolling(n).max().shift(1)
/freqtrade/user_data/strategies/TrendVolTarget.py:50: PerformanceWarning: DataFrame is highly fragmented.  This is usually the result of calling `frame.insert` many times, which has poor performance.  Consider joining all columns at once using pd.concat(axis=1) instead. To get a de-fragmented frame, use `newframe = frame.copy()`
  dataframe[f"dc_hi_{n}"] = dataframe["high"].rolling(n).max().shift(1)
/freqtrade/user_data/strategies/TrendVolTarget.py:50: PerformanceWarning: DataFrame is highly fragmented.  This is usually the result of calling `frame.insert` many times, which has poor performance.  Consider joining all columns at once using pd.concat(axis=1) instead. To get a de-fragmented frame, use `newframe = frame.copy()`
  dataframe[f"dc_hi_{n}"] = dataframe["high"].rolling(n).max().shift(1)
/freqtrade/user_data/strategies/TrendVolTarget.py:50: PerformanceWarning: DataFrame is highly fragmented.  This is usually the result of calling `frame.insert` many times, which has poor performance.  Consider joining all columns at once using pd.concat(axis=1) instead. To get a de-fragmented frame, use `newframe = frame.copy()`
  dataframe[f"dc_hi_{n}"] = dataframe["high"].rolling(n).max().shift(1)
/freqtrade/user_data/strategies/TrendVolTarget.py:50: PerformanceWarning: DataFrame is highly fragmented.  This is usually the result of calling `frame.insert` many times, which has poor performance.  Consider joining all columns at once using pd.concat(axis=1) instead. To get a de-fragmented frame, use `newframe = frame.copy()`
  dataframe[f"dc_hi_{n}"] = dataframe["high"].rolling(n).max().shift(1)
/freqtrade/user_data/strategies/TrendVolTarget.py:50: PerformanceWarning: DataFrame is highly fragmented.  This is usually the result of calling `frame.insert` many times, which has poor performance.  Consider joining all columns at once using pd.concat(axis=1) instead. To get a de-fragmented frame, use `newframe = frame.copy()`
  dataframe[f"dc_hi_{n}"] = dataframe["high"].rolling(n).max().shift(1)
/freqtrade/user_data/strategies/TrendVolTarget.py:50: PerformanceWarning: DataFrame is highly fragmented.  This is usually the result of calling `frame.insert` many times, which has poor performance.  Consider joining all columns at once using pd.concat(axis=1) instead. To get a de-fragmented frame, use `newframe = frame.copy()`
  dataframe[f"dc_hi_{n}"] = dataframe["high"].rolling(n).max().shift(1)
/freqtrade/user_data/strategies/TrendVolTarget.py:50: PerformanceWarning: DataFrame is highly fragmented.  This is usually the result of calling `frame.insert` many times, which has poor performance.  Consider joining all columns at once using pd.concat(axis=1) instead. To get a de-fragmented frame, use `newframe = frame.copy()`
  dataframe[f"dc_hi_{n}"] = dataframe["high"].rolling(n).max().shift(1)
/freqtrade/user_data/strategies/TrendVolTarget.py:50: PerformanceWarning: DataFrame is highly fragmented.  This is usually the result of calling `frame.insert` many times, which has poor performance.  Consider joining all columns at once using pd.concat(axis=1) instead. To get a de-fragmented frame, use `newframe = frame.copy()`
  dataframe[f"dc_hi_{n}"] = dataframe["high"].rolling(n).max().shift(1)
/freqtrade/user_data/strategies/TrendVolTarget.py:50: PerformanceWarning: DataFrame is highly fragmented.  This is usually the result of calling `frame.insert` many times, which has poor performance.  Consider joining all columns at once using pd.concat(axis=1) instead. To get a de-fragmented frame, use `newframe = frame.copy()`
  dataframe[f"dc_hi_{n}"] = dataframe["high"].rolling(n).max().shift(1)
/freqtrade/user_data/strategies/TrendVolTarget.py:50: PerformanceWarning: DataFrame is highly fragmented.  This is usually the result of calling `frame.insert` many times, which has poor performance.  Consider joining all columns at once using pd.concat(axis=1) instead. To get a de-fragmented frame, use `newframe = frame.copy()`
  dataframe[f"dc_hi_{n}"] = dataframe["high"].rolling(n).max().shift(1)
/freqtrade/user_data/strategies/TrendVolTarget.py:50: PerformanceWarning: DataFrame is highly fragmented.  This is usually the result of calling `frame.insert` many times, which has poor performance.  Consider joining all columns at once using pd.concat(axis=1) instead. To get a de-fragmented frame, use `newframe = frame.copy()`
  dataframe[f"dc_hi_{n}"] = dataframe["high"].rolling(n).max().shift(1)
/freqtrade/user_data/strategies/TrendVolTarget.py:50: PerformanceWarning: DataFrame is highly fragmented.  This is usually the result of calling `frame.insert` many times, which has poor performance.  Consider joining all columns at once using pd.concat(axis=1) instead. To get a de-fragmented frame, use `newframe = frame.copy()`
  dataframe[f"dc_hi_{n}"] = dataframe["high"].rolling(n).max().shift(1)
/freqtrade/user_data/strategies/TrendVolTarget.py:50: PerformanceWarning: DataFrame is highly fragmented.  This is usually the result of calling `frame.insert` many times, which has poor performance.  Consider joining all columns at once using pd.concat(axis=1) instead. To get a de-fragmented frame, use `newframe = frame.copy()`
  dataframe[f"dc_hi_{n}"] = dataframe["high"].rolling(n).max().shift(1)
/freqtrade/user_data/strategies/TrendVolTarget.py:50: PerformanceWarning: DataFrame is highly fragmented.  This is usually the result of calling `frame.insert` many times, which has poor performance.  Consider joining all columns at once using pd.concat(axis=1) instead. To get a de-fragmented frame, use `newframe = frame.copy()`
  dataframe[f"dc_hi_{n}"] = dataframe["high"].rolling(n).max().shift(1)
/freqtrade/user_data/strategies/TrendVolTarget.py:50: PerformanceWarning: DataFrame is highly fragmented.  This is usually the result of calling `frame.insert` many times, which has poor performance.  Consider joining all columns at once using pd.concat(axis=1) instead. To get a de-fragmented frame, use `newframe = frame.copy()`
  dataframe[f"dc_hi_{n}"] = dataframe["high"].rolling(n).max().shift(1)
/freqtrade/user_data/strategies/TrendVolTarget.py:50: PerformanceWarning: DataFrame is highly fragmented.  This is usually the result of calling `frame.insert` many times, which has poor performance.  Consider joining all columns at once using pd.concat(axis=1) instead. To get a de-fragmented frame, use `newframe = frame.copy()`
  dataframe[f"dc_hi_{n}"] = dataframe["high"].rolling(n).max().shift(1)
/freqtrade/user_data/strategies/TrendVolTarget.py:50: PerformanceWarning: DataFrame is highly fragmented.  This is usually the result of calling `frame.insert` many times, which has poor performance.  Consider joining all columns at once using pd.concat(axis=1) instead. To get a de-fragmented frame, use `newframe = frame.copy()`
  dataframe[f"dc_hi_{n}"] = dataframe["high"].rolling(n).max().shift(1)
/freqtrade/user_data/strategies/TrendVolTarget.py:50: PerformanceWarning: DataFrame is highly fragmented.  This is usually the result of calling `frame.insert` many times, which has poor performance.  Consider joining all columns at once using pd.concat(axis=1) instead. To get a de-fragmented frame, use `newframe = frame.copy()`
  dataframe[f"dc_hi_{n}"] = dataframe["high"].rolling(n).max().shift(1)
/freqtrade/user_data/strategies/TrendVolTarget.py:50: PerformanceWarning: DataFrame is highly fragmented.  This is usually the result of calling `frame.insert` many times, which has poor performance.  Consider joining all columns at once using pd.concat(axis=1) instead. To get a de-fragmented frame, use `newframe = frame.copy()`
  dataframe[f"dc_hi_{n}"] = dataframe["high"].rolling(n).max().shift(1)
/freqtrade/user_data/strategies/TrendVolTarget.py:50: PerformanceWarning: DataFrame is highly fragmented.  This is usually the result of calling `frame.insert` many times, which has poor performance.  Consider joining all columns at once using pd.concat(axis=1) instead. To get a de-fragmented frame, use `newframe = frame.copy()`
  dataframe[f"dc_hi_{n}"] = dataframe["high"].rolling(n).max().shift(1)
/freqtrade/user_data/strategies/TrendVolTarget.py:50: PerformanceWarning: DataFrame is highly fragmented.  This is usually the result of calling `frame.insert` many times, which has poor performance.  Consider joining all columns at once using pd.concat(axis=1) instead. To get a de-fragmented frame, use `newframe = frame.copy()`
  dataframe[f"dc_hi_{n}"] = dataframe["high"].rolling(n).max().shift(1)
/freqtrade/user_data/strategies/TrendVolTarget.py:50: PerformanceWarning: DataFrame is highly fragmented.  This is usually the result of calling `frame.insert` many times, which has poor performance.  Consider joining all columns at once using pd.concat(axis=1) instead. To get a de-fragmented frame, use `newframe = frame.copy()`
  dataframe[f"dc_hi_{n}"] = dataframe["high"].rolling(n).max().shift(1)
/freqtrade/user_data/strategies/TrendVolTarget.py:50: PerformanceWarning: DataFrame is highly fragmented.  This is usually the result of calling `frame.insert` many times, which has poor performance.  Consider joining all columns at once using pd.concat(axis=1) instead. To get a de-fragmented frame, use `newframe = frame.copy()`
  dataframe[f"dc_hi_{n}"] = dataframe["high"].rolling(n).max().shift(1)
/freqtrade/user_data/strategies/TrendVolTarget.py:50: PerformanceWarning: DataFrame is highly fragmented.  This is usually the result of calling `frame.insert` many times, which has poor performance.  Consider joining all columns at once using pd.concat(axis=1) instead. To get a de-fragmented frame, use `newframe = frame.copy()`
  dataframe[f"dc_hi_{n}"] = dataframe["high"].rolling(n).max().shift(1)
/freqtrade/user_data/strategies/TrendVolTarget.py:50: PerformanceWarning: DataFrame is highly fragmented.  This is usually the result of calling `frame.insert` many times, which has poor performance.  Consider joining all columns at once using pd.concat(axis=1) instead. To get a de-fragmented frame, use `newframe = frame.copy()`
  dataframe[f"dc_hi_{n}"] = dataframe["high"].rolling(n).max().shift(1)
/freqtrade/user_data/strategies/TrendVolTarget.py:50: PerformanceWarning: DataFrame is highly fragmented.  This is usually the result of calling `frame.insert` many times, which has poor performance.  Consider joining all columns at once using pd.concat(axis=1) instead. To get a de-fragmented frame, use `newframe = frame.copy()`
  dataframe[f"dc_hi_{n}"] = dataframe["high"].rolling(n).max().shift(1)
/freqtrade/user_data/strategies/TrendVolTarget.py:50: PerformanceWarning: DataFrame is highly fragmented.  This is usually the result of calling `frame.insert` many times, which has poor performance.  Consider joining all columns at once using pd.concat(axis=1) instead. To get a de-fragmented frame, use `newframe = frame.copy()`
  dataframe[f"dc_hi_{n}"] = dataframe["high"].rolling(n).max().shift(1)
/freqtrade/user_data/strategies/TrendVolTarget.py:50: PerformanceWarning: DataFrame is highly fragmented.  This is usually the result of calling `frame.insert` many times, which has poor performance.  Consider joining all columns at once using pd.concat(axis=1) instead. To get a de-fragmented frame, use `newframe = frame.copy()`
  dataframe[f"dc_hi_{n}"] = dataframe["high"].rolling(n).max().shift(1)
/freqtrade/user_data/strategies/TrendVolTarget.py:50: PerformanceWarning: DataFrame is highly fragmented.  This is usually the result of calling `frame.insert` many times, which has poor performance.  Consider joining all columns at once using pd.concat(axis=1) instead. To get a de-fragmented frame, use `newframe = frame.copy()`
  dataframe[f"dc_hi_{n}"] = dataframe["high"].rolling(n).max().shift(1)
/freqtrade/user_data/strategies/TrendVolTarget.py:50: PerformanceWarning: DataFrame is highly fragmented.  This is usually the result of calling `frame.insert` many times, which has poor performance.  Consider joining all columns at once using pd.concat(axis=1) instead. To get a de-fragmented frame, use `newframe = frame.copy()`
  dataframe[f"dc_hi_{n}"] = dataframe["high"].rolling(n).max().shift(1)
/freqtrade/user_data/strategies/TrendVolTarget.py:50: PerformanceWarning: DataFrame is highly fragmented.  This is usually the result of calling `frame.insert` many times, which has poor performance.  Consider joining all columns at once using pd.concat(axis=1) instead. To get a de-fragmented frame, use `newframe = frame.copy()`
  dataframe[f"dc_hi_{n}"] = dataframe["high"].rolling(n).max().shift(1)
/freqtrade/user_data/strategies/TrendVolTarget.py:50: PerformanceWarning: DataFrame is highly fragmented.  This is usually the result of calling `frame.insert` many times, which has poor performance.  Consider joining all columns at once using pd.concat(axis=1) instead. To get a de-fragmented frame, use `newframe = frame.copy()`
  dataframe[f"dc_hi_{n}"] = dataframe["high"].rolling(n).max().shift(1)
/freqtrade/user_data/strategies/TrendVolTarget.py:50: PerformanceWarning: DataFrame is highly fragmented.  This is usually the result of calling `frame.insert` many times, which has poor performance.  Consider joining all columns at once using pd.concat(axis=1) instead. To get a de-fragmented frame, use `newframe = frame.copy()`
  dataframe[f"dc_hi_{n}"] = dataframe["high"].rolling(n).max().shift(1)
/freqtrade/user_data/strategies/TrendVolTarget.py:50: PerformanceWarning: DataFrame is highly fragmented.  This is usually the result of calling `frame.insert` many times, which has poor performance.  Consider joining all columns at once using pd.concat(axis=1) instead. To get a de-fragmented frame, use `newframe = frame.copy()`
  dataframe[f"dc_hi_{n}"] = dataframe["high"].rolling(n).max().shift(1)
/freqtrade/user_data/strategies/TrendVolTarget.py:50: PerformanceWarning: DataFrame is highly fragmented.  This is usually the result of calling `frame.insert` many times, which has poor performance.  Consider joining all columns at once using pd.concat(axis=1) instead. To get a de-fragmented frame, use `newframe = frame.copy()`
  dataframe[f"dc_hi_{n}"] = dataframe["high"].rolling(n).max().shift(1)
/freqtrade/user_data/strategies/TrendVolTarget.py:50: PerformanceWarning: DataFrame is highly fragmented.  This is usually the result of calling `frame.insert` many times, which has poor performance.  Consider joining all columns at once using pd.concat(axis=1) instead. To get a de-fragmented frame, use `newframe = frame.copy()`
  dataframe[f"dc_hi_{n}"] = dataframe["high"].rolling(n).max().shift(1)
/freqtrade/user_data/strategies/TrendVolTarget.py:50: PerformanceWarning: DataFrame is highly fragmented.  This is usually the result of calling `frame.insert` many times, which has poor performance.  Consider joining all columns at once using pd.concat(axis=1) instead. To get a de-fragmented frame, use `newframe = frame.copy()`
  dataframe[f"dc_hi_{n}"] = dataframe["high"].rolling(n).max().shift(1)
/freqtrade/user_data/strategies/TrendVolTarget.py:50: PerformanceWarning: DataFrame is highly fragmented.  This is usually the result of calling `frame.insert` many times, which has poor performance.  Consider joining all columns at once using pd.concat(axis=1) instead. To get a de-fragmented frame, use `newframe = frame.copy()`
  dataframe[f"dc_hi_{n}"] = dataframe["high"].rolling(n).max().shift(1)
/freqtrade/user_data/strategies/TrendVolTarget.py:50: PerformanceWarning: DataFrame is highly fragmented.  This is usually the result of calling `frame.insert` many times, which has poor performance.  Consider joining all columns at once using pd.concat(axis=1) instead. To get a de-fragmented frame, use `newframe = frame.copy()`
  dataframe[f"dc_hi_{n}"] = dataframe["high"].rolling(n).max().shift(1)
/freqtrade/user_data/strategies/TrendVolTarget.py:50: PerformanceWarning: DataFrame is highly fragmented.  This is usually the result of calling `frame.insert` many times, which has poor performance.  Consider joining all columns at once using pd.concat(axis=1) instead. To get a de-fragmented frame, use `newframe = frame.copy()`
  dataframe[f"dc_hi_{n}"] = dataframe["high"].rolling(n).max().shift(1)
/freqtrade/user_data/strategies/TrendVolTarget.py:50: PerformanceWarning: DataFrame is highly fragmented.  This is usually the result of calling `frame.insert` many times, which has poor performance.  Consider joining all columns at once using pd.concat(axis=1) instead. To get a de-fragmented frame, use `newframe = frame.copy()`
  dataframe[f"dc_hi_{n}"] = dataframe["high"].rolling(n).max().shift(1)
/freqtrade/user_data/strategies/TrendVolTarget.py:50: PerformanceWarning: DataFrame is highly fragmented.  This is usually the result of calling `frame.insert` many times, which has poor performance.  Consider joining all columns at once using pd.concat(axis=1) instead. To get a de-fragmented frame, use `newframe = frame.copy()`
  dataframe[f"dc_hi_{n}"] = dataframe["high"].rolling(n).max().shift(1)
/freqtrade/user_data/strategies/TrendVolTarget.py:50: PerformanceWarning: DataFrame is highly fragmented.  This is usually the result of calling `frame.insert` many times, which has poor performance.  Consider joining all columns at once using pd.concat(axis=1) instead. To get a de-fragmented frame, use `newframe = frame.copy()`
  dataframe[f"dc_hi_{n}"] = dataframe["high"].rolling(n).max().shift(1)
/freqtrade/user_data/strategies/TrendVolTarget.py:50: PerformanceWarning: DataFrame is highly fragmented.  This is usually the result of calling `frame.insert` many times, which has poor performance.  Consider joining all columns at once using pd.concat(axis=1) instead. To get a de-fragmented frame, use `newframe = frame.copy()`
  dataframe[f"dc_hi_{n}"] = dataframe["high"].rolling(n).max().shift(1)
/freqtrade/user_data/strategies/TrendVolTarget.py:50: PerformanceWarning: DataFrame is highly fragmented.  This is usually the result of calling `frame.insert` many times, which has poor performance.  Consider joining all columns at once using pd.concat(axis=1) instead. To get a de-fragmented frame, use `newframe = frame.copy()`
  dataframe[f"dc_hi_{n}"] = dataframe["high"].rolling(n).max().shift(1)
/freqtrade/user_data/strategies/TrendVolTarget.py:50: PerformanceWarning: DataFrame is highly fragmented.  This is usually the result of calling `frame.insert` many times, which has poor performance.  Consider joining all columns at once using pd.concat(axis=1) instead. To get a de-fragmented frame, use `newframe = frame.copy()`
  dataframe[f"dc_hi_{n}"] = dataframe["high"].rolling(n).max().shift(1)
/freqtrade/user_data/strategies/TrendVolTarget.py:50: PerformanceWarning: DataFrame is highly fragmented.  This is usually the result of calling `frame.insert` many times, which has poor performance.  Consider joining all columns at once using pd.concat(axis=1) instead. To get a de-fragmented frame, use `newframe = frame.copy()`
  dataframe[f"dc_hi_{n}"] = dataframe["high"].rolling(n).max().shift(1)
/freqtrade/user_data/strategies/TrendVolTarget.py:50: PerformanceWarning: DataFrame is highly fragmented.  This is usually the result of calling `frame.insert` many times, which has poor performance.  Consider joining all columns at once using pd.concat(axis=1) instead. To get a de-fragmented frame, use `newframe = frame.copy()`
  dataframe[f"dc_hi_{n}"] = dataframe["high"].rolling(n).max().shift(1)
/freqtrade/user_data/strategies/TrendVolTarget.py:50: PerformanceWarning: DataFrame is highly fragmented.  This is usually the result of calling `frame.insert` many times, which has poor performance.  Consider joining all columns at once using pd.concat(axis=1) instead. To get a de-fragmented frame, use `newframe = frame.copy()`
  dataframe[f"dc_hi_{n}"] = dataframe["high"].rolling(n).max().shift(1)
/freqtrade/user_data/strategies/TrendVolTarget.py:50: PerformanceWarning: DataFrame is highly fragmented.  This is usually the result of calling `frame.insert` many times, which has poor performance.  Consider joining all columns at once using pd.concat(axis=1) instead. To get a de-fragmented frame, use `newframe = frame.copy()`
  dataframe[f"dc_hi_{n}"] = dataframe["high"].rolling(n).max().shift(1)
/freqtrade/user_data/strategies/TrendVolTarget.py:50: PerformanceWarning: DataFrame is highly fragmented.  This is usually the result of calling `frame.insert` many times, which has poor performance.  Consider joining all columns at once using pd.concat(axis=1) instead. To get a de-fragmented frame, use `newframe = frame.copy()`
  dataframe[f"dc_hi_{n}"] = dataframe["high"].rolling(n).max().shift(1)
/freqtrade/user_data/strategies/TrendVolTarget.py:50: PerformanceWarning: DataFrame is highly fragmented.  This is usually the result of calling `frame.insert` many times, which has poor performance.  Consider joining all columns at once using pd.concat(axis=1) instead. To get a de-fragmented frame, use `newframe = frame.copy()`
  dataframe[f"dc_hi_{n}"] = dataframe["high"].rolling(n).max().shift(1)
/freqtrade/user_data/strategies/TrendVolTarget.py:50: PerformanceWarning: DataFrame is highly fragmented.  This is usually the result of calling `frame.insert` many times, which has poor performance.  Consider joining all columns at once using pd.concat(axis=1) instead. To get a de-fragmented frame, use `newframe = frame.copy()`
  dataframe[f"dc_hi_{n}"] = dataframe["high"].rolling(n).max().shift(1)
/freqtrade/user_data/strategies/TrendVolTarget.py:50: PerformanceWarning: DataFrame is highly fragmented.  This is usually the result of calling `frame.insert` many times, which has poor performance.  Consider joining all columns at once using pd.concat(axis=1) instead. To get a de-fragmented frame, use `newframe = frame.copy()`
  dataframe[f"dc_hi_{n}"] = dataframe["high"].rolling(n).max().shift(1)
/freqtrade/user_data/strategies/TrendVolTarget.py:50: PerformanceWarning: DataFrame is highly fragmented.  This is usually the result of calling `frame.insert` many times, which has poor performance.  Consider joining all columns at once using pd.concat(axis=1) instead. To get a de-fragmented frame, use `newframe = frame.copy()`
  dataframe[f"dc_hi_{n}"] = dataframe["high"].rolling(n).max().shift(1)
/freqtrade/user_data/strategies/TrendVolTarget.py:50: PerformanceWarning: DataFrame is highly fragmented.  This is usually the result of calling `frame.insert` many times, which has poor performance.  Consider joining all columns at once using pd.concat(axis=1) instead. To get a de-fragmented frame, use `newframe = frame.copy()`
  dataframe[f"dc_hi_{n}"] = dataframe["high"].rolling(n).max().shift(1)
/freqtrade/user_data/strategies/TrendVolTarget.py:50: PerformanceWarning: DataFrame is highly fragmented.  This is usually the result of calling `frame.insert` many times, which has poor performance.  Consider joining all columns at once using pd.concat(axis=1) instead. To get a de-fragmented frame, use `newframe = frame.copy()`
  dataframe[f"dc_hi_{n}"] = dataframe["high"].rolling(n).max().shift(1)
/freqtrade/user_data/strategies/TrendVolTarget.py:50: PerformanceWarning: DataFrame is highly fragmented.  This is usually the result of calling `frame.insert` many times, which has poor performance.  Consider joining all columns at once using pd.concat(axis=1) instead. To get a de-fragmented frame, use `newframe = frame.copy()`
  dataframe[f"dc_hi_{n}"] = dataframe["high"].rolling(n).max().shift(1)
/freqtrade/user_data/strategies/TrendVolTarget.py:50: PerformanceWarning: DataFrame is highly fragmented.  This is usually the result of calling `frame.insert` many times, which has poor performance.  Consider joining all columns at once using pd.concat(axis=1) instead. To get a de-fragmented frame, use `newframe = frame.copy()`
  dataframe[f"dc_hi_{n}"] = dataframe["high"].rolling(n).max().shift(1)
/freqtrade/user_data/strategies/TrendVolTarget.py:50: PerformanceWarning: DataFrame is highly fragmented.  This is usually the result of calling `frame.insert` many times, which has poor performance.  Consider joining all columns at once using pd.concat(axis=1) instead. To get a de-fragmented frame, use `newframe = frame.copy()`
  dataframe[f"dc_hi_{n}"] = dataframe["high"].rolling(n).max().shift(1)
/freqtrade/user_data/strategies/TrendVolTarget.py:50: PerformanceWarning: DataFrame is highly fragmented.  This is usually the result of calling `frame.insert` many times, which has poor performance.  Consider joining all columns at once using pd.concat(axis=1) instead. To get a de-fragmented frame, use `newframe = frame.copy()`
  dataframe[f"dc_hi_{n}"] = dataframe["high"].rolling(n).max().shift(1)
/freqtrade/user_data/strategies/TrendVolTarget.py:50: PerformanceWarning: DataFrame is highly fragmented.  This is usually the result of calling `frame.insert` many times, which has poor performance.  Consider joining all columns at once using pd.concat(axis=1) instead. To get a de-fragmented frame, use `newframe = frame.copy()`
  dataframe[f"dc_hi_{n}"] = dataframe["high"].rolling(n).max().shift(1)
/freqtrade/user_data/strategies/TrendVolTarget.py:50: PerformanceWarning: DataFrame is highly fragmented.  This is usually the result of calling `frame.insert` many times, which has poor performance.  Consider joining all columns at once using pd.concat(axis=1) instead. To get a de-fragmented frame, use `newframe = frame.copy()`
  dataframe[f"dc_hi_{n}"] = dataframe["high"].rolling(n).max().shift(1)
/freqtrade/user_data/strategies/TrendVolTarget.py:50: PerformanceWarning: DataFrame is highly fragmented.  This is usually the result of calling `frame.insert` many times, which has poor performance.  Consider joining all columns at once using pd.concat(axis=1) instead. To get a de-fragmented frame, use `newframe = frame.copy()`
  dataframe[f"dc_hi_{n}"] = dataframe["high"].rolling(n).max().shift(1)
/freqtrade/user_data/strategies/TrendVolTarget.py:50: PerformanceWarning: DataFrame is highly fragmented.  This is usually the result of calling `frame.insert` many times, which has poor performance.  Consider joining all columns at once using pd.concat(axis=1) instead. To get a de-fragmented frame, use `newframe = frame.copy()`
  dataframe[f"dc_hi_{n}"] = dataframe["high"].rolling(n).max().shift(1)
/freqtrade/user_data/strategies/TrendVolTarget.py:50: PerformanceWarning: DataFrame is highly fragmented.  This is usually the result of calling `frame.insert` many times, which has poor performance.  Consider joining all columns at once using pd.concat(axis=1) instead. To get a de-fragmented frame, use `newframe = frame.copy()`
  dataframe[f"dc_hi_{n}"] = dataframe["high"].rolling(n).max().shift(1)
/freqtrade/user_data/strategies/TrendVolTarget.py:50: PerformanceWarning: DataFrame is highly fragmented.  This is usually the result of calling `frame.insert` many times, which has poor performance.  Consider joining all columns at once using pd.concat(axis=1) instead. To get a de-fragmented frame, use `newframe = frame.copy()`
  dataframe[f"dc_hi_{n}"] = dataframe["high"].rolling(n).max().shift(1)
/freqtrade/user_data/strategies/TrendVolTarget.py:50: PerformanceWarning: DataFrame is highly fragmented.  This is usually the result of calling `frame.insert` many times, which has poor performance.  Consider joining all columns at once using pd.concat(axis=1) instead. To get a de-fragmented frame, use `newframe = frame.copy()`
  dataframe[f"dc_hi_{n}"] = dataframe["high"].rolling(n).max().shift(1)
/freqtrade/user_data/strategies/TrendVolTarget.py:53: PerformanceWarning: DataFrame is highly fragmented.  This is usually the result of calling `frame.insert` many times, which has poor performance.  Consider joining all columns at once using pd.concat(axis=1) instead. To get a de-fragmented frame, use `newframe = frame.copy()`
  dataframe["sma_f"] = ta.SMA(dataframe, timeperiod=60)
/freqtrade/user_data/strategies/TrendVolTarget.py:54: PerformanceWarning: DataFrame is highly fragmented.  This is usually the result of calling `frame.insert` many times, which has poor performance.  Consider joining all columns at once using pd.concat(axis=1) instead. To get a de-fragmented frame, use `newframe = frame.copy()`
  dataframe["sma_s"] = ta.SMA(dataframe, timeperiod=240)
/freqtrade/user_data/strategies/TrendVolTarget.py:56: PerformanceWarning: DataFrame is highly fragmented.  This is usually the result of calling `frame.insert` many times, which has poor performance.  Consider joining all columns at once using pd.concat(axis=1) instead. To get a de-fragmented frame, use `newframe = frame.copy()`
  dataframe["rvol"] = dataframe["close"].pct_change().rolling(90).std() * np.sqrt(6 * 365)
/freqtrade/user_data/strategies/TrendVolTarget.py:50: PerformanceWarning: DataFrame is highly fragmented.  This is usually the result of calling `frame.insert` many times, which has poor performance.  Consider joining all columns at once using pd.concat(axis=1) instead. To get a de-fragmented frame, use `newframe = frame.copy()`
  dataframe[f"dc_hi_{n}"] = dataframe["high"].rolling(n).max().shift(1)
/freqtrade/user_data/strategies/TrendVolTarget.py:50: PerformanceWarning: DataFrame is highly fragmented.  This is usually the result of calling `frame.insert` many times, which has poor performance.  Consider joining all columns at once using pd.concat(axis=1) instead. To get a de-fragmented frame, use `newframe = frame.copy()`
  dataframe[f"dc_hi_{n}"] = dataframe["high"].rolling(n).max().shift(1)
/freqtrade/user_data/strategies/TrendVolTarget.py:50: PerformanceWarning: DataFrame is highly fragmented.  This is usually the result of calling `frame.insert` many times, which has poor performance.  Consider joining all columns at once using pd.concat(axis=1) instead. To get a de-fragmented frame, use `newframe = frame.copy()`
  dataframe[f"dc_hi_{n}"] = dataframe["high"].rolling(n).max().shift(1)
/freqtrade/user_data/strategies/TrendVolTarget.py:50: PerformanceWarning: DataFrame is highly fragmented.  This is usually the result of calling `frame.insert` many times, which has poor performance.  Consider joining all columns at once using pd.concat(axis=1) instead. To get a de-fragmented frame, use `newframe = frame.copy()`
  dataframe[f"dc_hi_{n}"] = dataframe["high"].rolling(n).max().shift(1)
/freqtrade/user_data/strategies/TrendVolTarget.py:50: PerformanceWarning: DataFrame is highly fragmented.  This is usually the result of calling `frame.insert` many times, which has poor performance.  Consider joining all columns at once using pd.concat(axis=1) instead. To get a de-fragmented frame, use `newframe = frame.copy()`
  dataframe[f"dc_hi_{n}"] = dataframe["high"].rolling(n).max().shift(1)
/freqtrade/user_data/strategies/TrendVolTarget.py:50: PerformanceWarning: DataFrame is highly fragmented.  This is usually the result of calling `frame.insert` many times, which has poor performance.  Consider joining all columns at once using pd.concat(axis=1) instead. To get a de-fragmented frame, use `newframe = frame.copy()`
  dataframe[f"dc_hi_{n}"] = dataframe["high"].rolling(n).max().shift(1)
/freqtrade/user_data/strategies/TrendVolTarget.py:50: PerformanceWarning: DataFrame is highly fragmented.  This is usually the result of calling `frame.insert` many times, which has poor performance.  Consider joining all columns at once using pd.concat(axis=1) instead. To get a de-fragmented frame, use `newframe = frame.copy()`
  dataframe[f"dc_hi_{n}"] = dataframe["high"].rolling(n).max().shift(1)
/freqtrade/user_data/strategies/TrendVolTarget.py:50: PerformanceWarning: DataFrame is highly fragmented.  This is usually the result of calling `frame.insert` many times, which has poor performance.  Consider joining all columns at once using pd.concat(axis=1) instead. To get a de-fragmented frame, use `newframe = frame.copy()`
  dataframe[f"dc_hi_{n}"] = dataframe["high"].rolling(n).max().shift(1)
/freqtrade/user_data/strategies/TrendVolTarget.py:50: PerformanceWarning: DataFrame is highly fragmented.  This is usually the result of calling `frame.insert` many times, which has poor performance.  Consider joining all columns at once using pd.concat(axis=1) instead. To get a de-fragmented frame, use `newframe = frame.copy()`
  dataframe[f"dc_hi_{n}"] = dataframe["high"].rolling(n).max().shift(1)
/freqtrade/user_data/strategies/TrendVolTarget.py:50: PerformanceWarning: DataFrame is highly fragmented.  This is usually the result of calling `frame.insert` many times, which has poor performance.  Consider joining all columns at once using pd.concat(axis=1) instead. To get a de-fragmented frame, use `newframe = frame.copy()`
  dataframe[f"dc_hi_{n}"] = dataframe["high"].rolling(n).max().shift(1)
/freqtrade/user_data/strategies/TrendVolTarget.py:50: PerformanceWarning: DataFrame is highly fragmented.  This is usually the result of calling `frame.insert` many times, which has poor performance.  Consider joining all columns at once using pd.concat(axis=1) instead. To get a de-fragmented frame, use `newframe = frame.copy()`
  dataframe[f"dc_hi_{n}"] = dataframe["high"].rolling(n).max().shift(1)
/freqtrade/user_data/strategies/TrendVolTarget.py:50: PerformanceWarning: DataFrame is highly fragmented.  This is usually the result of calling `frame.insert` many times, which has poor performance.  Consider joining all columns at once using pd.concat(axis=1) instead. To get a de-fragmented frame, use `newframe = frame.copy()`
  dataframe[f"dc_hi_{n}"] = dataframe["high"].rolling(n).max().shift(1)
/freqtrade/user_data/strategies/TrendVolTarget.py:50: PerformanceWarning: DataFrame is highly fragmented.  This is usually the result of calling `frame.insert` many times, which has poor performance.  Consider joining all columns at once using pd.concat(axis=1) instead. To get a de-fragmented frame, use `newframe = frame.copy()`
  dataframe[f"dc_hi_{n}"] = dataframe["high"].rolling(n).max().shift(1)
/freqtrade/user_data/strategies/TrendVolTarget.py:50: PerformanceWarning: DataFrame is highly fragmented.  This is usually the result of calling `frame.insert` many times, which has poor performance.  Consider joining all columns at once using pd.concat(axis=1) instead. To get a de-fragmented frame, use `newframe = frame.copy()`
  dataframe[f"dc_hi_{n}"] = dataframe["high"].rolling(n).max().shift(1)
/freqtrade/user_data/strategies/TrendVolTarget.py:50: PerformanceWarning: DataFrame is highly fragmented.  This is usually the result of calling `frame.insert` many times, which has poor performance.  Consider joining all columns at once using pd.concat(axis=1) instead. To get a de-fragmented frame, use `newframe = frame.copy()`
  dataframe[f"dc_hi_{n}"] = dataframe["high"].rolling(n).max().shift(1)
/freqtrade/user_data/strategies/TrendVolTarget.py:50: PerformanceWarning: DataFrame is highly fragmented.  This is usually the result of calling `frame.insert` many times, which has poor performance.  Consider joining all columns at once using pd.concat(axis=1) instead. To get a de-fragmented frame, use `newframe = frame.copy()`
  dataframe[f"dc_hi_{n}"] = dataframe["high"].rolling(n).max().shift(1)
/freqtrade/user_data/strategies/TrendVolTarget.py:50: PerformanceWarning: DataFrame is highly fragmented.  This is usually the result of calling `frame.insert` many times, which has poor performance.  Consider joining all columns at once using pd.concat(axis=1) instead. To get a de-fragmented frame, use `newframe = frame.copy()`
  dataframe[f"dc_hi_{n}"] = dataframe["high"].rolling(n).max().shift(1)
/freqtrade/user_data/strategies/TrendVolTarget.py:50: PerformanceWarning: DataFrame is highly fragmented.  This is usually the result of calling `frame.insert` many times, which has poor performance.  Consider joining all columns at once using pd.concat(axis=1) instead. To get a de-fragmented frame, use `newframe = frame.copy()`
  dataframe[f"dc_hi_{n}"] = dataframe["high"].rolling(n).max().shift(1)
/freqtrade/user_data/strategies/TrendVolTarget.py:50: PerformanceWarning: DataFrame is highly fragmented.  This is usually the result of calling `frame.insert` many times, which has poor performance.  Consider joining all columns at once using pd.concat(axis=1) instead. To get a de-fragmented frame, use `newframe = frame.copy()`
  dataframe[f"dc_hi_{n}"] = dataframe["high"].rolling(n).max().shift(1)
/freqtrade/user_data/strategies/TrendVolTarget.py:50: PerformanceWarning: DataFrame is highly fragmented.  This is usually the result of calling `frame.insert` many times, which has poor performance.  Consider joining all columns at once using pd.concat(axis=1) instead. To get a de-fragmented frame, use `newframe = frame.copy()`
  dataframe[f"dc_hi_{n}"] = dataframe["high"].rolling(n).max().shift(1)
/freqtrade/user_data/strategies/TrendVolTarget.py:50: PerformanceWarning: DataFrame is highly fragmented.  This is usually the result of calling `frame.insert` many times, which has poor performance.  Consider joining all columns at once using pd.concat(axis=1) instead. To get a de-fragmented frame, use `newframe = frame.copy()`
  dataframe[f"dc_hi_{n}"] = dataframe["high"].rolling(n).max().shift(1)
/freqtrade/user_data/strategies/TrendVolTarget.py:50: PerformanceWarning: DataFrame is highly fragmented.  This is usually the result of calling `frame.insert` many times, which has poor performance.  Consider joining all columns at once using pd.concat(axis=1) instead. To get a de-fragmented frame, use `newframe = frame.copy()`
  dataframe[f"dc_hi_{n}"] = dataframe["high"].rolling(n).max().shift(1)
/freqtrade/user_data/strategies/TrendVolTarget.py:50: PerformanceWarning: DataFrame is highly fragmented.  This is usually the result of calling `frame.insert` many times, which has poor performance.  Consider joining all columns at once using pd.concat(axis=1) instead. To get a de-fragmented frame, use `newframe = frame.copy()`
  dataframe[f"dc_hi_{n}"] = dataframe["high"].rolling(n).max().shift(1)
/freqtrade/user_data/strategies/TrendVolTarget.py:50: PerformanceWarning: DataFrame is highly fragmented.  This is usually the result of calling `frame.insert` many times, which has poor performance.  Consider joining all columns at once using pd.concat(axis=1) instead. To get a de-fragmented frame, use `newframe = frame.copy()`
  dataframe[f"dc_hi_{n}"] = dataframe["high"].rolling(n).max().shift(1)
/freqtrade/user_data/strategies/TrendVolTarget.py:50: PerformanceWarning: DataFrame is highly fragmented.  This is usually the result of calling `frame.insert` many times, which has poor performance.  Consider joining all columns at once using pd.concat(axis=1) instead. To get a de-fragmented frame, use `newframe = frame.copy()`
  dataframe[f"dc_hi_{n}"] = dataframe["high"].rolling(n).max().shift(1)
/freqtrade/user_data/strategies/TrendVolTarget.py:50: PerformanceWarning: DataFrame is highly fragmented.  This is usually the result of calling `frame.insert` many times, which has poor performance.  Consider joining all columns at once using pd.concat(axis=1) instead. To get a de-fragmented frame, use `newframe = frame.copy()`
  dataframe[f"dc_hi_{n}"] = dataframe["high"].rolling(n).max().shift(1)
/freqtrade/user_data/strategies/TrendVolTarget.py:50: PerformanceWarning: DataFrame is highly fragmented.  This is usually the result of calling `frame.insert` many times, which has poor performance.  Consider joining all columns at once using pd.concat(axis=1) instead. To get a de-fragmented frame, use `newframe = frame.copy()`
  dataframe[f"dc_hi_{n}"] = dataframe["high"].rolling(n).max().shift(1)
/freqtrade/user_data/strategies/TrendVolTarget.py:50: PerformanceWarning: DataFrame is highly fragmented.  This is usually the result of calling `frame.insert` many times, which has poor performance.  Consider joining all columns at once using pd.concat(axis=1) instead. To get a de-fragmented frame, use `newframe = frame.copy()`
  dataframe[f"dc_hi_{n}"] = dataframe["high"].rolling(n).max().shift(1)
/freqtrade/user_data/strategies/TrendVolTarget.py:50: PerformanceWarning: DataFrame is highly fragmented.  This is usually the result of calling `frame.insert` many times, which has poor performance.  Consider joining all columns at once using pd.concat(axis=1) instead. To get a de-fragmented frame, use `newframe = frame.copy()`
  dataframe[f"dc_hi_{n}"] = dataframe["high"].rolling(n).max().shift(1)
/freqtrade/user_data/strategies/TrendVolTarget.py:50: PerformanceWarning: DataFrame is highly fragmented.  This is usually the result of calling `frame.insert` many times, which has poor performance.  Consider joining all columns at once using pd.concat(axis=1) instead. To get a de-fragmented frame, use `newframe = frame.copy()`
  dataframe[f"dc_hi_{n}"] = dataframe["high"].rolling(n).max().shift(1)
/freqtrade/user_data/strategies/TrendVolTarget.py:50: PerformanceWarning: DataFrame is highly fragmented.  This is usually the result of calling `frame.insert` many times, which has poor performance.  Consider joining all columns at once using pd.concat(axis=1) instead. To get a de-fragmented frame, use `newframe = frame.copy()`
  dataframe[f"dc_hi_{n}"] = dataframe["high"].rolling(n).max().shift(1)
/freqtrade/user_data/strategies/TrendVolTarget.py:50: PerformanceWarning: DataFrame is highly fragmented.  This is usually the result of calling `frame.insert` many times, which has poor performance.  Consider joining all columns at once using pd.concat(axis=1) instead. To get a de-fragmented frame, use `newframe = frame.copy()`
  dataframe[f"dc_hi_{n}"] = dataframe["high"].rolling(n).max().shift(1)
/freqtrade/user_data/strategies/TrendVolTarget.py:50: PerformanceWarning: DataFrame is highly fragmented.  This is usually the result of calling `frame.insert` many times, which has poor performance.  Consider joining all columns at once using pd.concat(axis=1) instead. To get a de-fragmented frame, use `newframe = frame.copy()`
  dataframe[f"dc_hi_{n}"] = dataframe["high"].rolling(n).max().shift(1)
/freqtrade/user_data/strategies/TrendVolTarget.py:50: PerformanceWarning: DataFrame is highly fragmented.  This is usually the result of calling `frame.insert` many times, which has poor performance.  Consider joining all columns at once using pd.concat(axis=1) instead. To get a de-fragmented frame, use `newframe = frame.copy()`
  dataframe[f"dc_hi_{n}"] = dataframe["high"].rolling(n).max().shift(1)
/freqtrade/user_data/strategies/TrendVolTarget.py:50: PerformanceWarning: DataFrame is highly fragmented.  This is usually the result of calling `frame.insert` many times, which has poor performance.  Consider joining all columns at once using pd.concat(axis=1) instead. To get a de-fragmented frame, use `newframe = frame.copy()`
  dataframe[f"dc_hi_{n}"] = dataframe["high"].rolling(n).max().shift(1)
/freqtrade/user_data/strategies/TrendVolTarget.py:50: PerformanceWarning: DataFrame is highly fragmented.  This is usually the result of calling `frame.insert` many times, which has poor performance.  Consider joining all columns at once using pd.concat(axis=1) instead. To get a de-fragmented frame, use `newframe = frame.copy()`
  dataframe[f"dc_hi_{n}"] = dataframe["high"].rolling(n).max().shift(1)
/freqtrade/user_data/strategies/TrendVolTarget.py:50: PerformanceWarning: DataFrame is highly fragmented.  This is usually the result of calling `frame.insert` many times, which has poor performance.  Consider joining all columns at once using pd.concat(axis=1) instead. To get a de-fragmented frame, use `newframe = frame.copy()`
  dataframe[f"dc_hi_{n}"] = dataframe["high"].rolling(n).max().shift(1)
/freqtrade/user_data/strategies/TrendVolTarget.py:50: PerformanceWarning: DataFrame is highly fragmented.  This is usually the result of calling `frame.insert` many times, which has poor performance.  Consider joining all columns at once using pd.concat(axis=1) instead. To get a de-fragmented frame, use `newframe = frame.copy()`
  dataframe[f"dc_hi_{n}"] = dataframe["high"].rolling(n).max().shift(1)
/freqtrade/user_data/strategies/TrendVolTarget.py:50: PerformanceWarning: DataFrame is highly fragmented.  This is usually the result of calling `frame.insert` many times, which has poor performance.  Consider joining all columns at once using pd.concat(axis=1) instead. To get a de-fragmented frame, use `newframe = frame.copy()`
  dataframe[f"dc_hi_{n}"] = dataframe["high"].rolling(n).max().shift(1)
/freqtrade/user_data/strategies/TrendVolTarget.py:50: PerformanceWarning: DataFrame is highly fragmented.  This is usually the result of calling `frame.insert` many times, which has poor performance.  Consider joining all columns at once using pd.concat(axis=1) instead. To get a de-fragmented frame, use `newframe = frame.copy()`
  dataframe[f"dc_hi_{n}"] = dataframe["high"].rolling(n).max().shift(1)
/freqtrade/user_data/strategies/TrendVolTarget.py:50: PerformanceWarning: DataFrame is highly fragmented.  This is usually the result of calling `frame.insert` many times, which has poor performance.  Consider joining all columns at once using pd.concat(axis=1) instead. To get a de-fragmented frame, use `newframe = frame.copy()`
  dataframe[f"dc_hi_{n}"] = dataframe["high"].rolling(n).max().shift(1)
/freqtrade/user_data/strategies/TrendVolTarget.py:50: PerformanceWarning: DataFrame is highly fragmented.  This is usually the result of calling `frame.insert` many times, which has poor performance.  Consider joining all columns at once using pd.concat(axis=1) instead. To get a de-fragmented frame, use `newframe = frame.copy()`
  dataframe[f"dc_hi_{n}"] = dataframe["high"].rolling(n).max().shift(1)
/freqtrade/user_data/strategies/TrendVolTarget.py:50: PerformanceWarning: DataFrame is highly fragmented.  This is usually the result of calling `frame.insert` many times, which has poor performance.  Consider joining all columns at once using pd.concat(axis=1) instead. To get a de-fragmented frame, use `newframe = frame.copy()`
  dataframe[f"dc_hi_{n}"] = dataframe["high"].rolling(n).max().shift(1)
/freqtrade/user_data/strategies/TrendVolTarget.py:50: PerformanceWarning: DataFrame is highly fragmented.  This is usually the result of calling `frame.insert` many times, which has poor performance.  Consider joining all columns at once using pd.concat(axis=1) instead. To get a de-fragmented frame, use `newframe = frame.copy()`
  dataframe[f"dc_hi_{n}"] = dataframe["high"].rolling(n).max().shift(1)
/freqtrade/user_data/strategies/TrendVolTarget.py:50: PerformanceWarning: DataFrame is highly fragmented.  This is usually the result of calling `frame.insert` many times, which has poor performance.  Consider joining all columns at once using pd.concat(axis=1) instead. To get a de-fragmented frame, use `newframe = frame.copy()`
  dataframe[f"dc_hi_{n}"] = dataframe["high"].rolling(n).max().shift(1)
/freqtrade/user_data/strategies/TrendVolTarget.py:50: PerformanceWarning: DataFrame is highly fragmented.  This is usually the result of calling `frame.insert` many times, which has poor performance.  Consider joining all columns at once using pd.concat(axis=1) instead. To get a de-fragmented frame, use `newframe = frame.copy()`
  dataframe[f"dc_hi_{n}"] = dataframe["high"].rolling(n).max().shift(1)
/freqtrade/user_data/strategies/TrendVolTarget.py:50: PerformanceWarning: DataFrame is highly fragmented.  This is usually the result of calling `frame.insert` many times, which has poor performance.  Consider joining all columns at once using pd.concat(axis=1) instead. To get a de-fragmented frame, use `newframe = frame.copy()`
  dataframe[f"dc_hi_{n}"] = dataframe["high"].rolling(n).max().shift(1)
/freqtrade/user_data/strategies/TrendVolTarget.py:50: PerformanceWarning: DataFrame is highly fragmented.  This is usually the result of calling `frame.insert` many times, which has poor performance.  Consider joining all columns at once using pd.concat(axis=1) instead. To get a de-fragmented frame, use `newframe = frame.copy()`
  dataframe[f"dc_hi_{n}"] = dataframe["high"].rolling(n).max().shift(1)
/freqtrade/user_data/strategies/TrendVolTarget.py:50: PerformanceWarning: DataFrame is highly fragmented.  This is usually the result of calling `frame.insert` many times, which has poor performance.  Consider joining all columns at once using pd.concat(axis=1) instead. To get a de-fragmented frame, use `newframe = frame.copy()`
  dataframe[f"dc_hi_{n}"] = dataframe["high"].rolling(n).max().shift(1)
/freqtrade/user_data/strategies/TrendVolTarget.py:50: PerformanceWarning: DataFrame is highly fragmented.  This is usually the result of calling `frame.insert` many times, which has poor performance.  Consider joining all columns at once using pd.concat(axis=1) instead. To get a de-fragmented frame, use `newframe = frame.copy()`
  dataframe[f"dc_hi_{n}"] = dataframe["high"].rolling(n).max().shift(1)
/freqtrade/user_data/strategies/TrendVolTarget.py:50: PerformanceWarning: DataFrame is highly fragmented.  This is usually the result of calling `frame.insert` many times, which has poor performance.  Consider joining all columns at once using pd.concat(axis=1) instead. To get a de-fragmented frame, use `newframe = frame.copy()`
  dataframe[f"dc_hi_{n}"] = dataframe["high"].rolling(n).max().shift(1)
/freqtrade/user_data/strategies/TrendVolTarget.py:50: PerformanceWarning: DataFrame is highly fragmented.  This is usually the result of calling `frame.insert` many times, which has poor performance.  Consider joining all columns at once using pd.concat(axis=1) instead. To get a de-fragmented frame, use `newframe = frame.copy()`
  dataframe[f"dc_hi_{n}"] = dataframe["high"].rolling(n).max().shift(1)
/freqtrade/user_data/strategies/TrendVolTarget.py:50: PerformanceWarning: DataFrame is highly fragmented.  This is usually the result of calling `frame.insert` many times, which has poor performance.  Consider joining all columns at once using pd.concat(axis=1) instead. To get a de-fragmented frame, use `newframe = frame.copy()`
  dataframe[f"dc_hi_{n}"] = dataframe["high"].rolling(n).max().shift(1)
/freqtrade/user_data/strategies/TrendVolTarget.py:50: PerformanceWarning: DataFrame is highly fragmented.  This is usually the result of calling `frame.insert` many times, which has poor performance.  Consider joining all columns at once using pd.concat(axis=1) instead. To get a de-fragmented frame, use `newframe = frame.copy()`
  dataframe[f"dc_hi_{n}"] = dataframe["high"].rolling(n).max().shift(1)
/freqtrade/user_data/strategies/TrendVolTarget.py:50: PerformanceWarning: DataFrame is highly fragmented.  This is usually the result of calling `frame.insert` many times, which has poor performance.  Consider joining all columns at once using pd.concat(axis=1) instead. To get a de-fragmented frame, use `newframe = frame.copy()`
  dataframe[f"dc_hi_{n}"] = dataframe["high"].rolling(n).max().shift(1)
/freqtrade/user_data/strategies/TrendVolTarget.py:50: PerformanceWarning: DataFrame is highly fragmented.  This is usually the result of calling `frame.insert` many times, which has poor performance.  Consider joining all columns at once using pd.concat(axis=1) instead. To get a de-fragmented frame, use `newframe = frame.copy()`
  dataframe[f"dc_hi_{n}"] = dataframe["high"].rolling(n).max().shift(1)
/freqtrade/user_data/strategies/TrendVolTarget.py:50: PerformanceWarning: DataFrame is highly fragmented.  This is usually the result of calling `frame.insert` many times, which has poor performance.  Consider joining all columns at once using pd.concat(axis=1) instead. To get a de-fragmented frame, use `newframe = frame.copy()`
  dataframe[f"dc_hi_{n}"] = dataframe["high"].rolling(n).max().shift(1)
/freqtrade/user_data/strategies/TrendVolTarget.py:50: PerformanceWarning: DataFrame is highly fragmented.  This is usually the result of calling `frame.insert` many times, which has poor performance.  Consider joining all columns at once using pd.concat(axis=1) instead. To get a de-fragmented frame, use `newframe = frame.copy()`
  dataframe[f"dc_hi_{n}"] = dataframe["high"].rolling(n).max().shift(1)
/freqtrade/user_data/strategies/TrendVolTarget.py:50: PerformanceWarning: DataFrame is highly fragmented.  This is usually the result of calling `frame.insert` many times, which has poor performance.  Consider joining all columns at once using pd.concat(axis=1) instead. To get a de-fragmented frame, use `newframe = frame.copy()`
  dataframe[f"dc_hi_{n}"] = dataframe["high"].rolling(n).max().shift(1)
/freqtrade/user_data/strategies/TrendVolTarget.py:50: PerformanceWarning: DataFrame is highly fragmented.  This is usually the result of calling `frame.insert` many times, which has poor performance.  Consider joining all columns at once using pd.concat(axis=1) instead. To get a de-fragmented frame, use `newframe = frame.copy()`
  dataframe[f"dc_hi_{n}"] = dataframe["high"].rolling(n).max().shift(1)
/freqtrade/user_data/strategies/TrendVolTarget.py:50: PerformanceWarning: DataFrame is highly fragmented.  This is usually the result of calling `frame.insert` many times, which has poor performance.  Consider joining all columns at once using pd.concat(axis=1) instead. To get a de-fragmented frame, use `newframe = frame.copy()`
  dataframe[f"dc_hi_{n}"] = dataframe["high"].rolling(n).max().shift(1)
/freqtrade/user_data/strategies/TrendVolTarget.py:50: PerformanceWarning: DataFrame is highly fragmented.  This is usually the result of calling `frame.insert` many times, which has poor performance.  Consider joining all columns at once using pd.concat(axis=1) instead. To get a de-fragmented frame, use `newframe = frame.copy()`
  dataframe[f"dc_hi_{n}"] = dataframe["high"].rolling(n).max().shift(1)
/freqtrade/user_data/strategies/TrendVolTarget.py:50: PerformanceWarning: DataFrame is highly fragmented.  This is usually the result of calling `frame.insert` many times, which has poor performance.  Consider joining all columns at once using pd.concat(axis=1) instead. To get a de-fragmented frame, use `newframe = frame.copy()`
  dataframe[f"dc_hi_{n}"] = dataframe["high"].rolling(n).max().shift(1)
/freqtrade/user_data/strategies/TrendVolTarget.py:50: PerformanceWarning: DataFrame is highly fragmented.  This is usually the result of calling `frame.insert` many times, which has poor performance.  Consider joining all columns at once using pd.concat(axis=1) instead. To get a de-fragmented frame, use `newframe = frame.copy()`
  dataframe[f"dc_hi_{n}"] = dataframe["high"].rolling(n).max().shift(1)
/freqtrade/user_data/strategies/TrendVolTarget.py:50: PerformanceWarning: DataFrame is highly fragmented.  This is usually the result of calling `frame.insert` many times, which has poor performance.  Consider joining all columns at once using pd.concat(axis=1) instead. To get a de-fragmented frame, use `newframe = frame.copy()`
  dataframe[f"dc_hi_{n}"] = dataframe["high"].rolling(n).max().shift(1)
/freqtrade/user_data/strategies/TrendVolTarget.py:50: PerformanceWarning: DataFrame is highly fragmented.  This is usually the result of calling `frame.insert` many times, which has poor performance.  Consider joining all columns at once using pd.concat(axis=1) instead. To get a de-fragmented frame, use `newframe = frame.copy()`
  dataframe[f"dc_hi_{n}"] = dataframe["high"].rolling(n).max().shift(1)
/freqtrade/user_data/strategies/TrendVolTarget.py:50: PerformanceWarning: DataFrame is highly fragmented.  This is usually the result of calling `frame.insert` many times, which has poor performance.  Consider joining all columns at once using pd.concat(axis=1) instead. To get a de-fragmented frame, use `newframe = frame.copy()`
  dataframe[f"dc_hi_{n}"] = dataframe["high"].rolling(n).max().shift(1)
/freqtrade/user_data/strategies/TrendVolTarget.py:50: PerformanceWarning: DataFrame is highly fragmented.  This is usually the result of calling `frame.insert` many times, which has poor performance.  Consider joining all columns at once using pd.concat(axis=1) instead. To get a de-fragmented frame, use `newframe = frame.copy()`
  dataframe[f"dc_hi_{n}"] = dataframe["high"].rolling(n).max().shift(1)
/freqtrade/user_data/strategies/TrendVolTarget.py:50: PerformanceWarning: DataFrame is highly fragmented.  This is usually the result of calling `frame.insert` many times, which has poor performance.  Consider joining all columns at once using pd.concat(axis=1) instead. To get a de-fragmented frame, use `newframe = frame.copy()`
  dataframe[f"dc_hi_{n}"] = dataframe["high"].rolling(n).max().shift(1)
/freqtrade/user_data/strategies/TrendVolTarget.py:50: PerformanceWarning: DataFrame is highly fragmented.  This is usually the result of calling `frame.insert` many times, which has poor performance.  Consider joining all columns at once using pd.concat(axis=1) instead. To get a de-fragmented frame, use `newframe = frame.copy()`
  dataframe[f"dc_hi_{n}"] = dataframe["high"].rolling(n).max().shift(1)
/freqtrade/user_data/strategies/TrendVolTarget.py:50: PerformanceWarning: DataFrame is highly fragmented.  This is usually the result of calling `frame.insert` many times, which has poor performance.  Consider joining all columns at once using pd.concat(axis=1) instead. To get a de-fragmented frame, use `newframe = frame.copy()`
  dataframe[f"dc_hi_{n}"] = dataframe["high"].rolling(n).max().shift(1)
/freqtrade/user_data/strategies/TrendVolTarget.py:50: PerformanceWarning: DataFrame is highly fragmented.  This is usually the result of calling `frame.insert` many times, which has poor performance.  Consider joining all columns at once using pd.concat(axis=1) instead. To get a de-fragmented frame, use `newframe = frame.copy()`
  dataframe[f"dc_hi_{n}"] = dataframe["high"].rolling(n).max().shift(1)
/freqtrade/user_data/strategies/TrendVolTarget.py:50: PerformanceWarning: DataFrame is highly fragmented.  This is usually the result of calling `frame.insert` many times, which has poor performance.  Consider joining all columns at once using pd.concat(axis=1) instead. To get a de-fragmented frame, use `newframe = frame.copy()`
  dataframe[f"dc_hi_{n}"] = dataframe["high"].rolling(n).max().shift(1)
/freqtrade/user_data/strategies/TrendVolTarget.py:50: PerformanceWarning: DataFrame is highly fragmented.  This is usually the result of calling `frame.insert` many times, which has poor performance.  Consider joining all columns at once using pd.concat(axis=1) instead. To get a de-fragmented frame, use `newframe = frame.copy()`
  dataframe[f"dc_hi_{n}"] = dataframe["high"].rolling(n).max().shift(1)
/freqtrade/user_data/strategies/TrendVolTarget.py:50: PerformanceWarning: DataFrame is highly fragmented.  This is usually the result of calling `frame.insert` many times, which has poor performance.  Consider joining all columns at once using pd.concat(axis=1) instead. To get a de-fragmented frame, use `newframe = frame.copy()`
  dataframe[f"dc_hi_{n}"] = dataframe["high"].rolling(n).max().shift(1)
/freqtrade/user_data/strategies/TrendVolTarget.py:50: PerformanceWarning: DataFrame is highly fragmented.  This is usually the result of calling `frame.insert` many times, which has poor performance.  Consider joining all columns at once using pd.concat(axis=1) instead. To get a de-fragmented frame, use `newframe = frame.copy()`
  dataframe[f"dc_hi_{n}"] = dataframe["high"].rolling(n).max().shift(1)
/freqtrade/user_data/strategies/TrendVolTarget.py:50: PerformanceWarning: DataFrame is highly fragmented.  This is usually the result of calling `frame.insert` many times, which has poor performance.  Consider joining all columns at once using pd.concat(axis=1) instead. To get a de-fragmented frame, use `newframe = frame.copy()`
  dataframe[f"dc_hi_{n}"] = dataframe["high"].rolling(n).max().shift(1)
/freqtrade/user_data/strategies/TrendVolTarget.py:50: PerformanceWarning: DataFrame is highly fragmented.  This is usually the result of calling `frame.insert` many times, which has poor performance.  Consider joining all columns at once using pd.concat(axis=1) instead. To get a de-fragmented frame, use `newframe = frame.copy()`
  dataframe[f"dc_hi_{n}"] = dataframe["high"].rolling(n).max().shift(1)
/freqtrade/user_data/strategies/TrendVolTarget.py:50: PerformanceWarning: DataFrame is highly fragmented.  This is usually the result of calling `frame.insert` many times, which has poor performance.  Consider joining all columns at once using pd.concat(axis=1) instead. To get a de-fragmented frame, use `newframe = frame.copy()`
  dataframe[f"dc_hi_{n}"] = dataframe["high"].rolling(n).max().shift(1)
/freqtrade/user_data/strategies/TrendVolTarget.py:50: PerformanceWarning: DataFrame is highly fragmented.  This is usually the result of calling `frame.insert` many times, which has poor performance.  Consider joining all columns at once using pd.concat(axis=1) instead. To get a de-fragmented frame, use `newframe = frame.copy()`
  dataframe[f"dc_hi_{n}"] = dataframe["high"].rolling(n).max().shift(1)
/freqtrade/user_data/strategies/TrendVolTarget.py:50: PerformanceWarning: DataFrame is highly fragmented.  This is usually the result of calling `frame.insert` many times, which has poor performance.  Consider joining all columns at once using pd.concat(axis=1) instead. To get a de-fragmented frame, use `newframe = frame.copy()`
  dataframe[f"dc_hi_{n}"] = dataframe["high"].rolling(n).max().shift(1)
/freqtrade/user_data/strategies/TrendVolTarget.py:50: PerformanceWarning: DataFrame is highly fragmented.  This is usually the result of calling `frame.insert` many times, which has poor performance.  Consider joining all columns at once using pd.concat(axis=1) instead. To get a de-fragmented frame, use `newframe = frame.copy()`
  dataframe[f"dc_hi_{n}"] = dataframe["high"].rolling(n).max().shift(1)
/freqtrade/user_data/strategies/TrendVolTarget.py:50: PerformanceWarning: DataFrame is highly fragmented.  This is usually the result of calling `frame.insert` many times, which has poor performance.  Consider joining all columns at once using pd.concat(axis=1) instead. To get a de-fragmented frame, use `newframe = frame.copy()`
  dataframe[f"dc_hi_{n}"] = dataframe["high"].rolling(n).max().shift(1)
/freqtrade/user_data/strategies/TrendVolTarget.py:50: PerformanceWarning: DataFrame is highly fragmented.  This is usually the result of calling `frame.insert` many times, which has poor performance.  Consider joining all columns at once using pd.concat(axis=1) instead. To get a de-fragmented frame, use `newframe = frame.copy()`
  dataframe[f"dc_hi_{n}"] = dataframe["high"].rolling(n).max().shift(1)
/freqtrade/user_data/strategies/TrendVolTarget.py:50: PerformanceWarning: DataFrame is highly fragmented.  This is usually the result of calling `frame.insert` many times, which has poor performance.  Consider joining all columns at once using pd.concat(axis=1) instead. To get a de-fragmented frame, use `newframe = frame.copy()`
  dataframe[f"dc_hi_{n}"] = dataframe["high"].rolling(n).max().shift(1)
/freqtrade/user_data/strategies/TrendVolTarget.py:53: PerformanceWarning: DataFrame is highly fragmented.  This is usually the result of calling `frame.insert` many times, which has poor performance.  Consider joining all columns at once using pd.concat(axis=1) instead. To get a de-fragmented frame, use `newframe = frame.copy()`
  dataframe["sma_f"] = ta.SMA(dataframe, timeperiod=60)
/freqtrade/user_data/strategies/TrendVolTarget.py:54: PerformanceWarning: DataFrame is highly fragmented.  This is usually the result of calling `frame.insert` many times, which has poor performance.  Consider joining all columns at once using pd.concat(axis=1) instead. To get a de-fragmented frame, use `newframe = frame.copy()`
  dataframe["sma_s"] = ta.SMA(dataframe, timeperiod=240)
/freqtrade/user_data/strategies/TrendVolTarget.py:56: PerformanceWarning: DataFrame is highly fragmented.  This is usually the result of calling `frame.insert` many times, which has poor performance.  Consider joining all columns at once using pd.concat(axis=1) instead. To get a de-fragmented frame, use `newframe = frame.copy()`
  dataframe["rvol"] = dataframe["close"].pct_change().rolling(90).std() * np.sqrt(6 * 365)
/freqtrade/user_data/strategies/TrendVolTarget.py:50: PerformanceWarning: DataFrame is highly fragmented.  This is usually the result of calling `frame.insert` many times, which has poor performance.  Consider joining all columns at once using pd.concat(axis=1) instead. To get a de-fragmented frame, use `newframe = frame.copy()`
  dataframe[f"dc_hi_{n}"] = dataframe["high"].rolling(n).max().shift(1)
/freqtrade/user_data/strategies/TrendVolTarget.py:50: PerformanceWarning: DataFrame is highly fragmented.  This is usually the result of calling `frame.insert` many times, which has poor performance.  Consider joining all columns at once using pd.concat(axis=1) instead. To get a de-fragmented frame, use `newframe = frame.copy()`
  dataframe[f"dc_hi_{n}"] = dataframe["high"].rolling(n).max().shift(1)
/freqtrade/user_data/strategies/TrendVolTarget.py:50: PerformanceWarning: DataFrame is highly fragmented.  This is usually the result of calling `frame.insert` many times, which has poor performance.  Consider joining all columns at once using pd.concat(axis=1) instead. To get a de-fragmented frame, use `newframe = frame.copy()`
  dataframe[f"dc_hi_{n}"] = dataframe["high"].rolling(n).max().shift(1)
/freqtrade/user_data/strategies/TrendVolTarget.py:50: PerformanceWarning: DataFrame is highly fragmented.  This is usually the result of calling `frame.insert` many times, which has poor performance.  Consider joining all columns at once using pd.concat(axis=1) instead. To get a de-fragmented frame, use `newframe = frame.copy()`
  dataframe[f"dc_hi_{n}"] = dataframe["high"].rolling(n).max().shift(1)
/freqtrade/user_data/strategies/TrendVolTarget.py:50: PerformanceWarning: DataFrame is highly fragmented.  This is usually the result of calling `frame.insert` many times, which has poor performance.  Consider joining all columns at once using pd.concat(axis=1) instead. To get a de-fragmented frame, use `newframe = frame.copy()`
  dataframe[f"dc_hi_{n}"] = dataframe["high"].rolling(n).max().shift(1)
/freqtrade/user_data/strategies/TrendVolTarget.py:50: PerformanceWarning: DataFrame is highly fragmented.  This is usually the result of calling `frame.insert` many times, which has poor performance.  Consider joining all columns at once using pd.concat(axis=1) instead. To get a de-fragmented frame, use `newframe = frame.copy()`
  dataframe[f"dc_hi_{n}"] = dataframe["high"].rolling(n).max().shift(1)
/freqtrade/user_data/strategies/TrendVolTarget.py:50: PerformanceWarning: DataFrame is highly fragmented.  This is usually the result of calling `frame.insert` many times, which has poor performance.  Consider joining all columns at once using pd.concat(axis=1) instead. To get a de-fragmented frame, use `newframe = frame.copy()`
  dataframe[f"dc_hi_{n}"] = dataframe["high"].rolling(n).max().shift(1)
/freqtrade/user_data/strategies/TrendVolTarget.py:50: PerformanceWarning: DataFrame is highly fragmented.  This is usually the result of calling `frame.insert` many times, which has poor performance.  Consider joining all columns at once using pd.concat(axis=1) instead. To get a de-fragmented frame, use `newframe = frame.copy()`
  dataframe[f"dc_hi_{n}"] = dataframe["high"].rolling(n).max().shift(1)
/freqtrade/user_data/strategies/TrendVolTarget.py:50: PerformanceWarning: DataFrame is highly fragmented.  This is usually the result of calling `frame.insert` many times, which has poor performance.  Consider joining all columns at once using pd.concat(axis=1) instead. To get a de-fragmented frame, use `newframe = frame.copy()`
  dataframe[f"dc_hi_{n}"] = dataframe["high"].rolling(n).max().shift(1)
/freqtrade/user_data/strategies/TrendVolTarget.py:50: PerformanceWarning: DataFrame is highly fragmented.  This is usually the result of calling `frame.insert` many times, which has poor performance.  Consider joining all columns at once using pd.concat(axis=1) instead. To get a de-fragmented frame, use `newframe = frame.copy()`
  dataframe[f"dc_hi_{n}"] = dataframe["high"].rolling(n).max().shift(1)
/freqtrade/user_data/strategies/TrendVolTarget.py:50: PerformanceWarning: DataFrame is highly fragmented.  This is usually the result of calling `frame.insert` many times, which has poor performance.  Consider joining all columns at once using pd.concat(axis=1) instead. To get a de-fragmented frame, use `newframe = frame.copy()`
  dataframe[f"dc_hi_{n}"] = dataframe["high"].rolling(n).max().shift(1)
/freqtrade/user_data/strategies/TrendVolTarget.py:50: PerformanceWarning: DataFrame is highly fragmented.  This is usually the result of calling `frame.insert` many times, which has poor performance.  Consider joining all columns at once using pd.concat(axis=1) instead. To get a de-fragmented frame, use `newframe = frame.copy()`
  dataframe[f"dc_hi_{n}"] = dataframe["high"].rolling(n).max().shift(1)
/freqtrade/user_data/strategies/TrendVolTarget.py:50: PerformanceWarning: DataFrame is highly fragmented.  This is usually the result of calling `frame.insert` many times, which has poor performance.  Consider joining all columns at once using pd.concat(axis=1) instead. To get a de-fragmented frame, use `newframe = frame.copy()`
  dataframe[f"dc_hi_{n}"] = dataframe["high"].rolling(n).max().shift(1)
/freqtrade/user_data/strategies/TrendVolTarget.py:50: PerformanceWarning: DataFrame is highly fragmented.  This is usually the result of calling `frame.insert` many times, which has poor performance.  Consider joining all columns at once using pd.concat(axis=1) instead. To get a de-fragmented frame, use `newframe = frame.copy()`
  dataframe[f"dc_hi_{n}"] = dataframe["high"].rolling(n).max().shift(1)
/freqtrade/user_data/strategies/TrendVolTarget.py:50: PerformanceWarning: DataFrame is highly fragmented.  This is usually the result of calling `frame.insert` many times, which has poor performance.  Consider joining all columns at once using pd.concat(axis=1) instead. To get a de-fragmented frame, use `newframe = frame.copy()`
  dataframe[f"dc_hi_{n}"] = dataframe["high"].rolling(n).max().shift(1)
/freqtrade/user_data/strategies/TrendVolTarget.py:50: PerformanceWarning: DataFrame is highly fragmented.  This is usually the result of calling `frame.insert` many times, which has poor performance.  Consider joining all columns at once using pd.concat(axis=1) instead. To get a de-fragmented frame, use `newframe = frame.copy()`
  dataframe[f"dc_hi_{n}"] = dataframe["high"].rolling(n).max().shift(1)
/freqtrade/user_data/strategies/TrendVolTarget.py:50: PerformanceWarning: DataFrame is highly fragmented.  This is usually the result of calling `frame.insert` many times, which has poor performance.  Consider joining all columns at once using pd.concat(axis=1) instead. To get a de-fragmented frame, use `newframe = frame.copy()`
  dataframe[f"dc_hi_{n}"] = dataframe["high"].rolling(n).max().shift(1)
/freqtrade/user_data/strategies/TrendVolTarget.py:50: PerformanceWarning: DataFrame is highly fragmented.  This is usually the result of calling `frame.insert` many times, which has poor performance.  Consider joining all columns at once using pd.concat(axis=1) instead. To get a de-fragmented frame, use `newframe = frame.copy()`
  dataframe[f"dc_hi_{n}"] = dataframe["high"].rolling(n).max().shift(1)
/freqtrade/user_data/strategies/TrendVolTarget.py:50: PerformanceWarning: DataFrame is highly fragmented.  This is usually the result of calling `frame.insert` many times, which has poor performance.  Consider joining all columns at once using pd.concat(axis=1) instead. To get a de-fragmented frame, use `newframe = frame.copy()`
  dataframe[f"dc_hi_{n}"] = dataframe["high"].rolling(n).max().shift(1)
/freqtrade/user_data/strategies/TrendVolTarget.py:50: PerformanceWarning: DataFrame is highly fragmented.  This is usually the result of calling `frame.insert` many times, which has poor performance.  Consider joining all columns at once using pd.concat(axis=1) instead. To get a de-fragmented frame, use `newframe = frame.copy()`
  dataframe[f"dc_hi_{n}"] = dataframe["high"].rolling(n).max().shift(1)
/freqtrade/user_data/strategies/TrendVolTarget.py:50: PerformanceWarning: DataFrame is highly fragmented.  This is usually the result of calling `frame.insert` many times, which has poor performance.  Consider joining all columns at once using pd.concat(axis=1) instead. To get a de-fragmented frame, use `newframe = frame.copy()`
  dataframe[f"dc_hi_{n}"] = dataframe["high"].rolling(n).max().shift(1)
/freqtrade/user_data/strategies/TrendVolTarget.py:50: PerformanceWarning: DataFrame is highly fragmented.  This is usually the result of calling `frame.insert` many times, which has poor performance.  Consider joining all columns at once using pd.concat(axis=1) instead. To get a de-fragmented frame, use `newframe = frame.copy()`
  dataframe[f"dc_hi_{n}"] = dataframe["high"].rolling(n).max().shift(1)
/freqtrade/user_data/strategies/TrendVolTarget.py:50: PerformanceWarning: DataFrame is highly fragmented.  This is usually the result of calling `frame.insert` many times, which has poor performance.  Consider joining all columns at once using pd.concat(axis=1) instead. To get a de-fragmented frame, use `newframe = frame.copy()`
  dataframe[f"dc_hi_{n}"] = dataframe["high"].rolling(n).max().shift(1)
/freqtrade/user_data/strategies/TrendVolTarget.py:50: PerformanceWarning: DataFrame is highly fragmented.  This is usually the result of calling `frame.insert` many times, which has poor performance.  Consider joining all columns at once using pd.concat(axis=1) instead. To get a de-fragmented frame, use `newframe = frame.copy()`
  dataframe[f"dc_hi_{n}"] = dataframe["high"].rolling(n).max().shift(1)
/freqtrade/user_data/strategies/TrendVolTarget.py:50: PerformanceWarning: DataFrame is highly fragmented.  This is usually the result of calling `frame.insert` many times, which has poor performance.  Consider joining all columns at once using pd.concat(axis=1) instead. To get a de-fragmented frame, use `newframe = frame.copy()`
  dataframe[f"dc_hi_{n}"] = dataframe["high"].rolling(n).max().shift(1)
/freqtrade/user_data/strategies/TrendVolTarget.py:50: PerformanceWarning: DataFrame is highly fragmented.  This is usually the result of calling `frame.insert` many times, which has poor performance.  Consider joining all columns at once using pd.concat(axis=1) instead. To get a de-fragmented frame, use `newframe = frame.copy()`
  dataframe[f"dc_hi_{n}"] = dataframe["high"].rolling(n).max().shift(1)
/freqtrade/user_data/strategies/TrendVolTarget.py:50: PerformanceWarning: DataFrame is highly fragmented.  This is usually the result of calling `frame.insert` many times, which has poor performance.  Consider joining all columns at once using pd.concat(axis=1) instead. To get a de-fragmented frame, use `newframe = frame.copy()`
  dataframe[f"dc_hi_{n}"] = dataframe["high"].rolling(n).max().shift(1)
/freqtrade/user_data/strategies/TrendVolTarget.py:50: PerformanceWarning: DataFrame is highly fragmented.  This is usually the result of calling `frame.insert` many times, which has poor performance.  Consider joining all columns at once using pd.concat(axis=1) instead. To get a de-fragmented frame, use `newframe = frame.copy()`
  dataframe[f"dc_hi_{n}"] = dataframe["high"].rolling(n).max().shift(1)
/freqtrade/user_data/strategies/TrendVolTarget.py:50: PerformanceWarning: DataFrame is highly fragmented.  This is usually the result of calling `frame.insert` many times, which has poor performance.  Consider joining all columns at once using pd.concat(axis=1) instead. To get a de-fragmented frame, use `newframe = frame.copy()`
  dataframe[f"dc_hi_{n}"] = dataframe["high"].rolling(n).max().shift(1)
/freqtrade/user_data/strategies/TrendVolTarget.py:50: PerformanceWarning: DataFrame is highly fragmented.  This is usually the result of calling `frame.insert` many times, which has poor performance.  Consider joining all columns at once using pd.concat(axis=1) instead. To get a de-fragmented frame, use `newframe = frame.copy()`
  dataframe[f"dc_hi_{n}"] = dataframe["high"].rolling(n).max().shift(1)
/freqtrade/user_data/strategies/TrendVolTarget.py:50: PerformanceWarning: DataFrame is highly fragmented.  This is usually the result of calling `frame.insert` many times, which has poor performance.  Consider joining all columns at once using pd.concat(axis=1) instead. To get a de-fragmented frame, use `newframe = frame.copy()`
  dataframe[f"dc_hi_{n}"] = dataframe["high"].rolling(n).max().shift(1)
/freqtrade/user_data/strategies/TrendVolTarget.py:50: PerformanceWarning: DataFrame is highly fragmented.  This is usually the result of calling `frame.insert` many times, which has poor performance.  Consider joining all columns at once using pd.concat(axis=1) instead. To get a de-fragmented frame, use `newframe = frame.copy()`
  dataframe[f"dc_hi_{n}"] = dataframe["high"].rolling(n).max().shift(1)
/freqtrade/user_data/strategies/TrendVolTarget.py:50: PerformanceWarning: DataFrame is highly fragmented.  This is usually the result of calling `frame.insert` many times, which has poor performance.  Consider joining all columns at once using pd.concat(axis=1) instead. To get a de-fragmented frame, use `newframe = frame.copy()`
  dataframe[f"dc_hi_{n}"] = dataframe["high"].rolling(n).max().shift(1)
/freqtrade/user_data/strategies/TrendVolTarget.py:50: PerformanceWarning: DataFrame is highly fragmented.  This is usually the result of calling `frame.insert` many times, which has poor performance.  Consider joining all columns at once using pd.concat(axis=1) instead. To get a de-fragmented frame, use `newframe = frame.copy()`
  dataframe[f"dc_hi_{n}"] = dataframe["high"].rolling(n).max().shift(1)
/freqtrade/user_data/strategies/TrendVolTarget.py:50: PerformanceWarning: DataFrame is highly fragmented.  This is usually the result of calling `frame.insert` many times, which has poor performance.  Consider joining all columns at once using pd.concat(axis=1) instead. To get a de-fragmented frame, use `newframe = frame.copy()`
  dataframe[f"dc_hi_{n}"] = dataframe["high"].rolling(n).max().shift(1)
/freqtrade/user_data/strategies/TrendVolTarget.py:50: PerformanceWarning: DataFrame is highly fragmented.  This is usually the result of calling `frame.insert` many times, which has poor performance.  Consider joining all columns at once using pd.concat(axis=1) instead. To get a de-fragmented frame, use `newframe = frame.copy()`
  dataframe[f"dc_hi_{n}"] = dataframe["high"].rolling(n).max().shift(1)
/freqtrade/user_data/strategies/TrendVolTarget.py:50: PerformanceWarning: DataFrame is highly fragmented.  This is usually the result of calling `frame.insert` many times, which has poor performance.  Consider joining all columns at once using pd.concat(axis=1) instead. To get a de-fragmented frame, use `newframe = frame.copy()`
  dataframe[f"dc_hi_{n}"] = dataframe["high"].rolling(n).max().shift(1)
/freqtrade/user_data/strategies/TrendVolTarget.py:50: PerformanceWarning: DataFrame is highly fragmented.  This is usually the result of calling `frame.insert` many times, which has poor performance.  Consider joining all columns at once using pd.concat(axis=1) instead. To get a de-fragmented frame, use `newframe = frame.copy()`
  dataframe[f"dc_hi_{n}"] = dataframe["high"].rolling(n).max().shift(1)
/freqtrade/user_data/strategies/TrendVolTarget.py:50: PerformanceWarning: DataFrame is highly fragmented.  This is usually the result of calling `frame.insert` many times, which has poor performance.  Consider joining all columns at once using pd.concat(axis=1) instead. To get a de-fragmented frame, use `newframe = frame.copy()`
  dataframe[f"dc_hi_{n}"] = dataframe["high"].rolling(n).max().shift(1)
/freqtrade/user_data/strategies/TrendVolTarget.py:50: PerformanceWarning: DataFrame is highly fragmented.  This is usually the result of calling `frame.insert` many times, which has poor performance.  Consider joining all columns at once using pd.concat(axis=1) instead. To get a de-fragmented frame, use `newframe = frame.copy()`
  dataframe[f"dc_hi_{n}"] = dataframe["high"].rolling(n).max().shift(1)
/freqtrade/user_data/strategies/TrendVolTarget.py:50: PerformanceWarning: DataFrame is highly fragmented.  This is usually the result of calling `frame.insert` many times, which has poor performance.  Consider joining all columns at once using pd.concat(axis=1) instead. To get a de-fragmented frame, use `newframe = frame.copy()`
  dataframe[f"dc_hi_{n}"] = dataframe["high"].rolling(n).max().shift(1)
/freqtrade/user_data/strategies/TrendVolTarget.py:50: PerformanceWarning: DataFrame is highly fragmented.  This is usually the result of calling `frame.insert` many times, which has poor performance.  Consider joining all columns at once using pd.concat(axis=1) instead. To get a de-fragmented frame, use `newframe = frame.copy()`
  dataframe[f"dc_hi_{n}"] = dataframe["high"].rolling(n).max().shift(1)
/freqtrade/user_data/strategies/TrendVolTarget.py:50: PerformanceWarning: DataFrame is highly fragmented.  This is usually the result of calling `frame.insert` many times, which has poor performance.  Consider joining all columns at once using pd.concat(axis=1) instead. To get a de-fragmented frame, use `newframe = frame.copy()`
  dataframe[f"dc_hi_{n}"] = dataframe["high"].rolling(n).max().shift(1)
/freqtrade/user_data/strategies/TrendVolTarget.py:50: PerformanceWarning: DataFrame is highly fragmented.  This is usually the result of calling `frame.insert` many times, which has poor performance.  Consider joining all columns at once using pd.concat(axis=1) instead. To get a de-fragmented frame, use `newframe = frame.copy()`
  dataframe[f"dc_hi_{n}"] = dataframe["high"].rolling(n).max().shift(1)
/freqtrade/user_data/strategies/TrendVolTarget.py:50: PerformanceWarning: DataFrame is highly fragmented.  This is usually the result of calling `frame.insert` many times, which has poor performance.  Consider joining all columns at once using pd.concat(axis=1) instead. To get a de-fragmented frame, use `newframe = frame.copy()`
  dataframe[f"dc_hi_{n}"] = dataframe["high"].rolling(n).max().shift(1)
/freqtrade/user_data/strategies/TrendVolTarget.py:50: PerformanceWarning: DataFrame is highly fragmented.  This is usually the result of calling `frame.insert` many times, which has poor performance.  Consider joining all columns at once using pd.concat(axis=1) instead. To get a de-fragmented frame, use `newframe = frame.copy()`
  dataframe[f"dc_hi_{n}"] = dataframe["high"].rolling(n).max().shift(1)
/freqtrade/user_data/strategies/TrendVolTarget.py:50: PerformanceWarning: DataFrame is highly fragmented.  This is usually the result of calling `frame.insert` many times, which has poor performance.  Consider joining all columns at once using pd.concat(axis=1) instead. To get a de-fragmented frame, use `newframe = frame.copy()`
  dataframe[f"dc_hi_{n}"] = dataframe["high"].rolling(n).max().shift(1)
/freqtrade/user_data/strategies/TrendVolTarget.py:50: PerformanceWarning: DataFrame is highly fragmented.  This is usually the result of calling `frame.insert` many times, which has poor performance.  Consider joining all columns at once using pd.concat(axis=1) instead. To get a de-fragmented frame, use `newframe = frame.copy()`
  dataframe[f"dc_hi_{n}"] = dataframe["high"].rolling(n).max().shift(1)
/freqtrade/user_data/strategies/TrendVolTarget.py:50: PerformanceWarning: DataFrame is highly fragmented.  This is usually the result of calling `frame.insert` many times, which has poor performance.  Consider joining all columns at once using pd.concat(axis=1) instead. To get a de-fragmented frame, use `newframe = frame.copy()`
  dataframe[f"dc_hi_{n}"] = dataframe["high"].rolling(n).max().shift(1)
/freqtrade/user_data/strategies/TrendVolTarget.py:50: PerformanceWarning: DataFrame is highly fragmented.  This is usually the result of calling `frame.insert` many times, which has poor performance.  Consider joining all columns at once using pd.concat(axis=1) instead. To get a de-fragmented frame, use `newframe = frame.copy()`
  dataframe[f"dc_hi_{n}"] = dataframe["high"].rolling(n).max().shift(1)
/freqtrade/user_data/strategies/TrendVolTarget.py:50: PerformanceWarning: DataFrame is highly fragmented.  This is usually the result of calling `frame.insert` many times, which has poor performance.  Consider joining all columns at once using pd.concat(axis=1) instead. To get a de-fragmented frame, use `newframe = frame.copy()`
  dataframe[f"dc_hi_{n}"] = dataframe["high"].rolling(n).max().shift(1)
/freqtrade/user_data/strategies/TrendVolTarget.py:50: PerformanceWarning: DataFrame is highly fragmented.  This is usually the result of calling `frame.insert` many times, which has poor performance.  Consider joining all columns at once using pd.concat(axis=1) instead. To get a de-fragmented frame, use `newframe = frame.copy()`
  dataframe[f"dc_hi_{n}"] = dataframe["high"].rolling(n).max().shift(1)
/freqtrade/user_data/strategies/TrendVolTarget.py:50: PerformanceWarning: DataFrame is highly fragmented.  This is usually the result of calling `frame.insert` many times, which has poor performance.  Consider joining all columns at once using pd.concat(axis=1) instead. To get a de-fragmented frame, use `newframe = frame.copy()`
  dataframe[f"dc_hi_{n}"] = dataframe["high"].rolling(n).max().shift(1)
/freqtrade/user_data/strategies/TrendVolTarget.py:50: PerformanceWarning: DataFrame is highly fragmented.  This is usually the result of calling `frame.insert` many times, which has poor performance.  Consider joining all columns at once using pd.concat(axis=1) instead. To get a de-fragmented frame, use `newframe = frame.copy()`
  dataframe[f"dc_hi_{n}"] = dataframe["high"].rolling(n).max().shift(1)
/freqtrade/user_data/strategies/TrendVolTarget.py:50: PerformanceWarning: DataFrame is highly fragmented.  This is usually the result of calling `frame.insert` many times, which has poor performance.  Consider joining all columns at once using pd.concat(axis=1) instead. To get a de-fragmented frame, use `newframe = frame.copy()`
  dataframe[f"dc_hi_{n}"] = dataframe["high"].rolling(n).max().shift(1)
/freqtrade/user_data/strategies/TrendVolTarget.py:50: PerformanceWarning: DataFrame is highly fragmented.  This is usually the result of calling `frame.insert` many times, which has poor performance.  Consider joining all columns at once using pd.concat(axis=1) instead. To get a de-fragmented frame, use `newframe = frame.copy()`
  dataframe[f"dc_hi_{n}"] = dataframe["high"].rolling(n).max().shift(1)
/freqtrade/user_data/strategies/TrendVolTarget.py:50: PerformanceWarning: DataFrame is highly fragmented.  This is usually the result of calling `frame.insert` many times, which has poor performance.  Consider joining all columns at once using pd.concat(axis=1) instead. To get a de-fragmented frame, use `newframe = frame.copy()`
  dataframe[f"dc_hi_{n}"] = dataframe["high"].rolling(n).max().shift(1)
/freqtrade/user_data/strategies/TrendVolTarget.py:50: PerformanceWarning: DataFrame is highly fragmented.  This is usually the result of calling `frame.insert` many times, which has poor performance.  Consider joining all columns at once using pd.concat(axis=1) instead. To get a de-fragmented frame, use `newframe = frame.copy()`
  dataframe[f"dc_hi_{n}"] = dataframe["high"].rolling(n).max().shift(1)
/freqtrade/user_data/strategies/TrendVolTarget.py:50: PerformanceWarning: DataFrame is highly fragmented.  This is usually the result of calling `frame.insert` many times, which has poor performance.  Consider joining all columns at once using pd.concat(axis=1) instead. To get a de-fragmented frame, use `newframe = frame.copy()`
  dataframe[f"dc_hi_{n}"] = dataframe["high"].rolling(n).max().shift(1)
/freqtrade/user_data/strategies/TrendVolTarget.py:50: PerformanceWarning: DataFrame is highly fragmented.  This is usually the result of calling `frame.insert` many times, which has poor performance.  Consider joining all columns at once using pd.concat(axis=1) instead. To get a de-fragmented frame, use `newframe = frame.copy()`
  dataframe[f"dc_hi_{n}"] = dataframe["high"].rolling(n).max().shift(1)
/freqtrade/user_data/strategies/TrendVolTarget.py:50: PerformanceWarning: DataFrame is highly fragmented.  This is usually the result of calling `frame.insert` many times, which has poor performance.  Consider joining all columns at once using pd.concat(axis=1) instead. To get a de-fragmented frame, use `newframe = frame.copy()`
  dataframe[f"dc_hi_{n}"] = dataframe["high"].rolling(n).max().shift(1)
/freqtrade/user_data/strategies/TrendVolTarget.py:50: PerformanceWarning: DataFrame is highly fragmented.  This is usually the result of calling `frame.insert` many times, which has poor performance.  Consider joining all columns at once using pd.concat(axis=1) instead. To get a de-fragmented frame, use `newframe = frame.copy()`
  dataframe[f"dc_hi_{n}"] = dataframe["high"].rolling(n).max().shift(1)
/freqtrade/user_data/strategies/TrendVolTarget.py:50: PerformanceWarning: DataFrame is highly fragmented.  This is usually the result of calling `frame.insert` many times, which has poor performance.  Consider joining all columns at once using pd.concat(axis=1) instead. To get a de-fragmented frame, use `newframe = frame.copy()`
  dataframe[f"dc_hi_{n}"] = dataframe["high"].rolling(n).max().shift(1)
/freqtrade/user_data/strategies/TrendVolTarget.py:50: PerformanceWarning: DataFrame is highly fragmented.  This is usually the result of calling `frame.insert` many times, which has poor performance.  Consider joining all columns at once using pd.concat(axis=1) instead. To get a de-fragmented frame, use `newframe = frame.copy()`
  dataframe[f"dc_hi_{n}"] = dataframe["high"].rolling(n).max().shift(1)
/freqtrade/user_data/strategies/TrendVolTarget.py:50: PerformanceWarning: DataFrame is highly fragmented.  This is usually the result of calling `frame.insert` many times, which has poor performance.  Consider joining all columns at once using pd.concat(axis=1) instead. To get a de-fragmented frame, use `newframe = frame.copy()`
  dataframe[f"dc_hi_{n}"] = dataframe["high"].rolling(n).max().shift(1)
/freqtrade/user_data/strategies/TrendVolTarget.py:50: PerformanceWarning: DataFrame is highly fragmented.  This is usually the result of calling `frame.insert` many times, which has poor performance.  Consider joining all columns at once using pd.concat(axis=1) instead. To get a de-fragmented frame, use `newframe = frame.copy()`
  dataframe[f"dc_hi_{n}"] = dataframe["high"].rolling(n).max().shift(1)
/freqtrade/user_data/strategies/TrendVolTarget.py:50: PerformanceWarning: DataFrame is highly fragmented.  This is usually the result of calling `frame.insert` many times, which has poor performance.  Consider joining all columns at once using pd.concat(axis=1) instead. To get a de-fragmented frame, use `newframe = frame.copy()`
  dataframe[f"dc_hi_{n}"] = dataframe["high"].rolling(n).max().shift(1)
/freqtrade/user_data/strategies/TrendVolTarget.py:50: PerformanceWarning: DataFrame is highly fragmented.  This is usually the result of calling `frame.insert` many times, which has poor performance.  Consider joining all columns at once using pd.concat(axis=1) instead. To get a de-fragmented frame, use `newframe = frame.copy()`
  dataframe[f"dc_hi_{n}"] = dataframe["high"].rolling(n).max().shift(1)
/freqtrade/user_data/strategies/TrendVolTarget.py:50: PerformanceWarning: DataFrame is highly fragmented.  This is usually the result of calling `frame.insert` many times, which has poor performance.  Consider joining all columns at once using pd.concat(axis=1) instead. To get a de-fragmented frame, use `newframe = frame.copy()`
  dataframe[f"dc_hi_{n}"] = dataframe["high"].rolling(n).max().shift(1)
/freqtrade/user_data/strategies/TrendVolTarget.py:50: PerformanceWarning: DataFrame is highly fragmented.  This is usually the result of calling `frame.insert` many times, which has poor performance.  Consider joining all columns at once using pd.concat(axis=1) instead. To get a de-fragmented frame, use `newframe = frame.copy()`
  dataframe[f"dc_hi_{n}"] = dataframe["high"].rolling(n).max().shift(1)
/freqtrade/user_data/strategies/TrendVolTarget.py:50: PerformanceWarning: DataFrame is highly fragmented.  This is usually the result of calling `frame.insert` many times, which has poor performance.  Consider joining all columns at once using pd.concat(axis=1) instead. To get a de-fragmented frame, use `newframe = frame.copy()`
  dataframe[f"dc_hi_{n}"] = dataframe["high"].rolling(n).max().shift(1)
/freqtrade/user_data/strategies/TrendVolTarget.py:50: PerformanceWarning: DataFrame is highly fragmented.  This is usually the result of calling `frame.insert` many times, which has poor performance.  Consider joining all columns at once using pd.concat(axis=1) instead. To get a de-fragmented frame, use `newframe = frame.copy()`
  dataframe[f"dc_hi_{n}"] = dataframe["high"].rolling(n).max().shift(1)
/freqtrade/user_data/strategies/TrendVolTarget.py:50: PerformanceWarning: DataFrame is highly fragmented.  This is usually the result of calling `frame.insert` many times, which has poor performance.  Consider joining all columns at once using pd.concat(axis=1) instead. To get a de-fragmented frame, use `newframe = frame.copy()`
  dataframe[f"dc_hi_{n}"] = dataframe["high"].rolling(n).max().shift(1)
/freqtrade/user_data/strategies/TrendVolTarget.py:50: PerformanceWarning: DataFrame is highly fragmented.  This is usually the result of calling `frame.insert` many times, which has poor performance.  Consider joining all columns at once using pd.concat(axis=1) instead. To get a de-fragmented frame, use `newframe = frame.copy()`
  dataframe[f"dc_hi_{n}"] = dataframe["high"].rolling(n).max().shift(1)
/freqtrade/user_data/strategies/TrendVolTarget.py:50: PerformanceWarning: DataFrame is highly fragmented.  This is usually the result of calling `frame.insert` many times, which has poor performance.  Consider joining all columns at once using pd.concat(axis=1) instead. To get a de-fragmented frame, use `newframe = frame.copy()`
  dataframe[f"dc_hi_{n}"] = dataframe["high"].rolling(n).max().shift(1)
/freqtrade/user_data/strategies/TrendVolTarget.py:50: PerformanceWarning: DataFrame is highly fragmented.  This is usually the result of calling `frame.insert` many times, which has poor performance.  Consider joining all columns at once using pd.concat(axis=1) instead. To get a de-fragmented frame, use `newframe = frame.copy()`
  dataframe[f"dc_hi_{n}"] = dataframe["high"].rolling(n).max().shift(1)
/freqtrade/user_data/strategies/TrendVolTarget.py:50: PerformanceWarning: DataFrame is highly fragmented.  This is usually the result of calling `frame.insert` many times, which has poor performance.  Consider joining all columns at once using pd.concat(axis=1) instead. To get a de-fragmented frame, use `newframe = frame.copy()`
  dataframe[f"dc_hi_{n}"] = dataframe["high"].rolling(n).max().shift(1)
/freqtrade/user_data/strategies/TrendVolTarget.py:50: PerformanceWarning: DataFrame is highly fragmented.  This is usually the result of calling `frame.insert` many times, which has poor performance.  Consider joining all columns at once using pd.concat(axis=1) instead. To get a de-fragmented frame, use `newframe = frame.copy()`
  dataframe[f"dc_hi_{n}"] = dataframe["high"].rolling(n).max().shift(1)
/freqtrade/user_data/strategies/TrendVolTarget.py:50: PerformanceWarning: DataFrame is highly fragmented.  This is usually the result of calling `frame.insert` many times, which has poor performance.  Consider joining all columns at once using pd.concat(axis=1) instead. To get a de-fragmented frame, use `newframe = frame.copy()`
  dataframe[f"dc_hi_{n}"] = dataframe["high"].rolling(n).max().shift(1)
/freqtrade/user_data/strategies/TrendVolTarget.py:50: PerformanceWarning: DataFrame is highly fragmented.  This is usually the result of calling `frame.insert` many times, which has poor performance.  Consider joining all columns at once using pd.concat(axis=1) instead. To get a de-fragmented frame, use `newframe = frame.copy()`
  dataframe[f"dc_hi_{n}"] = dataframe["high"].rolling(n).max().shift(1)
/freqtrade/user_data/strategies/TrendVolTarget.py:50: PerformanceWarning: DataFrame is highly fragmented.  This is usually the result of calling `frame.insert` many times, which has poor performance.  Consider joining all columns at once using pd.concat(axis=1) instead. To get a de-fragmented frame, use `newframe = frame.copy()`
  dataframe[f"dc_hi_{n}"] = dataframe["high"].rolling(n).max().shift(1)
/freqtrade/user_data/strategies/TrendVolTarget.py:50: PerformanceWarning: DataFrame is highly fragmented.  This is usually the result of calling `frame.insert` many times, which has poor performance.  Consider joining all columns at once using pd.concat(axis=1) instead. To get a de-fragmented frame, use `newframe = frame.copy()`
  dataframe[f"dc_hi_{n}"] = dataframe["high"].rolling(n).max().shift(1)
/freqtrade/user_data/strategies/TrendVolTarget.py:50: PerformanceWarning: DataFrame is highly fragmented.  This is usually the result of calling `frame.insert` many times, which has poor performance.  Consider joining all columns at once using pd.concat(axis=1) instead. To get a de-fragmented frame, use `newframe = frame.copy()`
  dataframe[f"dc_hi_{n}"] = dataframe["high"].rolling(n).max().shift(1)
/freqtrade/user_data/strategies/TrendVolTarget.py:50: PerformanceWarning: DataFrame is highly fragmented.  This is usually the result of calling `frame.insert` many times, which has poor performance.  Consider joining all columns at once using pd.concat(axis=1) instead. To get a de-fragmented frame, use `newframe = frame.copy()`
  dataframe[f"dc_hi_{n}"] = dataframe["high"].rolling(n).max().shift(1)
/freqtrade/user_data/strategies/TrendVolTarget.py:53: PerformanceWarning: DataFrame is highly fragmented.  This is usually the result of calling `frame.insert` many times, which has poor performance.  Consider joining all columns at once using pd.concat(axis=1) instead. To get a de-fragmented frame, use `newframe = frame.copy()`
  dataframe["sma_f"] = ta.SMA(dataframe, timeperiod=60)
/freqtrade/user_data/strategies/TrendVolTarget.py:54: PerformanceWarning: DataFrame is highly fragmented.  This is usually the result of calling `frame.insert` many times, which has poor performance.  Consider joining all columns at once using pd.concat(axis=1) instead. To get a de-fragmented frame, use `newframe = frame.copy()`
  dataframe["sma_s"] = ta.SMA(dataframe, timeperiod=240)
/freqtrade/user_data/strategies/TrendVolTarget.py:56: PerformanceWarning: DataFrame is highly fragmented.  This is usually the result of calling `frame.insert` many times, which has poor performance.  Consider joining all columns at once using pd.concat(axis=1) instead. To get a de-fragmented frame, use `newframe = frame.copy()`
  dataframe["rvol"] = dataframe["close"].pct_change().rolling(90).std() * np.sqrt(6 * 365)
/freqtrade/user_data/strategies/TrendVolTarget.py:50: PerformanceWarning: DataFrame is highly fragmented.  This is usually the result of calling `frame.insert` many times, which has poor performance.  Consider joining all columns at once using pd.concat(axis=1) instead. To get a de-fragmented frame, use `newframe = frame.copy()`
  dataframe[f"dc_hi_{n}"] = dataframe["high"].rolling(n).max().shift(1)
/freqtrade/user_data/strategies/TrendVolTarget.py:50: PerformanceWarning: DataFrame is highly fragmented.  This is usually the result of calling `frame.insert` many times, which has poor performance.  Consider joining all columns at once using pd.concat(axis=1) instead. To get a de-fragmented frame, use `newframe = frame.copy()`
  dataframe[f"dc_hi_{n}"] = dataframe["high"].rolling(n).max().shift(1)
/freqtrade/user_data/strategies/TrendVolTarget.py:50: PerformanceWarning: DataFrame is highly fragmented.  This is usually the result of calling `frame.insert` many times, which has poor performance.  Consider joining all columns at once using pd.concat(axis=1) instead. To get a de-fragmented frame, use `newframe = frame.copy()`
  dataframe[f"dc_hi_{n}"] = dataframe["high"].rolling(n).max().shift(1)
/freqtrade/user_data/strategies/TrendVolTarget.py:50: PerformanceWarning: DataFrame is highly fragmented.  This is usually the result of calling `frame.insert` many times, which has poor performance.  Consider joining all columns at once using pd.concat(axis=1) instead. To get a de-fragmented frame, use `newframe = frame.copy()`
  dataframe[f"dc_hi_{n}"] = dataframe["high"].rolling(n).max().shift(1)
/freqtrade/user_data/strategies/TrendVolTarget.py:50: PerformanceWarning: DataFrame is highly fragmented.  This is usually the result of calling `frame.insert` many times, which has poor performance.  Consider joining all columns at once using pd.concat(axis=1) instead. To get a de-fragmented frame, use `newframe = frame.copy()`
  dataframe[f"dc_hi_{n}"] = dataframe["high"].rolling(n).max().shift(1)
/freqtrade/user_data/strategies/TrendVolTarget.py:50: PerformanceWarning: DataFrame is highly fragmented.  This is usually the result of calling `frame.insert` many times, which has poor performance.  Consider joining all columns at once using pd.concat(axis=1) instead. To get a de-fragmented frame, use `newframe = frame.copy()`
  dataframe[f"dc_hi_{n}"] = dataframe["high"].rolling(n).max().shift(1)
/freqtrade/user_data/strategies/TrendVolTarget.py:50: PerformanceWarning: DataFrame is highly fragmented.  This is usually the result of calling `frame.insert` many times, which has poor performance.  Consider joining all columns at once using pd.concat(axis=1) instead. To get a de-fragmented frame, use `newframe = frame.copy()`
  dataframe[f"dc_hi_{n}"] = dataframe["high"].rolling(n).max().shift(1)
/freqtrade/user_data/strategies/TrendVolTarget.py:50: PerformanceWarning: DataFrame is highly fragmented.  This is usually the result of calling `frame.insert` many times, which has poor performance.  Consider joining all columns at once using pd.concat(axis=1) instead. To get a de-fragmented frame, use `newframe = frame.copy()`
  dataframe[f"dc_hi_{n}"] = dataframe["high"].rolling(n).max().shift(1)
/freqtrade/user_data/strategies/TrendVolTarget.py:50: PerformanceWarning: DataFrame is highly fragmented.  This is usually the result of calling `frame.insert` many times, which has poor performance.  Consider joining all columns at once using pd.concat(axis=1) instead. To get a de-fragmented frame, use `newframe = frame.copy()`
  dataframe[f"dc_hi_{n}"] = dataframe["high"].rolling(n).max().shift(1)
/freqtrade/user_data/strategies/TrendVolTarget.py:50: PerformanceWarning: DataFrame is highly fragmented.  This is usually the result of calling `frame.insert` many times, which has poor performance.  Consider joining all columns at once using pd.concat(axis=1) instead. To get a de-fragmented frame, use `newframe = frame.copy()`
  dataframe[f"dc_hi_{n}"] = dataframe["high"].rolling(n).max().shift(1)
/freqtrade/user_data/strategies/TrendVolTarget.py:50: PerformanceWarning: DataFrame is highly fragmented.  This is usually the result of calling `frame.insert` many times, which has poor performance.  Consider joining all columns at once using pd.concat(axis=1) instead. To get a de-fragmented frame, use `newframe = frame.copy()`
  dataframe[f"dc_hi_{n}"] = dataframe["high"].rolling(n).max().shift(1)
/freqtrade/user_data/strategies/TrendVolTarget.py:50: PerformanceWarning: DataFrame is highly fragmented.  This is usually the result of calling `frame.insert` many times, which has poor performance.  Consider joining all columns at once using pd.concat(axis=1) instead. To get a de-fragmented frame, use `newframe = frame.copy()`
  dataframe[f"dc_hi_{n}"] = dataframe["high"].rolling(n).max().shift(1)
/freqtrade/user_data/strategies/TrendVolTarget.py:50: PerformanceWarning: DataFrame is highly fragmented.  This is usually the result of calling `frame.insert` many times, which has poor performance.  Consider joining all columns at once using pd.concat(axis=1) instead. To get a de-fragmented frame, use `newframe = frame.copy()`
  dataframe[f"dc_hi_{n}"] = dataframe["high"].rolling(n).max().shift(1)
/freqtrade/user_data/strategies/TrendVolTarget.py:50: PerformanceWarning: DataFrame is highly fragmented.  This is usually the result of calling `frame.insert` many times, which has poor performance.  Consider joining all columns at once using pd.concat(axis=1) instead. To get a de-fragmented frame, use `newframe = frame.copy()`
  dataframe[f"dc_hi_{n}"] = dataframe["high"].rolling(n).max().shift(1)
/freqtrade/user_data/strategies/TrendVolTarget.py:50: PerformanceWarning: DataFrame is highly fragmented.  This is usually the result of calling `frame.insert` many times, which has poor performance.  Consider joining all columns at once using pd.concat(axis=1) instead. To get a de-fragmented frame, use `newframe = frame.copy()`
  dataframe[f"dc_hi_{n}"] = dataframe["high"].rolling(n).max().shift(1)
/freqtrade/user_data/strategies/TrendVolTarget.py:50: PerformanceWarning: DataFrame is highly fragmented.  This is usually the result of calling `frame.insert` many times, which has poor performance.  Consider joining all columns at once using pd.concat(axis=1) instead. To get a de-fragmented frame, use `newframe = frame.copy()`
  dataframe[f"dc_hi_{n}"] = dataframe["high"].rolling(n).max().shift(1)
/freqtrade/user_data/strategies/TrendVolTarget.py:50: PerformanceWarning: DataFrame is highly fragmented.  This is usually the result of calling `frame.insert` many times, which has poor performance.  Consider joining all columns at once using pd.concat(axis=1) instead. To get a de-fragmented frame, use `newframe = frame.copy()`
  dataframe[f"dc_hi_{n}"] = dataframe["high"].rolling(n).max().shift(1)
/freqtrade/user_data/strategies/TrendVolTarget.py:50: PerformanceWarning: DataFrame is highly fragmented.  This is usually the result of calling `frame.insert` many times, which has poor performance.  Consider joining all columns at once using pd.concat(axis=1) instead. To get a de-fragmented frame, use `newframe = frame.copy()`
  dataframe[f"dc_hi_{n}"] = dataframe["high"].rolling(n).max().shift(1)
/freqtrade/user_data/strategies/TrendVolTarget.py:50: PerformanceWarning: DataFrame is highly fragmented.  This is usually the result of calling `frame.insert` many times, which has poor performance.  Consider joining all columns at once using pd.concat(axis=1) instead. To get a de-fragmented frame, use `newframe = frame.copy()`
  dataframe[f"dc_hi_{n}"] = dataframe["high"].rolling(n).max().shift(1)
/freqtrade/user_data/strategies/TrendVolTarget.py:50: PerformanceWarning: DataFrame is highly fragmented.  This is usually the result of calling `frame.insert` many times, which has poor performance.  Consider joining all columns at once using pd.concat(axis=1) instead. To get a de-fragmented frame, use `newframe = frame.copy()`
  dataframe[f"dc_hi_{n}"] = dataframe["high"].rolling(n).max().shift(1)
/freqtrade/user_data/strategies/TrendVolTarget.py:50: PerformanceWarning: DataFrame is highly fragmented.  This is usually the result of calling `frame.insert` many times, which has poor performance.  Consider joining all columns at once using pd.concat(axis=1) instead. To get a de-fragmented frame, use `newframe = frame.copy()`
  dataframe[f"dc_hi_{n}"] = dataframe["high"].rolling(n).max().shift(1)
/freqtrade/user_data/strategies/TrendVolTarget.py:50: PerformanceWarning: DataFrame is highly fragmented.  This is usually the result of calling `frame.insert` many times, which has poor performance.  Consider joining all columns at once using pd.concat(axis=1) instead. To get a de-fragmented frame, use `newframe = frame.copy()`
  dataframe[f"dc_hi_{n}"] = dataframe["high"].rolling(n).max().shift(1)
/freqtrade/user_data/strategies/TrendVolTarget.py:50: PerformanceWarning: DataFrame is highly fragmented.  This is usually the result of calling `frame.insert` many times, which has poor performance.  Consider joining all columns at once using pd.concat(axis=1) instead. To get a de-fragmented frame, use `newframe = frame.copy()`
  dataframe[f"dc_hi_{n}"] = dataframe["high"].rolling(n).max().shift(1)
/freqtrade/user_data/strategies/TrendVolTarget.py:50: PerformanceWarning: DataFrame is highly fragmented.  This is usually the result of calling `frame.insert` many times, which has poor performance.  Consider joining all columns at once using pd.concat(axis=1) instead. To get a de-fragmented frame, use `newframe = frame.copy()`
  dataframe[f"dc_hi_{n}"] = dataframe["high"].rolling(n).max().shift(1)
/freqtrade/user_data/strategies/TrendVolTarget.py:50: PerformanceWarning: DataFrame is highly fragmented.  This is usually the result of calling `frame.insert` many times, which has poor performance.  Consider joining all columns at once using pd.concat(axis=1) instead. To get a de-fragmented frame, use `newframe = frame.copy()`
  dataframe[f"dc_hi_{n}"] = dataframe["high"].rolling(n).max().shift(1)
/freqtrade/user_data/strategies/TrendVolTarget.py:50: PerformanceWarning: DataFrame is highly fragmented.  This is usually the result of calling `frame.insert` many times, which has poor performance.  Consider joining all columns at once using pd.concat(axis=1) instead. To get a de-fragmented frame, use `newframe = frame.copy()`
  dataframe[f"dc_hi_{n}"] = dataframe["high"].rolling(n).max().shift(1)
/freqtrade/user_data/strategies/TrendVolTarget.py:50: PerformanceWarning: DataFrame is highly fragmented.  This is usually the result of calling `frame.insert` many times, which has poor performance.  Consider joining all columns at once using pd.concat(axis=1) instead. To get a de-fragmented frame, use `newframe = frame.copy()`
  dataframe[f"dc_hi_{n}"] = dataframe["high"].rolling(n).max().shift(1)
/freqtrade/user_data/strategies/TrendVolTarget.py:50: PerformanceWarning: DataFrame is highly fragmented.  This is usually the result of calling `frame.insert` many times, which has poor performance.  Consider joining all columns at once using pd.concat(axis=1) instead. To get a de-fragmented frame, use `newframe = frame.copy()`
  dataframe[f"dc_hi_{n}"] = dataframe["high"].rolling(n).max().shift(1)
/freqtrade/user_data/strategies/TrendVolTarget.py:50: PerformanceWarning: DataFrame is highly fragmented.  This is usually the result of calling `frame.insert` many times, which has poor performance.  Consider joining all columns at once using pd.concat(axis=1) instead. To get a de-fragmented frame, use `newframe = frame.copy()`
  dataframe[f"dc_hi_{n}"] = dataframe["high"].rolling(n).max().shift(1)
/freqtrade/user_data/strategies/TrendVolTarget.py:50: PerformanceWarning: DataFrame is highly fragmented.  This is usually the result of calling `frame.insert` many times, which has poor performance.  Consider joining all columns at once using pd.concat(axis=1) instead. To get a de-fragmented frame, use `newframe = frame.copy()`
  dataframe[f"dc_hi_{n}"] = dataframe["high"].rolling(n).max().shift(1)
/freqtrade/user_data/strategies/TrendVolTarget.py:50: PerformanceWarning: DataFrame is highly fragmented.  This is usually the result of calling `frame.insert` many times, which has poor performance.  Consider joining all columns at once using pd.concat(axis=1) instead. To get a de-fragmented frame, use `newframe = frame.copy()`
  dataframe[f"dc_hi_{n}"] = dataframe["high"].rolling(n).max().shift(1)
/freqtrade/user_data/strategies/TrendVolTarget.py:50: PerformanceWarning: DataFrame is highly fragmented.  This is usually the result of calling `frame.insert` many times, which has poor performance.  Consider joining all columns at once using pd.concat(axis=1) instead. To get a de-fragmented frame, use `newframe = frame.copy()`
  dataframe[f"dc_hi_{n}"] = dataframe["high"].rolling(n).max().shift(1)
/freqtrade/user_data/strategies/TrendVolTarget.py:50: PerformanceWarning: DataFrame is highly fragmented.  This is usually the result of calling `frame.insert` many times, which has poor performance.  Consider joining all columns at once using pd.concat(axis=1) instead. To get a de-fragmented frame, use `newframe = frame.copy()`
  dataframe[f"dc_hi_{n}"] = dataframe["high"].rolling(n).max().shift(1)
/freqtrade/user_data/strategies/TrendVolTarget.py:50: PerformanceWarning: DataFrame is highly fragmented.  This is usually the result of calling `frame.insert` many times, which has poor performance.  Consider joining all columns at once using pd.concat(axis=1) instead. To get a de-fragmented frame, use `newframe = frame.copy()`
  dataframe[f"dc_hi_{n}"] = dataframe["high"].rolling(n).max().shift(1)
/freqtrade/user_data/strategies/TrendVolTarget.py:50: PerformanceWarning: DataFrame is highly fragmented.  This is usually the result of calling `frame.insert` many times, which has poor performance.  Consider joining all columns at once using pd.concat(axis=1) instead. To get a de-fragmented frame, use `newframe = frame.copy()`
  dataframe[f"dc_hi_{n}"] = dataframe["high"].rolling(n).max().shift(1)
/freqtrade/user_data/strategies/TrendVolTarget.py:50: PerformanceWarning: DataFrame is highly fragmented.  This is usually the result of calling `frame.insert` many times, which has poor performance.  Consider joining all columns at once using pd.concat(axis=1) instead. To get a de-fragmented frame, use `newframe = frame.copy()`
  dataframe[f"dc_hi_{n}"] = dataframe["high"].rolling(n).max().shift(1)
/freqtrade/user_data/strategies/TrendVolTarget.py:50: PerformanceWarning: DataFrame is highly fragmented.  This is usually the result of calling `frame.insert` many times, which has poor performance.  Consider joining all columns at once using pd.concat(axis=1) instead. To get a de-fragmented frame, use `newframe = frame.copy()`
  dataframe[f"dc_hi_{n}"] = dataframe["high"].rolling(n).max().shift(1)
/freqtrade/user_data/strategies/TrendVolTarget.py:50: PerformanceWarning: DataFrame is highly fragmented.  This is usually the result of calling `frame.insert` many times, which has poor performance.  Consider joining all columns at once using pd.concat(axis=1) instead. To get a de-fragmented frame, use `newframe = frame.copy()`
  dataframe[f"dc_hi_{n}"] = dataframe["high"].rolling(n).max().shift(1)
/freqtrade/user_data/strategies/TrendVolTarget.py:50: PerformanceWarning: DataFrame is highly fragmented.  This is usually the result of calling `frame.insert` many times, which has poor performance.  Consider joining all columns at once using pd.concat(axis=1) instead. To get a de-fragmented frame, use `newframe = frame.copy()`
  dataframe[f"dc_hi_{n}"] = dataframe["high"].rolling(n).max().shift(1)
/freqtrade/user_data/strategies/TrendVolTarget.py:50: PerformanceWarning: DataFrame is highly fragmented.  This is usually the result of calling `frame.insert` many times, which has poor performance.  Consider joining all columns at once using pd.concat(axis=1) instead. To get a de-fragmented frame, use `newframe = frame.copy()`
  dataframe[f"dc_hi_{n}"] = dataframe["high"].rolling(n).max().shift(1)
/freqtrade/user_data/strategies/TrendVolTarget.py:50: PerformanceWarning: DataFrame is highly fragmented.  This is usually the result of calling `frame.insert` many times, which has poor performance.  Consider joining all columns at once using pd.concat(axis=1) instead. To get a de-fragmented frame, use `newframe = frame.copy()`
  dataframe[f"dc_hi_{n}"] = dataframe["high"].rolling(n).max().shift(1)
/freqtrade/user_data/strategies/TrendVolTarget.py:50: PerformanceWarning: DataFrame is highly fragmented.  This is usually the result of calling `frame.insert` many times, which has poor performance.  Consider joining all columns at once using pd.concat(axis=1) instead. To get a de-fragmented frame, use `newframe = frame.copy()`
  dataframe[f"dc_hi_{n}"] = dataframe["high"].rolling(n).max().shift(1)
/freqtrade/user_data/strategies/TrendVolTarget.py:50: PerformanceWarning: DataFrame is highly fragmented.  This is usually the result of calling `frame.insert` many times, which has poor performance.  Consider joining all columns at once using pd.concat(axis=1) instead. To get a de-fragmented frame, use `newframe = frame.copy()`
  dataframe[f"dc_hi_{n}"] = dataframe["high"].rolling(n).max().shift(1)
/freqtrade/user_data/strategies/TrendVolTarget.py:50: PerformanceWarning: DataFrame is highly fragmented.  This is usually the result of calling `frame.insert` many times, which has poor performance.  Consider joining all columns at once using pd.concat(axis=1) instead. To get a de-fragmented frame, use `newframe = frame.copy()`
  dataframe[f"dc_hi_{n}"] = dataframe["high"].rolling(n).max().shift(1)
/freqtrade/user_data/strategies/TrendVolTarget.py:50: PerformanceWarning: DataFrame is highly fragmented.  This is usually the result of calling `frame.insert` many times, which has poor performance.  Consider joining all columns at once using pd.concat(axis=1) instead. To get a de-fragmented frame, use `newframe = frame.copy()`
  dataframe[f"dc_hi_{n}"] = dataframe["high"].rolling(n).max().shift(1)
/freqtrade/user_data/strategies/TrendVolTarget.py:50: PerformanceWarning: DataFrame is highly fragmented.  This is usually the result of calling `frame.insert` many times, which has poor performance.  Consider joining all columns at once using pd.concat(axis=1) instead. To get a de-fragmented frame, use `newframe = frame.copy()`
  dataframe[f"dc_hi_{n}"] = dataframe["high"].rolling(n).max().shift(1)
/freqtrade/user_data/strategies/TrendVolTarget.py:50: PerformanceWarning: DataFrame is highly fragmented.  This is usually the result of calling `frame.insert` many times, which has poor performance.  Consider joining all columns at once using pd.concat(axis=1) instead. To get a de-fragmented frame, use `newframe = frame.copy()`
  dataframe[f"dc_hi_{n}"] = dataframe["high"].rolling(n).max().shift(1)
/freqtrade/user_data/strategies/TrendVolTarget.py:50: PerformanceWarning: DataFrame is highly fragmented.  This is usually the result of calling `frame.insert` many times, which has poor performance.  Consider joining all columns at once using pd.concat(axis=1) instead. To get a de-fragmented frame, use `newframe = frame.copy()`
  dataframe[f"dc_hi_{n}"] = dataframe["high"].rolling(n).max().shift(1)
/freqtrade/user_data/strategies/TrendVolTarget.py:50: PerformanceWarning: DataFrame is highly fragmented.  This is usually the result of calling `frame.insert` many times, which has poor performance.  Consider joining all columns at once using pd.concat(axis=1) instead. To get a de-fragmented frame, use `newframe = frame.copy()`
  dataframe[f"dc_hi_{n}"] = dataframe["high"].rolling(n).max().shift(1)
/freqtrade/user_data/strategies/TrendVolTarget.py:50: PerformanceWarning: DataFrame is highly fragmented.  This is usually the result of calling `frame.insert` many times, which has poor performance.  Consider joining all columns at once using pd.concat(axis=1) instead. To get a de-fragmented frame, use `newframe = frame.copy()`
  dataframe[f"dc_hi_{n}"] = dataframe["high"].rolling(n).max().shift(1)
/freqtrade/user_data/strategies/TrendVolTarget.py:50: PerformanceWarning: DataFrame is highly fragmented.  This is usually the result of calling `frame.insert` many times, which has poor performance.  Consider joining all columns at once using pd.concat(axis=1) instead. To get a de-fragmented frame, use `newframe = frame.copy()`
  dataframe[f"dc_hi_{n}"] = dataframe["high"].rolling(n).max().shift(1)
/freqtrade/user_data/strategies/TrendVolTarget.py:50: PerformanceWarning: DataFrame is highly fragmented.  This is usually the result of calling `frame.insert` many times, which has poor performance.  Consider joining all columns at once using pd.concat(axis=1) instead. To get a de-fragmented frame, use `newframe = frame.copy()`
  dataframe[f"dc_hi_{n}"] = dataframe["high"].rolling(n).max().shift(1)
/freqtrade/user_data/strategies/TrendVolTarget.py:50: PerformanceWarning: DataFrame is highly fragmented.  This is usually the result of calling `frame.insert` many times, which has poor performance.  Consider joining all columns at once using pd.concat(axis=1) instead. To get a de-fragmented frame, use `newframe = frame.copy()`
  dataframe[f"dc_hi_{n}"] = dataframe["high"].rolling(n).max().shift(1)
/freqtrade/user_data/strategies/TrendVolTarget.py:50: PerformanceWarning: DataFrame is highly fragmented.  This is usually the result of calling `frame.insert` many times, which has poor performance.  Consider joining all columns at once using pd.concat(axis=1) instead. To get a de-fragmented frame, use `newframe = frame.copy()`
  dataframe[f"dc_hi_{n}"] = dataframe["high"].rolling(n).max().shift(1)
/freqtrade/user_data/strategies/TrendVolTarget.py:50: PerformanceWarning: DataFrame is highly fragmented.  This is usually the result of calling `frame.insert` many times, which has poor performance.  Consider joining all columns at once using pd.concat(axis=1) instead. To get a de-fragmented frame, use `newframe = frame.copy()`
  dataframe[f"dc_hi_{n}"] = dataframe["high"].rolling(n).max().shift(1)
/freqtrade/user_data/strategies/TrendVolTarget.py:50: PerformanceWarning: DataFrame is highly fragmented.  This is usually the result of calling `frame.insert` many times, which has poor performance.  Consider joining all columns at once using pd.concat(axis=1) instead. To get a de-fragmented frame, use `newframe = frame.copy()`
  dataframe[f"dc_hi_{n}"] = dataframe["high"].rolling(n).max().shift(1)
/freqtrade/user_data/strategies/TrendVolTarget.py:50: PerformanceWarning: DataFrame is highly fragmented.  This is usually the result of calling `frame.insert` many times, which has poor performance.  Consider joining all columns at once using pd.concat(axis=1) instead. To get a de-fragmented frame, use `newframe = frame.copy()`
  dataframe[f"dc_hi_{n}"] = dataframe["high"].rolling(n).max().shift(1)
/freqtrade/user_data/strategies/TrendVolTarget.py:50: PerformanceWarning: DataFrame is highly fragmented.  This is usually the result of calling `frame.insert` many times, which has poor performance.  Consider joining all columns at once using pd.concat(axis=1) instead. To get a de-fragmented frame, use `newframe = frame.copy()`
  dataframe[f"dc_hi_{n}"] = dataframe["high"].rolling(n).max().shift(1)
/freqtrade/user_data/strategies/TrendVolTarget.py:50: PerformanceWarning: DataFrame is highly fragmented.  This is usually the result of calling `frame.insert` many times, which has poor performance.  Consider joining all columns at once using pd.concat(axis=1) instead. To get a de-fragmented frame, use `newframe = frame.copy()`
  dataframe[f"dc_hi_{n}"] = dataframe["high"].rolling(n).max().shift(1)
/freqtrade/user_data/strategies/TrendVolTarget.py:50: PerformanceWarning: DataFrame is highly fragmented.  This is usually the result of calling `frame.insert` many times, which has poor performance.  Consider joining all columns at once using pd.concat(axis=1) instead. To get a de-fragmented frame, use `newframe = frame.copy()`
  dataframe[f"dc_hi_{n}"] = dataframe["high"].rolling(n).max().shift(1)
/freqtrade/user_data/strategies/TrendVolTarget.py:50: PerformanceWarning: DataFrame is highly fragmented.  This is usually the result of calling `frame.insert` many times, which has poor performance.  Consider joining all columns at once using pd.concat(axis=1) instead. To get a de-fragmented frame, use `newframe = frame.copy()`
  dataframe[f"dc_hi_{n}"] = dataframe["high"].rolling(n).max().shift(1)
/freqtrade/user_data/strategies/TrendVolTarget.py:50: PerformanceWarning: DataFrame is highly fragmented.  This is usually the result of calling `frame.insert` many times, which has poor performance.  Consider joining all columns at once using pd.concat(axis=1) instead. To get a de-fragmented frame, use `newframe = frame.copy()`
  dataframe[f"dc_hi_{n}"] = dataframe["high"].rolling(n).max().shift(1)
/freqtrade/user_data/strategies/TrendVolTarget.py:50: PerformanceWarning: DataFrame is highly fragmented.  This is usually the result of calling `frame.insert` many times, which has poor performance.  Consider joining all columns at once using pd.concat(axis=1) instead. To get a de-fragmented frame, use `newframe = frame.copy()`
  dataframe[f"dc_hi_{n}"] = dataframe["high"].rolling(n).max().shift(1)
/freqtrade/user_data/strategies/TrendVolTarget.py:50: PerformanceWarning: DataFrame is highly fragmented.  This is usually the result of calling `frame.insert` many times, which has poor performance.  Consider joining all columns at once using pd.concat(axis=1) instead. To get a de-fragmented frame, use `newframe = frame.copy()`
  dataframe[f"dc_hi_{n}"] = dataframe["high"].rolling(n).max().shift(1)
/freqtrade/user_data/strategies/TrendVolTarget.py:50: PerformanceWarning: DataFrame is highly fragmented.  This is usually the result of calling `frame.insert` many times, which has poor performance.  Consider joining all columns at once using pd.concat(axis=1) instead. To get a de-fragmented frame, use `newframe = frame.copy()`
  dataframe[f"dc_hi_{n}"] = dataframe["high"].rolling(n).max().shift(1)
/freqtrade/user_data/strategies/TrendVolTarget.py:50: PerformanceWarning: DataFrame is highly fragmented.  This is usually the result of calling `frame.insert` many times, which has poor performance.  Consider joining all columns at once using pd.concat(axis=1) instead. To get a de-fragmented frame, use `newframe = frame.copy()`
  dataframe[f"dc_hi_{n}"] = dataframe["high"].rolling(n).max().shift(1)
/freqtrade/user_data/strategies/TrendVolTarget.py:50: PerformanceWarning: DataFrame is highly fragmented.  This is usually the result of calling `frame.insert` many times, which has poor performance.  Consider joining all columns at once using pd.concat(axis=1) instead. To get a de-fragmented frame, use `newframe = frame.copy()`
  dataframe[f"dc_hi_{n}"] = dataframe["high"].rolling(n).max().shift(1)
/freqtrade/user_data/strategies/TrendVolTarget.py:50: PerformanceWarning: DataFrame is highly fragmented.  This is usually the result of calling `frame.insert` many times, which has poor performance.  Consider joining all columns at once using pd.concat(axis=1) instead. To get a de-fragmented frame, use `newframe = frame.copy()`
  dataframe[f"dc_hi_{n}"] = dataframe["high"].rolling(n).max().shift(1)
/freqtrade/user_data/strategies/TrendVolTarget.py:50: PerformanceWarning: DataFrame is highly fragmented.  This is usually the result of calling `frame.insert` many times, which has poor performance.  Consider joining all columns at once using pd.concat(axis=1) instead. To get a de-fragmented frame, use `newframe = frame.copy()`
  dataframe[f"dc_hi_{n}"] = dataframe["high"].rolling(n).max().shift(1)
/freqtrade/user_data/strategies/TrendVolTarget.py:50: PerformanceWarning: DataFrame is highly fragmented.  This is usually the result of calling `frame.insert` many times, which has poor performance.  Consider joining all columns at once using pd.concat(axis=1) instead. To get a de-fragmented frame, use `newframe = frame.copy()`
  dataframe[f"dc_hi_{n}"] = dataframe["high"].rolling(n).max().shift(1)
/freqtrade/user_data/strategies/TrendVolTarget.py:50: PerformanceWarning: DataFrame is highly fragmented.  This is usually the result of calling `frame.insert` many times, which has poor performance.  Consider joining all columns at once using pd.concat(axis=1) instead. To get a de-fragmented frame, use `newframe = frame.copy()`
  dataframe[f"dc_hi_{n}"] = dataframe["high"].rolling(n).max().shift(1)
/freqtrade/user_data/strategies/TrendVolTarget.py:50: PerformanceWarning: DataFrame is highly fragmented.  This is usually the result of calling `frame.insert` many times, which has poor performance.  Consider joining all columns at once using pd.concat(axis=1) instead. To get a de-fragmented frame, use `newframe = frame.copy()`
  dataframe[f"dc_hi_{n}"] = dataframe["high"].rolling(n).max().shift(1)
/freqtrade/user_data/strategies/TrendVolTarget.py:50: PerformanceWarning: DataFrame is highly fragmented.  This is usually the result of calling `frame.insert` many times, which has poor performance.  Consider joining all columns at once using pd.concat(axis=1) instead. To get a de-fragmented frame, use `newframe = frame.copy()`
  dataframe[f"dc_hi_{n}"] = dataframe["high"].rolling(n).max().shift(1)
/freqtrade/user_data/strategies/TrendVolTarget.py:50: PerformanceWarning: DataFrame is highly fragmented.  This is usually the result of calling `frame.insert` many times, which has poor performance.  Consider joining all columns at once using pd.concat(axis=1) instead. To get a de-fragmented frame, use `newframe = frame.copy()`
  dataframe[f"dc_hi_{n}"] = dataframe["high"].rolling(n).max().shift(1)
/freqtrade/user_data/strategies/TrendVolTarget.py:50: PerformanceWarning: DataFrame is highly fragmented.  This is usually the result of calling `frame.insert` many times, which has poor performance.  Consider joining all columns at once using pd.concat(axis=1) instead. To get a de-fragmented frame, use `newframe = frame.copy()`
  dataframe[f"dc_hi_{n}"] = dataframe["high"].rolling(n).max().shift(1)
/freqtrade/user_data/strategies/TrendVolTarget.py:50: PerformanceWarning: DataFrame is highly fragmented.  This is usually the result of calling `frame.insert` many times, which has poor performance.  Consider joining all columns at once using pd.concat(axis=1) instead. To get a de-fragmented frame, use `newframe = frame.copy()`
  dataframe[f"dc_hi_{n}"] = dataframe["high"].rolling(n).max().shift(1)
/freqtrade/user_data/strategies/TrendVolTarget.py:50: PerformanceWarning: DataFrame is highly fragmented.  This is usually the result of calling `frame.insert` many times, which has poor performance.  Consider joining all columns at once using pd.concat(axis=1) instead. To get a de-fragmented frame, use `newframe = frame.copy()`
  dataframe[f"dc_hi_{n}"] = dataframe["high"].rolling(n).max().shift(1)
/freqtrade/user_data/strategies/TrendVolTarget.py:50: PerformanceWarning: DataFrame is highly fragmented.  This is usually the result of calling `frame.insert` many times, which has poor performance.  Consider joining all columns at once using pd.concat(axis=1) instead. To get a de-fragmented frame, use `newframe = frame.copy()`
  dataframe[f"dc_hi_{n}"] = dataframe["high"].rolling(n).max().shift(1)
/freqtrade/user_data/strategies/TrendVolTarget.py:50: PerformanceWarning: DataFrame is highly fragmented.  This is usually the result of calling `frame.insert` many times, which has poor performance.  Consider joining all columns at once using pd.concat(axis=1) instead. To get a de-fragmented frame, use `newframe = frame.copy()`
  dataframe[f"dc_hi_{n}"] = dataframe["high"].rolling(n).max().shift(1)
/freqtrade/user_data/strategies/TrendVolTarget.py:50: PerformanceWarning: DataFrame is highly fragmented.  This is usually the result of calling `frame.insert` many times, which has poor performance.  Consider joining all columns at once using pd.concat(axis=1) instead. To get a de-fragmented frame, use `newframe = frame.copy()`
  dataframe[f"dc_hi_{n}"] = dataframe["high"].rolling(n).max().shift(1)
/freqtrade/user_data/strategies/TrendVolTarget.py:50: PerformanceWarning: DataFrame is highly fragmented.  This is usually the result of calling `frame.insert` many times, which has poor performance.  Consider joining all columns at once using pd.concat(axis=1) instead. To get a de-fragmented frame, use `newframe = frame.copy()`
  dataframe[f"dc_hi_{n}"] = dataframe["high"].rolling(n).max().shift(1)
/freqtrade/user_data/strategies/TrendVolTarget.py:50: PerformanceWarning: DataFrame is highly fragmented.  This is usually the result of calling `frame.insert` many times, which has poor performance.  Consider joining all columns at once using pd.concat(axis=1) instead. To get a de-fragmented frame, use `newframe = frame.copy()`
  dataframe[f"dc_hi_{n}"] = dataframe["high"].rolling(n).max().shift(1)
/freqtrade/user_data/strategies/TrendVolTarget.py:50: PerformanceWarning: DataFrame is highly fragmented.  This is usually the result of calling `frame.insert` many times, which has poor performance.  Consider joining all columns at once using pd.concat(axis=1) instead. To get a de-fragmented frame, use `newframe = frame.copy()`
  dataframe[f"dc_hi_{n}"] = dataframe["high"].rolling(n).max().shift(1)
/freqtrade/user_data/strategies/TrendVolTarget.py:50: PerformanceWarning: DataFrame is highly fragmented.  This is usually the result of calling `frame.insert` many times, which has poor performance.  Consider joining all columns at once using pd.concat(axis=1) instead. To get a de-fragmented frame, use `newframe = frame.copy()`
  dataframe[f"dc_hi_{n}"] = dataframe["high"].rolling(n).max().shift(1)
/freqtrade/user_data/strategies/TrendVolTarget.py:50: PerformanceWarning: DataFrame is highly fragmented.  This is usually the result of calling `frame.insert` many times, which has poor performance.  Consider joining all columns at once using pd.concat(axis=1) instead. To get a de-fragmented frame, use `newframe = frame.copy()`
  dataframe[f"dc_hi_{n}"] = dataframe["high"].rolling(n).max().shift(1)
/freqtrade/user_data/strategies/TrendVolTarget.py:53: PerformanceWarning: DataFrame is highly fragmented.  This is usually the result of calling `frame.insert` many times, which has poor performance.  Consider joining all columns at once using pd.concat(axis=1) instead. To get a de-fragmented frame, use `newframe = frame.copy()`
  dataframe["sma_f"] = ta.SMA(dataframe, timeperiod=60)
/freqtrade/user_data/strategies/TrendVolTarget.py:54: PerformanceWarning: DataFrame is highly fragmented.  This is usually the result of calling `frame.insert` many times, which has poor performance.  Consider joining all columns at once using pd.concat(axis=1) instead. To get a de-fragmented frame, use `newframe = frame.copy()`
  dataframe["sma_s"] = ta.SMA(dataframe, timeperiod=240)
/freqtrade/user_data/strategies/TrendVolTarget.py:56: PerformanceWarning: DataFrame is highly fragmented.  This is usually the result of calling `frame.insert` many times, which has poor performance.  Consider joining all columns at once using pd.concat(axis=1) instead. To get a de-fragmented frame, use `newframe = frame.copy()`
  dataframe["rvol"] = dataframe["close"].pct_change().rolling(90).std() * np.sqrt(6 * 365)
/freqtrade/user_data/strategies/TrendVolTarget.py:50: PerformanceWarning: DataFrame is highly fragmented.  This is usually the result of calling `frame.insert` many times, which has poor performance.  Consider joining all columns at once using pd.concat(axis=1) instead. To get a de-fragmented frame, use `newframe = frame.copy()`
  dataframe[f"dc_hi_{n}"] = dataframe["high"].rolling(n).max().shift(1)
/freqtrade/user_data/strategies/TrendVolTarget.py:50: PerformanceWarning: DataFrame is highly fragmented.  This is usually the result of calling `frame.insert` many times, which has poor performance.  Consider joining all columns at once using pd.concat(axis=1) instead. To get a de-fragmented frame, use `newframe = frame.copy()`
  dataframe[f"dc_hi_{n}"] = dataframe["high"].rolling(n).max().shift(1)
/freqtrade/user_data/strategies/TrendVolTarget.py:50: PerformanceWarning: DataFrame is highly fragmented.  This is usually the result of calling `frame.insert` many times, which has poor performance.  Consider joining all columns at once using pd.concat(axis=1) instead. To get a de-fragmented frame, use `newframe = frame.copy()`
  dataframe[f"dc_hi_{n}"] = dataframe["high"].rolling(n).max().shift(1)
/freqtrade/user_data/strategies/TrendVolTarget.py:50: PerformanceWarning: DataFrame is highly fragmented.  This is usually the result of calling `frame.insert` many times, which has poor performance.  Consider joining all columns at once using pd.concat(axis=1) instead. To get a de-fragmented frame, use `newframe = frame.copy()`
  dataframe[f"dc_hi_{n}"] = dataframe["high"].rolling(n).max().shift(1)
/freqtrade/user_data/strategies/TrendVolTarget.py:50: PerformanceWarning: DataFrame is highly fragmented.  This is usually the result of calling `frame.insert` many times, which has poor performance.  Consider joining all columns at once using pd.concat(axis=1) instead. To get a de-fragmented frame, use `newframe = frame.copy()`
  dataframe[f"dc_hi_{n}"] = dataframe["high"].rolling(n).max().shift(1)
/freqtrade/user_data/strategies/TrendVolTarget.py:50: PerformanceWarning: DataFrame is highly fragmented.  This is usually the result of calling `frame.insert` many times, which has poor performance.  Consider joining all columns at once using pd.concat(axis=1) instead. To get a de-fragmented frame, use `newframe = frame.copy()`
  dataframe[f"dc_hi_{n}"] = dataframe["high"].rolling(n).max().shift(1)
/freqtrade/user_data/strategies/TrendVolTarget.py:50: PerformanceWarning: DataFrame is highly fragmented.  This is usually the result of calling `frame.insert` many times, which has poor performance.  Consider joining all columns at once using pd.concat(axis=1) instead. To get a de-fragmented frame, use `newframe = frame.copy()`
  dataframe[f"dc_hi_{n}"] = dataframe["high"].rolling(n).max().shift(1)
/freqtrade/user_data/strategies/TrendVolTarget.py:50: PerformanceWarning: DataFrame is highly fragmented.  This is usually the result of calling `frame.insert` many times, which has poor performance.  Consider joining all columns at once using pd.concat(axis=1) instead. To get a de-fragmented frame, use `newframe = frame.copy()`
  dataframe[f"dc_hi_{n}"] = dataframe["high"].rolling(n).max().shift(1)
/freqtrade/user_data/strategies/TrendVolTarget.py:50: PerformanceWarning: DataFrame is highly fragmented.  This is usually the result of calling `frame.insert` many times, which has poor performance.  Consider joining all columns at once using pd.concat(axis=1) instead. To get a de-fragmented frame, use `newframe = frame.copy()`
  dataframe[f"dc_hi_{n}"] = dataframe["high"].rolling(n).max().shift(1)
/freqtrade/user_data/strategies/TrendVolTarget.py:50: PerformanceWarning: DataFrame is highly fragmented.  This is usually the result of calling `frame.insert` many times, which has poor performance.  Consider joining all columns at once using pd.concat(axis=1) instead. To get a de-fragmented frame, use `newframe = frame.copy()`
  dataframe[f"dc_hi_{n}"] = dataframe["high"].rolling(n).max().shift(1)
/freqtrade/user_data/strategies/TrendVolTarget.py:50: PerformanceWarning: DataFrame is highly fragmented.  This is usually the result of calling `frame.insert` many times, which has poor performance.  Consider joining all columns at once using pd.concat(axis=1) instead. To get a de-fragmented frame, use `newframe = frame.copy()`
  dataframe[f"dc_hi_{n}"] = dataframe["high"].rolling(n).max().shift(1)
/freqtrade/user_data/strategies/TrendVolTarget.py:50: PerformanceWarning: DataFrame is highly fragmented.  This is usually the result of calling `frame.insert` many times, which has poor performance.  Consider joining all columns at once using pd.concat(axis=1) instead. To get a de-fragmented frame, use `newframe = frame.copy()`
  dataframe[f"dc_hi_{n}"] = dataframe["high"].rolling(n).max().shift(1)
/freqtrade/user_data/strategies/TrendVolTarget.py:50: PerformanceWarning: DataFrame is highly fragmented.  This is usually the result of calling `frame.insert` many times, which has poor performance.  Consider joining all columns at once using pd.concat(axis=1) instead. To get a de-fragmented frame, use `newframe = frame.copy()`
  dataframe[f"dc_hi_{n}"] = dataframe["high"].rolling(n).max().shift(1)
/freqtrade/user_data/strategies/TrendVolTarget.py:50: PerformanceWarning: DataFrame is highly fragmented.  This is usually the result of calling `frame.insert` many times, which has poor performance.  Consider joining all columns at once using pd.concat(axis=1) instead. To get a de-fragmented frame, use `newframe = frame.copy()`
  dataframe[f"dc_hi_{n}"] = dataframe["high"].rolling(n).max().shift(1)
/freqtrade/user_data/strategies/TrendVolTarget.py:50: PerformanceWarning: DataFrame is highly fragmented.  This is usually the result of calling `frame.insert` many times, which has poor performance.  Consider joining all columns at once using pd.concat(axis=1) instead. To get a de-fragmented frame, use `newframe = frame.copy()`
  dataframe[f"dc_hi_{n}"] = dataframe["high"].rolling(n).max().shift(1)
/freqtrade/user_data/strategies/TrendVolTarget.py:50: PerformanceWarning: DataFrame is highly fragmented.  This is usually the result of calling `frame.insert` many times, which has poor performance.  Consider joining all columns at once using pd.concat(axis=1) instead. To get a de-fragmented frame, use `newframe = frame.copy()`
  dataframe[f"dc_hi_{n}"] = dataframe["high"].rolling(n).max().shift(1)
/freqtrade/user_data/strategies/TrendVolTarget.py:50: PerformanceWarning: DataFrame is highly fragmented.  This is usually the result of calling `frame.insert` many times, which has poor performance.  Consider joining all columns at once using pd.concat(axis=1) instead. To get a de-fragmented frame, use `newframe = frame.copy()`
  dataframe[f"dc_hi_{n}"] = dataframe["high"].rolling(n).max().shift(1)
/freqtrade/user_data/strategies/TrendVolTarget.py:50: PerformanceWarning: DataFrame is highly fragmented.  This is usually the result of calling `frame.insert` many times, which has poor performance.  Consider joining all columns at once using pd.concat(axis=1) instead. To get a de-fragmented frame, use `newframe = frame.copy()`
  dataframe[f"dc_hi_{n}"] = dataframe["high"].rolling(n).max().shift(1)
/freqtrade/user_data/strategies/TrendVolTarget.py:50: PerformanceWarning: DataFrame is highly fragmented.  This is usually the result of calling `frame.insert` many times, which has poor performance.  Consider joining all columns at once using pd.concat(axis=1) instead. To get a de-fragmented frame, use `newframe = frame.copy()`
  dataframe[f"dc_hi_{n}"] = dataframe["high"].rolling(n).max().shift(1)
/freqtrade/user_data/strategies/TrendVolTarget.py:50: PerformanceWarning: DataFrame is highly fragmented.  This is usually the result of calling `frame.insert` many times, which has poor performance.  Consider joining all columns at once using pd.concat(axis=1) instead. To get a de-fragmented frame, use `newframe = frame.copy()`
  dataframe[f"dc_hi_{n}"] = dataframe["high"].rolling(n).max().shift(1)
/freqtrade/user_data/strategies/TrendVolTarget.py:50: PerformanceWarning: DataFrame is highly fragmented.  This is usually the result of calling `frame.insert` many times, which has poor performance.  Consider joining all columns at once using pd.concat(axis=1) instead. To get a de-fragmented frame, use `newframe = frame.copy()`
  dataframe[f"dc_hi_{n}"] = dataframe["high"].rolling(n).max().shift(1)
/freqtrade/user_data/strategies/TrendVolTarget.py:50: PerformanceWarning: DataFrame is highly fragmented.  This is usually the result of calling `frame.insert` many times, which has poor performance.  Consider joining all columns at once using pd.concat(axis=1) instead. To get a de-fragmented frame, use `newframe = frame.copy()`
  dataframe[f"dc_hi_{n}"] = dataframe["high"].rolling(n).max().shift(1)
/freqtrade/user_data/strategies/TrendVolTarget.py:50: PerformanceWarning: DataFrame is highly fragmented.  This is usually the result of calling `frame.insert` many times, which has poor performance.  Consider joining all columns at once using pd.concat(axis=1) instead. To get a de-fragmented frame, use `newframe = frame.copy()`
  dataframe[f"dc_hi_{n}"] = dataframe["high"].rolling(n).max().shift(1)
/freqtrade/user_data/strategies/TrendVolTarget.py:50: PerformanceWarning: DataFrame is highly fragmented.  This is usually the result of calling `frame.insert` many times, which has poor performance.  Consider joining all columns at once using pd.concat(axis=1) instead. To get a de-fragmented frame, use `newframe = frame.copy()`
  dataframe[f"dc_hi_{n}"] = dataframe["high"].rolling(n).max().shift(1)
/freqtrade/user_data/strategies/TrendVolTarget.py:50: PerformanceWarning: DataFrame is highly fragmented.  This is usually the result of calling `frame.insert` many times, which has poor performance.  Consider joining all columns at once using pd.concat(axis=1) instead. To get a de-fragmented frame, use `newframe = frame.copy()`
  dataframe[f"dc_hi_{n}"] = dataframe["high"].rolling(n).max().shift(1)
/freqtrade/user_data/strategies/TrendVolTarget.py:50: PerformanceWarning: DataFrame is highly fragmented.  This is usually the result of calling `frame.insert` many times, which has poor performance.  Consider joining all columns at once using pd.concat(axis=1) instead. To get a de-fragmented frame, use `newframe = frame.copy()`
  dataframe[f"dc_hi_{n}"] = dataframe["high"].rolling(n).max().shift(1)
/freqtrade/user_data/strategies/TrendVolTarget.py:50: PerformanceWarning: DataFrame is highly fragmented.  This is usually the result of calling `frame.insert` many times, which has poor performance.  Consider joining all columns at once using pd.concat(axis=1) instead. To get a de-fragmented frame, use `newframe = frame.copy()`
  dataframe[f"dc_hi_{n}"] = dataframe["high"].rolling(n).max().shift(1)
/freqtrade/user_data/strategies/TrendVolTarget.py:50: PerformanceWarning: DataFrame is highly fragmented.  This is usually the result of calling `frame.insert` many times, which has poor performance.  Consider joining all columns at once using pd.concat(axis=1) instead. To get a de-fragmented frame, use `newframe = frame.copy()`
  dataframe[f"dc_hi_{n}"] = dataframe["high"].rolling(n).max().shift(1)
/freqtrade/user_data/strategies/TrendVolTarget.py:50: PerformanceWarning: DataFrame is highly fragmented.  This is usually the result of calling `frame.insert` many times, which has poor performance.  Consider joining all columns at once using pd.concat(axis=1) instead. To get a de-fragmented frame, use `newframe = frame.copy()`
  dataframe[f"dc_hi_{n}"] = dataframe["high"].rolling(n).max().shift(1)
/freqtrade/user_data/strategies/TrendVolTarget.py:50: PerformanceWarning: DataFrame is highly fragmented.  This is usually the result of calling `frame.insert` many times, which has poor performance.  Consider joining all columns at once using pd.concat(axis=1) instead. To get a de-fragmented frame, use `newframe = frame.copy()`
  dataframe[f"dc_hi_{n}"] = dataframe["high"].rolling(n).max().shift(1)
/freqtrade/user_data/strategies/TrendVolTarget.py:50: PerformanceWarning: DataFrame is highly fragmented.  This is usually the result of calling `frame.insert` many times, which has poor performance.  Consider joining all columns at once using pd.concat(axis=1) instead. To get a de-fragmented frame, use `newframe = frame.copy()`
  dataframe[f"dc_hi_{n}"] = dataframe["high"].rolling(n).max().shift(1)
/freqtrade/user_data/strategies/TrendVolTarget.py:50: PerformanceWarning: DataFrame is highly fragmented.  This is usually the result of calling `frame.insert` many times, which has poor performance.  Consider joining all columns at once using pd.concat(axis=1) instead. To get a de-fragmented frame, use `newframe = frame.copy()`
  dataframe[f"dc_hi_{n}"] = dataframe["high"].rolling(n).max().shift(1)
/freqtrade/user_data/strategies/TrendVolTarget.py:50: PerformanceWarning: DataFrame is highly fragmented.  This is usually the result of calling `frame.insert` many times, which has poor performance.  Consider joining all columns at once using pd.concat(axis=1) instead. To get a de-fragmented frame, use `newframe = frame.copy()`
  dataframe[f"dc_hi_{n}"] = dataframe["high"].rolling(n).max().shift(1)
/freqtrade/user_data/strategies/TrendVolTarget.py:50: PerformanceWarning: DataFrame is highly fragmented.  This is usually the result of calling `frame.insert` many times, which has poor performance.  Consider joining all columns at once using pd.concat(axis=1) instead. To get a de-fragmented frame, use `newframe = frame.copy()`
  dataframe[f"dc_hi_{n}"] = dataframe["high"].rolling(n).max().shift(1)
/freqtrade/user_data/strategies/TrendVolTarget.py:50: PerformanceWarning: DataFrame is highly fragmented.  This is usually the result of calling `frame.insert` many times, which has poor performance.  Consider joining all columns at once using pd.concat(axis=1) instead. To get a de-fragmented frame, use `newframe = frame.copy()`
  dataframe[f"dc_hi_{n}"] = dataframe["high"].rolling(n).max().shift(1)
/freqtrade/user_data/strategies/TrendVolTarget.py:50: PerformanceWarning: DataFrame is highly fragmented.  This is usually the result of calling `frame.insert` many times, which has poor performance.  Consider joining all columns at once using pd.concat(axis=1) instead. To get a de-fragmented frame, use `newframe = frame.copy()`
  dataframe[f"dc_hi_{n}"] = dataframe["high"].rolling(n).max().shift(1)
/freqtrade/user_data/strategies/TrendVolTarget.py:50: PerformanceWarning: DataFrame is highly fragmented.  This is usually the result of calling `frame.insert` many times, which has poor performance.  Consider joining all columns at once using pd.concat(axis=1) instead. To get a de-fragmented frame, use `newframe = frame.copy()`
  dataframe[f"dc_hi_{n}"] = dataframe["high"].rolling(n).max().shift(1)
/freqtrade/user_data/strategies/TrendVolTarget.py:50: PerformanceWarning: DataFrame is highly fragmented.  This is usually the result of calling `frame.insert` many times, which has poor performance.  Consider joining all columns at once using pd.concat(axis=1) instead. To get a de-fragmented frame, use `newframe = frame.copy()`
  dataframe[f"dc_hi_{n}"] = dataframe["high"].rolling(n).max().shift(1)
/freqtrade/user_data/strategies/TrendVolTarget.py:50: PerformanceWarning: DataFrame is highly fragmented.  This is usually the result of calling `frame.insert` many times, which has poor performance.  Consider joining all columns at once using pd.concat(axis=1) instead. To get a de-fragmented frame, use `newframe = frame.copy()`
  dataframe[f"dc_hi_{n}"] = dataframe["high"].rolling(n).max().shift(1)
/freqtrade/user_data/strategies/TrendVolTarget.py:50: PerformanceWarning: DataFrame is highly fragmented.  This is usually the result of calling `frame.insert` many times, which has poor performance.  Consider joining all columns at once using pd.concat(axis=1) instead. To get a de-fragmented frame, use `newframe = frame.copy()`
  dataframe[f"dc_hi_{n}"] = dataframe["high"].rolling(n).max().shift(1)
/freqtrade/user_data/strategies/TrendVolTarget.py:50: PerformanceWarning: DataFrame is highly fragmented.  This is usually the result of calling `frame.insert` many times, which has poor performance.  Consider joining all columns at once using pd.concat(axis=1) instead. To get a de-fragmented frame, use `newframe = frame.copy()`
  dataframe[f"dc_hi_{n}"] = dataframe["high"].rolling(n).max().shift(1)
/freqtrade/user_data/strategies/TrendVolTarget.py:50: PerformanceWarning: DataFrame is highly fragmented.  This is usually the result of calling `frame.insert` many times, which has poor performance.  Consider joining all columns at once using pd.concat(axis=1) instead. To get a de-fragmented frame, use `newframe = frame.copy()`
  dataframe[f"dc_hi_{n}"] = dataframe["high"].rolling(n).max().shift(1)
/freqtrade/user_data/strategies/TrendVolTarget.py:50: PerformanceWarning: DataFrame is highly fragmented.  This is usually the result of calling `frame.insert` many times, which has poor performance.  Consider joining all columns at once using pd.concat(axis=1) instead. To get a de-fragmented frame, use `newframe = frame.copy()`
  dataframe[f"dc_hi_{n}"] = dataframe["high"].rolling(n).max().shift(1)
/freqtrade/user_data/strategies/TrendVolTarget.py:50: PerformanceWarning: DataFrame is highly fragmented.  This is usually the result of calling `frame.insert` many times, which has poor performance.  Consider joining all columns at once using pd.concat(axis=1) instead. To get a de-fragmented frame, use `newframe = frame.copy()`
  dataframe[f"dc_hi_{n}"] = dataframe["high"].rolling(n).max().shift(1)
/freqtrade/user_data/strategies/TrendVolTarget.py:50: PerformanceWarning: DataFrame is highly fragmented.  This is usually the result of calling `frame.insert` many times, which has poor performance.  Consider joining all columns at once using pd.concat(axis=1) instead. To get a de-fragmented frame, use `newframe = frame.copy()`
  dataframe[f"dc_hi_{n}"] = dataframe["high"].rolling(n).max().shift(1)
/freqtrade/user_data/strategies/TrendVolTarget.py:50: PerformanceWarning: DataFrame is highly fragmented.  This is usually the result of calling `frame.insert` many times, which has poor performance.  Consider joining all columns at once using pd.concat(axis=1) instead. To get a de-fragmented frame, use `newframe = frame.copy()`
  dataframe[f"dc_hi_{n}"] = dataframe["high"].rolling(n).max().shift(1)
/freqtrade/user_data/strategies/TrendVolTarget.py:50: PerformanceWarning: DataFrame is highly fragmented.  This is usually the result of calling `frame.insert` many times, which has poor performance.  Consider joining all columns at once using pd.concat(axis=1) instead. To get a de-fragmented frame, use `newframe = frame.copy()`
  dataframe[f"dc_hi_{n}"] = dataframe["high"].rolling(n).max().shift(1)
/freqtrade/user_data/strategies/TrendVolTarget.py:50: PerformanceWarning: DataFrame is highly fragmented.  This is usually the result of calling `frame.insert` many times, which has poor performance.  Consider joining all columns at once using pd.concat(axis=1) instead. To get a de-fragmented frame, use `newframe = frame.copy()`
  dataframe[f"dc_hi_{n}"] = dataframe["high"].rolling(n).max().shift(1)
/freqtrade/user_data/strategies/TrendVolTarget.py:50: PerformanceWarning: DataFrame is highly fragmented.  This is usually the result of calling `frame.insert` many times, which has poor performance.  Consider joining all columns at once using pd.concat(axis=1) instead. To get a de-fragmented frame, use `newframe = frame.copy()`
  dataframe[f"dc_hi_{n}"] = dataframe["high"].rolling(n).max().shift(1)
/freqtrade/user_data/strategies/TrendVolTarget.py:50: PerformanceWarning: DataFrame is highly fragmented.  This is usually the result of calling `frame.insert` many times, which has poor performance.  Consider joining all columns at once using pd.concat(axis=1) instead. To get a de-fragmented frame, use `newframe = frame.copy()`
  dataframe[f"dc_hi_{n}"] = dataframe["high"].rolling(n).max().shift(1)
/freqtrade/user_data/strategies/TrendVolTarget.py:50: PerformanceWarning: DataFrame is highly fragmented.  This is usually the result of calling `frame.insert` many times, which has poor performance.  Consider joining all columns at once using pd.concat(axis=1) instead. To get a de-fragmented frame, use `newframe = frame.copy()`
  dataframe[f"dc_hi_{n}"] = dataframe["high"].rolling(n).max().shift(1)
/freqtrade/user_data/strategies/TrendVolTarget.py:50: PerformanceWarning: DataFrame is highly fragmented.  This is usually the result of calling `frame.insert` many times, which has poor performance.  Consider joining all columns at once using pd.concat(axis=1) instead. To get a de-fragmented frame, use `newframe = frame.copy()`
  dataframe[f"dc_hi_{n}"] = dataframe["high"].rolling(n).max().shift(1)
/freqtrade/user_data/strategies/TrendVolTarget.py:50: PerformanceWarning: DataFrame is highly fragmented.  This is usually the result of calling `frame.insert` many times, which has poor performance.  Consider joining all columns at once using pd.concat(axis=1) instead. To get a de-fragmented frame, use `newframe = frame.copy()`
  dataframe[f"dc_hi_{n}"] = dataframe["high"].rolling(n).max().shift(1)
/freqtrade/user_data/strategies/TrendVolTarget.py:50: PerformanceWarning: DataFrame is highly fragmented.  This is usually the result of calling `frame.insert` many times, which has poor performance.  Consider joining all columns at once using pd.concat(axis=1) instead. To get a de-fragmented frame, use `newframe = frame.copy()`
  dataframe[f"dc_hi_{n}"] = dataframe["high"].rolling(n).max().shift(1)
/freqtrade/user_data/strategies/TrendVolTarget.py:50: PerformanceWarning: DataFrame is highly fragmented.  This is usually the result of calling `frame.insert` many times, which has poor performance.  Consider joining all columns at once using pd.concat(axis=1) instead. To get a de-fragmented frame, use `newframe = frame.copy()`
  dataframe[f"dc_hi_{n}"] = dataframe["high"].rolling(n).max().shift(1)
/freqtrade/user_data/strategies/TrendVolTarget.py:50: PerformanceWarning: DataFrame is highly fragmented.  This is usually the result of calling `frame.insert` many times, which has poor performance.  Consider joining all columns at once using pd.concat(axis=1) instead. To get a de-fragmented frame, use `newframe = frame.copy()`
  dataframe[f"dc_hi_{n}"] = dataframe["high"].rolling(n).max().shift(1)
/freqtrade/user_data/strategies/TrendVolTarget.py:50: PerformanceWarning: DataFrame is highly fragmented.  This is usually the result of calling `frame.insert` many times, which has poor performance.  Consider joining all columns at once using pd.concat(axis=1) instead. To get a de-fragmented frame, use `newframe = frame.copy()`
  dataframe[f"dc_hi_{n}"] = dataframe["high"].rolling(n).max().shift(1)
/freqtrade/user_data/strategies/TrendVolTarget.py:50: PerformanceWarning: DataFrame is highly fragmented.  This is usually the result of calling `frame.insert` many times, which has poor performance.  Consider joining all columns at once using pd.concat(axis=1) instead. To get a de-fragmented frame, use `newframe = frame.copy()`
  dataframe[f"dc_hi_{n}"] = dataframe["high"].rolling(n).max().shift(1)
/freqtrade/user_data/strategies/TrendVolTarget.py:50: PerformanceWarning: DataFrame is highly fragmented.  This is usually the result of calling `frame.insert` many times, which has poor performance.  Consider joining all columns at once using pd.concat(axis=1) instead. To get a de-fragmented frame, use `newframe = frame.copy()`
  dataframe[f"dc_hi_{n}"] = dataframe["high"].rolling(n).max().shift(1)
/freqtrade/user_data/strategies/TrendVolTarget.py:50: PerformanceWarning: DataFrame is highly fragmented.  This is usually the result of calling `frame.insert` many times, which has poor performance.  Consider joining all columns at once using pd.concat(axis=1) instead. To get a de-fragmented frame, use `newframe = frame.copy()`
  dataframe[f"dc_hi_{n}"] = dataframe["high"].rolling(n).max().shift(1)
/freqtrade/user_data/strategies/TrendVolTarget.py:50: PerformanceWarning: DataFrame is highly fragmented.  This is usually the result of calling `frame.insert` many times, which has poor performance.  Consider joining all columns at once using pd.concat(axis=1) instead. To get a de-fragmented frame, use `newframe = frame.copy()`
  dataframe[f"dc_hi_{n}"] = dataframe["high"].rolling(n).max().shift(1)
/freqtrade/user_data/strategies/TrendVolTarget.py:50: PerformanceWarning: DataFrame is highly fragmented.  This is usually the result of calling `frame.insert` many times, which has poor performance.  Consider joining all columns at once using pd.concat(axis=1) instead. To get a de-fragmented frame, use `newframe = frame.copy()`
  dataframe[f"dc_hi_{n}"] = dataframe["high"].rolling(n).max().shift(1)
/freqtrade/user_data/strategies/TrendVolTarget.py:50: PerformanceWarning: DataFrame is highly fragmented.  This is usually the result of calling `frame.insert` many times, which has poor performance.  Consider joining all columns at once using pd.concat(axis=1) instead. To get a de-fragmented frame, use `newframe = frame.copy()`
  dataframe[f"dc_hi_{n}"] = dataframe["high"].rolling(n).max().shift(1)
/freqtrade/user_data/strategies/TrendVolTarget.py:50: PerformanceWarning: DataFrame is highly fragmented.  This is usually the result of calling `frame.insert` many times, which has poor performance.  Consider joining all columns at once using pd.concat(axis=1) instead. To get a de-fragmented frame, use `newframe = frame.copy()`
  dataframe[f"dc_hi_{n}"] = dataframe["high"].rolling(n).max().shift(1)
/freqtrade/user_data/strategies/TrendVolTarget.py:50: PerformanceWarning: DataFrame is highly fragmented.  This is usually the result of calling `frame.insert` many times, which has poor performance.  Consider joining all columns at once using pd.concat(axis=1) instead. To get a de-fragmented frame, use `newframe = frame.copy()`
  dataframe[f"dc_hi_{n}"] = dataframe["high"].rolling(n).max().shift(1)
/freqtrade/user_data/strategies/TrendVolTarget.py:50: PerformanceWarning: DataFrame is highly fragmented.  This is usually the result of calling `frame.insert` many times, which has poor performance.  Consider joining all columns at once using pd.concat(axis=1) instead. To get a de-fragmented frame, use `newframe = frame.copy()`
  dataframe[f"dc_hi_{n}"] = dataframe["high"].rolling(n).max().shift(1)
/freqtrade/user_data/strategies/TrendVolTarget.py:50: PerformanceWarning: DataFrame is highly fragmented.  This is usually the result of calling `frame.insert` many times, which has poor performance.  Consider joining all columns at once using pd.concat(axis=1) instead. To get a de-fragmented frame, use `newframe = frame.copy()`
  dataframe[f"dc_hi_{n}"] = dataframe["high"].rolling(n).max().shift(1)
/freqtrade/user_data/strategies/TrendVolTarget.py:50: PerformanceWarning: DataFrame is highly fragmented.  This is usually the result of calling `frame.insert` many times, which has poor performance.  Consider joining all columns at once using pd.concat(axis=1) instead. To get a de-fragmented frame, use `newframe = frame.copy()`
  dataframe[f"dc_hi_{n}"] = dataframe["high"].rolling(n).max().shift(1)
/freqtrade/user_data/strategies/TrendVolTarget.py:50: PerformanceWarning: DataFrame is highly fragmented.  This is usually the result of calling `frame.insert` many times, which has poor performance.  Consider joining all columns at once using pd.concat(axis=1) instead. To get a de-fragmented frame, use `newframe = frame.copy()`
  dataframe[f"dc_hi_{n}"] = dataframe["high"].rolling(n).max().shift(1)
/freqtrade/user_data/strategies/TrendVolTarget.py:50: PerformanceWarning: DataFrame is highly fragmented.  This is usually the result of calling `frame.insert` many times, which has poor performance.  Consider joining all columns at once using pd.concat(axis=1) instead. To get a de-fragmented frame, use `newframe = frame.copy()`
  dataframe[f"dc_hi_{n}"] = dataframe["high"].rolling(n).max().shift(1)
/freqtrade/user_data/strategies/TrendVolTarget.py:50: PerformanceWarning: DataFrame is highly fragmented.  This is usually the result of calling `frame.insert` many times, which has poor performance.  Consider joining all columns at once using pd.concat(axis=1) instead. To get a de-fragmented frame, use `newframe = frame.copy()`
  dataframe[f"dc_hi_{n}"] = dataframe["high"].rolling(n).max().shift(1)
/freqtrade/user_data/strategies/TrendVolTarget.py:50: PerformanceWarning: DataFrame is highly fragmented.  This is usually the result of calling `frame.insert` many times, which has poor performance.  Consider joining all columns at once using pd.concat(axis=1) instead. To get a de-fragmented frame, use `newframe = frame.copy()`
  dataframe[f"dc_hi_{n}"] = dataframe["high"].rolling(n).max().shift(1)
/freqtrade/user_data/strategies/TrendVolTarget.py:50: PerformanceWarning: DataFrame is highly fragmented.  This is usually the result of calling `frame.insert` many times, which has poor performance.  Consider joining all columns at once using pd.concat(axis=1) instead. To get a de-fragmented frame, use `newframe = frame.copy()`
  dataframe[f"dc_hi_{n}"] = dataframe["high"].rolling(n).max().shift(1)
/freqtrade/user_data/strategies/TrendVolTarget.py:50: PerformanceWarning: DataFrame is highly fragmented.  This is usually the result of calling `frame.insert` many times, which has poor performance.  Consider joining all columns at once using pd.concat(axis=1) instead. To get a de-fragmented frame, use `newframe = frame.copy()`
  dataframe[f"dc_hi_{n}"] = dataframe["high"].rolling(n).max().shift(1)
/freqtrade/user_data/strategies/TrendVolTarget.py:50: PerformanceWarning: DataFrame is highly fragmented.  This is usually the result of calling `frame.insert` many times, which has poor performance.  Consider joining all columns at once using pd.concat(axis=1) instead. To get a de-fragmented frame, use `newframe = frame.copy()`
  dataframe[f"dc_hi_{n}"] = dataframe["high"].rolling(n).max().shift(1)
/freqtrade/user_data/strategies/TrendVolTarget.py:50: PerformanceWarning: DataFrame is highly fragmented.  This is usually the result of calling `frame.insert` many times, which has poor performance.  Consider joining all columns at once using pd.concat(axis=1) instead. To get a de-fragmented frame, use `newframe = frame.copy()`
  dataframe[f"dc_hi_{n}"] = dataframe["high"].rolling(n).max().shift(1)
/freqtrade/user_data/strategies/TrendVolTarget.py:50: PerformanceWarning: DataFrame is highly fragmented.  This is usually the result of calling `frame.insert` many times, which has poor performance.  Consider joining all columns at once using pd.concat(axis=1) instead. To get a de-fragmented frame, use `newframe = frame.copy()`
  dataframe[f"dc_hi_{n}"] = dataframe["high"].rolling(n).max().shift(1)
/freqtrade/user_data/strategies/TrendVolTarget.py:50: PerformanceWarning: DataFrame is highly fragmented.  This is usually the result of calling `frame.insert` many times, which has poor performance.  Consider joining all columns at once using pd.concat(axis=1) instead. To get a de-fragmented frame, use `newframe = frame.copy()`
  dataframe[f"dc_hi_{n}"] = dataframe["high"].rolling(n).max().shift(1)
/freqtrade/user_data/strategies/TrendVolTarget.py:50: PerformanceWarning: DataFrame is highly fragmented.  This is usually the result of calling `frame.insert` many times, which has poor performance.  Consider joining all columns at once using pd.concat(axis=1) instead. To get a de-fragmented frame, use `newframe = frame.copy()`
  dataframe[f"dc_hi_{n}"] = dataframe["high"].rolling(n).max().shift(1)
/freqtrade/user_data/strategies/TrendVolTarget.py:50: PerformanceWarning: DataFrame is highly fragmented.  This is usually the result of calling `frame.insert` many times, which has poor performance.  Consider joining all columns at once using pd.concat(axis=1) instead. To get a de-fragmented frame, use `newframe = frame.copy()`
  dataframe[f"dc_hi_{n}"] = dataframe["high"].rolling(n).max().shift(1)
/freqtrade/user_data/strategies/TrendVolTarget.py:50: PerformanceWarning: DataFrame is highly fragmented.  This is usually the result of calling `frame.insert` many times, which has poor performance.  Consider joining all columns at once using pd.concat(axis=1) instead. To get a de-fragmented frame, use `newframe = frame.copy()`
  dataframe[f"dc_hi_{n}"] = dataframe["high"].rolling(n).max().shift(1)
/freqtrade/user_data/strategies/TrendVolTarget.py:50: PerformanceWarning: DataFrame is highly fragmented.  This is usually the result of calling `frame.insert` many times, which has poor performance.  Consider joining all columns at once using pd.concat(axis=1) instead. To get a de-fragmented frame, use `newframe = frame.copy()`
  dataframe[f"dc_hi_{n}"] = dataframe["high"].rolling(n).max().shift(1)
/freqtrade/user_data/strategies/TrendVolTarget.py:50: PerformanceWarning: DataFrame is highly fragmented.  This is usually the result of calling `frame.insert` many times, which has poor performance.  Consider joining all columns at once using pd.concat(axis=1) instead. To get a de-fragmented frame, use `newframe = frame.copy()`
  dataframe[f"dc_hi_{n}"] = dataframe["high"].rolling(n).max().shift(1)
/freqtrade/user_data/strategies/TrendVolTarget.py:50: PerformanceWarning: DataFrame is highly fragmented.  This is usually the result of calling `frame.insert` many times, which has poor performance.  Consider joining all columns at once using pd.concat(axis=1) instead. To get a de-fragmented frame, use `newframe = frame.copy()`
  dataframe[f"dc_hi_{n}"] = dataframe["high"].rolling(n).max().shift(1)
/freqtrade/user_data/strategies/TrendVolTarget.py:53: PerformanceWarning: DataFrame is highly fragmented.  This is usually the result of calling `frame.insert` many times, which has poor performance.  Consider joining all columns at once using pd.concat(axis=1) instead. To get a de-fragmented frame, use `newframe = frame.copy()`
  dataframe["sma_f"] = ta.SMA(dataframe, timeperiod=60)
/freqtrade/user_data/strategies/TrendVolTarget.py:54: PerformanceWarning: DataFrame is highly fragmented.  This is usually the result of calling `frame.insert` many times, which has poor performance.  Consider joining all columns at once using pd.concat(axis=1) instead. To get a de-fragmented frame, use `newframe = frame.copy()`
  dataframe["sma_s"] = ta.SMA(dataframe, timeperiod=240)
/freqtrade/user_data/strategies/TrendVolTarget.py:56: PerformanceWarning: DataFrame is highly fragmented.  This is usually the result of calling `frame.insert` many times, which has poor performance.  Consider joining all columns at once using pd.concat(axis=1) instead. To get a de-fragmented frame, use `newframe = frame.copy()`
  dataframe["rvol"] = dataframe["close"].pct_change().rolling(90).std() * np.sqrt(6 * 365)
/freqtrade/user_data/strategies/TrendVolTarget.py:50: PerformanceWarning: DataFrame is highly fragmented.  This is usually the result of calling `frame.insert` many times, which has poor performance.  Consider joining all columns at once using pd.concat(axis=1) instead. To get a de-fragmented frame, use `newframe = frame.copy()`
  dataframe[f"dc_hi_{n}"] = dataframe["high"].rolling(n).max().shift(1)
/freqtrade/user_data/strategies/TrendVolTarget.py:50: PerformanceWarning: DataFrame is highly fragmented.  This is usually the result of calling `frame.insert` many times, which has poor performance.  Consider joining all columns at once using pd.concat(axis=1) instead. To get a de-fragmented frame, use `newframe = frame.copy()`
  dataframe[f"dc_hi_{n}"] = dataframe["high"].rolling(n).max().shift(1)
/freqtrade/user_data/strategies/TrendVolTarget.py:50: PerformanceWarning: DataFrame is highly fragmented.  This is usually the result of calling `frame.insert` many times, which has poor performance.  Consider joining all columns at once using pd.concat(axis=1) instead. To get a de-fragmented frame, use `newframe = frame.copy()`
  dataframe[f"dc_hi_{n}"] = dataframe["high"].rolling(n).max().shift(1)
/freqtrade/user_data/strategies/TrendVolTarget.py:50: PerformanceWarning: DataFrame is highly fragmented.  This is usually the result of calling `frame.insert` many times, which has poor performance.  Consider joining all columns at once using pd.concat(axis=1) instead. To get a de-fragmented frame, use `newframe = frame.copy()`
  dataframe[f"dc_hi_{n}"] = dataframe["high"].rolling(n).max().shift(1)
/freqtrade/user_data/strategies/TrendVolTarget.py:50: PerformanceWarning: DataFrame is highly fragmented.  This is usually the result of calling `frame.insert` many times, which has poor performance.  Consider joining all columns at once using pd.concat(axis=1) instead. To get a de-fragmented frame, use `newframe = frame.copy()`
  dataframe[f"dc_hi_{n}"] = dataframe["high"].rolling(n).max().shift(1)
/freqtrade/user_data/strategies/TrendVolTarget.py:50: PerformanceWarning: DataFrame is highly fragmented.  This is usually the result of calling `frame.insert` many times, which has poor performance.  Consider joining all columns at once using pd.concat(axis=1) instead. To get a de-fragmented frame, use `newframe = frame.copy()`
  dataframe[f"dc_hi_{n}"] = dataframe["high"].rolling(n).max().shift(1)
/freqtrade/user_data/strategies/TrendVolTarget.py:50: PerformanceWarning: DataFrame is highly fragmented.  This is usually the result of calling `frame.insert` many times, which has poor performance.  Consider joining all columns at once using pd.concat(axis=1) instead. To get a de-fragmented frame, use `newframe = frame.copy()`
  dataframe[f"dc_hi_{n}"] = dataframe["high"].rolling(n).max().shift(1)
/freqtrade/user_data/strategies/TrendVolTarget.py:50: PerformanceWarning: DataFrame is highly fragmented.  This is usually the result of calling `frame.insert` many times, which has poor performance.  Consider joining all columns at once using pd.concat(axis=1) instead. To get a de-fragmented frame, use `newframe = frame.copy()`
  dataframe[f"dc_hi_{n}"] = dataframe["high"].rolling(n).max().shift(1)
/freqtrade/user_data/strategies/TrendVolTarget.py:50: PerformanceWarning: DataFrame is highly fragmented.  This is usually the result of calling `frame.insert` many times, which has poor performance.  Consider joining all columns at once using pd.concat(axis=1) instead. To get a de-fragmented frame, use `newframe = frame.copy()`
  dataframe[f"dc_hi_{n}"] = dataframe["high"].rolling(n).max().shift(1)
/freqtrade/user_data/strategies/TrendVolTarget.py:50: PerformanceWarning: DataFrame is highly fragmented.  This is usually the result of calling `frame.insert` many times, which has poor performance.  Consider joining all columns at once using pd.concat(axis=1) instead. To get a de-fragmented frame, use `newframe = frame.copy()`
  dataframe[f"dc_hi_{n}"] = dataframe["high"].rolling(n).max().shift(1)
/freqtrade/user_data/strategies/TrendVolTarget.py:50: PerformanceWarning: DataFrame is highly fragmented.  This is usually the result of calling `frame.insert` many times, which has poor performance.  Consider joining all columns at once using pd.concat(axis=1) instead. To get a de-fragmented frame, use `newframe = frame.copy()`
  dataframe[f"dc_hi_{n}"] = dataframe["high"].rolling(n).max().shift(1)
/freqtrade/user_data/strategies/TrendVolTarget.py:50: PerformanceWarning: DataFrame is highly fragmented.  This is usually the result of calling `frame.insert` many times, which has poor performance.  Consider joining all columns at once using pd.concat(axis=1) instead. To get a de-fragmented frame, use `newframe = frame.copy()`
  dataframe[f"dc_hi_{n}"] = dataframe["high"].rolling(n).max().shift(1)
/freqtrade/user_data/strategies/TrendVolTarget.py:50: PerformanceWarning: DataFrame is highly fragmented.  This is usually the result of calling `frame.insert` many times, which has poor performance.  Consider joining all columns at once using pd.concat(axis=1) instead. To get a de-fragmented frame, use `newframe = frame.copy()`
  dataframe[f"dc_hi_{n}"] = dataframe["high"].rolling(n).max().shift(1)
/freqtrade/user_data/strategies/TrendVolTarget.py:50: PerformanceWarning: DataFrame is highly fragmented.  This is usually the result of calling `frame.insert` many times, which has poor performance.  Consider joining all columns at once using pd.concat(axis=1) instead. To get a de-fragmented frame, use `newframe = frame.copy()`
  dataframe[f"dc_hi_{n}"] = dataframe["high"].rolling(n).max().shift(1)
/freqtrade/user_data/strategies/TrendVolTarget.py:50: PerformanceWarning: DataFrame is highly fragmented.  This is usually the result of calling `frame.insert` many times, which has poor performance.  Consider joining all columns at once using pd.concat(axis=1) instead. To get a de-fragmented frame, use `newframe = frame.copy()`
  dataframe[f"dc_hi_{n}"] = dataframe["high"].rolling(n).max().shift(1)
/freqtrade/user_data/strategies/TrendVolTarget.py:50: PerformanceWarning: DataFrame is highly fragmented.  This is usually the result of calling `frame.insert` many times, which has poor performance.  Consider joining all columns at once using pd.concat(axis=1) instead. To get a de-fragmented frame, use `newframe = frame.copy()`
  dataframe[f"dc_hi_{n}"] = dataframe["high"].rolling(n).max().shift(1)
/freqtrade/user_data/strategies/TrendVolTarget.py:50: PerformanceWarning: DataFrame is highly fragmented.  This is usually the result of calling `frame.insert` many times, which has poor performance.  Consider joining all columns at once using pd.concat(axis=1) instead. To get a de-fragmented frame, use `newframe = frame.copy()`
  dataframe[f"dc_hi_{n}"] = dataframe["high"].rolling(n).max().shift(1)
/freqtrade/user_data/strategies/TrendVolTarget.py:50: PerformanceWarning: DataFrame is highly fragmented.  This is usually the result of calling `frame.insert` many times, which has poor performance.  Consider joining all columns at once using pd.concat(axis=1) instead. To get a de-fragmented frame, use `newframe = frame.copy()`
  dataframe[f"dc_hi_{n}"] = dataframe["high"].rolling(n).max().shift(1)
/freqtrade/user_data/strategies/TrendVolTarget.py:50: PerformanceWarning: DataFrame is highly fragmented.  This is usually the result of calling `frame.insert` many times, which has poor performance.  Consider joining all columns at once using pd.concat(axis=1) instead. To get a de-fragmented frame, use `newframe = frame.copy()`
  dataframe[f"dc_hi_{n}"] = dataframe["high"].rolling(n).max().shift(1)
/freqtrade/user_data/strategies/TrendVolTarget.py:50: PerformanceWarning: DataFrame is highly fragmented.  This is usually the result of calling `frame.insert` many times, which has poor performance.  Consider joining all columns at once using pd.concat(axis=1) instead. To get a de-fragmented frame, use `newframe = frame.copy()`
  dataframe[f"dc_hi_{n}"] = dataframe["high"].rolling(n).max().shift(1)
/freqtrade/user_data/strategies/TrendVolTarget.py:50: PerformanceWarning: DataFrame is highly fragmented.  This is usually the result of calling `frame.insert` many times, which has poor performance.  Consider joining all columns at once using pd.concat(axis=1) instead. To get a de-fragmented frame, use `newframe = frame.copy()`
  dataframe[f"dc_hi_{n}"] = dataframe["high"].rolling(n).max().shift(1)
/freqtrade/user_data/strategies/TrendVolTarget.py:50: PerformanceWarning: DataFrame is highly fragmented.  This is usually the result of calling `frame.insert` many times, which has poor performance.  Consider joining all columns at once using pd.concat(axis=1) instead. To get a de-fragmented frame, use `newframe = frame.copy()`
  dataframe[f"dc_hi_{n}"] = dataframe["high"].rolling(n).max().shift(1)
/freqtrade/user_data/strategies/TrendVolTarget.py:50: PerformanceWarning: DataFrame is highly fragmented.  This is usually the result of calling `frame.insert` many times, which has poor performance.  Consider joining all columns at once using pd.concat(axis=1) instead. To get a de-fragmented frame, use `newframe = frame.copy()`
  dataframe[f"dc_hi_{n}"] = dataframe["high"].rolling(n).max().shift(1)
/freqtrade/user_data/strategies/TrendVolTarget.py:50: PerformanceWarning: DataFrame is highly fragmented.  This is usually the result of calling `frame.insert` many times, which has poor performance.  Consider joining all columns at once using pd.concat(axis=1) instead. To get a de-fragmented frame, use `newframe = frame.copy()`
  dataframe[f"dc_hi_{n}"] = dataframe["high"].rolling(n).max().shift(1)
/freqtrade/user_data/strategies/TrendVolTarget.py:50: PerformanceWarning: DataFrame is highly fragmented.  This is usually the result of calling `frame.insert` many times, which has poor performance.  Consider joining all columns at once using pd.concat(axis=1) instead. To get a de-fragmented frame, use `newframe = frame.copy()`
  dataframe[f"dc_hi_{n}"] = dataframe["high"].rolling(n).max().shift(1)
/freqtrade/user_data/strategies/TrendVolTarget.py:50: PerformanceWarning: DataFrame is highly fragmented.  This is usually the result of calling `frame.insert` many times, which has poor performance.  Consider joining all columns at once using pd.concat(axis=1) instead. To get a de-fragmented frame, use `newframe = frame.copy()`
  dataframe[f"dc_hi_{n}"] = dataframe["high"].rolling(n).max().shift(1)
/freqtrade/user_data/strategies/TrendVolTarget.py:50: PerformanceWarning: DataFrame is highly fragmented.  This is usually the result of calling `frame.insert` many times, which has poor performance.  Consider joining all columns at once using pd.concat(axis=1) instead. To get a de-fragmented frame, use `newframe = frame.copy()`
  dataframe[f"dc_hi_{n}"] = dataframe["high"].rolling(n).max().shift(1)
/freqtrade/user_data/strategies/TrendVolTarget.py:50: PerformanceWarning: DataFrame is highly fragmented.  This is usually the result of calling `frame.insert` many times, which has poor performance.  Consider joining all columns at once using pd.concat(axis=1) instead. To get a de-fragmented frame, use `newframe = frame.copy()`
  dataframe[f"dc_hi_{n}"] = dataframe["high"].rolling(n).max().shift(1)
/freqtrade/user_data/strategies/TrendVolTarget.py:50: PerformanceWarning: DataFrame is highly fragmented.  This is usually the result of calling `frame.insert` many times, which has poor performance.  Consider joining all columns at once using pd.concat(axis=1) instead. To get a de-fragmented frame, use `newframe = frame.copy()`
  dataframe[f"dc_hi_{n}"] = dataframe["high"].rolling(n).max().shift(1)
/freqtrade/user_data/strategies/TrendVolTarget.py:50: PerformanceWarning: DataFrame is highly fragmented.  This is usually the result of calling `frame.insert` many times, which has poor performance.  Consider joining all columns at once using pd.concat(axis=1) instead. To get a de-fragmented frame, use `newframe = frame.copy()`
  dataframe[f"dc_hi_{n}"] = dataframe["high"].rolling(n).max().shift(1)
/freqtrade/user_data/strategies/TrendVolTarget.py:50: PerformanceWarning: DataFrame is highly fragmented.  This is usually the result of calling `frame.insert` many times, which has poor performance.  Consider joining all columns at once using pd.concat(axis=1) instead. To get a de-fragmented frame, use `newframe = frame.copy()`
  dataframe[f"dc_hi_{n}"] = dataframe["high"].rolling(n).max().shift(1)
/freqtrade/user_data/strategies/TrendVolTarget.py:50: PerformanceWarning: DataFrame is highly fragmented.  This is usually the result of calling `frame.insert` many times, which has poor performance.  Consider joining all columns at once using pd.concat(axis=1) instead. To get a de-fragmented frame, use `newframe = frame.copy()`
  dataframe[f"dc_hi_{n}"] = dataframe["high"].rolling(n).max().shift(1)
/freqtrade/user_data/strategies/TrendVolTarget.py:50: PerformanceWarning: DataFrame is highly fragmented.  This is usually the result of calling `frame.insert` many times, which has poor performance.  Consider joining all columns at once using pd.concat(axis=1) instead. To get a de-fragmented frame, use `newframe = frame.copy()`
  dataframe[f"dc_hi_{n}"] = dataframe["high"].rolling(n).max().shift(1)
/freqtrade/user_data/strategies/TrendVolTarget.py:50: PerformanceWarning: DataFrame is highly fragmented.  This is usually the result of calling `frame.insert` many times, which has poor performance.  Consider joining all columns at once using pd.concat(axis=1) instead. To get a de-fragmented frame, use `newframe = frame.copy()`
  dataframe[f"dc_hi_{n}"] = dataframe["high"].rolling(n).max().shift(1)
/freqtrade/user_data/strategies/TrendVolTarget.py:50: PerformanceWarning: DataFrame is highly fragmented.  This is usually the result of calling `frame.insert` many times, which has poor performance.  Consider joining all columns at once using pd.concat(axis=1) instead. To get a de-fragmented frame, use `newframe = frame.copy()`
  dataframe[f"dc_hi_{n}"] = dataframe["high"].rolling(n).max().shift(1)
/freqtrade/user_data/strategies/TrendVolTarget.py:50: PerformanceWarning: DataFrame is highly fragmented.  This is usually the result of calling `frame.insert` many times, which has poor performance.  Consider joining all columns at once using pd.concat(axis=1) instead. To get a de-fragmented frame, use `newframe = frame.copy()`
  dataframe[f"dc_hi_{n}"] = dataframe["high"].rolling(n).max().shift(1)
/freqtrade/user_data/strategies/TrendVolTarget.py:50: PerformanceWarning: DataFrame is highly fragmented.  This is usually the result of calling `frame.insert` many times, which has poor performance.  Consider joining all columns at once using pd.concat(axis=1) instead. To get a de-fragmented frame, use `newframe = frame.copy()`
  dataframe[f"dc_hi_{n}"] = dataframe["high"].rolling(n).max().shift(1)
/freqtrade/user_data/strategies/TrendVolTarget.py:50: PerformanceWarning: DataFrame is highly fragmented.  This is usually the result of calling `frame.insert` many times, which has poor performance.  Consider joining all columns at once using pd.concat(axis=1) instead. To get a de-fragmented frame, use `newframe = frame.copy()`
  dataframe[f"dc_hi_{n}"] = dataframe["high"].rolling(n).max().shift(1)
/freqtrade/user_data/strategies/TrendVolTarget.py:50: PerformanceWarning: DataFrame is highly fragmented.  This is usually the result of calling `frame.insert` many times, which has poor performance.  Consider joining all columns at once using pd.concat(axis=1) instead. To get a de-fragmented frame, use `newframe = frame.copy()`
  dataframe[f"dc_hi_{n}"] = dataframe["high"].rolling(n).max().shift(1)
/freqtrade/user_data/strategies/TrendVolTarget.py:50: PerformanceWarning: DataFrame is highly fragmented.  This is usually the result of calling `frame.insert` many times, which has poor performance.  Consider joining all columns at once using pd.concat(axis=1) instead. To get a de-fragmented frame, use `newframe = frame.copy()`
  dataframe[f"dc_hi_{n}"] = dataframe["high"].rolling(n).max().shift(1)
/freqtrade/user_data/strategies/TrendVolTarget.py:50: PerformanceWarning: DataFrame is highly fragmented.  This is usually the result of calling `frame.insert` many times, which has poor performance.  Consider joining all columns at once using pd.concat(axis=1) instead. To get a de-fragmented frame, use `newframe = frame.copy()`
  dataframe[f"dc_hi_{n}"] = dataframe["high"].rolling(n).max().shift(1)
/freqtrade/user_data/strategies/TrendVolTarget.py:50: PerformanceWarning: DataFrame is highly fragmented.  This is usually the result of calling `frame.insert` many times, which has poor performance.  Consider joining all columns at once using pd.concat(axis=1) instead. To get a de-fragmented frame, use `newframe = frame.copy()`
  dataframe[f"dc_hi_{n}"] = dataframe["high"].rolling(n).max().shift(1)
/freqtrade/user_data/strategies/TrendVolTarget.py:50: PerformanceWarning: DataFrame is highly fragmented.  This is usually the result of calling `frame.insert` many times, which has poor performance.  Consider joining all columns at once using pd.concat(axis=1) instead. To get a de-fragmented frame, use `newframe = frame.copy()`
  dataframe[f"dc_hi_{n}"] = dataframe["high"].rolling(n).max().shift(1)
/freqtrade/user_data/strategies/TrendVolTarget.py:50: PerformanceWarning: DataFrame is highly fragmented.  This is usually the result of calling `frame.insert` many times, which has poor performance.  Consider joining all columns at once using pd.concat(axis=1) instead. To get a de-fragmented frame, use `newframe = frame.copy()`
  dataframe[f"dc_hi_{n}"] = dataframe["high"].rolling(n).max().shift(1)
/freqtrade/user_data/strategies/TrendVolTarget.py:50: PerformanceWarning: DataFrame is highly fragmented.  This is usually the result of calling `frame.insert` many times, which has poor performance.  Consider joining all columns at once using pd.concat(axis=1) instead. To get a de-fragmented frame, use `newframe = frame.copy()`
  dataframe[f"dc_hi_{n}"] = dataframe["high"].rolling(n).max().shift(1)
/freqtrade/user_data/strategies/TrendVolTarget.py:50: PerformanceWarning: DataFrame is highly fragmented.  This is usually the result of calling `frame.insert` many times, which has poor performance.  Consider joining all columns at once using pd.concat(axis=1) instead. To get a de-fragmented frame, use `newframe = frame.copy()`
  dataframe[f"dc_hi_{n}"] = dataframe["high"].rolling(n).max().shift(1)
/freqtrade/user_data/strategies/TrendVolTarget.py:50: PerformanceWarning: DataFrame is highly fragmented.  This is usually the result of calling `frame.insert` many times, which has poor performance.  Consider joining all columns at once using pd.concat(axis=1) instead. To get a de-fragmented frame, use `newframe = frame.copy()`
  dataframe[f"dc_hi_{n}"] = dataframe["high"].rolling(n).max().shift(1)
/freqtrade/user_data/strategies/TrendVolTarget.py:50: PerformanceWarning: DataFrame is highly fragmented.  This is usually the result of calling `frame.insert` many times, which has poor performance.  Consider joining all columns at once using pd.concat(axis=1) instead. To get a de-fragmented frame, use `newframe = frame.copy()`
  dataframe[f"dc_hi_{n}"] = dataframe["high"].rolling(n).max().shift(1)
/freqtrade/user_data/strategies/TrendVolTarget.py:50: PerformanceWarning: DataFrame is highly fragmented.  This is usually the result of calling `frame.insert` many times, which has poor performance.  Consider joining all columns at once using pd.concat(axis=1) instead. To get a de-fragmented frame, use `newframe = frame.copy()`
  dataframe[f"dc_hi_{n}"] = dataframe["high"].rolling(n).max().shift(1)
/freqtrade/user_data/strategies/TrendVolTarget.py:50: PerformanceWarning: DataFrame is highly fragmented.  This is usually the result of calling `frame.insert` many times, which has poor performance.  Consider joining all columns at once using pd.concat(axis=1) instead. To get a de-fragmented frame, use `newframe = frame.copy()`
  dataframe[f"dc_hi_{n}"] = dataframe["high"].rolling(n).max().shift(1)
/freqtrade/user_data/strategies/TrendVolTarget.py:50: PerformanceWarning: DataFrame is highly fragmented.  This is usually the result of calling `frame.insert` many times, which has poor performance.  Consider joining all columns at once using pd.concat(axis=1) instead. To get a de-fragmented frame, use `newframe = frame.copy()`
  dataframe[f"dc_hi_{n}"] = dataframe["high"].rolling(n).max().shift(1)
/freqtrade/user_data/strategies/TrendVolTarget.py:50: PerformanceWarning: DataFrame is highly fragmented.  This is usually the result of calling `frame.insert` many times, which has poor performance.  Consider joining all columns at once using pd.concat(axis=1) instead. To get a de-fragmented frame, use `newframe = frame.copy()`
  dataframe[f"dc_hi_{n}"] = dataframe["high"].rolling(n).max().shift(1)
/freqtrade/user_data/strategies/TrendVolTarget.py:50: PerformanceWarning: DataFrame is highly fragmented.  This is usually the result of calling `frame.insert` many times, which has poor performance.  Consider joining all columns at once using pd.concat(axis=1) instead. To get a de-fragmented frame, use `newframe = frame.copy()`
  dataframe[f"dc_hi_{n}"] = dataframe["high"].rolling(n).max().shift(1)
/freqtrade/user_data/strategies/TrendVolTarget.py:50: PerformanceWarning: DataFrame is highly fragmented.  This is usually the result of calling `frame.insert` many times, which has poor performance.  Consider joining all columns at once using pd.concat(axis=1) instead. To get a de-fragmented frame, use `newframe = frame.copy()`
  dataframe[f"dc_hi_{n}"] = dataframe["high"].rolling(n).max().shift(1)
/freqtrade/user_data/strategies/TrendVolTarget.py:50: PerformanceWarning: DataFrame is highly fragmented.  This is usually the result of calling `frame.insert` many times, which has poor performance.  Consider joining all columns at once using pd.concat(axis=1) instead. To get a de-fragmented frame, use `newframe = frame.copy()`
  dataframe[f"dc_hi_{n}"] = dataframe["high"].rolling(n).max().shift(1)
/freqtrade/user_data/strategies/TrendVolTarget.py:50: PerformanceWarning: DataFrame is highly fragmented.  This is usually the result of calling `frame.insert` many times, which has poor performance.  Consider joining all columns at once using pd.concat(axis=1) instead. To get a de-fragmented frame, use `newframe = frame.copy()`
  dataframe[f"dc_hi_{n}"] = dataframe["high"].rolling(n).max().shift(1)
/freqtrade/user_data/strategies/TrendVolTarget.py:50: PerformanceWarning: DataFrame is highly fragmented.  This is usually the result of calling `frame.insert` many times, which has poor performance.  Consider joining all columns at once using pd.concat(axis=1) instead. To get a de-fragmented frame, use `newframe = frame.copy()`
  dataframe[f"dc_hi_{n}"] = dataframe["high"].rolling(n).max().shift(1)
/freqtrade/user_data/strategies/TrendVolTarget.py:50: PerformanceWarning: DataFrame is highly fragmented.  This is usually the result of calling `frame.insert` many times, which has poor performance.  Consider joining all columns at once using pd.concat(axis=1) instead. To get a de-fragmented frame, use `newframe = frame.copy()`
  dataframe[f"dc_hi_{n}"] = dataframe["high"].rolling(n).max().shift(1)
/freqtrade/user_data/strategies/TrendVolTarget.py:50: PerformanceWarning: DataFrame is highly fragmented.  This is usually the result of calling `frame.insert` many times, which has poor performance.  Consider joining all columns at once using pd.concat(axis=1) instead. To get a de-fragmented frame, use `newframe = frame.copy()`
  dataframe[f"dc_hi_{n}"] = dataframe["high"].rolling(n).max().shift(1)
/freqtrade/user_data/strategies/TrendVolTarget.py:50: PerformanceWarning: DataFrame is highly fragmented.  This is usually the result of calling `frame.insert` many times, which has poor performance.  Consider joining all columns at once using pd.concat(axis=1) instead. To get a de-fragmented frame, use `newframe = frame.copy()`
  dataframe[f"dc_hi_{n}"] = dataframe["high"].rolling(n).max().shift(1)
/freqtrade/user_data/strategies/TrendVolTarget.py:50: PerformanceWarning: DataFrame is highly fragmented.  This is usually the result of calling `frame.insert` many times, which has poor performance.  Consider joining all columns at once using pd.concat(axis=1) instead. To get a de-fragmented frame, use `newframe = frame.copy()`
  dataframe[f"dc_hi_{n}"] = dataframe["high"].rolling(n).max().shift(1)
/freqtrade/user_data/strategies/TrendVolTarget.py:50: PerformanceWarning: DataFrame is highly fragmented.  This is usually the result of calling `frame.insert` many times, which has poor performance.  Consider joining all columns at once using pd.concat(axis=1) instead. To get a de-fragmented frame, use `newframe = frame.copy()`
  dataframe[f"dc_hi_{n}"] = dataframe["high"].rolling(n).max().shift(1)
/freqtrade/user_data/strategies/TrendVolTarget.py:50: PerformanceWarning: DataFrame is highly fragmented.  This is usually the result of calling `frame.insert` many times, which has poor performance.  Consider joining all columns at once using pd.concat(axis=1) instead. To get a de-fragmented frame, use `newframe = frame.copy()`
  dataframe[f"dc_hi_{n}"] = dataframe["high"].rolling(n).max().shift(1)
/freqtrade/user_data/strategies/TrendVolTarget.py:50: PerformanceWarning: DataFrame is highly fragmented.  This is usually the result of calling `frame.insert` many times, which has poor performance.  Consider joining all columns at once using pd.concat(axis=1) instead. To get a de-fragmented frame, use `newframe = frame.copy()`
  dataframe[f"dc_hi_{n}"] = dataframe["high"].rolling(n).max().shift(1)
/freqtrade/user_data/strategies/TrendVolTarget.py:50: PerformanceWarning: DataFrame is highly fragmented.  This is usually the result of calling `frame.insert` many times, which has poor performance.  Consider joining all columns at once using pd.concat(axis=1) instead. To get a de-fragmented frame, use `newframe = frame.copy()`
  dataframe[f"dc_hi_{n}"] = dataframe["high"].rolling(n).max().shift(1)
/freqtrade/user_data/strategies/TrendVolTarget.py:50: PerformanceWarning: DataFrame is highly fragmented.  This is usually the result of calling `frame.insert` many times, which has poor performance.  Consider joining all columns at once using pd.concat(axis=1) instead. To get a de-fragmented frame, use `newframe = frame.copy()`
  dataframe[f"dc_hi_{n}"] = dataframe["high"].rolling(n).max().shift(1)
/freqtrade/user_data/strategies/TrendVolTarget.py:50: PerformanceWarning: DataFrame is highly fragmented.  This is usually the result of calling `frame.insert` many times, which has poor performance.  Consider joining all columns at once using pd.concat(axis=1) instead. To get a de-fragmented frame, use `newframe = frame.copy()`
  dataframe[f"dc_hi_{n}"] = dataframe["high"].rolling(n).max().shift(1)
/freqtrade/user_data/strategies/TrendVolTarget.py:50: PerformanceWarning: DataFrame is highly fragmented.  This is usually the result of calling `frame.insert` many times, which has poor performance.  Consider joining all columns at once using pd.concat(axis=1) instead. To get a de-fragmented frame, use `newframe = frame.copy()`
  dataframe[f"dc_hi_{n}"] = dataframe["high"].rolling(n).max().shift(1)
/freqtrade/user_data/strategies/TrendVolTarget.py:50: PerformanceWarning: DataFrame is highly fragmented.  This is usually the result of calling `frame.insert` many times, which has poor performance.  Consider joining all columns at once using pd.concat(axis=1) instead. To get a de-fragmented frame, use `newframe = frame.copy()`
  dataframe[f"dc_hi_{n}"] = dataframe["high"].rolling(n).max().shift(1)
/freqtrade/user_data/strategies/TrendVolTarget.py:50: PerformanceWarning: DataFrame is highly fragmented.  This is usually the result of calling `frame.insert` many times, which has poor performance.  Consider joining all columns at once using pd.concat(axis=1) instead. To get a de-fragmented frame, use `newframe = frame.copy()`
  dataframe[f"dc_hi_{n}"] = dataframe["high"].rolling(n).max().shift(1)
/freqtrade/user_data/strategies/TrendVolTarget.py:50: PerformanceWarning: DataFrame is highly fragmented.  This is usually the result of calling `frame.insert` many times, which has poor performance.  Consider joining all columns at once using pd.concat(axis=1) instead. To get a de-fragmented frame, use `newframe = frame.copy()`
  dataframe[f"dc_hi_{n}"] = dataframe["high"].rolling(n).max().shift(1)
/freqtrade/user_data/strategies/TrendVolTarget.py:50: PerformanceWarning: DataFrame is highly fragmented.  This is usually the result of calling `frame.insert` many times, which has poor performance.  Consider joining all columns at once using pd.concat(axis=1) instead. To get a de-fragmented frame, use `newframe = frame.copy()`
  dataframe[f"dc_hi_{n}"] = dataframe["high"].rolling(n).max().shift(1)
/freqtrade/user_data/strategies/TrendVolTarget.py:50: PerformanceWarning: DataFrame is highly fragmented.  This is usually the result of calling `frame.insert` many times, which has poor performance.  Consider joining all columns at once using pd.concat(axis=1) instead. To get a de-fragmented frame, use `newframe = frame.copy()`
  dataframe[f"dc_hi_{n}"] = dataframe["high"].rolling(n).max().shift(1)
/freqtrade/user_data/strategies/TrendVolTarget.py:50: PerformanceWarning: DataFrame is highly fragmented.  This is usually the result of calling `frame.insert` many times, which has poor performance.  Consider joining all columns at once using pd.concat(axis=1) instead. To get a de-fragmented frame, use `newframe = frame.copy()`
  dataframe[f"dc_hi_{n}"] = dataframe["high"].rolling(n).max().shift(1)
/freqtrade/user_data/strategies/TrendVolTarget.py:50: PerformanceWarning: DataFrame is highly fragmented.  This is usually the result of calling `frame.insert` many times, which has poor performance.  Consider joining all columns at once using pd.concat(axis=1) instead. To get a de-fragmented frame, use `newframe = frame.copy()`
  dataframe[f"dc_hi_{n}"] = dataframe["high"].rolling(n).max().shift(1)
/freqtrade/user_data/strategies/TrendVolTarget.py:50: PerformanceWarning: DataFrame is highly fragmented.  This is usually the result of calling `frame.insert` many times, which has poor performance.  Consider joining all columns at once using pd.concat(axis=1) instead. To get a de-fragmented frame, use `newframe = frame.copy()`
  dataframe[f"dc_hi_{n}"] = dataframe["high"].rolling(n).max().shift(1)
/freqtrade/user_data/strategies/TrendVolTarget.py:50: PerformanceWarning: DataFrame is highly fragmented.  This is usually the result of calling `frame.insert` many times, which has poor performance.  Consider joining all columns at once using pd.concat(axis=1) instead. To get a de-fragmented frame, use `newframe = frame.copy()`
  dataframe[f"dc_hi_{n}"] = dataframe["high"].rolling(n).max().shift(1)
/freqtrade/user_data/strategies/TrendVolTarget.py:50: PerformanceWarning: DataFrame is highly fragmented.  This is usually the result of calling `frame.insert` many times, which has poor performance.  Consider joining all columns at once using pd.concat(axis=1) instead. To get a de-fragmented frame, use `newframe = frame.copy()`
  dataframe[f"dc_hi_{n}"] = dataframe["high"].rolling(n).max().shift(1)
/freqtrade/user_data/strategies/TrendVolTarget.py:50: PerformanceWarning: DataFrame is highly fragmented.  This is usually the result of calling `frame.insert` many times, which has poor performance.  Consider joining all columns at once using pd.concat(axis=1) instead. To get a de-fragmented frame, use `newframe = frame.copy()`
  dataframe[f"dc_hi_{n}"] = dataframe["high"].rolling(n).max().shift(1)
/freqtrade/user_data/strategies/TrendVolTarget.py:50: PerformanceWarning: DataFrame is highly fragmented.  This is usually the result of calling `frame.insert` many times, which has poor performance.  Consider joining all columns at once using pd.concat(axis=1) instead. To get a de-fragmented frame, use `newframe = frame.copy()`
  dataframe[f"dc_hi_{n}"] = dataframe["high"].rolling(n).max().shift(1)
/freqtrade/user_data/strategies/TrendVolTarget.py:50: PerformanceWarning: DataFrame is highly fragmented.  This is usually the result of calling `frame.insert` many times, which has poor performance.  Consider joining all columns at once using pd.concat(axis=1) instead. To get a de-fragmented frame, use `newframe = frame.copy()`
  dataframe[f"dc_hi_{n}"] = dataframe["high"].rolling(n).max().shift(1)
/freqtrade/user_data/strategies/TrendVolTarget.py:50: PerformanceWarning: DataFrame is highly fragmented.  This is usually the result of calling `frame.insert` many times, which has poor performance.  Consider joining all columns at once using pd.concat(axis=1) instead. To get a de-fragmented frame, use `newframe = frame.copy()`
  dataframe[f"dc_hi_{n}"] = dataframe["high"].rolling(n).max().shift(1)
/freqtrade/user_data/strategies/TrendVolTarget.py:50: PerformanceWarning: DataFrame is highly fragmented.  This is usually the result of calling `frame.insert` many times, which has poor performance.  Consider joining all columns at once using pd.concat(axis=1) instead. To get a de-fragmented frame, use `newframe = frame.copy()`
  dataframe[f"dc_hi_{n}"] = dataframe["high"].rolling(n).max().shift(1)
/freqtrade/user_data/strategies/TrendVolTarget.py:50: PerformanceWarning: DataFrame is highly fragmented.  This is usually the result of calling `frame.insert` many times, which has poor performance.  Consider joining all columns at once using pd.concat(axis=1) instead. To get a de-fragmented frame, use `newframe = frame.copy()`
  dataframe[f"dc_hi_{n}"] = dataframe["high"].rolling(n).max().shift(1)
/freqtrade/user_data/strategies/TrendVolTarget.py:53: PerformanceWarning: DataFrame is highly fragmented.  This is usually the result of calling `frame.insert` many times, which has poor performance.  Consider joining all columns at once using pd.concat(axis=1) instead. To get a de-fragmented frame, use `newframe = frame.copy()`
  dataframe["sma_f"] = ta.SMA(dataframe, timeperiod=60)
/freqtrade/user_data/strategies/TrendVolTarget.py:54: PerformanceWarning: DataFrame is highly fragmented.  This is usually the result of calling `frame.insert` many times, which has poor performance.  Consider joining all columns at once using pd.concat(axis=1) instead. To get a de-fragmented frame, use `newframe = frame.copy()`
  dataframe["sma_s"] = ta.SMA(dataframe, timeperiod=240)
/freqtrade/user_data/strategies/TrendVolTarget.py:56: PerformanceWarning: DataFrame is highly fragmented.  This is usually the result of calling `frame.insert` many times, which has poor performance.  Consider joining all columns at once using pd.concat(axis=1) instead. To get a de-fragmented frame, use `newframe = frame.copy()`
  dataframe["rvol"] = dataframe["close"].pct_change().rolling(90).std() * np.sqrt(6 * 365)
/freqtrade/user_data/strategies/TrendVolTarget.py:50: PerformanceWarning: DataFrame is highly fragmented.  This is usually the result of calling `frame.insert` many times, which has poor performance.  Consider joining all columns at once using pd.concat(axis=1) instead. To get a de-fragmented frame, use `newframe = frame.copy()`
  dataframe[f"dc_hi_{n}"] = dataframe["high"].rolling(n).max().shift(1)
/freqtrade/user_data/strategies/TrendVolTarget.py:50: PerformanceWarning: DataFrame is highly fragmented.  This is usually the result of calling `frame.insert` many times, which has poor performance.  Consider joining all columns at once using pd.concat(axis=1) instead. To get a de-fragmented frame, use `newframe = frame.copy()`
  dataframe[f"dc_hi_{n}"] = dataframe["high"].rolling(n).max().shift(1)
/freqtrade/user_data/strategies/TrendVolTarget.py:50: PerformanceWarning: DataFrame is highly fragmented.  This is usually the result of calling `frame.insert` many times, which has poor performance.  Consider joining all columns at once using pd.concat(axis=1) instead. To get a de-fragmented frame, use `newframe = frame.copy()`
  dataframe[f"dc_hi_{n}"] = dataframe["high"].rolling(n).max().shift(1)
/freqtrade/user_data/strategies/TrendVolTarget.py:50: PerformanceWarning: DataFrame is highly fragmented.  This is usually the result of calling `frame.insert` many times, which has poor performance.  Consider joining all columns at once using pd.concat(axis=1) instead. To get a de-fragmented frame, use `newframe = frame.copy()`
  dataframe[f"dc_hi_{n}"] = dataframe["high"].rolling(n).max().shift(1)
/freqtrade/user_data/strategies/TrendVolTarget.py:50: PerformanceWarning: DataFrame is highly fragmented.  This is usually the result of calling `frame.insert` many times, which has poor performance.  Consider joining all columns at once using pd.concat(axis=1) instead. To get a de-fragmented frame, use `newframe = frame.copy()`
  dataframe[f"dc_hi_{n}"] = dataframe["high"].rolling(n).max().shift(1)
/freqtrade/user_data/strategies/TrendVolTarget.py:50: PerformanceWarning: DataFrame is highly fragmented.  This is usually the result of calling `frame.insert` many times, which has poor performance.  Consider joining all columns at once using pd.concat(axis=1) instead. To get a de-fragmented frame, use `newframe = frame.copy()`
  dataframe[f"dc_hi_{n}"] = dataframe["high"].rolling(n).max().shift(1)
/freqtrade/user_data/strategies/TrendVolTarget.py:50: PerformanceWarning: DataFrame is highly fragmented.  This is usually the result of calling `frame.insert` many times, which has poor performance.  Consider joining all columns at once using pd.concat(axis=1) instead. To get a de-fragmented frame, use `newframe = frame.copy()`
  dataframe[f"dc_hi_{n}"] = dataframe["high"].rolling(n).max().shift(1)
/freqtrade/user_data/strategies/TrendVolTarget.py:50: PerformanceWarning: DataFrame is highly fragmented.  This is usually the result of calling `frame.insert` many times, which has poor performance.  Consider joining all columns at once using pd.concat(axis=1) instead. To get a de-fragmented frame, use `newframe = frame.copy()`
  dataframe[f"dc_hi_{n}"] = dataframe["high"].rolling(n).max().shift(1)
/freqtrade/user_data/strategies/TrendVolTarget.py:50: PerformanceWarning: DataFrame is highly fragmented.  This is usually the result of calling `frame.insert` many times, which has poor performance.  Consider joining all columns at once using pd.concat(axis=1) instead. To get a de-fragmented frame, use `newframe = frame.copy()`
  dataframe[f"dc_hi_{n}"] = dataframe["high"].rolling(n).max().shift(1)
/freqtrade/user_data/strategies/TrendVolTarget.py:50: PerformanceWarning: DataFrame is highly fragmented.  This is usually the result of calling `frame.insert` many times, which has poor performance.  Consider joining all columns at once using pd.concat(axis=1) instead. To get a de-fragmented frame, use `newframe = frame.copy()`
  dataframe[f"dc_hi_{n}"] = dataframe["high"].rolling(n).max().shift(1)
/freqtrade/user_data/strategies/TrendVolTarget.py:50: PerformanceWarning: DataFrame is highly fragmented.  This is usually the result of calling `frame.insert` many times, which has poor performance.  Consider joining all columns at once using pd.concat(axis=1) instead. To get a de-fragmented frame, use `newframe = frame.copy()`
  dataframe[f"dc_hi_{n}"] = dataframe["high"].rolling(n).max().shift(1)
/freqtrade/user_data/strategies/TrendVolTarget.py:50: PerformanceWarning: DataFrame is highly fragmented.  This is usually the result of calling `frame.insert` many times, which has poor performance.  Consider joining all columns at once using pd.concat(axis=1) instead. To get a de-fragmented frame, use `newframe = frame.copy()`
  dataframe[f"dc_hi_{n}"] = dataframe["high"].rolling(n).max().shift(1)
/freqtrade/user_data/strategies/TrendVolTarget.py:50: PerformanceWarning: DataFrame is highly fragmented.  This is usually the result of calling `frame.insert` many times, which has poor performance.  Consider joining all columns at once using pd.concat(axis=1) instead. To get a de-fragmented frame, use `newframe = frame.copy()`
  dataframe[f"dc_hi_{n}"] = dataframe["high"].rolling(n).max().shift(1)
/freqtrade/user_data/strategies/TrendVolTarget.py:50: PerformanceWarning: DataFrame is highly fragmented.  This is usually the result of calling `frame.insert` many times, which has poor performance.  Consider joining all columns at once using pd.concat(axis=1) instead. To get a de-fragmented frame, use `newframe = frame.copy()`
  dataframe[f"dc_hi_{n}"] = dataframe["high"].rolling(n).max().shift(1)
/freqtrade/user_data/strategies/TrendVolTarget.py:50: PerformanceWarning: DataFrame is highly fragmented.  This is usually the result of calling `frame.insert` many times, which has poor performance.  Consider joining all columns at once using pd.concat(axis=1) instead. To get a de-fragmented frame, use `newframe = frame.copy()`
  dataframe[f"dc_hi_{n}"] = dataframe["high"].rolling(n).max().shift(1)
/freqtrade/user_data/strategies/TrendVolTarget.py:50: PerformanceWarning: DataFrame is highly fragmented.  This is usually the result of calling `frame.insert` many times, which has poor performance.  Consider joining all columns at once using pd.concat(axis=1) instead. To get a de-fragmented frame, use `newframe = frame.copy()`
  dataframe[f"dc_hi_{n}"] = dataframe["high"].rolling(n).max().shift(1)
/freqtrade/user_data/strategies/TrendVolTarget.py:50: PerformanceWarning: DataFrame is highly fragmented.  This is usually the result of calling `frame.insert` many times, which has poor performance.  Consider joining all columns at once using pd.concat(axis=1) instead. To get a de-fragmented frame, use `newframe = frame.copy()`
  dataframe[f"dc_hi_{n}"] = dataframe["high"].rolling(n).max().shift(1)
/freqtrade/user_data/strategies/TrendVolTarget.py:50: PerformanceWarning: DataFrame is highly fragmented.  This is usually the result of calling `frame.insert` many times, which has poor performance.  Consider joining all columns at once using pd.concat(axis=1) instead. To get a de-fragmented frame, use `newframe = frame.copy()`
  dataframe[f"dc_hi_{n}"] = dataframe["high"].rolling(n).max().shift(1)
/freqtrade/user_data/strategies/TrendVolTarget.py:50: PerformanceWarning: DataFrame is highly fragmented.  This is usually the result of calling `frame.insert` many times, which has poor performance.  Consider joining all columns at once using pd.concat(axis=1) instead. To get a de-fragmented frame, use `newframe = frame.copy()`
  dataframe[f"dc_hi_{n}"] = dataframe["high"].rolling(n).max().shift(1)
/freqtrade/user_data/strategies/TrendVolTarget.py:50: PerformanceWarning: DataFrame is highly fragmented.  This is usually the result of calling `frame.insert` many times, which has poor performance.  Consider joining all columns at once using pd.concat(axis=1) instead. To get a de-fragmented frame, use `newframe = frame.copy()`
  dataframe[f"dc_hi_{n}"] = dataframe["high"].rolling(n).max().shift(1)
/freqtrade/user_data/strategies/TrendVolTarget.py:50: PerformanceWarning: DataFrame is highly fragmented.  This is usually the result of calling `frame.insert` many times, which has poor performance.  Consider joining all columns at once using pd.concat(axis=1) instead. To get a de-fragmented frame, use `newframe = frame.copy()`
  dataframe[f"dc_hi_{n}"] = dataframe["high"].rolling(n).max().shift(1)
/freqtrade/user_data/strategies/TrendVolTarget.py:50: PerformanceWarning: DataFrame is highly fragmented.  This is usually the result of calling `frame.insert` many times, which has poor performance.  Consider joining all columns at once using pd.concat(axis=1) instead. To get a de-fragmented frame, use `newframe = frame.copy()`
  dataframe[f"dc_hi_{n}"] = dataframe["high"].rolling(n).max().shift(1)
/freqtrade/user_data/strategies/TrendVolTarget.py:50: PerformanceWarning: DataFrame is highly fragmented.  This is usually the result of calling `frame.insert` many times, which has poor performance.  Consider joining all columns at once using pd.concat(axis=1) instead. To get a de-fragmented frame, use `newframe = frame.copy()`
  dataframe[f"dc_hi_{n}"] = dataframe["high"].rolling(n).max().shift(1)
/freqtrade/user_data/strategies/TrendVolTarget.py:50: PerformanceWarning: DataFrame is highly fragmented.  This is usually the result of calling `frame.insert` many times, which has poor performance.  Consider joining all columns at once using pd.concat(axis=1) instead. To get a de-fragmented frame, use `newframe = frame.copy()`
  dataframe[f"dc_hi_{n}"] = dataframe["high"].rolling(n).max().shift(1)
/freqtrade/user_data/strategies/TrendVolTarget.py:50: PerformanceWarning: DataFrame is highly fragmented.  This is usually the result of calling `frame.insert` many times, which has poor performance.  Consider joining all columns at once using pd.concat(axis=1) instead. To get a de-fragmented frame, use `newframe = frame.copy()`
  dataframe[f"dc_hi_{n}"] = dataframe["high"].rolling(n).max().shift(1)
/freqtrade/user_data/strategies/TrendVolTarget.py:50: PerformanceWarning: DataFrame is highly fragmented.  This is usually the result of calling `frame.insert` many times, which has poor performance.  Consider joining all columns at once using pd.concat(axis=1) instead. To get a de-fragmented frame, use `newframe = frame.copy()`
  dataframe[f"dc_hi_{n}"] = dataframe["high"].rolling(n).max().shift(1)
/freqtrade/user_data/strategies/TrendVolTarget.py:50: PerformanceWarning: DataFrame is highly fragmented.  This is usually the result of calling `frame.insert` many times, which has poor performance.  Consider joining all columns at once using pd.concat(axis=1) instead. To get a de-fragmented frame, use `newframe = frame.copy()`
  dataframe[f"dc_hi_{n}"] = dataframe["high"].rolling(n).max().shift(1)
/freqtrade/user_data/strategies/TrendVolTarget.py:50: PerformanceWarning: DataFrame is highly fragmented.  This is usually the result of calling `frame.insert` many times, which has poor performance.  Consider joining all columns at once using pd.concat(axis=1) instead. To get a de-fragmented frame, use `newframe = frame.copy()`
  dataframe[f"dc_hi_{n}"] = dataframe["high"].rolling(n).max().shift(1)
/freqtrade/user_data/strategies/TrendVolTarget.py:50: PerformanceWarning: DataFrame is highly fragmented.  This is usually the result of calling `frame.insert` many times, which has poor performance.  Consider joining all columns at once using pd.concat(axis=1) instead. To get a de-fragmented frame, use `newframe = frame.copy()`
  dataframe[f"dc_hi_{n}"] = dataframe["high"].rolling(n).max().shift(1)
/freqtrade/user_data/strategies/TrendVolTarget.py:50: PerformanceWarning: DataFrame is highly fragmented.  This is usually the result of calling `frame.insert` many times, which has poor performance.  Consider joining all columns at once using pd.concat(axis=1) instead. To get a de-fragmented frame, use `newframe = frame.copy()`
  dataframe[f"dc_hi_{n}"] = dataframe["high"].rolling(n).max().shift(1)
/freqtrade/user_data/strategies/TrendVolTarget.py:50: PerformanceWarning: DataFrame is highly fragmented.  This is usually the result of calling `frame.insert` many times, which has poor performance.  Consider joining all columns at once using pd.concat(axis=1) instead. To get a de-fragmented frame, use `newframe = frame.copy()`
  dataframe[f"dc_hi_{n}"] = dataframe["high"].rolling(n).max().shift(1)
/freqtrade/user_data/strategies/TrendVolTarget.py:50: PerformanceWarning: DataFrame is highly fragmented.  This is usually the result of calling `frame.insert` many times, which has poor performance.  Consider joining all columns at once using pd.concat(axis=1) instead. To get a de-fragmented frame, use `newframe = frame.copy()`
  dataframe[f"dc_hi_{n}"] = dataframe["high"].rolling(n).max().shift(1)
/freqtrade/user_data/strategies/TrendVolTarget.py:50: PerformanceWarning: DataFrame is highly fragmented.  This is usually the result of calling `frame.insert` many times, which has poor performance.  Consider joining all columns at once using pd.concat(axis=1) instead. To get a de-fragmented frame, use `newframe = frame.copy()`
  dataframe[f"dc_hi_{n}"] = dataframe["high"].rolling(n).max().shift(1)
/freqtrade/user_data/strategies/TrendVolTarget.py:50: PerformanceWarning: DataFrame is highly fragmented.  This is usually the result of calling `frame.insert` many times, which has poor performance.  Consider joining all columns at once using pd.concat(axis=1) instead. To get a de-fragmented frame, use `newframe = frame.copy()`
  dataframe[f"dc_hi_{n}"] = dataframe["high"].rolling(n).max().shift(1)
/freqtrade/user_data/strategies/TrendVolTarget.py:50: PerformanceWarning: DataFrame is highly fragmented.  This is usually the result of calling `frame.insert` many times, which has poor performance.  Consider joining all columns at once using pd.concat(axis=1) instead. To get a de-fragmented frame, use `newframe = frame.copy()`
  dataframe[f"dc_hi_{n}"] = dataframe["high"].rolling(n).max().shift(1)
/freqtrade/user_data/strategies/TrendVolTarget.py:50: PerformanceWarning: DataFrame is highly fragmented.  This is usually the result of calling `frame.insert` many times, which has poor performance.  Consider joining all columns at once using pd.concat(axis=1) instead. To get a de-fragmented frame, use `newframe = frame.copy()`
  dataframe[f"dc_hi_{n}"] = dataframe["high"].rolling(n).max().shift(1)
/freqtrade/user_data/strategies/TrendVolTarget.py:50: PerformanceWarning: DataFrame is highly fragmented.  This is usually the result of calling `frame.insert` many times, which has poor performance.  Consider joining all columns at once using pd.concat(axis=1) instead. To get a de-fragmented frame, use `newframe = frame.copy()`
  dataframe[f"dc_hi_{n}"] = dataframe["high"].rolling(n).max().shift(1)
/freqtrade/user_data/strategies/TrendVolTarget.py:50: PerformanceWarning: DataFrame is highly fragmented.  This is usually the result of calling `frame.insert` many times, which has poor performance.  Consider joining all columns at once using pd.concat(axis=1) instead. To get a de-fragmented frame, use `newframe = frame.copy()`
  dataframe[f"dc_hi_{n}"] = dataframe["high"].rolling(n).max().shift(1)
/freqtrade/user_data/strategies/TrendVolTarget.py:50: PerformanceWarning: DataFrame is highly fragmented.  This is usually the result of calling `frame.insert` many times, which has poor performance.  Consider joining all columns at once using pd.concat(axis=1) instead. To get a de-fragmented frame, use `newframe = frame.copy()`
  dataframe[f"dc_hi_{n}"] = dataframe["high"].rolling(n).max().shift(1)
/freqtrade/user_data/strategies/TrendVolTarget.py:50: PerformanceWarning: DataFrame is highly fragmented.  This is usually the result of calling `frame.insert` many times, which has poor performance.  Consider joining all columns at once using pd.concat(axis=1) instead. To get a de-fragmented frame, use `newframe = frame.copy()`
  dataframe[f"dc_hi_{n}"] = dataframe["high"].rolling(n).max().shift(1)
/freqtrade/user_data/strategies/TrendVolTarget.py:50: PerformanceWarning: DataFrame is highly fragmented.  This is usually the result of calling `frame.insert` many times, which has poor performance.  Consider joining all columns at once using pd.concat(axis=1) instead. To get a de-fragmented frame, use `newframe = frame.copy()`
  dataframe[f"dc_hi_{n}"] = dataframe["high"].rolling(n).max().shift(1)
/freqtrade/user_data/strategies/TrendVolTarget.py:50: PerformanceWarning: DataFrame is highly fragmented.  This is usually the result of calling `frame.insert` many times, which has poor performance.  Consider joining all columns at once using pd.concat(axis=1) instead. To get a de-fragmented frame, use `newframe = frame.copy()`
  dataframe[f"dc_hi_{n}"] = dataframe["high"].rolling(n).max().shift(1)
/freqtrade/user_data/strategies/TrendVolTarget.py:50: PerformanceWarning: DataFrame is highly fragmented.  This is usually the result of calling `frame.insert` many times, which has poor performance.  Consider joining all columns at once using pd.concat(axis=1) instead. To get a de-fragmented frame, use `newframe = frame.copy()`
  dataframe[f"dc_hi_{n}"] = dataframe["high"].rolling(n).max().shift(1)
/freqtrade/user_data/strategies/TrendVolTarget.py:50: PerformanceWarning: DataFrame is highly fragmented.  This is usually the result of calling `frame.insert` many times, which has poor performance.  Consider joining all columns at once using pd.concat(axis=1) instead. To get a de-fragmented frame, use `newframe = frame.copy()`
  dataframe[f"dc_hi_{n}"] = dataframe["high"].rolling(n).max().shift(1)
/freqtrade/user_data/strategies/TrendVolTarget.py:50: PerformanceWarning: DataFrame is highly fragmented.  This is usually the result of calling `frame.insert` many times, which has poor performance.  Consider joining all columns at once using pd.concat(axis=1) instead. To get a de-fragmented frame, use `newframe = frame.copy()`
  dataframe[f"dc_hi_{n}"] = dataframe["high"].rolling(n).max().shift(1)
/freqtrade/user_data/strategies/TrendVolTarget.py:50: PerformanceWarning: DataFrame is highly fragmented.  This is usually the result of calling `frame.insert` many times, which has poor performance.  Consider joining all columns at once using pd.concat(axis=1) instead. To get a de-fragmented frame, use `newframe = frame.copy()`
  dataframe[f"dc_hi_{n}"] = dataframe["high"].rolling(n).max().shift(1)
/freqtrade/user_data/strategies/TrendVolTarget.py:50: PerformanceWarning: DataFrame is highly fragmented.  This is usually the result of calling `frame.insert` many times, which has poor performance.  Consider joining all columns at once using pd.concat(axis=1) instead. To get a de-fragmented frame, use `newframe = frame.copy()`
  dataframe[f"dc_hi_{n}"] = dataframe["high"].rolling(n).max().shift(1)
/freqtrade/user_data/strategies/TrendVolTarget.py:50: PerformanceWarning: DataFrame is highly fragmented.  This is usually the result of calling `frame.insert` many times, which has poor performance.  Consider joining all columns at once using pd.concat(axis=1) instead. To get a de-fragmented frame, use `newframe = frame.copy()`
  dataframe[f"dc_hi_{n}"] = dataframe["high"].rolling(n).max().shift(1)
/freqtrade/user_data/strategies/TrendVolTarget.py:50: PerformanceWarning: DataFrame is highly fragmented.  This is usually the result of calling `frame.insert` many times, which has poor performance.  Consider joining all columns at once using pd.concat(axis=1) instead. To get a de-fragmented frame, use `newframe = frame.copy()`
  dataframe[f"dc_hi_{n}"] = dataframe["high"].rolling(n).max().shift(1)
/freqtrade/user_data/strategies/TrendVolTarget.py:50: PerformanceWarning: DataFrame is highly fragmented.  This is usually the result of calling `frame.insert` many times, which has poor performance.  Consider joining all columns at once using pd.concat(axis=1) instead. To get a de-fragmented frame, use `newframe = frame.copy()`
  dataframe[f"dc_hi_{n}"] = dataframe["high"].rolling(n).max().shift(1)
/freqtrade/user_data/strategies/TrendVolTarget.py:50: PerformanceWarning: DataFrame is highly fragmented.  This is usually the result of calling `frame.insert` many times, which has poor performance.  Consider joining all columns at once using pd.concat(axis=1) instead. To get a de-fragmented frame, use `newframe = frame.copy()`
  dataframe[f"dc_hi_{n}"] = dataframe["high"].rolling(n).max().shift(1)
/freqtrade/user_data/strategies/TrendVolTarget.py:50: PerformanceWarning: DataFrame is highly fragmented.  This is usually the result of calling `frame.insert` many times, which has poor performance.  Consider joining all columns at once using pd.concat(axis=1) instead. To get a de-fragmented frame, use `newframe = frame.copy()`
  dataframe[f"dc_hi_{n}"] = dataframe["high"].rolling(n).max().shift(1)
/freqtrade/user_data/strategies/TrendVolTarget.py:50: PerformanceWarning: DataFrame is highly fragmented.  This is usually the result of calling `frame.insert` many times, which has poor performance.  Consider joining all columns at once using pd.concat(axis=1) instead. To get a de-fragmented frame, use `newframe = frame.copy()`
  dataframe[f"dc_hi_{n}"] = dataframe["high"].rolling(n).max().shift(1)
/freqtrade/user_data/strategies/TrendVolTarget.py:50: PerformanceWarning: DataFrame is highly fragmented.  This is usually the result of calling `frame.insert` many times, which has poor performance.  Consider joining all columns at once using pd.concat(axis=1) instead. To get a de-fragmented frame, use `newframe = frame.copy()`
  dataframe[f"dc_hi_{n}"] = dataframe["high"].rolling(n).max().shift(1)
/freqtrade/user_data/strategies/TrendVolTarget.py:50: PerformanceWarning: DataFrame is highly fragmented.  This is usually the result of calling `frame.insert` many times, which has poor performance.  Consider joining all columns at once using pd.concat(axis=1) instead. To get a de-fragmented frame, use `newframe = frame.copy()`
  dataframe[f"dc_hi_{n}"] = dataframe["high"].rolling(n).max().shift(1)
/freqtrade/user_data/strategies/TrendVolTarget.py:50: PerformanceWarning: DataFrame is highly fragmented.  This is usually the result of calling `frame.insert` many times, which has poor performance.  Consider joining all columns at once using pd.concat(axis=1) instead. To get a de-fragmented frame, use `newframe = frame.copy()`
  dataframe[f"dc_hi_{n}"] = dataframe["high"].rolling(n).max().shift(1)
/freqtrade/user_data/strategies/TrendVolTarget.py:50: PerformanceWarning: DataFrame is highly fragmented.  This is usually the result of calling `frame.insert` many times, which has poor performance.  Consider joining all columns at once using pd.concat(axis=1) instead. To get a de-fragmented frame, use `newframe = frame.copy()`
  dataframe[f"dc_hi_{n}"] = dataframe["high"].rolling(n).max().shift(1)
/freqtrade/user_data/strategies/TrendVolTarget.py:50: PerformanceWarning: DataFrame is highly fragmented.  This is usually the result of calling `frame.insert` many times, which has poor performance.  Consider joining all columns at once using pd.concat(axis=1) instead. To get a de-fragmented frame, use `newframe = frame.copy()`
  dataframe[f"dc_hi_{n}"] = dataframe["high"].rolling(n).max().shift(1)
/freqtrade/user_data/strategies/TrendVolTarget.py:50: PerformanceWarning: DataFrame is highly fragmented.  This is usually the result of calling `frame.insert` many times, which has poor performance.  Consider joining all columns at once using pd.concat(axis=1) instead. To get a de-fragmented frame, use `newframe = frame.copy()`
  dataframe[f"dc_hi_{n}"] = dataframe["high"].rolling(n).max().shift(1)
/freqtrade/user_data/strategies/TrendVolTarget.py:50: PerformanceWarning: DataFrame is highly fragmented.  This is usually the result of calling `frame.insert` many times, which has poor performance.  Consider joining all columns at once using pd.concat(axis=1) instead. To get a de-fragmented frame, use `newframe = frame.copy()`
  dataframe[f"dc_hi_{n}"] = dataframe["high"].rolling(n).max().shift(1)
/freqtrade/user_data/strategies/TrendVolTarget.py:50: PerformanceWarning: DataFrame is highly fragmented.  This is usually the result of calling `frame.insert` many times, which has poor performance.  Consider joining all columns at once using pd.concat(axis=1) instead. To get a de-fragmented frame, use `newframe = frame.copy()`
  dataframe[f"dc_hi_{n}"] = dataframe["high"].rolling(n).max().shift(1)
/freqtrade/user_data/strategies/TrendVolTarget.py:50: PerformanceWarning: DataFrame is highly fragmented.  This is usually the result of calling `frame.insert` many times, which has poor performance.  Consider joining all columns at once using pd.concat(axis=1) instead. To get a de-fragmented frame, use `newframe = frame.copy()`
  dataframe[f"dc_hi_{n}"] = dataframe["high"].rolling(n).max().shift(1)
/freqtrade/user_data/strategies/TrendVolTarget.py:50: PerformanceWarning: DataFrame is highly fragmented.  This is usually the result of calling `frame.insert` many times, which has poor performance.  Consider joining all columns at once using pd.concat(axis=1) instead. To get a de-fragmented frame, use `newframe = frame.copy()`
  dataframe[f"dc_hi_{n}"] = dataframe["high"].rolling(n).max().shift(1)
/freqtrade/user_data/strategies/TrendVolTarget.py:50: PerformanceWarning: DataFrame is highly fragmented.  This is usually the result of calling `frame.insert` many times, which has poor performance.  Consider joining all columns at once using pd.concat(axis=1) instead. To get a de-fragmented frame, use `newframe = frame.copy()`
  dataframe[f"dc_hi_{n}"] = dataframe["high"].rolling(n).max().shift(1)
/freqtrade/user_data/strategies/TrendVolTarget.py:50: PerformanceWarning: DataFrame is highly fragmented.  This is usually the result of calling `frame.insert` many times, which has poor performance.  Consider joining all columns at once using pd.concat(axis=1) instead. To get a de-fragmented frame, use `newframe = frame.copy()`
  dataframe[f"dc_hi_{n}"] = dataframe["high"].rolling(n).max().shift(1)
/freqtrade/user_data/strategies/TrendVolTarget.py:50: PerformanceWarning: DataFrame is highly fragmented.  This is usually the result of calling `frame.insert` many times, which has poor performance.  Consider joining all columns at once using pd.concat(axis=1) instead. To get a de-fragmented frame, use `newframe = frame.copy()`
  dataframe[f"dc_hi_{n}"] = dataframe["high"].rolling(n).max().shift(1)
/freqtrade/user_data/strategies/TrendVolTarget.py:50: PerformanceWarning: DataFrame is highly fragmented.  This is usually the result of calling `frame.insert` many times, which has poor performance.  Consider joining all columns at once using pd.concat(axis=1) instead. To get a de-fragmented frame, use `newframe = frame.copy()`
  dataframe[f"dc_hi_{n}"] = dataframe["high"].rolling(n).max().shift(1)
/freqtrade/user_data/strategies/TrendVolTarget.py:50: PerformanceWarning: DataFrame is highly fragmented.  This is usually the result of calling `frame.insert` many times, which has poor performance.  Consider joining all columns at once using pd.concat(axis=1) instead. To get a de-fragmented frame, use `newframe = frame.copy()`
  dataframe[f"dc_hi_{n}"] = dataframe["high"].rolling(n).max().shift(1)
/freqtrade/user_data/strategies/TrendVolTarget.py:50: PerformanceWarning: DataFrame is highly fragmented.  This is usually the result of calling `frame.insert` many times, which has poor performance.  Consider joining all columns at once using pd.concat(axis=1) instead. To get a de-fragmented frame, use `newframe = frame.copy()`
  dataframe[f"dc_hi_{n}"] = dataframe["high"].rolling(n).max().shift(1)
/freqtrade/user_data/strategies/TrendVolTarget.py:50: PerformanceWarning: DataFrame is highly fragmented.  This is usually the result of calling `frame.insert` many times, which has poor performance.  Consider joining all columns at once using pd.concat(axis=1) instead. To get a de-fragmented frame, use `newframe = frame.copy()`
  dataframe[f"dc_hi_{n}"] = dataframe["high"].rolling(n).max().shift(1)
/freqtrade/user_data/strategies/TrendVolTarget.py:50: PerformanceWarning: DataFrame is highly fragmented.  This is usually the result of calling `frame.insert` many times, which has poor performance.  Consider joining all columns at once using pd.concat(axis=1) instead. To get a de-fragmented frame, use `newframe = frame.copy()`
  dataframe[f"dc_hi_{n}"] = dataframe["high"].rolling(n).max().shift(1)
/freqtrade/user_data/strategies/TrendVolTarget.py:50: PerformanceWarning: DataFrame is highly fragmented.  This is usually the result of calling `frame.insert` many times, which has poor performance.  Consider joining all columns at once using pd.concat(axis=1) instead. To get a de-fragmented frame, use `newframe = frame.copy()`
  dataframe[f"dc_hi_{n}"] = dataframe["high"].rolling(n).max().shift(1)
/freqtrade/user_data/strategies/TrendVolTarget.py:50: PerformanceWarning: DataFrame is highly fragmented.  This is usually the result of calling `frame.insert` many times, which has poor performance.  Consider joining all columns at once using pd.concat(axis=1) instead. To get a de-fragmented frame, use `newframe = frame.copy()`
  dataframe[f"dc_hi_{n}"] = dataframe["high"].rolling(n).max().shift(1)
/freqtrade/user_data/strategies/TrendVolTarget.py:50: PerformanceWarning: DataFrame is highly fragmented.  This is usually the result of calling `frame.insert` many times, which has poor performance.  Consider joining all columns at once using pd.concat(axis=1) instead. To get a de-fragmented frame, use `newframe = frame.copy()`
  dataframe[f"dc_hi_{n}"] = dataframe["high"].rolling(n).max().shift(1)
/freqtrade/user_data/strategies/TrendVolTarget.py:50: PerformanceWarning: DataFrame is highly fragmented.  This is usually the result of calling `frame.insert` many times, which has poor performance.  Consider joining all columns at once using pd.concat(axis=1) instead. To get a de-fragmented frame, use `newframe = frame.copy()`
  dataframe[f"dc_hi_{n}"] = dataframe["high"].rolling(n).max().shift(1)
/freqtrade/user_data/strategies/TrendVolTarget.py:50: PerformanceWarning: DataFrame is highly fragmented.  This is usually the result of calling `frame.insert` many times, which has poor performance.  Consider joining all columns at once using pd.concat(axis=1) instead. To get a de-fragmented frame, use `newframe = frame.copy()`
  dataframe[f"dc_hi_{n}"] = dataframe["high"].rolling(n).max().shift(1)
/freqtrade/user_data/strategies/TrendVolTarget.py:50: PerformanceWarning: DataFrame is highly fragmented.  This is usually the result of calling `frame.insert` many times, which has poor performance.  Consider joining all columns at once using pd.concat(axis=1) instead. To get a de-fragmented frame, use `newframe = frame.copy()`
  dataframe[f"dc_hi_{n}"] = dataframe["high"].rolling(n).max().shift(1)
/freqtrade/user_data/strategies/TrendVolTarget.py:50: PerformanceWarning: DataFrame is highly fragmented.  This is usually the result of calling `frame.insert` many times, which has poor performance.  Consider joining all columns at once using pd.concat(axis=1) instead. To get a de-fragmented frame, use `newframe = frame.copy()`
  dataframe[f"dc_hi_{n}"] = dataframe["high"].rolling(n).max().shift(1)
/freqtrade/user_data/strategies/TrendVolTarget.py:50: PerformanceWarning: DataFrame is highly fragmented.  This is usually the result of calling `frame.insert` many times, which has poor performance.  Consider joining all columns at once using pd.concat(axis=1) instead. To get a de-fragmented frame, use `newframe = frame.copy()`
  dataframe[f"dc_hi_{n}"] = dataframe["high"].rolling(n).max().shift(1)
/freqtrade/user_data/strategies/TrendVolTarget.py:50: PerformanceWarning: DataFrame is highly fragmented.  This is usually the result of calling `frame.insert` many times, which has poor performance.  Consider joining all columns at once using pd.concat(axis=1) instead. To get a de-fragmented frame, use `newframe = frame.copy()`
  dataframe[f"dc_hi_{n}"] = dataframe["high"].rolling(n).max().shift(1)
/freqtrade/user_data/strategies/TrendVolTarget.py:50: PerformanceWarning: DataFrame is highly fragmented.  This is usually the result of calling `frame.insert` many times, which has poor performance.  Consider joining all columns at once using pd.concat(axis=1) instead. To get a de-fragmented frame, use `newframe = frame.copy()`
  dataframe[f"dc_hi_{n}"] = dataframe["high"].rolling(n).max().shift(1)
/freqtrade/user_data/strategies/TrendVolTarget.py:50: PerformanceWarning: DataFrame is highly fragmented.  This is usually the result of calling `frame.insert` many times, which has poor performance.  Consider joining all columns at once using pd.concat(axis=1) instead. To get a de-fragmented frame, use `newframe = frame.copy()`
  dataframe[f"dc_hi_{n}"] = dataframe["high"].rolling(n).max().shift(1)
/freqtrade/user_data/strategies/TrendVolTarget.py:50: PerformanceWarning: DataFrame is highly fragmented.  This is usually the result of calling `frame.insert` many times, which has poor performance.  Consider joining all columns at once using pd.concat(axis=1) instead. To get a de-fragmented frame, use `newframe = frame.copy()`
  dataframe[f"dc_hi_{n}"] = dataframe["high"].rolling(n).max().shift(1)
/freqtrade/user_data/strategies/TrendVolTarget.py:50: PerformanceWarning: DataFrame is highly fragmented.  This is usually the result of calling `frame.insert` many times, which has poor performance.  Consider joining all columns at once using pd.concat(axis=1) instead. To get a de-fragmented frame, use `newframe = frame.copy()`
  dataframe[f"dc_hi_{n}"] = dataframe["high"].rolling(n).max().shift(1)
/freqtrade/user_data/strategies/TrendVolTarget.py:50: PerformanceWarning: DataFrame is highly fragmented.  This is usually the result of calling `frame.insert` many times, which has poor performance.  Consider joining all columns at once using pd.concat(axis=1) instead. To get a de-fragmented frame, use `newframe = frame.copy()`
  dataframe[f"dc_hi_{n}"] = dataframe["high"].rolling(n).max().shift(1)
/freqtrade/user_data/strategies/TrendVolTarget.py:53: PerformanceWarning: DataFrame is highly fragmented.  This is usually the result of calling `frame.insert` many times, which has poor performance.  Consider joining all columns at once using pd.concat(axis=1) instead. To get a de-fragmented frame, use `newframe = frame.copy()`
  dataframe["sma_f"] = ta.SMA(dataframe, timeperiod=60)
/freqtrade/user_data/strategies/TrendVolTarget.py:54: PerformanceWarning: DataFrame is highly fragmented.  This is usually the result of calling `frame.insert` many times, which has poor performance.  Consider joining all columns at once using pd.concat(axis=1) instead. To get a de-fragmented frame, use `newframe = frame.copy()`
  dataframe["sma_s"] = ta.SMA(dataframe, timeperiod=240)
/freqtrade/user_data/strategies/TrendVolTarget.py:56: PerformanceWarning: DataFrame is highly fragmented.  This is usually the result of calling `frame.insert` many times, which has poor performance.  Consider joining all columns at once using pd.concat(axis=1) instead. To get a de-fragmented frame, use `newframe = frame.copy()`
  dataframe["rvol"] = dataframe["close"].pct_change().rolling(90).std() * np.sqrt(6 * 365)
/freqtrade/user_data/strategies/TrendVolTarget.py:50: PerformanceWarning: DataFrame is highly fragmented.  This is usually the result of calling `frame.insert` many times, which has poor performance.  Consider joining all columns at once using pd.concat(axis=1) instead. To get a de-fragmented frame, use `newframe = frame.copy()`
  dataframe[f"dc_hi_{n}"] = dataframe["high"].rolling(n).max().shift(1)
/freqtrade/user_data/strategies/TrendVolTarget.py:50: PerformanceWarning: DataFrame is highly fragmented.  This is usually the result of calling `frame.insert` many times, which has poor performance.  Consider joining all columns at once using pd.concat(axis=1) instead. To get a de-fragmented frame, use `newframe = frame.copy()`
  dataframe[f"dc_hi_{n}"] = dataframe["high"].rolling(n).max().shift(1)
/freqtrade/user_data/strategies/TrendVolTarget.py:50: PerformanceWarning: DataFrame is highly fragmented.  This is usually the result of calling `frame.insert` many times, which has poor performance.  Consider joining all columns at once using pd.concat(axis=1) instead. To get a de-fragmented frame, use `newframe = frame.copy()`
  dataframe[f"dc_hi_{n}"] = dataframe["high"].rolling(n).max().shift(1)
/freqtrade/user_data/strategies/TrendVolTarget.py:50: PerformanceWarning: DataFrame is highly fragmented.  This is usually the result of calling `frame.insert` many times, which has poor performance.  Consider joining all columns at once using pd.concat(axis=1) instead. To get a de-fragmented frame, use `newframe = frame.copy()`
  dataframe[f"dc_hi_{n}"] = dataframe["high"].rolling(n).max().shift(1)
/freqtrade/user_data/strategies/TrendVolTarget.py:50: PerformanceWarning: DataFrame is highly fragmented.  This is usually the result of calling `frame.insert` many times, which has poor performance.  Consider joining all columns at once using pd.concat(axis=1) instead. To get a de-fragmented frame, use `newframe = frame.copy()`
  dataframe[f"dc_hi_{n}"] = dataframe["high"].rolling(n).max().shift(1)
/freqtrade/user_data/strategies/TrendVolTarget.py:50: PerformanceWarning: DataFrame is highly fragmented.  This is usually the result of calling `frame.insert` many times, which has poor performance.  Consider joining all columns at once using pd.concat(axis=1) instead. To get a de-fragmented frame, use `newframe = frame.copy()`
  dataframe[f"dc_hi_{n}"] = dataframe["high"].rolling(n).max().shift(1)
/freqtrade/user_data/strategies/TrendVolTarget.py:50: PerformanceWarning: DataFrame is highly fragmented.  This is usually the result of calling `frame.insert` many times, which has poor performance.  Consider joining all columns at once using pd.concat(axis=1) instead. To get a de-fragmented frame, use `newframe = frame.copy()`
  dataframe[f"dc_hi_{n}"] = dataframe["high"].rolling(n).max().shift(1)
/freqtrade/user_data/strategies/TrendVolTarget.py:50: PerformanceWarning: DataFrame is highly fragmented.  This is usually the result of calling `frame.insert` many times, which has poor performance.  Consider joining all columns at once using pd.concat(axis=1) instead. To get a de-fragmented frame, use `newframe = frame.copy()`
  dataframe[f"dc_hi_{n}"] = dataframe["high"].rolling(n).max().shift(1)
/freqtrade/user_data/strategies/TrendVolTarget.py:50: PerformanceWarning: DataFrame is highly fragmented.  This is usually the result of calling `frame.insert` many times, which has poor performance.  Consider joining all columns at once using pd.concat(axis=1) instead. To get a de-fragmented frame, use `newframe = frame.copy()`
  dataframe[f"dc_hi_{n}"] = dataframe["high"].rolling(n).max().shift(1)
/freqtrade/user_data/strategies/TrendVolTarget.py:50: PerformanceWarning: DataFrame is highly fragmented.  This is usually the result of calling `frame.insert` many times, which has poor performance.  Consider joining all columns at once using pd.concat(axis=1) instead. To get a de-fragmented frame, use `newframe = frame.copy()`
  dataframe[f"dc_hi_{n}"] = dataframe["high"].rolling(n).max().shift(1)
/freqtrade/user_data/strategies/TrendVolTarget.py:50: PerformanceWarning: DataFrame is highly fragmented.  This is usually the result of calling `frame.insert` many times, which has poor performance.  Consider joining all columns at once using pd.concat(axis=1) instead. To get a de-fragmented frame, use `newframe = frame.copy()`
  dataframe[f"dc_hi_{n}"] = dataframe["high"].rolling(n).max().shift(1)
/freqtrade/user_data/strategies/TrendVolTarget.py:50: PerformanceWarning: DataFrame is highly fragmented.  This is usually the result of calling `frame.insert` many times, which has poor performance.  Consider joining all columns at once using pd.concat(axis=1) instead. To get a de-fragmented frame, use `newframe = frame.copy()`
  dataframe[f"dc_hi_{n}"] = dataframe["high"].rolling(n).max().shift(1)
/freqtrade/user_data/strategies/TrendVolTarget.py:50: PerformanceWarning: DataFrame is highly fragmented.  This is usually the result of calling `frame.insert` many times, which has poor performance.  Consider joining all columns at once using pd.concat(axis=1) instead. To get a de-fragmented frame, use `newframe = frame.copy()`
  dataframe[f"dc_hi_{n}"] = dataframe["high"].rolling(n).max().shift(1)
/freqtrade/user_data/strategies/TrendVolTarget.py:50: PerformanceWarning: DataFrame is highly fragmented.  This is usually the result of calling `frame.insert` many times, which has poor performance.  Consider joining all columns at once using pd.concat(axis=1) instead. To get a de-fragmented frame, use `newframe = frame.copy()`
  dataframe[f"dc_hi_{n}"] = dataframe["high"].rolling(n).max().shift(1)
/freqtrade/user_data/strategies/TrendVolTarget.py:50: PerformanceWarning: DataFrame is highly fragmented.  This is usually the result of calling `frame.insert` many times, which has poor performance.  Consider joining all columns at once using pd.concat(axis=1) instead. To get a de-fragmented frame, use `newframe = frame.copy()`
  dataframe[f"dc_hi_{n}"] = dataframe["high"].rolling(n).max().shift(1)
/freqtrade/user_data/strategies/TrendVolTarget.py:50: PerformanceWarning: DataFrame is highly fragmented.  This is usually the result of calling `frame.insert` many times, which has poor performance.  Consider joining all columns at once using pd.concat(axis=1) instead. To get a de-fragmented frame, use `newframe = frame.copy()`
  dataframe[f"dc_hi_{n}"] = dataframe["high"].rolling(n).max().shift(1)
/freqtrade/user_data/strategies/TrendVolTarget.py:50: PerformanceWarning: DataFrame is highly fragmented.  This is usually the result of calling `frame.insert` many times, which has poor performance.  Consider joining all columns at once using pd.concat(axis=1) instead. To get a de-fragmented frame, use `newframe = frame.copy()`
  dataframe[f"dc_hi_{n}"] = dataframe["high"].rolling(n).max().shift(1)
/freqtrade/user_data/strategies/TrendVolTarget.py:50: PerformanceWarning: DataFrame is highly fragmented.  This is usually the result of calling `frame.insert` many times, which has poor performance.  Consider joining all columns at once using pd.concat(axis=1) instead. To get a de-fragmented frame, use `newframe = frame.copy()`
  dataframe[f"dc_hi_{n}"] = dataframe["high"].rolling(n).max().shift(1)
/freqtrade/user_data/strategies/TrendVolTarget.py:50: PerformanceWarning: DataFrame is highly fragmented.  This is usually the result of calling `frame.insert` many times, which has poor performance.  Consider joining all columns at once using pd.concat(axis=1) instead. To get a de-fragmented frame, use `newframe = frame.copy()`
  dataframe[f"dc_hi_{n}"] = dataframe["high"].rolling(n).max().shift(1)
/freqtrade/user_data/strategies/TrendVolTarget.py:50: PerformanceWarning: DataFrame is highly fragmented.  This is usually the result of calling `frame.insert` many times, which has poor performance.  Consider joining all columns at once using pd.concat(axis=1) instead. To get a de-fragmented frame, use `newframe = frame.copy()`
  dataframe[f"dc_hi_{n}"] = dataframe["high"].rolling(n).max().shift(1)
/freqtrade/user_data/strategies/TrendVolTarget.py:50: PerformanceWarning: DataFrame is highly fragmented.  This is usually the result of calling `frame.insert` many times, which has poor performance.  Consider joining all columns at once using pd.concat(axis=1) instead. To get a de-fragmented frame, use `newframe = frame.copy()`
  dataframe[f"dc_hi_{n}"] = dataframe["high"].rolling(n).max().shift(1)
/freqtrade/user_data/strategies/TrendVolTarget.py:50: PerformanceWarning: DataFrame is highly fragmented.  This is usually the result of calling `frame.insert` many times, which has poor performance.  Consider joining all columns at once using pd.concat(axis=1) instead. To get a de-fragmented frame, use `newframe = frame.copy()`
  dataframe[f"dc_hi_{n}"] = dataframe["high"].rolling(n).max().shift(1)
/freqtrade/user_data/strategies/TrendVolTarget.py:50: PerformanceWarning: DataFrame is highly fragmented.  This is usually the result of calling `frame.insert` many times, which has poor performance.  Consider joining all columns at once using pd.concat(axis=1) instead. To get a de-fragmented frame, use `newframe = frame.copy()`
  dataframe[f"dc_hi_{n}"] = dataframe["high"].rolling(n).max().shift(1)
/freqtrade/user_data/strategies/TrendVolTarget.py:50: PerformanceWarning: DataFrame is highly fragmented.  This is usually the result of calling `frame.insert` many times, which has poor performance.  Consider joining all columns at once using pd.concat(axis=1) instead. To get a de-fragmented frame, use `newframe = frame.copy()`
  dataframe[f"dc_hi_{n}"] = dataframe["high"].rolling(n).max().shift(1)
/freqtrade/user_data/strategies/TrendVolTarget.py:50: PerformanceWarning: DataFrame is highly fragmented.  This is usually the result of calling `frame.insert` many times, which has poor performance.  Consider joining all columns at once using pd.concat(axis=1) instead. To get a de-fragmented frame, use `newframe = frame.copy()`
  dataframe[f"dc_hi_{n}"] = dataframe["high"].rolling(n).max().shift(1)
/freqtrade/user_data/strategies/TrendVolTarget.py:50: PerformanceWarning: DataFrame is highly fragmented.  This is usually the result of calling `frame.insert` many times, which has poor performance.  Consider joining all columns at once using pd.concat(axis=1) instead. To get a de-fragmented frame, use `newframe = frame.copy()`
  dataframe[f"dc_hi_{n}"] = dataframe["high"].rolling(n).max().shift(1)
/freqtrade/user_data/strategies/TrendVolTarget.py:50: PerformanceWarning: DataFrame is highly fragmented.  This is usually the result of calling `frame.insert` many times, which has poor performance.  Consider joining all columns at once using pd.concat(axis=1) instead. To get a de-fragmented frame, use `newframe = frame.copy()`
  dataframe[f"dc_hi_{n}"] = dataframe["high"].rolling(n).max().shift(1)
/freqtrade/user_data/strategies/TrendVolTarget.py:50: PerformanceWarning: DataFrame is highly fragmented.  This is usually the result of calling `frame.insert` many times, which has poor performance.  Consider joining all columns at once using pd.concat(axis=1) instead. To get a de-fragmented frame, use `newframe = frame.copy()`
  dataframe[f"dc_hi_{n}"] = dataframe["high"].rolling(n).max().shift(1)
/freqtrade/user_data/strategies/TrendVolTarget.py:50: PerformanceWarning: DataFrame is highly fragmented.  This is usually the result of calling `frame.insert` many times, which has poor performance.  Consider joining all columns at once using pd.concat(axis=1) instead. To get a de-fragmented frame, use `newframe = frame.copy()`
  dataframe[f"dc_hi_{n}"] = dataframe["high"].rolling(n).max().shift(1)
/freqtrade/user_data/strategies/TrendVolTarget.py:50: PerformanceWarning: DataFrame is highly fragmented.  This is usually the result of calling `frame.insert` many times, which has poor performance.  Consider joining all columns at once using pd.concat(axis=1) instead. To get a de-fragmented frame, use `newframe = frame.copy()`
  dataframe[f"dc_hi_{n}"] = dataframe["high"].rolling(n).max().shift(1)
/freqtrade/user_data/strategies/TrendVolTarget.py:50: PerformanceWarning: DataFrame is highly fragmented.  This is usually the result of calling `frame.insert` many times, which has poor performance.  Consider joining all columns at once using pd.concat(axis=1) instead. To get a de-fragmented frame, use `newframe = frame.copy()`
  dataframe[f"dc_hi_{n}"] = dataframe["high"].rolling(n).max().shift(1)
/freqtrade/user_data/strategies/TrendVolTarget.py:50: PerformanceWarning: DataFrame is highly fragmented.  This is usually the result of calling `frame.insert` many times, which has poor performance.  Consider joining all columns at once using pd.concat(axis=1) instead. To get a de-fragmented frame, use `newframe = frame.copy()`
  dataframe[f"dc_hi_{n}"] = dataframe["high"].rolling(n).max().shift(1)
/freqtrade/user_data/strategies/TrendVolTarget.py:50: PerformanceWarning: DataFrame is highly fragmented.  This is usually the result of calling `frame.insert` many times, which has poor performance.  Consider joining all columns at once using pd.concat(axis=1) instead. To get a de-fragmented frame, use `newframe = frame.copy()`
  dataframe[f"dc_hi_{n}"] = dataframe["high"].rolling(n).max().shift(1)
/freqtrade/user_data/strategies/TrendVolTarget.py:50: PerformanceWarning: DataFrame is highly fragmented.  This is usually the result of calling `frame.insert` many times, which has poor performance.  Consider joining all columns at once using pd.concat(axis=1) instead. To get a de-fragmented frame, use `newframe = frame.copy()`
  dataframe[f"dc_hi_{n}"] = dataframe["high"].rolling(n).max().shift(1)
/freqtrade/user_data/strategies/TrendVolTarget.py:50: PerformanceWarning: DataFrame is highly fragmented.  This is usually the result of calling `frame.insert` many times, which has poor performance.  Consider joining all columns at once using pd.concat(axis=1) instead. To get a de-fragmented frame, use `newframe = frame.copy()`
  dataframe[f"dc_hi_{n}"] = dataframe["high"].rolling(n).max().shift(1)
/freqtrade/user_data/strategies/TrendVolTarget.py:50: PerformanceWarning: DataFrame is highly fragmented.  This is usually the result of calling `frame.insert` many times, which has poor performance.  Consider joining all columns at once using pd.concat(axis=1) instead. To get a de-fragmented frame, use `newframe = frame.copy()`
  dataframe[f"dc_hi_{n}"] = dataframe["high"].rolling(n).max().shift(1)
/freqtrade/user_data/strategies/TrendVolTarget.py:50: PerformanceWarning: DataFrame is highly fragmented.  This is usually the result of calling `frame.insert` many times, which has poor performance.  Consider joining all columns at once using pd.concat(axis=1) instead. To get a de-fragmented frame, use `newframe = frame.copy()`
  dataframe[f"dc_hi_{n}"] = dataframe["high"].rolling(n).max().shift(1)
/freqtrade/user_data/strategies/TrendVolTarget.py:50: PerformanceWarning: DataFrame is highly fragmented.  This is usually the result of calling `frame.insert` many times, which has poor performance.  Consider joining all columns at once using pd.concat(axis=1) instead. To get a de-fragmented frame, use `newframe = frame.copy()`
  dataframe[f"dc_hi_{n}"] = dataframe["high"].rolling(n).max().shift(1)
/freqtrade/user_data/strategies/TrendVolTarget.py:50: PerformanceWarning: DataFrame is highly fragmented.  This is usually the result of calling `frame.insert` many times, which has poor performance.  Consider joining all columns at once using pd.concat(axis=1) instead. To get a de-fragmented frame, use `newframe = frame.copy()`
  dataframe[f"dc_hi_{n}"] = dataframe["high"].rolling(n).max().shift(1)
/freqtrade/user_data/strategies/TrendVolTarget.py:50: PerformanceWarning: DataFrame is highly fragmented.  This is usually the result of calling `frame.insert` many times, which has poor performance.  Consider joining all columns at once using pd.concat(axis=1) instead. To get a de-fragmented frame, use `newframe = frame.copy()`
  dataframe[f"dc_hi_{n}"] = dataframe["high"].rolling(n).max().shift(1)
/freqtrade/user_data/strategies/TrendVolTarget.py:50: PerformanceWarning: DataFrame is highly fragmented.  This is usually the result of calling `frame.insert` many times, which has poor performance.  Consider joining all columns at once using pd.concat(axis=1) instead. To get a de-fragmented frame, use `newframe = frame.copy()`
  dataframe[f"dc_hi_{n}"] = dataframe["high"].rolling(n).max().shift(1)
/freqtrade/user_data/strategies/TrendVolTarget.py:50: PerformanceWarning: DataFrame is highly fragmented.  This is usually the result of calling `frame.insert` many times, which has poor performance.  Consider joining all columns at once using pd.concat(axis=1) instead. To get a de-fragmented frame, use `newframe = frame.copy()`
  dataframe[f"dc_hi_{n}"] = dataframe["high"].rolling(n).max().shift(1)
/freqtrade/user_data/strategies/TrendVolTarget.py:50: PerformanceWarning: DataFrame is highly fragmented.  This is usually the result of calling `frame.insert` many times, which has poor performance.  Consider joining all columns at once using pd.concat(axis=1) instead. To get a de-fragmented frame, use `newframe = frame.copy()`
  dataframe[f"dc_hi_{n}"] = dataframe["high"].rolling(n).max().shift(1)
/freqtrade/user_data/strategies/TrendVolTarget.py:50: PerformanceWarning: DataFrame is highly fragmented.  This is usually the result of calling `frame.insert` many times, which has poor performance.  Consider joining all columns at once using pd.concat(axis=1) instead. To get a de-fragmented frame, use `newframe = frame.copy()`
  dataframe[f"dc_hi_{n}"] = dataframe["high"].rolling(n).max().shift(1)
/freqtrade/user_data/strategies/TrendVolTarget.py:50: PerformanceWarning: DataFrame is highly fragmented.  This is usually the result of calling `frame.insert` many times, which has poor performance.  Consider joining all columns at once using pd.concat(axis=1) instead. To get a de-fragmented frame, use `newframe = frame.copy()`
  dataframe[f"dc_hi_{n}"] = dataframe["high"].rolling(n).max().shift(1)
/freqtrade/user_data/strategies/TrendVolTarget.py:50: PerformanceWarning: DataFrame is highly fragmented.  This is usually the result of calling `frame.insert` many times, which has poor performance.  Consider joining all columns at once using pd.concat(axis=1) instead. To get a de-fragmented frame, use `newframe = frame.copy()`
  dataframe[f"dc_hi_{n}"] = dataframe["high"].rolling(n).max().shift(1)
/freqtrade/user_data/strategies/TrendVolTarget.py:50: PerformanceWarning: DataFrame is highly fragmented.  This is usually the result of calling `frame.insert` many times, which has poor performance.  Consider joining all columns at once using pd.concat(axis=1) instead. To get a de-fragmented frame, use `newframe = frame.copy()`
  dataframe[f"dc_hi_{n}"] = dataframe["high"].rolling(n).max().shift(1)
/freqtrade/user_data/strategies/TrendVolTarget.py:50: PerformanceWarning: DataFrame is highly fragmented.  This is usually the result of calling `frame.insert` many times, which has poor performance.  Consider joining all columns at once using pd.concat(axis=1) instead. To get a de-fragmented frame, use `newframe = frame.copy()`
  dataframe[f"dc_hi_{n}"] = dataframe["high"].rolling(n).max().shift(1)
/freqtrade/user_data/strategies/TrendVolTarget.py:50: PerformanceWarning: DataFrame is highly fragmented.  This is usually the result of calling `frame.insert` many times, which has poor performance.  Consider joining all columns at once using pd.concat(axis=1) instead. To get a de-fragmented frame, use `newframe = frame.copy()`
  dataframe[f"dc_hi_{n}"] = dataframe["high"].rolling(n).max().shift(1)
/freqtrade/user_data/strategies/TrendVolTarget.py:50: PerformanceWarning: DataFrame is highly fragmented.  This is usually the result of calling `frame.insert` many times, which has poor performance.  Consider joining all columns at once using pd.concat(axis=1) instead. To get a de-fragmented frame, use `newframe = frame.copy()`
  dataframe[f"dc_hi_{n}"] = dataframe["high"].rolling(n).max().shift(1)
/freqtrade/user_data/strategies/TrendVolTarget.py:50: PerformanceWarning: DataFrame is highly fragmented.  This is usually the result of calling `frame.insert` many times, which has poor performance.  Consider joining all columns at once using pd.concat(axis=1) instead. To get a de-fragmented frame, use `newframe = frame.copy()`
  dataframe[f"dc_hi_{n}"] = dataframe["high"].rolling(n).max().shift(1)
/freqtrade/user_data/strategies/TrendVolTarget.py:50: PerformanceWarning: DataFrame is highly fragmented.  This is usually the result of calling `frame.insert` many times, which has poor performance.  Consider joining all columns at once using pd.concat(axis=1) instead. To get a de-fragmented frame, use `newframe = frame.copy()`
  dataframe[f"dc_hi_{n}"] = dataframe["high"].rolling(n).max().shift(1)
/freqtrade/user_data/strategies/TrendVolTarget.py:50: PerformanceWarning: DataFrame is highly fragmented.  This is usually the result of calling `frame.insert` many times, which has poor performance.  Consider joining all columns at once using pd.concat(axis=1) instead. To get a de-fragmented frame, use `newframe = frame.copy()`
  dataframe[f"dc_hi_{n}"] = dataframe["high"].rolling(n).max().shift(1)
/freqtrade/user_data/strategies/TrendVolTarget.py:50: PerformanceWarning: DataFrame is highly fragmented.  This is usually the result of calling `frame.insert` many times, which has poor performance.  Consider joining all columns at once using pd.concat(axis=1) instead. To get a de-fragmented frame, use `newframe = frame.copy()`
  dataframe[f"dc_hi_{n}"] = dataframe["high"].rolling(n).max().shift(1)
/freqtrade/user_data/strategies/TrendVolTarget.py:50: PerformanceWarning: DataFrame is highly fragmented.  This is usually the result of calling `frame.insert` many times, which has poor performance.  Consider joining all columns at once using pd.concat(axis=1) instead. To get a de-fragmented frame, use `newframe = frame.copy()`
  dataframe[f"dc_hi_{n}"] = dataframe["high"].rolling(n).max().shift(1)
/freqtrade/user_data/strategies/TrendVolTarget.py:50: PerformanceWarning: DataFrame is highly fragmented.  This is usually the result of calling `frame.insert` many times, which has poor performance.  Consider joining all columns at once using pd.concat(axis=1) instead. To get a de-fragmented frame, use `newframe = frame.copy()`
  dataframe[f"dc_hi_{n}"] = dataframe["high"].rolling(n).max().shift(1)
/freqtrade/user_data/strategies/TrendVolTarget.py:50: PerformanceWarning: DataFrame is highly fragmented.  This is usually the result of calling `frame.insert` many times, which has poor performance.  Consider joining all columns at once using pd.concat(axis=1) instead. To get a de-fragmented frame, use `newframe = frame.copy()`
  dataframe[f"dc_hi_{n}"] = dataframe["high"].rolling(n).max().shift(1)
/freqtrade/user_data/strategies/TrendVolTarget.py:50: PerformanceWarning: DataFrame is highly fragmented.  This is usually the result of calling `frame.insert` many times, which has poor performance.  Consider joining all columns at once using pd.concat(axis=1) instead. To get a de-fragmented frame, use `newframe = frame.copy()`
  dataframe[f"dc_hi_{n}"] = dataframe["high"].rolling(n).max().shift(1)
/freqtrade/user_data/strategies/TrendVolTarget.py:50: PerformanceWarning: DataFrame is highly fragmented.  This is usually the result of calling `frame.insert` many times, which has poor performance.  Consider joining all columns at once using pd.concat(axis=1) instead. To get a de-fragmented frame, use `newframe = frame.copy()`
  dataframe[f"dc_hi_{n}"] = dataframe["high"].rolling(n).max().shift(1)
/freqtrade/user_data/strategies/TrendVolTarget.py:50: PerformanceWarning: DataFrame is highly fragmented.  This is usually the result of calling `frame.insert` many times, which has poor performance.  Consider joining all columns at once using pd.concat(axis=1) instead. To get a de-fragmented frame, use `newframe = frame.copy()`
  dataframe[f"dc_hi_{n}"] = dataframe["high"].rolling(n).max().shift(1)
/freqtrade/user_data/strategies/TrendVolTarget.py:50: PerformanceWarning: DataFrame is highly fragmented.  This is usually the result of calling `frame.insert` many times, which has poor performance.  Consider joining all columns at once using pd.concat(axis=1) instead. To get a de-fragmented frame, use `newframe = frame.copy()`
  dataframe[f"dc_hi_{n}"] = dataframe["high"].rolling(n).max().shift(1)
/freqtrade/user_data/strategies/TrendVolTarget.py:50: PerformanceWarning: DataFrame is highly fragmented.  This is usually the result of calling `frame.insert` many times, which has poor performance.  Consider joining all columns at once using pd.concat(axis=1) instead. To get a de-fragmented frame, use `newframe = frame.copy()`
  dataframe[f"dc_hi_{n}"] = dataframe["high"].rolling(n).max().shift(1)
/freqtrade/user_data/strategies/TrendVolTarget.py:50: PerformanceWarning: DataFrame is highly fragmented.  This is usually the result of calling `frame.insert` many times, which has poor performance.  Consider joining all columns at once using pd.concat(axis=1) instead. To get a de-fragmented frame, use `newframe = frame.copy()`
  dataframe[f"dc_hi_{n}"] = dataframe["high"].rolling(n).max().shift(1)
/freqtrade/user_data/strategies/TrendVolTarget.py:50: PerformanceWarning: DataFrame is highly fragmented.  This is usually the result of calling `frame.insert` many times, which has poor performance.  Consider joining all columns at once using pd.concat(axis=1) instead. To get a de-fragmented frame, use `newframe = frame.copy()`
  dataframe[f"dc_hi_{n}"] = dataframe["high"].rolling(n).max().shift(1)
/freqtrade/user_data/strategies/TrendVolTarget.py:50: PerformanceWarning: DataFrame is highly fragmented.  This is usually the result of calling `frame.insert` many times, which has poor performance.  Consider joining all columns at once using pd.concat(axis=1) instead. To get a de-fragmented frame, use `newframe = frame.copy()`
  dataframe[f"dc_hi_{n}"] = dataframe["high"].rolling(n).max().shift(1)
/freqtrade/user_data/strategies/TrendVolTarget.py:50: PerformanceWarning: DataFrame is highly fragmented.  This is usually the result of calling `frame.insert` many times, which has poor performance.  Consider joining all columns at once using pd.concat(axis=1) instead. To get a de-fragmented frame, use `newframe = frame.copy()`
  dataframe[f"dc_hi_{n}"] = dataframe["high"].rolling(n).max().shift(1)
/freqtrade/user_data/strategies/TrendVolTarget.py:50: PerformanceWarning: DataFrame is highly fragmented.  This is usually the result of calling `frame.insert` many times, which has poor performance.  Consider joining all columns at once using pd.concat(axis=1) instead. To get a de-fragmented frame, use `newframe = frame.copy()`
  dataframe[f"dc_hi_{n}"] = dataframe["high"].rolling(n).max().shift(1)
/freqtrade/user_data/strategies/TrendVolTarget.py:50: PerformanceWarning: DataFrame is highly fragmented.  This is usually the result of calling `frame.insert` many times, which has poor performance.  Consider joining all columns at once using pd.concat(axis=1) instead. To get a de-fragmented frame, use `newframe = frame.copy()`
  dataframe[f"dc_hi_{n}"] = dataframe["high"].rolling(n).max().shift(1)
/freqtrade/user_data/strategies/TrendVolTarget.py:50: PerformanceWarning: DataFrame is highly fragmented.  This is usually the result of calling `frame.insert` many times, which has poor performance.  Consider joining all columns at once using pd.concat(axis=1) instead. To get a de-fragmented frame, use `newframe = frame.copy()`
  dataframe[f"dc_hi_{n}"] = dataframe["high"].rolling(n).max().shift(1)
/freqtrade/user_data/strategies/TrendVolTarget.py:50: PerformanceWarning: DataFrame is highly fragmented.  This is usually the result of calling `frame.insert` many times, which has poor performance.  Consider joining all columns at once using pd.concat(axis=1) instead. To get a de-fragmented frame, use `newframe = frame.copy()`
  dataframe[f"dc_hi_{n}"] = dataframe["high"].rolling(n).max().shift(1)
/freqtrade/user_data/strategies/TrendVolTarget.py:50: PerformanceWarning: DataFrame is highly fragmented.  This is usually the result of calling `frame.insert` many times, which has poor performance.  Consider joining all columns at once using pd.concat(axis=1) instead. To get a de-fragmented frame, use `newframe = frame.copy()`
  dataframe[f"dc_hi_{n}"] = dataframe["high"].rolling(n).max().shift(1)
/freqtrade/user_data/strategies/TrendVolTarget.py:50: PerformanceWarning: DataFrame is highly fragmented.  This is usually the result of calling `frame.insert` many times, which has poor performance.  Consider joining all columns at once using pd.concat(axis=1) instead. To get a de-fragmented frame, use `newframe = frame.copy()`
  dataframe[f"dc_hi_{n}"] = dataframe["high"].rolling(n).max().shift(1)
/freqtrade/user_data/strategies/TrendVolTarget.py:50: PerformanceWarning: DataFrame is highly fragmented.  This is usually the result of calling `frame.insert` many times, which has poor performance.  Consider joining all columns at once using pd.concat(axis=1) instead. To get a de-fragmented frame, use `newframe = frame.copy()`
  dataframe[f"dc_hi_{n}"] = dataframe["high"].rolling(n).max().shift(1)
/freqtrade/user_data/strategies/TrendVolTarget.py:50: PerformanceWarning: DataFrame is highly fragmented.  This is usually the result of calling `frame.insert` many times, which has poor performance.  Consider joining all columns at once using pd.concat(axis=1) instead. To get a de-fragmented frame, use `newframe = frame.copy()`
  dataframe[f"dc_hi_{n}"] = dataframe["high"].rolling(n).max().shift(1)
/freqtrade/user_data/strategies/TrendVolTarget.py:50: PerformanceWarning: DataFrame is highly fragmented.  This is usually the result of calling `frame.insert` many times, which has poor performance.  Consider joining all columns at once using pd.concat(axis=1) instead. To get a de-fragmented frame, use `newframe = frame.copy()`
  dataframe[f"dc_hi_{n}"] = dataframe["high"].rolling(n).max().shift(1)
/freqtrade/user_data/strategies/TrendVolTarget.py:50: PerformanceWarning: DataFrame is highly fragmented.  This is usually the result of calling `frame.insert` many times, which has poor performance.  Consider joining all columns at once using pd.concat(axis=1) instead. To get a de-fragmented frame, use `newframe = frame.copy()`
  dataframe[f"dc_hi_{n}"] = dataframe["high"].rolling(n).max().shift(1)
/freqtrade/user_data/strategies/TrendVolTarget.py:50: PerformanceWarning: DataFrame is highly fragmented.  This is usually the result of calling `frame.insert` many times, which has poor performance.  Consider joining all columns at once using pd.concat(axis=1) instead. To get a de-fragmented frame, use `newframe = frame.copy()`
  dataframe[f"dc_hi_{n}"] = dataframe["high"].rolling(n).max().shift(1)
/freqtrade/user_data/strategies/TrendVolTarget.py:50: PerformanceWarning: DataFrame is highly fragmented.  This is usually the result of calling `frame.insert` many times, which has poor performance.  Consider joining all columns at once using pd.concat(axis=1) instead. To get a de-fragmented frame, use `newframe = frame.copy()`
  dataframe[f"dc_hi_{n}"] = dataframe["high"].rolling(n).max().shift(1)
/freqtrade/user_data/strategies/TrendVolTarget.py:50: PerformanceWarning: DataFrame is highly fragmented.  This is usually the result of calling `frame.insert` many times, which has poor performance.  Consider joining all columns at once using pd.concat(axis=1) instead. To get a de-fragmented frame, use `newframe = frame.copy()`
  dataframe[f"dc_hi_{n}"] = dataframe["high"].rolling(n).max().shift(1)
/freqtrade/user_data/strategies/TrendVolTarget.py:50: PerformanceWarning: DataFrame is highly fragmented.  This is usually the result of calling `frame.insert` many times, which has poor performance.  Consider joining all columns at once using pd.concat(axis=1) instead. To get a de-fragmented frame, use `newframe = frame.copy()`
  dataframe[f"dc_hi_{n}"] = dataframe["high"].rolling(n).max().shift(1)
/freqtrade/user_data/strategies/TrendVolTarget.py:50: PerformanceWarning: DataFrame is highly fragmented.  This is usually the result of calling `frame.insert` many times, which has poor performance.  Consider joining all columns at once using pd.concat(axis=1) instead. To get a de-fragmented frame, use `newframe = frame.copy()`
  dataframe[f"dc_hi_{n}"] = dataframe["high"].rolling(n).max().shift(1)
/freqtrade/user_data/strategies/TrendVolTarget.py:50: PerformanceWarning: DataFrame is highly fragmented.  This is usually the result of calling `frame.insert` many times, which has poor performance.  Consider joining all columns at once using pd.concat(axis=1) instead. To get a de-fragmented frame, use `newframe = frame.copy()`
  dataframe[f"dc_hi_{n}"] = dataframe["high"].rolling(n).max().shift(1)
/freqtrade/user_data/strategies/TrendVolTarget.py:50: PerformanceWarning: DataFrame is highly fragmented.  This is usually the result of calling `frame.insert` many times, which has poor performance.  Consider joining all columns at once using pd.concat(axis=1) instead. To get a de-fragmented frame, use `newframe = frame.copy()`
  dataframe[f"dc_hi_{n}"] = dataframe["high"].rolling(n).max().shift(1)
/freqtrade/user_data/strategies/TrendVolTarget.py:50: PerformanceWarning: DataFrame is highly fragmented.  This is usually the result of calling `frame.insert` many times, which has poor performance.  Consider joining all columns at once using pd.concat(axis=1) instead. To get a de-fragmented frame, use `newframe = frame.copy()`
  dataframe[f"dc_hi_{n}"] = dataframe["high"].rolling(n).max().shift(1)
/freqtrade/user_data/strategies/TrendVolTarget.py:53: PerformanceWarning: DataFrame is highly fragmented.  This is usually the result of calling `frame.insert` many times, which has poor performance.  Consider joining all columns at once using pd.concat(axis=1) instead. To get a de-fragmented frame, use `newframe = frame.copy()`
  dataframe["sma_f"] = ta.SMA(dataframe, timeperiod=60)
/freqtrade/user_data/strategies/TrendVolTarget.py:54: PerformanceWarning: DataFrame is highly fragmented.  This is usually the result of calling `frame.insert` many times, which has poor performance.  Consider joining all columns at once using pd.concat(axis=1) instead. To get a de-fragmented frame, use `newframe = frame.copy()`
  dataframe["sma_s"] = ta.SMA(dataframe, timeperiod=240)
/freqtrade/user_data/strategies/TrendVolTarget.py:56: PerformanceWarning: DataFrame is highly fragmented.  This is usually the result of calling `frame.insert` many times, which has poor performance.  Consider joining all columns at once using pd.concat(axis=1) instead. To get a de-fragmented frame, use `newframe = frame.copy()`
  dataframe["rvol"] = dataframe["close"].pct_change().rolling(90).std() * np.sqrt(6 * 365)
2026-09-28 20:07:49,342 - freqtrade.optimize.hyperopt.hyperopt_optimizer - INFO - Hyperopting with data from 2021-01-01 00:00:00 up to 2022-07-02 00:00:00 (547 days)..
2026-09-28 20:07:49,635 - freqtrade.optimize.hyperopt.hyperopt - INFO - Found 12 CPU cores. Let's make them scream!
2026-09-28 20:07:49,635 - freqtrade.optimize.hyperopt.hyperopt - INFO - Number of parallel jobs set as: -1
2026-09-28 20:07:49,636 - freqtrade.optimize.hyperopt.hyperopt_optimizer - INFO - Using optuna sampler NSGAIIISampler.
[I 2026-09-28 20:07:49,636] A new study created in memory with name: no-name-2e761a1c-c1e0-452a-9a08-f75c759fd11c
2026-09-28 20:07:49,638 - freqtrade.optimize.hyperopt.hyperopt - INFO - Effective number of parallel workers used: 12
                                                                                           Hyperopt results                                                                                             
                          ┏━━━━━━━━┳━━━━━━━┳━━━━━━━━┳━━━━━━━━━━━━━━━━━━━━━━━━┳━━━━━━━━━━━━┳━━━━━━━━━━━━━━━━━━━━━━━━━┳━━━━━━━━━━━━━━━━━━┳━━━━━━━━━━━┳━━━━━━━━━━━━━━━━━━━━━━━━┓                           
                          ┃ Best   ┃ Epoch ┃ Trades ┃  Win  Draw  Loss  Win% ┃ Avg profit ┃                  Profit ┃     Avg duration ┃ Objective ┃    Max Drawdown (Acct) ┃                           
                          ┡━━━━━━━━╇━━━━━━━╇━━━━━━━━╇━━━━━━━━━━━━━━━━━━━━━━━━╇━━━━━━━━━━━━╇━━━━━━━━━━━━━━━━━━━━━━━━━╇━━━━━━━━━━━━━━━━━━╇━━━━━━━━━━━╇━━━━━━━━━━━━━━━━━━━━━━━━┩                           
                          │ * Best │ 1/100 │    105 │   45     0    60  42.9 │     11.73% │ 627.656 USDT   (31.38%) │ 9 days, 15:35:00 │  -0.68922 │ 71.628 USDT    (2.65%) │                           
                          │ * Best │ 6/100 │    145 │   61     0    84  42.1 │      4.63% │ 301.818 USDT   (15.09%) │ 4 days, 20:00:00 │  -0.99678 │ 46.292 USDT    (1.98%) │                           
                          └────────┴───────┴────────┴────────────────────────┴────────────┴─────────────────────────┴──────────────────┴───────────┴────────────────────────┘                           
Epochs ━━━━━━━━━━━━━━━━━━━━━━━━━━━━━━━━━━━━━━━━━━━━━━━━━━━━━━━━━━━━━━━━━━━━━━━━━━━━━━━━━━━━━━━━━━━━━━━━━━━━━━━━━━━━━━━━━━━━━━━━━━━━━━━━━━━━━━━━━━━━━━━━━━━━━━━━━━━━━━━━ 100/100 100% • 0:00:50 • 0:00:00
2026-09-28 20:08:40,014 - freqtrade.optimize.hyperopt.hyperopt - INFO - 100 epochs saved to '/freqtrade/user_data/hyperopt_results/strategy_TrendVolTarget_2026-09-28_23-07-45.fthypt'.
/freqtrade/user_data/strategies/Strategy002.py:8: FutureWarning: 'freqtrade.vendor.qtpylib.indicators' is deprecated and will be removed in a future release. Import from technical instead - either the module (`from technical import qtpylib`) or a single function (`from technical.qtpylib import crossed_above`).
  import freqtrade.vendor.qtpylib.indicators as qtpylib
2026-09-28 20:08:40,324 - freqtrade.optimize.hyperopt_tools - INFO - Dumping parameters to /freqtrade/user_data/strategies/TrendVolTarget.json

Best result:

*    6/100:    145 trades. 61/0/84 Wins/Draws/Losses. Avg profit   4.63%. Median profit  -2.40%. Total profit 301.81801690 USDT (  15.09%). Avg duration 4 days, 20:00:00 min. Objective: -0.99678


    # Buy parameters:
    buy_params = {
        "entry_len": 233,
        "vol_floor": 0.023,
    }

    # Sell parameters:
    sell_params = {
        "atr_stop": 4.1,
    }

    # ROI parameters:  # value loaded from strategy
    minimal_roi = {
        "0": 100
    }

    # Stoploss parameters:
    stoploss = -0.1  # value loaded from strategy

    # Trailing stop parameters:
    trailing_stop = False  # value loaded from strategy
    trailing_stop_positive = None  # value loaded from strategy
    trailing_stop_positive_offset = 0.0  # value loaded from strategy
    trailing_only_offset_is_reached = False  # value loaded from strategy
    

    # max_open_trades parameters:
    max_open_trades = 5  # value loaded from strategy
