2026-09-28 20:11:22,200 - freqtrade - INFO - freqtrade 2026.8
2026-09-28 20:11:22,539 - numexpr.utils - INFO - NumExpr defaulting to 12 threads.
2026-09-28 20:11:23,547 - freqtrade.configuration.load_config - INFO - Using config: user_data/config.json ...
2026-09-28 20:11:23,549 - freqtrade.loggers - INFO - Enabling colorized output.
2026-09-28 20:11:23,549 - freqtrade.loggers - INFO - Logfile configured
2026-09-28 20:11:23,549 - freqtrade.loggers - INFO - Verbosity set to 0
2026-09-28 20:11:23,549 - freqtrade.configuration.configuration - INFO - Parameter -i/--timeframe detected ... Using timeframe: 4h ...
2026-09-28 20:11:23,550 - freqtrade.configuration.configuration - INFO - Using max_open_trades: 5 ...
2026-09-28 20:11:23,550 - freqtrade.configuration.configuration - INFO - Parameter --fee detected, setting fee to: 0.001 ...
2026-09-28 20:11:23,550 - freqtrade.configuration.configuration - INFO - Parameter --timerange detected: 20220702-20231231 ...
2026-09-28 20:11:23,560 - freqtrade.configuration.configuration - INFO - Using user-data directory: /freqtrade/user_data ...
2026-09-28 20:11:23,560 - freqtrade.configuration.configuration - INFO - Using data directory: /freqtrade/user_data/data/binance ...
2026-09-28 20:11:23,560 - freqtrade.configuration.configuration - INFO - Parameter --epochs detected ... Will run Hyperopt with for 100 epochs ...
2026-09-28 20:11:23,560 - freqtrade.configuration.configuration - INFO - Parameter -s/--spaces detected: ['buy', 'sell']
2026-09-28 20:11:23,561 - freqtrade.configuration.configuration - INFO - Parameter -j/--job-workers detected: -1
2026-09-28 20:11:23,561 - freqtrade.configuration.configuration - INFO - Parameter --random-state detected: 2004
2026-09-28 20:11:23,561 - freqtrade.configuration.configuration - INFO - Parameter --min-trades detected: 1
2026-09-28 20:11:23,561 - freqtrade.configuration.configuration - INFO - Using Hyperopt loss class name: SharpeHyperOptLoss
2026-09-28 20:11:23,561 - freqtrade.configuration.configuration - INFO - Filter trades by timerange: 20220702-20231231
2026-09-28 20:11:23,562 - freqtrade.exchange.check_exchange - INFO - Checking exchange...
2026-09-28 20:11:23,567 - freqtrade.exchange.check_exchange - INFO - Exchange "binance" is officially supported by the Freqtrade development team.
2026-09-28 20:11:23,567 - freqtrade.configuration.configuration - INFO - Using pairlist from configuration.
2026-09-28 20:11:23,567 - freqtrade.configuration.config_validation - INFO - Validating configuration ...
2026-09-28 20:11:23,569 - freqtrade.commands.optimize_commands - INFO - Starting freqtrade in Hyperopt mode
2026-09-28 20:11:23,569 - freqtrade.optimize.hyperopt.hyperopt - INFO - Removing `/freqtrade/user_data/hyperopt_results/hyperopt_tickerdata.pkl`.
2026-09-28 20:11:23,574 - freqtrade.exchange.exchange - INFO - Instance is running with dry_run enabled
2026-09-28 20:11:23,574 - freqtrade.exchange.exchange - INFO - Using CCXT 4.5.76
2026-09-28 20:11:23,574 - freqtrade.exchange.exchange - INFO - Applying additional ccxt config: {'enableRateLimit': True}
2026-09-28 20:11:23,579 - freqtrade.exchange.exchange - INFO - Applying additional ccxt config: {'enableRateLimit': True}
2026-09-28 20:11:23,584 - freqtrade.exchange.exchange - INFO - Using Exchange "Binance"
2026-09-28 20:11:25,091 - freqtrade.resolvers.exchange_resolver - INFO - Using resolved exchange class 'Binance' ...
2026-09-28 20:11:25,099 - freqtrade.resolvers.iresolver - INFO - Using resolved strategy TrendVolTarget from '/freqtrade/user_data/strategies/TrendVolTarget.py'...
2026-09-28 20:11:25,099 - freqtrade.strategy.hyper - INFO - Found no parameter file.
2026-09-28 20:11:25,099 - freqtrade.resolvers.strategy_resolver - INFO - Override strategy 'timeframe' with value from the configuration: 4h.
2026-09-28 20:11:25,100 - freqtrade.resolvers.strategy_resolver - INFO - Override strategy 'stoploss' with value from the configuration: -0.1.
2026-09-28 20:11:25,100 - freqtrade.resolvers.strategy_resolver - INFO - Override strategy 'stake_currency' with value from the configuration: USDT.
2026-09-28 20:11:25,100 - freqtrade.resolvers.strategy_resolver - INFO - Override strategy 'stake_amount' with value from the configuration: 100.
2026-09-28 20:11:25,100 - freqtrade.resolvers.strategy_resolver - INFO - Override strategy 'unfilledtimeout' with value from the configuration: {'entry': 10, 'exit': 30, 'exit_timeout_count': 0, 
'unit': 'minutes'}.
2026-09-28 20:11:25,100 - freqtrade.resolvers.strategy_resolver - INFO - Override strategy 'use_exit_signal' with value from the configuration: True.
2026-09-28 20:11:25,100 - freqtrade.resolvers.strategy_resolver - INFO - Override strategy 'exit_profit_only' with value from the configuration: False.
2026-09-28 20:11:25,101 - freqtrade.resolvers.strategy_resolver - INFO - Override strategy 'ignore_roi_if_entry_signal' with value from the configuration: False.
2026-09-28 20:11:25,101 - freqtrade.resolvers.strategy_resolver - INFO - Override strategy 'max_open_trades' with value from the configuration: 5.
2026-09-28 20:11:25,101 - freqtrade.resolvers.strategy_resolver - INFO - Strategy using minimal_roi: {'0': 100}
2026-09-28 20:11:25,101 - freqtrade.resolvers.strategy_resolver - INFO - Strategy using timeframe: 4h
2026-09-28 20:11:25,101 - freqtrade.resolvers.strategy_resolver - INFO - Strategy using stoploss: -0.1
2026-09-28 20:11:25,101 - freqtrade.resolvers.strategy_resolver - INFO - Strategy using trailing_stop: False
2026-09-28 20:11:25,101 - freqtrade.resolvers.strategy_resolver - INFO - Strategy using trailing_stop_positive_offset: 0.0
2026-09-28 20:11:25,101 - freqtrade.resolvers.strategy_resolver - INFO - Strategy using trailing_only_offset_is_reached: False
2026-09-28 20:11:25,102 - freqtrade.resolvers.strategy_resolver - INFO - Strategy using use_custom_stoploss: True
2026-09-28 20:11:25,102 - freqtrade.resolvers.strategy_resolver - INFO - Strategy using process_only_new_candles: True
2026-09-28 20:11:25,102 - freqtrade.resolvers.strategy_resolver - INFO - Strategy using order_types: {'entry': 'limit', 'exit': 'limit', 'stoploss': 'limit', 'stoploss_on_exchange': False, 
'stoploss_on_exchange_interval': 60}
2026-09-28 20:11:25,102 - freqtrade.resolvers.strategy_resolver - INFO - Strategy using order_time_in_force: {'entry': 'GTC', 'exit': 'GTC'}
2026-09-28 20:11:25,102 - freqtrade.resolvers.strategy_resolver - INFO - Strategy using stake_currency: USDT
2026-09-28 20:11:25,102 - freqtrade.resolvers.strategy_resolver - INFO - Strategy using stake_amount: 100
2026-09-28 20:11:25,102 - freqtrade.resolvers.strategy_resolver - INFO - Strategy using startup_candle_count: 300
2026-09-28 20:11:25,103 - freqtrade.resolvers.strategy_resolver - INFO - Strategy using unfilledtimeout: {'entry': 10, 'exit': 30, 'exit_timeout_count': 0, 'unit': 'minutes'}
2026-09-28 20:11:25,103 - freqtrade.resolvers.strategy_resolver - INFO - Strategy using use_exit_signal: True
2026-09-28 20:11:25,103 - freqtrade.resolvers.strategy_resolver - INFO - Strategy using exit_profit_only: False
2026-09-28 20:11:25,103 - freqtrade.resolvers.strategy_resolver - INFO - Strategy using ignore_roi_if_entry_signal: False
2026-09-28 20:11:25,103 - freqtrade.resolvers.strategy_resolver - INFO - Strategy using exit_profit_offset: 0.0
2026-09-28 20:11:25,103 - freqtrade.resolvers.strategy_resolver - INFO - Strategy using disable_dataframe_checks: False
2026-09-28 20:11:25,103 - freqtrade.resolvers.strategy_resolver - INFO - Strategy using ignore_buying_expired_candle_after: 0
2026-09-28 20:11:25,104 - freqtrade.resolvers.strategy_resolver - INFO - Strategy using position_adjustment_enable: False
2026-09-28 20:11:25,104 - freqtrade.resolvers.strategy_resolver - INFO - Strategy using max_entry_position_adjustment: -1
2026-09-28 20:11:25,104 - freqtrade.resolvers.strategy_resolver - INFO - Strategy using max_open_trades: 5
2026-09-28 20:11:25,104 - freqtrade.configuration.config_validation - INFO - Validating configuration ...
2026-09-28 20:11:25,107 - freqtrade.resolvers.iresolver - INFO - Using resolved pairlist StaticPairList from '/freqtrade/freqtrade/plugins/pairlist/StaticPairList.py'...
2026-09-28 20:11:25,117 - freqtrade.optimize.backtesting - INFO - Using fee 0.1000% from config.
2026-09-28 20:11:25,118 - freqtrade.strategy.hyper - INFO - No params for sell found, using default values.
2026-09-28 20:11:25,118 - freqtrade.strategy.hyper - INFO - Strategy Parameter(default): atr_stop = 3.5
2026-09-28 20:11:25,118 - freqtrade.strategy.hyper - INFO - No params for buy found, using default values.
2026-09-28 20:11:25,118 - freqtrade.strategy.hyper - INFO - Strategy Parameter(default): entry_len = 120
2026-09-28 20:11:25,118 - freqtrade.strategy.hyper - INFO - Strategy Parameter(default): vol_floor = 0.012
2026-09-28 20:11:25,120 - freqtrade.resolvers.iresolver - INFO - Using resolved hyperoptloss SharpeHyperOptLoss from '/freqtrade/freqtrade/optimize/hyperopt_loss/hyperopt_loss_sharpe.py'...
2026-09-28 20:11:25,422 - freqtrade.optimize.hyperopt.hyperopt_optimizer - INFO - manager queue <class 'multiprocessing.managers.AutoProxy[Queue]'>
2026-09-28 20:11:25,423 - freqtrade.optimize.hyperopt.hyperopt - INFO - Using optimizer random state: 2004
2026-09-28 20:11:25,566 - freqtrade.optimize.backtesting - INFO - Loading data from 2022-05-13 00:00:00 up to 2023-12-31 00:00:00 (597 days).
2026-09-28 20:11:25,889 - freqtrade.optimize.hyperopt.hyperopt_optimizer - INFO - Dataload complete. Calculating indicators
/freqtrade/user_data/strategies/TrendVolTarget.py:50: PerformanceWarning: DataFrame is highly fragmented.  This is usually the result of calling `frame.insert` many times, which has poor performance.  Consider joining all columns at once using pd.concat(axis=1) instead. To get a de-fragmented frame, use `newframe = frame.copy()`
  dataframe[f"dc_hi_{n}"] = dataframe["high"].rolling(n).max().shift(1)
/freqtrade/user_data/strategies/TrendVolTarget.py:50: PerformanceWarning: DataFrame is highly fragmented.  This is usually the result of calling `frame.insert` many times, which has poor performance.  Consider joining all columns at once using pd.concat(axis=1) instead. To get a de-fragmented frame, use `newframe = frame.copy()`
  dataframe[f"dc_hi_{n}"] = dataframe["high"].rolling(n).max().shift(1)
/freqtrade/user_data/strategies/TrendVolTarget.py:50: PerformanceWarning: DataFrame is highly fragmented.  This is usually the result of calling `frame.insert` many times, which has poor performance.  Consider joining all columns at once using pd.concat(axis=1) instead. To get a de-fragmented frame, use `newframe = frame.copy()`
  dataframe[f"dc_hi_{n}"] = dataframe["high"].rolling(n).max().shift(1)
/freqtrade/user_data/strategies/TrendVolTarget.py:50: PerformanceWarning: DataFrame is highly fragmented.  This is usually the result of calling `frame.insert` many times, which has poor performance.  Consider joining all columns at once using pd.concat(axis=1) instead. To get a de-fragmented frame, use `newframe = frame.copy()`
  dataframe[f"dc_hi_{n}"] = dataframe["high"].rolling(n).max().shift(1)
/freqtrade/user_data/strategies/TrendVolTarget.py:50: PerformanceWarning: DataFrame is highly fragmented.  This is usually the result of calling `frame.insert` many times, which has poor performance.  Consider joining all columns at once using pd.concat(axis=1) instead. To get a de-fragmented frame, use `newframe = frame.copy()`
  dataframe[f"dc_hi_{n}"] = dataframe["high"].rolling(n).max().shift(1)
/freqtrade/user_data/strategies/TrendVolTarget.py:50: PerformanceWarning: DataFrame is highly fragmented.  This is usually the result of calling `frame.insert` many times, which has poor performance.  Consider joining all columns at once using pd.concat(axis=1) instead. To get a de-fragmented frame, use `newframe = frame.copy()`
  dataframe[f"dc_hi_{n}"] = dataframe["high"].rolling(n).max().shift(1)
/freqtrade/user_data/strategies/TrendVolTarget.py:50: PerformanceWarning: DataFrame is highly fragmented.  This is usually the result of calling `frame.insert` many times, which has poor performance.  Consider joining all columns at once using pd.concat(axis=1) instead. To get a de-fragmented frame, use `newframe = frame.copy()`
  dataframe[f"dc_hi_{n}"] = dataframe["high"].rolling(n).max().shift(1)
/freqtrade/user_data/strategies/TrendVolTarget.py:50: PerformanceWarning: DataFrame is highly fragmented.  This is usually the result of calling `frame.insert` many times, which has poor performance.  Consider joining all columns at once using pd.concat(axis=1) instead. To get a de-fragmented frame, use `newframe = frame.copy()`
  dataframe[f"dc_hi_{n}"] = dataframe["high"].rolling(n).max().shift(1)
/freqtrade/user_data/strategies/TrendVolTarget.py:50: PerformanceWarning: DataFrame is highly fragmented.  This is usually the result of calling `frame.insert` many times, which has poor performance.  Consider joining all columns at once using pd.concat(axis=1) instead. To get a de-fragmented frame, use `newframe = frame.copy()`
  dataframe[f"dc_hi_{n}"] = dataframe["high"].rolling(n).max().shift(1)
/freqtrade/user_data/strategies/TrendVolTarget.py:50: PerformanceWarning: DataFrame is highly fragmented.  This is usually the result of calling `frame.insert` many times, which has poor performance.  Consider joining all columns at once using pd.concat(axis=1) instead. To get a de-fragmented frame, use `newframe = frame.copy()`
  dataframe[f"dc_hi_{n}"] = dataframe["high"].rolling(n).max().shift(1)
/freqtrade/user_data/strategies/TrendVolTarget.py:50: PerformanceWarning: DataFrame is highly fragmented.  This is usually the result of calling `frame.insert` many times, which has poor performance.  Consider joining all columns at once using pd.concat(axis=1) instead. To get a de-fragmented frame, use `newframe = frame.copy()`
  dataframe[f"dc_hi_{n}"] = dataframe["high"].rolling(n).max().shift(1)
/freqtrade/user_data/strategies/TrendVolTarget.py:50: PerformanceWarning: DataFrame is highly fragmented.  This is usually the result of calling `frame.insert` many times, which has poor performance.  Consider joining all columns at once using pd.concat(axis=1) instead. To get a de-fragmented frame, use `newframe = frame.copy()`
  dataframe[f"dc_hi_{n}"] = dataframe["high"].rolling(n).max().shift(1)
/freqtrade/user_data/strategies/TrendVolTarget.py:50: PerformanceWarning: DataFrame is highly fragmented.  This is usually the result of calling `frame.insert` many times, which has poor performance.  Consider joining all columns at once using pd.concat(axis=1) instead. To get a de-fragmented frame, use `newframe = frame.copy()`
  dataframe[f"dc_hi_{n}"] = dataframe["high"].rolling(n).max().shift(1)
/freqtrade/user_data/strategies/TrendVolTarget.py:50: PerformanceWarning: DataFrame is highly fragmented.  This is usually the result of calling `frame.insert` many times, which has poor performance.  Consider joining all columns at once using pd.concat(axis=1) instead. To get a de-fragmented frame, use `newframe = frame.copy()`
  dataframe[f"dc_hi_{n}"] = dataframe["high"].rolling(n).max().shift(1)
/freqtrade/user_data/strategies/TrendVolTarget.py:50: PerformanceWarning: DataFrame is highly fragmented.  This is usually the result of calling `frame.insert` many times, which has poor performance.  Consider joining all columns at once using pd.concat(axis=1) instead. To get a de-fragmented frame, use `newframe = frame.copy()`
  dataframe[f"dc_hi_{n}"] = dataframe["high"].rolling(n).max().shift(1)
/freqtrade/user_data/strategies/TrendVolTarget.py:50: PerformanceWarning: DataFrame is highly fragmented.  This is usually the result of calling `frame.insert` many times, which has poor performance.  Consider joining all columns at once using pd.concat(axis=1) instead. To get a de-fragmented frame, use `newframe = frame.copy()`
  dataframe[f"dc_hi_{n}"] = dataframe["high"].rolling(n).max().shift(1)
/freqtrade/user_data/strategies/TrendVolTarget.py:50: PerformanceWarning: DataFrame is highly fragmented.  This is usually the result of calling `frame.insert` many times, which has poor performance.  Consider joining all columns at once using pd.concat(axis=1) instead. To get a de-fragmented frame, use `newframe = frame.copy()`
  dataframe[f"dc_hi_{n}"] = dataframe["high"].rolling(n).max().shift(1)
/freqtrade/user_data/strategies/TrendVolTarget.py:50: PerformanceWarning: DataFrame is highly fragmented.  This is usually the result of calling `frame.insert` many times, which has poor performance.  Consider joining all columns at once using pd.concat(axis=1) instead. To get a de-fragmented frame, use `newframe = frame.copy()`
  dataframe[f"dc_hi_{n}"] = dataframe["high"].rolling(n).max().shift(1)
/freqtrade/user_data/strategies/TrendVolTarget.py:50: PerformanceWarning: DataFrame is highly fragmented.  This is usually the result of calling `frame.insert` many times, which has poor performance.  Consider joining all columns at once using pd.concat(axis=1) instead. To get a de-fragmented frame, use `newframe = frame.copy()`
  dataframe[f"dc_hi_{n}"] = dataframe["high"].rolling(n).max().shift(1)
/freqtrade/user_data/strategies/TrendVolTarget.py:50: PerformanceWarning: DataFrame is highly fragmented.  This is usually the result of calling `frame.insert` many times, which has poor performance.  Consider joining all columns at once using pd.concat(axis=1) instead. To get a de-fragmented frame, use `newframe = frame.copy()`
  dataframe[f"dc_hi_{n}"] = dataframe["high"].rolling(n).max().shift(1)
/freqtrade/user_data/strategies/TrendVolTarget.py:50: PerformanceWarning: DataFrame is highly fragmented.  This is usually the result of calling `frame.insert` many times, which has poor performance.  Consider joining all columns at once using pd.concat(axis=1) instead. To get a de-fragmented frame, use `newframe = frame.copy()`
  dataframe[f"dc_hi_{n}"] = dataframe["high"].rolling(n).max().shift(1)
/freqtrade/user_data/strategies/TrendVolTarget.py:50: PerformanceWarning: DataFrame is highly fragmented.  This is usually the result of calling `frame.insert` many times, which has poor performance.  Consider joining all columns at once using pd.concat(axis=1) instead. To get a de-fragmented frame, use `newframe = frame.copy()`
  dataframe[f"dc_hi_{n}"] = dataframe["high"].rolling(n).max().shift(1)
/freqtrade/user_data/strategies/TrendVolTarget.py:50: PerformanceWarning: DataFrame is highly fragmented.  This is usually the result of calling `frame.insert` many times, which has poor performance.  Consider joining all columns at once using pd.concat(axis=1) instead. To get a de-fragmented frame, use `newframe = frame.copy()`
  dataframe[f"dc_hi_{n}"] = dataframe["high"].rolling(n).max().shift(1)
/freqtrade/user_data/strategies/TrendVolTarget.py:50: PerformanceWarning: DataFrame is highly fragmented.  This is usually the result of calling `frame.insert` many times, which has poor performance.  Consider joining all columns at once using pd.concat(axis=1) instead. To get a de-fragmented frame, use `newframe = frame.copy()`
  dataframe[f"dc_hi_{n}"] = dataframe["high"].rolling(n).max().shift(1)
/freqtrade/user_data/strategies/TrendVolTarget.py:50: PerformanceWarning: DataFrame is highly fragmented.  This is usually the result of calling `frame.insert` many times, which has poor performance.  Consider joining all columns at once using pd.concat(axis=1) instead. To get a de-fragmented frame, use `newframe = frame.copy()`
  dataframe[f"dc_hi_{n}"] = dataframe["high"].rolling(n).max().shift(1)
/freqtrade/user_data/strategies/TrendVolTarget.py:50: PerformanceWarning: DataFrame is highly fragmented.  This is usually the result of calling `frame.insert` many times, which has poor performance.  Consider joining all columns at once using pd.concat(axis=1) instead. To get a de-fragmented frame, use `newframe = frame.copy()`
  dataframe[f"dc_hi_{n}"] = dataframe["high"].rolling(n).max().shift(1)
/freqtrade/user_data/strategies/TrendVolTarget.py:50: PerformanceWarning: DataFrame is highly fragmented.  This is usually the result of calling `frame.insert` many times, which has poor performance.  Consider joining all columns at once using pd.concat(axis=1) instead. To get a de-fragmented frame, use `newframe = frame.copy()`
  dataframe[f"dc_hi_{n}"] = dataframe["high"].rolling(n).max().shift(1)
/freqtrade/user_data/strategies/TrendVolTarget.py:50: PerformanceWarning: DataFrame is highly fragmented.  This is usually the result of calling `frame.insert` many times, which has poor performance.  Consider joining all columns at once using pd.concat(axis=1) instead. To get a de-fragmented frame, use `newframe = frame.copy()`
  dataframe[f"dc_hi_{n}"] = dataframe["high"].rolling(n).max().shift(1)
/freqtrade/user_data/strategies/TrendVolTarget.py:50: PerformanceWarning: DataFrame is highly fragmented.  This is usually the result of calling `frame.insert` many times, which has poor performance.  Consider joining all columns at once using pd.concat(axis=1) instead. To get a de-fragmented frame, use `newframe = frame.copy()`
  dataframe[f"dc_hi_{n}"] = dataframe["high"].rolling(n).max().shift(1)
/freqtrade/user_data/strategies/TrendVolTarget.py:50: PerformanceWarning: DataFrame is highly fragmented.  This is usually the result of calling `frame.insert` many times, which has poor performance.  Consider joining all columns at once using pd.concat(axis=1) instead. To get a de-fragmented frame, use `newframe = frame.copy()`
  dataframe[f"dc_hi_{n}"] = dataframe["high"].rolling(n).max().shift(1)
/freqtrade/user_data/strategies/TrendVolTarget.py:50: PerformanceWarning: DataFrame is highly fragmented.  This is usually the result of calling `frame.insert` many times, which has poor performance.  Consider joining all columns at once using pd.concat(axis=1) instead. To get a de-fragmented frame, use `newframe = frame.copy()`
  dataframe[f"dc_hi_{n}"] = dataframe["high"].rolling(n).max().shift(1)
/freqtrade/user_data/strategies/TrendVolTarget.py:50: PerformanceWarning: DataFrame is highly fragmented.  This is usually the result of calling `frame.insert` many times, which has poor performance.  Consider joining all columns at once using pd.concat(axis=1) instead. To get a de-fragmented frame, use `newframe = frame.copy()`
  dataframe[f"dc_hi_{n}"] = dataframe["high"].rolling(n).max().shift(1)
/freqtrade/user_data/strategies/TrendVolTarget.py:50: PerformanceWarning: DataFrame is highly fragmented.  This is usually the result of calling `frame.insert` many times, which has poor performance.  Consider joining all columns at once using pd.concat(axis=1) instead. To get a de-fragmented frame, use `newframe = frame.copy()`
  dataframe[f"dc_hi_{n}"] = dataframe["high"].rolling(n).max().shift(1)
/freqtrade/user_data/strategies/TrendVolTarget.py:50: PerformanceWarning: DataFrame is highly fragmented.  This is usually the result of calling `frame.insert` many times, which has poor performance.  Consider joining all columns at once using pd.concat(axis=1) instead. To get a de-fragmented frame, use `newframe = frame.copy()`
  dataframe[f"dc_hi_{n}"] = dataframe["high"].rolling(n).max().shift(1)
/freqtrade/user_data/strategies/TrendVolTarget.py:50: PerformanceWarning: DataFrame is highly fragmented.  This is usually the result of calling `frame.insert` many times, which has poor performance.  Consider joining all columns at once using pd.concat(axis=1) instead. To get a de-fragmented frame, use `newframe = frame.copy()`
  dataframe[f"dc_hi_{n}"] = dataframe["high"].rolling(n).max().shift(1)
/freqtrade/user_data/strategies/TrendVolTarget.py:50: PerformanceWarning: DataFrame is highly fragmented.  This is usually the result of calling `frame.insert` many times, which has poor performance.  Consider joining all columns at once using pd.concat(axis=1) instead. To get a de-fragmented frame, use `newframe = frame.copy()`
  dataframe[f"dc_hi_{n}"] = dataframe["high"].rolling(n).max().shift(1)
/freqtrade/user_data/strategies/TrendVolTarget.py:50: PerformanceWarning: DataFrame is highly fragmented.  This is usually the result of calling `frame.insert` many times, which has poor performance.  Consider joining all columns at once using pd.concat(axis=1) instead. To get a de-fragmented frame, use `newframe = frame.copy()`
  dataframe[f"dc_hi_{n}"] = dataframe["high"].rolling(n).max().shift(1)
/freqtrade/user_data/strategies/TrendVolTarget.py:50: PerformanceWarning: DataFrame is highly fragmented.  This is usually the result of calling `frame.insert` many times, which has poor performance.  Consider joining all columns at once using pd.concat(axis=1) instead. To get a de-fragmented frame, use `newframe = frame.copy()`
  dataframe[f"dc_hi_{n}"] = dataframe["high"].rolling(n).max().shift(1)
/freqtrade/user_data/strategies/TrendVolTarget.py:50: PerformanceWarning: DataFrame is highly fragmented.  This is usually the result of calling `frame.insert` many times, which has poor performance.  Consider joining all columns at once using pd.concat(axis=1) instead. To get a de-fragmented frame, use `newframe = frame.copy()`
  dataframe[f"dc_hi_{n}"] = dataframe["high"].rolling(n).max().shift(1)
/freqtrade/user_data/strategies/TrendVolTarget.py:50: PerformanceWarning: DataFrame is highly fragmented.  This is usually the result of calling `frame.insert` many times, which has poor performance.  Consider joining all columns at once using pd.concat(axis=1) instead. To get a de-fragmented frame, use `newframe = frame.copy()`
  dataframe[f"dc_hi_{n}"] = dataframe["high"].rolling(n).max().shift(1)
/freqtrade/user_data/strategies/TrendVolTarget.py:50: PerformanceWarning: DataFrame is highly fragmented.  This is usually the result of calling `frame.insert` many times, which has poor performance.  Consider joining all columns at once using pd.concat(axis=1) instead. To get a de-fragmented frame, use `newframe = frame.copy()`
  dataframe[f"dc_hi_{n}"] = dataframe["high"].rolling(n).max().shift(1)
/freqtrade/user_data/strategies/TrendVolTarget.py:50: PerformanceWarning: DataFrame is highly fragmented.  This is usually the result of calling `frame.insert` many times, which has poor performance.  Consider joining all columns at once using pd.concat(axis=1) instead. To get a de-fragmented frame, use `newframe = frame.copy()`
  dataframe[f"dc_hi_{n}"] = dataframe["high"].rolling(n).max().shift(1)
/freqtrade/user_data/strategies/TrendVolTarget.py:50: PerformanceWarning: DataFrame is highly fragmented.  This is usually the result of calling `frame.insert` many times, which has poor performance.  Consider joining all columns at once using pd.concat(axis=1) instead. To get a de-fragmented frame, use `newframe = frame.copy()`
  dataframe[f"dc_hi_{n}"] = dataframe["high"].rolling(n).max().shift(1)
/freqtrade/user_data/strategies/TrendVolTarget.py:50: PerformanceWarning: DataFrame is highly fragmented.  This is usually the result of calling `frame.insert` many times, which has poor performance.  Consider joining all columns at once using pd.concat(axis=1) instead. To get a de-fragmented frame, use `newframe = frame.copy()`
  dataframe[f"dc_hi_{n}"] = dataframe["high"].rolling(n).max().shift(1)
/freqtrade/user_data/strategies/TrendVolTarget.py:50: PerformanceWarning: DataFrame is highly fragmented.  This is usually the result of calling `frame.insert` many times, which has poor performance.  Consider joining all columns at once using pd.concat(axis=1) instead. To get a de-fragmented frame, use `newframe = frame.copy()`
  dataframe[f"dc_hi_{n}"] = dataframe["high"].rolling(n).max().shift(1)
/freqtrade/user_data/strategies/TrendVolTarget.py:50: PerformanceWarning: DataFrame is highly fragmented.  This is usually the result of calling `frame.insert` many times, which has poor performance.  Consider joining all columns at once using pd.concat(axis=1) instead. To get a de-fragmented frame, use `newframe = frame.copy()`
  dataframe[f"dc_hi_{n}"] = dataframe["high"].rolling(n).max().shift(1)
/freqtrade/user_data/strategies/TrendVolTarget.py:50: PerformanceWarning: DataFrame is highly fragmented.  This is usually the result of calling `frame.insert` many times, which has poor performance.  Consider joining all columns at once using pd.concat(axis=1) instead. To get a de-fragmented frame, use `newframe = frame.copy()`
  dataframe[f"dc_hi_{n}"] = dataframe["high"].rolling(n).max().shift(1)
/freqtrade/user_data/strategies/TrendVolTarget.py:50: PerformanceWarning: DataFrame is highly fragmented.  This is usually the result of calling `frame.insert` many times, which has poor performance.  Consider joining all columns at once using pd.concat(axis=1) instead. To get a de-fragmented frame, use `newframe = frame.copy()`
  dataframe[f"dc_hi_{n}"] = dataframe["high"].rolling(n).max().shift(1)
/freqtrade/user_data/strategies/TrendVolTarget.py:50: PerformanceWarning: DataFrame is highly fragmented.  This is usually the result of calling `frame.insert` many times, which has poor performance.  Consider joining all columns at once using pd.concat(axis=1) instead. To get a de-fragmented frame, use `newframe = frame.copy()`
  dataframe[f"dc_hi_{n}"] = dataframe["high"].rolling(n).max().shift(1)
/freqtrade/user_data/strategies/TrendVolTarget.py:50: PerformanceWarning: DataFrame is highly fragmented.  This is usually the result of calling `frame.insert` many times, which has poor performance.  Consider joining all columns at once using pd.concat(axis=1) instead. To get a de-fragmented frame, use `newframe = frame.copy()`
  dataframe[f"dc_hi_{n}"] = dataframe["high"].rolling(n).max().shift(1)
/freqtrade/user_data/strategies/TrendVolTarget.py:50: PerformanceWarning: DataFrame is highly fragmented.  This is usually the result of calling `frame.insert` many times, which has poor performance.  Consider joining all columns at once using pd.concat(axis=1) instead. To get a de-fragmented frame, use `newframe = frame.copy()`
  dataframe[f"dc_hi_{n}"] = dataframe["high"].rolling(n).max().shift(1)
/freqtrade/user_data/strategies/TrendVolTarget.py:50: PerformanceWarning: DataFrame is highly fragmented.  This is usually the result of calling `frame.insert` many times, which has poor performance.  Consider joining all columns at once using pd.concat(axis=1) instead. To get a de-fragmented frame, use `newframe = frame.copy()`
  dataframe[f"dc_hi_{n}"] = dataframe["high"].rolling(n).max().shift(1)
/freqtrade/user_data/strategies/TrendVolTarget.py:50: PerformanceWarning: DataFrame is highly fragmented.  This is usually the result of calling `frame.insert` many times, which has poor performance.  Consider joining all columns at once using pd.concat(axis=1) instead. To get a de-fragmented frame, use `newframe = frame.copy()`
  dataframe[f"dc_hi_{n}"] = dataframe["high"].rolling(n).max().shift(1)
/freqtrade/user_data/strategies/TrendVolTarget.py:50: PerformanceWarning: DataFrame is highly fragmented.  This is usually the result of calling `frame.insert` many times, which has poor performance.  Consider joining all columns at once using pd.concat(axis=1) instead. To get a de-fragmented frame, use `newframe = frame.copy()`
  dataframe[f"dc_hi_{n}"] = dataframe["high"].rolling(n).max().shift(1)
/freqtrade/user_data/strategies/TrendVolTarget.py:50: PerformanceWarning: DataFrame is highly fragmented.  This is usually the result of calling `frame.insert` many times, which has poor performance.  Consider joining all columns at once using pd.concat(axis=1) instead. To get a de-fragmented frame, use `newframe = frame.copy()`
  dataframe[f"dc_hi_{n}"] = dataframe["high"].rolling(n).max().shift(1)
/freqtrade/user_data/strategies/TrendVolTarget.py:50: PerformanceWarning: DataFrame is highly fragmented.  This is usually the result of calling `frame.insert` many times, which has poor performance.  Consider joining all columns at once using pd.concat(axis=1) instead. To get a de-fragmented frame, use `newframe = frame.copy()`
  dataframe[f"dc_hi_{n}"] = dataframe["high"].rolling(n).max().shift(1)
/freqtrade/user_data/strategies/TrendVolTarget.py:50: PerformanceWarning: DataFrame is highly fragmented.  This is usually the result of calling `frame.insert` many times, which has poor performance.  Consider joining all columns at once using pd.concat(axis=1) instead. To get a de-fragmented frame, use `newframe = frame.copy()`
  dataframe[f"dc_hi_{n}"] = dataframe["high"].rolling(n).max().shift(1)
/freqtrade/user_data/strategies/TrendVolTarget.py:50: PerformanceWarning: DataFrame is highly fragmented.  This is usually the result of calling `frame.insert` many times, which has poor performance.  Consider joining all columns at once using pd.concat(axis=1) instead. To get a de-fragmented frame, use `newframe = frame.copy()`
  dataframe[f"dc_hi_{n}"] = dataframe["high"].rolling(n).max().shift(1)
/freqtrade/user_data/strategies/TrendVolTarget.py:50: PerformanceWarning: DataFrame is highly fragmented.  This is usually the result of calling `frame.insert` many times, which has poor performance.  Consider joining all columns at once using pd.concat(axis=1) instead. To get a de-fragmented frame, use `newframe = frame.copy()`
  dataframe[f"dc_hi_{n}"] = dataframe["high"].rolling(n).max().shift(1)
/freqtrade/user_data/strategies/TrendVolTarget.py:50: PerformanceWarning: DataFrame is highly fragmented.  This is usually the result of calling `frame.insert` many times, which has poor performance.  Consider joining all columns at once using pd.concat(axis=1) instead. To get a de-fragmented frame, use `newframe = frame.copy()`
  dataframe[f"dc_hi_{n}"] = dataframe["high"].rolling(n).max().shift(1)
/freqtrade/user_data/strategies/TrendVolTarget.py:50: PerformanceWarning: DataFrame is highly fragmented.  This is usually the result of calling `frame.insert` many times, which has poor performance.  Consider joining all columns at once using pd.concat(axis=1) instead. To get a de-fragmented frame, use `newframe = frame.copy()`
  dataframe[f"dc_hi_{n}"] = dataframe["high"].rolling(n).max().shift(1)
/freqtrade/user_data/strategies/TrendVolTarget.py:50: PerformanceWarning: DataFrame is highly fragmented.  This is usually the result of calling `frame.insert` many times, which has poor performance.  Consider joining all columns at once using pd.concat(axis=1) instead. To get a de-fragmented frame, use `newframe = frame.copy()`
  dataframe[f"dc_hi_{n}"] = dataframe["high"].rolling(n).max().shift(1)
/freqtrade/user_data/strategies/TrendVolTarget.py:50: PerformanceWarning: DataFrame is highly fragmented.  This is usually the result of calling `frame.insert` many times, which has poor performance.  Consider joining all columns at once using pd.concat(axis=1) instead. To get a de-fragmented frame, use `newframe = frame.copy()`
  dataframe[f"dc_hi_{n}"] = dataframe["high"].rolling(n).max().shift(1)
/freqtrade/user_data/strategies/TrendVolTarget.py:50: PerformanceWarning: DataFrame is highly fragmented.  This is usually the result of calling `frame.insert` many times, which has poor performance.  Consider joining all columns at once using pd.concat(axis=1) instead. To get a de-fragmented frame, use `newframe = frame.copy()`
  dataframe[f"dc_hi_{n}"] = dataframe["high"].rolling(n).max().shift(1)
/freqtrade/user_data/strategies/TrendVolTarget.py:50: PerformanceWarning: DataFrame is highly fragmented.  This is usually the result of calling `frame.insert` many times, which has poor performance.  Consider joining all columns at once using pd.concat(axis=1) instead. To get a de-fragmented frame, use `newframe = frame.copy()`
  dataframe[f"dc_hi_{n}"] = dataframe["high"].rolling(n).max().shift(1)
/freqtrade/user_data/strategies/TrendVolTarget.py:50: PerformanceWarning: DataFrame is highly fragmented.  This is usually the result of calling `frame.insert` many times, which has poor performance.  Consider joining all columns at once using pd.concat(axis=1) instead. To get a de-fragmented frame, use `newframe = frame.copy()`
  dataframe[f"dc_hi_{n}"] = dataframe["high"].rolling(n).max().shift(1)
/freqtrade/user_data/strategies/TrendVolTarget.py:50: PerformanceWarning: DataFrame is highly fragmented.  This is usually the result of calling `frame.insert` many times, which has poor performance.  Consider joining all columns at once using pd.concat(axis=1) instead. To get a de-fragmented frame, use `newframe = frame.copy()`
  dataframe[f"dc_hi_{n}"] = dataframe["high"].rolling(n).max().shift(1)
/freqtrade/user_data/strategies/TrendVolTarget.py:50: PerformanceWarning: DataFrame is highly fragmented.  This is usually the result of calling `frame.insert` many times, which has poor performance.  Consider joining all columns at once using pd.concat(axis=1) instead. To get a de-fragmented frame, use `newframe = frame.copy()`
  dataframe[f"dc_hi_{n}"] = dataframe["high"].rolling(n).max().shift(1)
/freqtrade/user_data/strategies/TrendVolTarget.py:50: PerformanceWarning: DataFrame is highly fragmented.  This is usually the result of calling `frame.insert` many times, which has poor performance.  Consider joining all columns at once using pd.concat(axis=1) instead. To get a de-fragmented frame, use `newframe = frame.copy()`
  dataframe[f"dc_hi_{n}"] = dataframe["high"].rolling(n).max().shift(1)
/freqtrade/user_data/strategies/TrendVolTarget.py:50: PerformanceWarning: DataFrame is highly fragmented.  This is usually the result of calling `frame.insert` many times, which has poor performance.  Consider joining all columns at once using pd.concat(axis=1) instead. To get a de-fragmented frame, use `newframe = frame.copy()`
  dataframe[f"dc_hi_{n}"] = dataframe["high"].rolling(n).max().shift(1)
/freqtrade/user_data/strategies/TrendVolTarget.py:50: PerformanceWarning: DataFrame is highly fragmented.  This is usually the result of calling `frame.insert` many times, which has poor performance.  Consider joining all columns at once using pd.concat(axis=1) instead. To get a de-fragmented frame, use `newframe = frame.copy()`
  dataframe[f"dc_hi_{n}"] = dataframe["high"].rolling(n).max().shift(1)
/freqtrade/user_data/strategies/TrendVolTarget.py:50: PerformanceWarning: DataFrame is highly fragmented.  This is usually the result of calling `frame.insert` many times, which has poor performance.  Consider joining all columns at once using pd.concat(axis=1) instead. To get a de-fragmented frame, use `newframe = frame.copy()`
  dataframe[f"dc_hi_{n}"] = dataframe["high"].rolling(n).max().shift(1)
/freqtrade/user_data/strategies/TrendVolTarget.py:50: PerformanceWarning: DataFrame is highly fragmented.  This is usually the result of calling `frame.insert` many times, which has poor performance.  Consider joining all columns at once using pd.concat(axis=1) instead. To get a de-fragmented frame, use `newframe = frame.copy()`
  dataframe[f"dc_hi_{n}"] = dataframe["high"].rolling(n).max().shift(1)
/freqtrade/user_data/strategies/TrendVolTarget.py:50: PerformanceWarning: DataFrame is highly fragmented.  This is usually the result of calling `frame.insert` many times, which has poor performance.  Consider joining all columns at once using pd.concat(axis=1) instead. To get a de-fragmented frame, use `newframe = frame.copy()`
  dataframe[f"dc_hi_{n}"] = dataframe["high"].rolling(n).max().shift(1)
/freqtrade/user_data/strategies/TrendVolTarget.py:50: PerformanceWarning: DataFrame is highly fragmented.  This is usually the result of calling `frame.insert` many times, which has poor performance.  Consider joining all columns at once using pd.concat(axis=1) instead. To get a de-fragmented frame, use `newframe = frame.copy()`
  dataframe[f"dc_hi_{n}"] = dataframe["high"].rolling(n).max().shift(1)
/freqtrade/user_data/strategies/TrendVolTarget.py:50: PerformanceWarning: DataFrame is highly fragmented.  This is usually the result of calling `frame.insert` many times, which has poor performance.  Consider joining all columns at once using pd.concat(axis=1) instead. To get a de-fragmented frame, use `newframe = frame.copy()`
  dataframe[f"dc_hi_{n}"] = dataframe["high"].rolling(n).max().shift(1)
/freqtrade/user_data/strategies/TrendVolTarget.py:50: PerformanceWarning: DataFrame is highly fragmented.  This is usually the result of calling `frame.insert` many times, which has poor performance.  Consider joining all columns at once using pd.concat(axis=1) instead. To get a de-fragmented frame, use `newframe = frame.copy()`
  dataframe[f"dc_hi_{n}"] = dataframe["high"].rolling(n).max().shift(1)
/freqtrade/user_data/strategies/TrendVolTarget.py:50: PerformanceWarning: DataFrame is highly fragmented.  This is usually the result of calling `frame.insert` many times, which has poor performance.  Consider joining all columns at once using pd.concat(axis=1) instead. To get a de-fragmented frame, use `newframe = frame.copy()`
  dataframe[f"dc_hi_{n}"] = dataframe["high"].rolling(n).max().shift(1)
/freqtrade/user_data/strategies/TrendVolTarget.py:50: PerformanceWarning: DataFrame is highly fragmented.  This is usually the result of calling `frame.insert` many times, which has poor performance.  Consider joining all columns at once using pd.concat(axis=1) instead. To get a de-fragmented frame, use `newframe = frame.copy()`
  dataframe[f"dc_hi_{n}"] = dataframe["high"].rolling(n).max().shift(1)
/freqtrade/user_data/strategies/TrendVolTarget.py:50: PerformanceWarning: DataFrame is highly fragmented.  This is usually the result of calling `frame.insert` many times, which has poor performance.  Consider joining all columns at once using pd.concat(axis=1) instead. To get a de-fragmented frame, use `newframe = frame.copy()`
  dataframe[f"dc_hi_{n}"] = dataframe["high"].rolling(n).max().shift(1)
/freqtrade/user_data/strategies/TrendVolTarget.py:50: PerformanceWarning: DataFrame is highly fragmented.  This is usually the result of calling `frame.insert` many times, which has poor performance.  Consider joining all columns at once using pd.concat(axis=1) instead. To get a de-fragmented frame, use `newframe = frame.copy()`
  dataframe[f"dc_hi_{n}"] = dataframe["high"].rolling(n).max().shift(1)
/freqtrade/user_data/strategies/TrendVolTarget.py:50: PerformanceWarning: DataFrame is highly fragmented.  This is usually the result of calling `frame.insert` many times, which has poor performance.  Consider joining all columns at once using pd.concat(axis=1) instead. To get a de-fragmented frame, use `newframe = frame.copy()`
  dataframe[f"dc_hi_{n}"] = dataframe["high"].rolling(n).max().shift(1)
/freqtrade/user_data/strategies/TrendVolTarget.py:50: PerformanceWarning: DataFrame is highly fragmented.  This is usually the result of calling `frame.insert` many times, which has poor performance.  Consider joining all columns at once using pd.concat(axis=1) instead. To get a de-fragmented frame, use `newframe = frame.copy()`
  dataframe[f"dc_hi_{n}"] = dataframe["high"].rolling(n).max().shift(1)
/freqtrade/user_data/strategies/TrendVolTarget.py:50: PerformanceWarning: DataFrame is highly fragmented.  This is usually the result of calling `frame.insert` many times, which has poor performance.  Consider joining all columns at once using pd.concat(axis=1) instead. To get a de-fragmented frame, use `newframe = frame.copy()`
  dataframe[f"dc_hi_{n}"] = dataframe["high"].rolling(n).max().shift(1)
/freqtrade/user_data/strategies/TrendVolTarget.py:53: PerformanceWarning: DataFrame is highly fragmented.  This is usually the result of calling `frame.insert` many times, which has poor performance.  Consider joining all columns at once using pd.concat(axis=1) instead. To get a de-fragmented frame, use `newframe = frame.copy()`
  dataframe["sma_f"] = ta.SMA(dataframe, timeperiod=60)
/freqtrade/user_data/strategies/TrendVolTarget.py:54: PerformanceWarning: DataFrame is highly fragmented.  This is usually the result of calling `frame.insert` many times, which has poor performance.  Consider joining all columns at once using pd.concat(axis=1) instead. To get a de-fragmented frame, use `newframe = frame.copy()`
  dataframe["sma_s"] = ta.SMA(dataframe, timeperiod=240)
/freqtrade/user_data/strategies/TrendVolTarget.py:56: PerformanceWarning: DataFrame is highly fragmented.  This is usually the result of calling `frame.insert` many times, which has poor performance.  Consider joining all columns at once using pd.concat(axis=1) instead. To get a de-fragmented frame, use `newframe = frame.copy()`
  dataframe["rvol"] = dataframe["close"].pct_change().rolling(90).std() * np.sqrt(6 * 365)
/freqtrade/user_data/strategies/TrendVolTarget.py:50: PerformanceWarning: DataFrame is highly fragmented.  This is usually the result of calling `frame.insert` many times, which has poor performance.  Consider joining all columns at once using pd.concat(axis=1) instead. To get a de-fragmented frame, use `newframe = frame.copy()`
  dataframe[f"dc_hi_{n}"] = dataframe["high"].rolling(n).max().shift(1)
/freqtrade/user_data/strategies/TrendVolTarget.py:50: PerformanceWarning: DataFrame is highly fragmented.  This is usually the result of calling `frame.insert` many times, which has poor performance.  Consider joining all columns at once using pd.concat(axis=1) instead. To get a de-fragmented frame, use `newframe = frame.copy()`
  dataframe[f"dc_hi_{n}"] = dataframe["high"].rolling(n).max().shift(1)
/freqtrade/user_data/strategies/TrendVolTarget.py:50: PerformanceWarning: DataFrame is highly fragmented.  This is usually the result of calling `frame.insert` many times, which has poor performance.  Consider joining all columns at once using pd.concat(axis=1) instead. To get a de-fragmented frame, use `newframe = frame.copy()`
  dataframe[f"dc_hi_{n}"] = dataframe["high"].rolling(n).max().shift(1)
/freqtrade/user_data/strategies/TrendVolTarget.py:50: PerformanceWarning: DataFrame is highly fragmented.  This is usually the result of calling `frame.insert` many times, which has poor performance.  Consider joining all columns at once using pd.concat(axis=1) instead. To get a de-fragmented frame, use `newframe = frame.copy()`
  dataframe[f"dc_hi_{n}"] = dataframe["high"].rolling(n).max().shift(1)
/freqtrade/user_data/strategies/TrendVolTarget.py:50: PerformanceWarning: DataFrame is highly fragmented.  This is usually the result of calling `frame.insert` many times, which has poor performance.  Consider joining all columns at once using pd.concat(axis=1) instead. To get a de-fragmented frame, use `newframe = frame.copy()`
  dataframe[f"dc_hi_{n}"] = dataframe["high"].rolling(n).max().shift(1)
/freqtrade/user_data/strategies/TrendVolTarget.py:50: PerformanceWarning: DataFrame is highly fragmented.  This is usually the result of calling `frame.insert` many times, which has poor performance.  Consider joining all columns at once using pd.concat(axis=1) instead. To get a de-fragmented frame, use `newframe = frame.copy()`
  dataframe[f"dc_hi_{n}"] = dataframe["high"].rolling(n).max().shift(1)
/freqtrade/user_data/strategies/TrendVolTarget.py:50: PerformanceWarning: DataFrame is highly fragmented.  This is usually the result of calling `frame.insert` many times, which has poor performance.  Consider joining all columns at once using pd.concat(axis=1) instead. To get a de-fragmented frame, use `newframe = frame.copy()`
  dataframe[f"dc_hi_{n}"] = dataframe["high"].rolling(n).max().shift(1)
/freqtrade/user_data/strategies/TrendVolTarget.py:50: PerformanceWarning: DataFrame is highly fragmented.  This is usually the result of calling `frame.insert` many times, which has poor performance.  Consider joining all columns at once using pd.concat(axis=1) instead. To get a de-fragmented frame, use `newframe = frame.copy()`
  dataframe[f"dc_hi_{n}"] = dataframe["high"].rolling(n).max().shift(1)
/freqtrade/user_data/strategies/TrendVolTarget.py:50: PerformanceWarning: DataFrame is highly fragmented.  This is usually the result of calling `frame.insert` many times, which has poor performance.  Consider joining all columns at once using pd.concat(axis=1) instead. To get a de-fragmented frame, use `newframe = frame.copy()`
  dataframe[f"dc_hi_{n}"] = dataframe["high"].rolling(n).max().shift(1)
/freqtrade/user_data/strategies/TrendVolTarget.py:50: PerformanceWarning: DataFrame is highly fragmented.  This is usually the result of calling `frame.insert` many times, which has poor performance.  Consider joining all columns at once using pd.concat(axis=1) instead. To get a de-fragmented frame, use `newframe = frame.copy()`
  dataframe[f"dc_hi_{n}"] = dataframe["high"].rolling(n).max().shift(1)
/freqtrade/user_data/strategies/TrendVolTarget.py:50: PerformanceWarning: DataFrame is highly fragmented.  This is usually the result of calling `frame.insert` many times, which has poor performance.  Consider joining all columns at once using pd.concat(axis=1) instead. To get a de-fragmented frame, use `newframe = frame.copy()`
  dataframe[f"dc_hi_{n}"] = dataframe["high"].rolling(n).max().shift(1)
/freqtrade/user_data/strategies/TrendVolTarget.py:50: PerformanceWarning: DataFrame is highly fragmented.  This is usually the result of calling `frame.insert` many times, which has poor performance.  Consider joining all columns at once using pd.concat(axis=1) instead. To get a de-fragmented frame, use `newframe = frame.copy()`
  dataframe[f"dc_hi_{n}"] = dataframe["high"].rolling(n).max().shift(1)
/freqtrade/user_data/strategies/TrendVolTarget.py:50: PerformanceWarning: DataFrame is highly fragmented.  This is usually the result of calling `frame.insert` many times, which has poor performance.  Consider joining all columns at once using pd.concat(axis=1) instead. To get a de-fragmented frame, use `newframe = frame.copy()`
  dataframe[f"dc_hi_{n}"] = dataframe["high"].rolling(n).max().shift(1)
/freqtrade/user_data/strategies/TrendVolTarget.py:50: PerformanceWarning: DataFrame is highly fragmented.  This is usually the result of calling `frame.insert` many times, which has poor performance.  Consider joining all columns at once using pd.concat(axis=1) instead. To get a de-fragmented frame, use `newframe = frame.copy()`
  dataframe[f"dc_hi_{n}"] = dataframe["high"].rolling(n).max().shift(1)
/freqtrade/user_data/strategies/TrendVolTarget.py:50: PerformanceWarning: DataFrame is highly fragmented.  This is usually the result of calling `frame.insert` many times, which has poor performance.  Consider joining all columns at once using pd.concat(axis=1) instead. To get a de-fragmented frame, use `newframe = frame.copy()`
  dataframe[f"dc_hi_{n}"] = dataframe["high"].rolling(n).max().shift(1)
/freqtrade/user_data/strategies/TrendVolTarget.py:50: PerformanceWarning: DataFrame is highly fragmented.  This is usually the result of calling `frame.insert` many times, which has poor performance.  Consider joining all columns at once using pd.concat(axis=1) instead. To get a de-fragmented frame, use `newframe = frame.copy()`
  dataframe[f"dc_hi_{n}"] = dataframe["high"].rolling(n).max().shift(1)
/freqtrade/user_data/strategies/TrendVolTarget.py:50: PerformanceWarning: DataFrame is highly fragmented.  This is usually the result of calling `frame.insert` many times, which has poor performance.  Consider joining all columns at once using pd.concat(axis=1) instead. To get a de-fragmented frame, use `newframe = frame.copy()`
  dataframe[f"dc_hi_{n}"] = dataframe["high"].rolling(n).max().shift(1)
/freqtrade/user_data/strategies/TrendVolTarget.py:50: PerformanceWarning: DataFrame is highly fragmented.  This is usually the result of calling `frame.insert` many times, which has poor performance.  Consider joining all columns at once using pd.concat(axis=1) instead. To get a de-fragmented frame, use `newframe = frame.copy()`
  dataframe[f"dc_hi_{n}"] = dataframe["high"].rolling(n).max().shift(1)
/freqtrade/user_data/strategies/TrendVolTarget.py:50: PerformanceWarning: DataFrame is highly fragmented.  This is usually the result of calling `frame.insert` many times, which has poor performance.  Consider joining all columns at once using pd.concat(axis=1) instead. To get a de-fragmented frame, use `newframe = frame.copy()`
  dataframe[f"dc_hi_{n}"] = dataframe["high"].rolling(n).max().shift(1)
/freqtrade/user_data/strategies/TrendVolTarget.py:50: PerformanceWarning: DataFrame is highly fragmented.  This is usually the result of calling `frame.insert` many times, which has poor performance.  Consider joining all columns at once using pd.concat(axis=1) instead. To get a de-fragmented frame, use `newframe = frame.copy()`
  dataframe[f"dc_hi_{n}"] = dataframe["high"].rolling(n).max().shift(1)
/freqtrade/user_data/strategies/TrendVolTarget.py:50: PerformanceWarning: DataFrame is highly fragmented.  This is usually the result of calling `frame.insert` many times, which has poor performance.  Consider joining all columns at once using pd.concat(axis=1) instead. To get a de-fragmented frame, use `newframe = frame.copy()`
  dataframe[f"dc_hi_{n}"] = dataframe["high"].rolling(n).max().shift(1)
/freqtrade/user_data/strategies/TrendVolTarget.py:50: PerformanceWarning: DataFrame is highly fragmented.  This is usually the result of calling `frame.insert` many times, which has poor performance.  Consider joining all columns at once using pd.concat(axis=1) instead. To get a de-fragmented frame, use `newframe = frame.copy()`
  dataframe[f"dc_hi_{n}"] = dataframe["high"].rolling(n).max().shift(1)
/freqtrade/user_data/strategies/TrendVolTarget.py:50: PerformanceWarning: DataFrame is highly fragmented.  This is usually the result of calling `frame.insert` many times, which has poor performance.  Consider joining all columns at once using pd.concat(axis=1) instead. To get a de-fragmented frame, use `newframe = frame.copy()`
  dataframe[f"dc_hi_{n}"] = dataframe["high"].rolling(n).max().shift(1)
/freqtrade/user_data/strategies/TrendVolTarget.py:50: PerformanceWarning: DataFrame is highly fragmented.  This is usually the result of calling `frame.insert` many times, which has poor performance.  Consider joining all columns at once using pd.concat(axis=1) instead. To get a de-fragmented frame, use `newframe = frame.copy()`
  dataframe[f"dc_hi_{n}"] = dataframe["high"].rolling(n).max().shift(1)
/freqtrade/user_data/strategies/TrendVolTarget.py:50: PerformanceWarning: DataFrame is highly fragmented.  This is usually the result of calling `frame.insert` many times, which has poor performance.  Consider joining all columns at once using pd.concat(axis=1) instead. To get a de-fragmented frame, use `newframe = frame.copy()`
  dataframe[f"dc_hi_{n}"] = dataframe["high"].rolling(n).max().shift(1)
/freqtrade/user_data/strategies/TrendVolTarget.py:50: PerformanceWarning: DataFrame is highly fragmented.  This is usually the result of calling `frame.insert` many times, which has poor performance.  Consider joining all columns at once using pd.concat(axis=1) instead. To get a de-fragmented frame, use `newframe = frame.copy()`
  dataframe[f"dc_hi_{n}"] = dataframe["high"].rolling(n).max().shift(1)
/freqtrade/user_data/strategies/TrendVolTarget.py:50: PerformanceWarning: DataFrame is highly fragmented.  This is usually the result of calling `frame.insert` many times, which has poor performance.  Consider joining all columns at once using pd.concat(axis=1) instead. To get a de-fragmented frame, use `newframe = frame.copy()`
  dataframe[f"dc_hi_{n}"] = dataframe["high"].rolling(n).max().shift(1)
/freqtrade/user_data/strategies/TrendVolTarget.py:50: PerformanceWarning: DataFrame is highly fragmented.  This is usually the result of calling `frame.insert` many times, which has poor performance.  Consider joining all columns at once using pd.concat(axis=1) instead. To get a de-fragmented frame, use `newframe = frame.copy()`
  dataframe[f"dc_hi_{n}"] = dataframe["high"].rolling(n).max().shift(1)
/freqtrade/user_data/strategies/TrendVolTarget.py:50: PerformanceWarning: DataFrame is highly fragmented.  This is usually the result of calling `frame.insert` many times, which has poor performance.  Consider joining all columns at once using pd.concat(axis=1) instead. To get a de-fragmented frame, use `newframe = frame.copy()`
  dataframe[f"dc_hi_{n}"] = dataframe["high"].rolling(n).max().shift(1)
/freqtrade/user_data/strategies/TrendVolTarget.py:50: PerformanceWarning: DataFrame is highly fragmented.  This is usually the result of calling `frame.insert` many times, which has poor performance.  Consider joining all columns at once using pd.concat(axis=1) instead. To get a de-fragmented frame, use `newframe = frame.copy()`
  dataframe[f"dc_hi_{n}"] = dataframe["high"].rolling(n).max().shift(1)
/freqtrade/user_data/strategies/TrendVolTarget.py:50: PerformanceWarning: DataFrame is highly fragmented.  This is usually the result of calling `frame.insert` many times, which has poor performance.  Consider joining all columns at once using pd.concat(axis=1) instead. To get a de-fragmented frame, use `newframe = frame.copy()`
  dataframe[f"dc_hi_{n}"] = dataframe["high"].rolling(n).max().shift(1)
/freqtrade/user_data/strategies/TrendVolTarget.py:50: PerformanceWarning: DataFrame is highly fragmented.  This is usually the result of calling `frame.insert` many times, which has poor performance.  Consider joining all columns at once using pd.concat(axis=1) instead. To get a de-fragmented frame, use `newframe = frame.copy()`
  dataframe[f"dc_hi_{n}"] = dataframe["high"].rolling(n).max().shift(1)
/freqtrade/user_data/strategies/TrendVolTarget.py:50: PerformanceWarning: DataFrame is highly fragmented.  This is usually the result of calling `frame.insert` many times, which has poor performance.  Consider joining all columns at once using pd.concat(axis=1) instead. To get a de-fragmented frame, use `newframe = frame.copy()`
  dataframe[f"dc_hi_{n}"] = dataframe["high"].rolling(n).max().shift(1)
/freqtrade/user_data/strategies/TrendVolTarget.py:50: PerformanceWarning: DataFrame is highly fragmented.  This is usually the result of calling `frame.insert` many times, which has poor performance.  Consider joining all columns at once using pd.concat(axis=1) instead. To get a de-fragmented frame, use `newframe = frame.copy()`
  dataframe[f"dc_hi_{n}"] = dataframe["high"].rolling(n).max().shift(1)
/freqtrade/user_data/strategies/TrendVolTarget.py:50: PerformanceWarning: DataFrame is highly fragmented.  This is usually the result of calling `frame.insert` many times, which has poor performance.  Consider joining all columns at once using pd.concat(axis=1) instead. To get a de-fragmented frame, use `newframe = frame.copy()`
  dataframe[f"dc_hi_{n}"] = dataframe["high"].rolling(n).max().shift(1)
/freqtrade/user_data/strategies/TrendVolTarget.py:50: PerformanceWarning: DataFrame is highly fragmented.  This is usually the result of calling `frame.insert` many times, which has poor performance.  Consider joining all columns at once using pd.concat(axis=1) instead. To get a de-fragmented frame, use `newframe = frame.copy()`
  dataframe[f"dc_hi_{n}"] = dataframe["high"].rolling(n).max().shift(1)
/freqtrade/user_data/strategies/TrendVolTarget.py:50: PerformanceWarning: DataFrame is highly fragmented.  This is usually the result of calling `frame.insert` many times, which has poor performance.  Consider joining all columns at once using pd.concat(axis=1) instead. To get a de-fragmented frame, use `newframe = frame.copy()`
  dataframe[f"dc_hi_{n}"] = dataframe["high"].rolling(n).max().shift(1)
/freqtrade/user_data/strategies/TrendVolTarget.py:50: PerformanceWarning: DataFrame is highly fragmented.  This is usually the result of calling `frame.insert` many times, which has poor performance.  Consider joining all columns at once using pd.concat(axis=1) instead. To get a de-fragmented frame, use `newframe = frame.copy()`
  dataframe[f"dc_hi_{n}"] = dataframe["high"].rolling(n).max().shift(1)
/freqtrade/user_data/strategies/TrendVolTarget.py:50: PerformanceWarning: DataFrame is highly fragmented.  This is usually the result of calling `frame.insert` many times, which has poor performance.  Consider joining all columns at once using pd.concat(axis=1) instead. To get a de-fragmented frame, use `newframe = frame.copy()`
  dataframe[f"dc_hi_{n}"] = dataframe["high"].rolling(n).max().shift(1)
/freqtrade/user_data/strategies/TrendVolTarget.py:50: PerformanceWarning: DataFrame is highly fragmented.  This is usually the result of calling `frame.insert` many times, which has poor performance.  Consider joining all columns at once using pd.concat(axis=1) instead. To get a de-fragmented frame, use `newframe = frame.copy()`
  dataframe[f"dc_hi_{n}"] = dataframe["high"].rolling(n).max().shift(1)
/freqtrade/user_data/strategies/TrendVolTarget.py:50: PerformanceWarning: DataFrame is highly fragmented.  This is usually the result of calling `frame.insert` many times, which has poor performance.  Consider joining all columns at once using pd.concat(axis=1) instead. To get a de-fragmented frame, use `newframe = frame.copy()`
  dataframe[f"dc_hi_{n}"] = dataframe["high"].rolling(n).max().shift(1)
/freqtrade/user_data/strategies/TrendVolTarget.py:50: PerformanceWarning: DataFrame is highly fragmented.  This is usually the result of calling `frame.insert` many times, which has poor performance.  Consider joining all columns at once using pd.concat(axis=1) instead. To get a de-fragmented frame, use `newframe = frame.copy()`
  dataframe[f"dc_hi_{n}"] = dataframe["high"].rolling(n).max().shift(1)
/freqtrade/user_data/strategies/TrendVolTarget.py:50: PerformanceWarning: DataFrame is highly fragmented.  This is usually the result of calling `frame.insert` many times, which has poor performance.  Consider joining all columns at once using pd.concat(axis=1) instead. To get a de-fragmented frame, use `newframe = frame.copy()`
  dataframe[f"dc_hi_{n}"] = dataframe["high"].rolling(n).max().shift(1)
/freqtrade/user_data/strategies/TrendVolTarget.py:50: PerformanceWarning: DataFrame is highly fragmented.  This is usually the result of calling `frame.insert` many times, which has poor performance.  Consider joining all columns at once using pd.concat(axis=1) instead. To get a de-fragmented frame, use `newframe = frame.copy()`
  dataframe[f"dc_hi_{n}"] = dataframe["high"].rolling(n).max().shift(1)
/freqtrade/user_data/strategies/TrendVolTarget.py:50: PerformanceWarning: DataFrame is highly fragmented.  This is usually the result of calling `frame.insert` many times, which has poor performance.  Consider joining all columns at once using pd.concat(axis=1) instead. To get a de-fragmented frame, use `newframe = frame.copy()`
  dataframe[f"dc_hi_{n}"] = dataframe["high"].rolling(n).max().shift(1)
/freqtrade/user_data/strategies/TrendVolTarget.py:50: PerformanceWarning: DataFrame is highly fragmented.  This is usually the result of calling `frame.insert` many times, which has poor performance.  Consider joining all columns at once using pd.concat(axis=1) instead. To get a de-fragmented frame, use `newframe = frame.copy()`
  dataframe[f"dc_hi_{n}"] = dataframe["high"].rolling(n).max().shift(1)
/freqtrade/user_data/strategies/TrendVolTarget.py:50: PerformanceWarning: DataFrame is highly fragmented.  This is usually the result of calling `frame.insert` many times, which has poor performance.  Consider joining all columns at once using pd.concat(axis=1) instead. To get a de-fragmented frame, use `newframe = frame.copy()`
  dataframe[f"dc_hi_{n}"] = dataframe["high"].rolling(n).max().shift(1)
/freqtrade/user_data/strategies/TrendVolTarget.py:50: PerformanceWarning: DataFrame is highly fragmented.  This is usually the result of calling `frame.insert` many times, which has poor performance.  Consider joining all columns at once using pd.concat(axis=1) instead. To get a de-fragmented frame, use `newframe = frame.copy()`
  dataframe[f"dc_hi_{n}"] = dataframe["high"].rolling(n).max().shift(1)
/freqtrade/user_data/strategies/TrendVolTarget.py:50: PerformanceWarning: DataFrame is highly fragmented.  This is usually the result of calling `frame.insert` many times, which has poor performance.  Consider joining all columns at once using pd.concat(axis=1) instead. To get a de-fragmented frame, use `newframe = frame.copy()`
  dataframe[f"dc_hi_{n}"] = dataframe["high"].rolling(n).max().shift(1)
/freqtrade/user_data/strategies/TrendVolTarget.py:50: PerformanceWarning: DataFrame is highly fragmented.  This is usually the result of calling `frame.insert` many times, which has poor performance.  Consider joining all columns at once using pd.concat(axis=1) instead. To get a de-fragmented frame, use `newframe = frame.copy()`
  dataframe[f"dc_hi_{n}"] = dataframe["high"].rolling(n).max().shift(1)
/freqtrade/user_data/strategies/TrendVolTarget.py:50: PerformanceWarning: DataFrame is highly fragmented.  This is usually the result of calling `frame.insert` many times, which has poor performance.  Consider joining all columns at once using pd.concat(axis=1) instead. To get a de-fragmented frame, use `newframe = frame.copy()`
  dataframe[f"dc_hi_{n}"] = dataframe["high"].rolling(n).max().shift(1)
/freqtrade/user_data/strategies/TrendVolTarget.py:50: PerformanceWarning: DataFrame is highly fragmented.  This is usually the result of calling `frame.insert` many times, which has poor performance.  Consider joining all columns at once using pd.concat(axis=1) instead. To get a de-fragmented frame, use `newframe = frame.copy()`
  dataframe[f"dc_hi_{n}"] = dataframe["high"].rolling(n).max().shift(1)
/freqtrade/user_data/strategies/TrendVolTarget.py:50: PerformanceWarning: DataFrame is highly fragmented.  This is usually the result of calling `frame.insert` many times, which has poor performance.  Consider joining all columns at once using pd.concat(axis=1) instead. To get a de-fragmented frame, use `newframe = frame.copy()`
  dataframe[f"dc_hi_{n}"] = dataframe["high"].rolling(n).max().shift(1)
/freqtrade/user_data/strategies/TrendVolTarget.py:50: PerformanceWarning: DataFrame is highly fragmented.  This is usually the result of calling `frame.insert` many times, which has poor performance.  Consider joining all columns at once using pd.concat(axis=1) instead. To get a de-fragmented frame, use `newframe = frame.copy()`
  dataframe[f"dc_hi_{n}"] = dataframe["high"].rolling(n).max().shift(1)
/freqtrade/user_data/strategies/TrendVolTarget.py:50: PerformanceWarning: DataFrame is highly fragmented.  This is usually the result of calling `frame.insert` many times, which has poor performance.  Consider joining all columns at once using pd.concat(axis=1) instead. To get a de-fragmented frame, use `newframe = frame.copy()`
  dataframe[f"dc_hi_{n}"] = dataframe["high"].rolling(n).max().shift(1)
/freqtrade/user_data/strategies/TrendVolTarget.py:50: PerformanceWarning: DataFrame is highly fragmented.  This is usually the result of calling `frame.insert` many times, which has poor performance.  Consider joining all columns at once using pd.concat(axis=1) instead. To get a de-fragmented frame, use `newframe = frame.copy()`
  dataframe[f"dc_hi_{n}"] = dataframe["high"].rolling(n).max().shift(1)
/freqtrade/user_data/strategies/TrendVolTarget.py:50: PerformanceWarning: DataFrame is highly fragmented.  This is usually the result of calling `frame.insert` many times, which has poor performance.  Consider joining all columns at once using pd.concat(axis=1) instead. To get a de-fragmented frame, use `newframe = frame.copy()`
  dataframe[f"dc_hi_{n}"] = dataframe["high"].rolling(n).max().shift(1)
/freqtrade/user_data/strategies/TrendVolTarget.py:50: PerformanceWarning: DataFrame is highly fragmented.  This is usually the result of calling `frame.insert` many times, which has poor performance.  Consider joining all columns at once using pd.concat(axis=1) instead. To get a de-fragmented frame, use `newframe = frame.copy()`
  dataframe[f"dc_hi_{n}"] = dataframe["high"].rolling(n).max().shift(1)
/freqtrade/user_data/strategies/TrendVolTarget.py:50: PerformanceWarning: DataFrame is highly fragmented.  This is usually the result of calling `frame.insert` many times, which has poor performance.  Consider joining all columns at once using pd.concat(axis=1) instead. To get a de-fragmented frame, use `newframe = frame.copy()`
  dataframe[f"dc_hi_{n}"] = dataframe["high"].rolling(n).max().shift(1)
/freqtrade/user_data/strategies/TrendVolTarget.py:50: PerformanceWarning: DataFrame is highly fragmented.  This is usually the result of calling `frame.insert` many times, which has poor performance.  Consider joining all columns at once using pd.concat(axis=1) instead. To get a de-fragmented frame, use `newframe = frame.copy()`
  dataframe[f"dc_hi_{n}"] = dataframe["high"].rolling(n).max().shift(1)
/freqtrade/user_data/strategies/TrendVolTarget.py:50: PerformanceWarning: DataFrame is highly fragmented.  This is usually the result of calling `frame.insert` many times, which has poor performance.  Consider joining all columns at once using pd.concat(axis=1) instead. To get a de-fragmented frame, use `newframe = frame.copy()`
  dataframe[f"dc_hi_{n}"] = dataframe["high"].rolling(n).max().shift(1)
/freqtrade/user_data/strategies/TrendVolTarget.py:50: PerformanceWarning: DataFrame is highly fragmented.  This is usually the result of calling `frame.insert` many times, which has poor performance.  Consider joining all columns at once using pd.concat(axis=1) instead. To get a de-fragmented frame, use `newframe = frame.copy()`
  dataframe[f"dc_hi_{n}"] = dataframe["high"].rolling(n).max().shift(1)
/freqtrade/user_data/strategies/TrendVolTarget.py:50: PerformanceWarning: DataFrame is highly fragmented.  This is usually the result of calling `frame.insert` many times, which has poor performance.  Consider joining all columns at once using pd.concat(axis=1) instead. To get a de-fragmented frame, use `newframe = frame.copy()`
  dataframe[f"dc_hi_{n}"] = dataframe["high"].rolling(n).max().shift(1)
/freqtrade/user_data/strategies/TrendVolTarget.py:50: PerformanceWarning: DataFrame is highly fragmented.  This is usually the result of calling `frame.insert` many times, which has poor performance.  Consider joining all columns at once using pd.concat(axis=1) instead. To get a de-fragmented frame, use `newframe = frame.copy()`
  dataframe[f"dc_hi_{n}"] = dataframe["high"].rolling(n).max().shift(1)
/freqtrade/user_data/strategies/TrendVolTarget.py:50: PerformanceWarning: DataFrame is highly fragmented.  This is usually the result of calling `frame.insert` many times, which has poor performance.  Consider joining all columns at once using pd.concat(axis=1) instead. To get a de-fragmented frame, use `newframe = frame.copy()`
  dataframe[f"dc_hi_{n}"] = dataframe["high"].rolling(n).max().shift(1)
/freqtrade/user_data/strategies/TrendVolTarget.py:50: PerformanceWarning: DataFrame is highly fragmented.  This is usually the result of calling `frame.insert` many times, which has poor performance.  Consider joining all columns at once using pd.concat(axis=1) instead. To get a de-fragmented frame, use `newframe = frame.copy()`
  dataframe[f"dc_hi_{n}"] = dataframe["high"].rolling(n).max().shift(1)
/freqtrade/user_data/strategies/TrendVolTarget.py:50: PerformanceWarning: DataFrame is highly fragmented.  This is usually the result of calling `frame.insert` many times, which has poor performance.  Consider joining all columns at once using pd.concat(axis=1) instead. To get a de-fragmented frame, use `newframe = frame.copy()`
  dataframe[f"dc_hi_{n}"] = dataframe["high"].rolling(n).max().shift(1)
/freqtrade/user_data/strategies/TrendVolTarget.py:50: PerformanceWarning: DataFrame is highly fragmented.  This is usually the result of calling `frame.insert` many times, which has poor performance.  Consider joining all columns at once using pd.concat(axis=1) instead. To get a de-fragmented frame, use `newframe = frame.copy()`
  dataframe[f"dc_hi_{n}"] = dataframe["high"].rolling(n).max().shift(1)
/freqtrade/user_data/strategies/TrendVolTarget.py:50: PerformanceWarning: DataFrame is highly fragmented.  This is usually the result of calling `frame.insert` many times, which has poor performance.  Consider joining all columns at once using pd.concat(axis=1) instead. To get a de-fragmented frame, use `newframe = frame.copy()`
  dataframe[f"dc_hi_{n}"] = dataframe["high"].rolling(n).max().shift(1)
/freqtrade/user_data/strategies/TrendVolTarget.py:50: PerformanceWarning: DataFrame is highly fragmented.  This is usually the result of calling `frame.insert` many times, which has poor performance.  Consider joining all columns at once using pd.concat(axis=1) instead. To get a de-fragmented frame, use `newframe = frame.copy()`
  dataframe[f"dc_hi_{n}"] = dataframe["high"].rolling(n).max().shift(1)
/freqtrade/user_data/strategies/TrendVolTarget.py:50: PerformanceWarning: DataFrame is highly fragmented.  This is usually the result of calling `frame.insert` many times, which has poor performance.  Consider joining all columns at once using pd.concat(axis=1) instead. To get a de-fragmented frame, use `newframe = frame.copy()`
  dataframe[f"dc_hi_{n}"] = dataframe["high"].rolling(n).max().shift(1)
/freqtrade/user_data/strategies/TrendVolTarget.py:50: PerformanceWarning: DataFrame is highly fragmented.  This is usually the result of calling `frame.insert` many times, which has poor performance.  Consider joining all columns at once using pd.concat(axis=1) instead. To get a de-fragmented frame, use `newframe = frame.copy()`
  dataframe[f"dc_hi_{n}"] = dataframe["high"].rolling(n).max().shift(1)
/freqtrade/user_data/strategies/TrendVolTarget.py:50: PerformanceWarning: DataFrame is highly fragmented.  This is usually the result of calling `frame.insert` many times, which has poor performance.  Consider joining all columns at once using pd.concat(axis=1) instead. To get a de-fragmented frame, use `newframe = frame.copy()`
  dataframe[f"dc_hi_{n}"] = dataframe["high"].rolling(n).max().shift(1)
/freqtrade/user_data/strategies/TrendVolTarget.py:50: PerformanceWarning: DataFrame is highly fragmented.  This is usually the result of calling `frame.insert` many times, which has poor performance.  Consider joining all columns at once using pd.concat(axis=1) instead. To get a de-fragmented frame, use `newframe = frame.copy()`
  dataframe[f"dc_hi_{n}"] = dataframe["high"].rolling(n).max().shift(1)
/freqtrade/user_data/strategies/TrendVolTarget.py:50: PerformanceWarning: DataFrame is highly fragmented.  This is usually the result of calling `frame.insert` many times, which has poor performance.  Consider joining all columns at once using pd.concat(axis=1) instead. To get a de-fragmented frame, use `newframe = frame.copy()`
  dataframe[f"dc_hi_{n}"] = dataframe["high"].rolling(n).max().shift(1)
/freqtrade/user_data/strategies/TrendVolTarget.py:50: PerformanceWarning: DataFrame is highly fragmented.  This is usually the result of calling `frame.insert` many times, which has poor performance.  Consider joining all columns at once using pd.concat(axis=1) instead. To get a de-fragmented frame, use `newframe = frame.copy()`
  dataframe[f"dc_hi_{n}"] = dataframe["high"].rolling(n).max().shift(1)
/freqtrade/user_data/strategies/TrendVolTarget.py:50: PerformanceWarning: DataFrame is highly fragmented.  This is usually the result of calling `frame.insert` many times, which has poor performance.  Consider joining all columns at once using pd.concat(axis=1) instead. To get a de-fragmented frame, use `newframe = frame.copy()`
  dataframe[f"dc_hi_{n}"] = dataframe["high"].rolling(n).max().shift(1)
/freqtrade/user_data/strategies/TrendVolTarget.py:50: PerformanceWarning: DataFrame is highly fragmented.  This is usually the result of calling `frame.insert` many times, which has poor performance.  Consider joining all columns at once using pd.concat(axis=1) instead. To get a de-fragmented frame, use `newframe = frame.copy()`
  dataframe[f"dc_hi_{n}"] = dataframe["high"].rolling(n).max().shift(1)
/freqtrade/user_data/strategies/TrendVolTarget.py:50: PerformanceWarning: DataFrame is highly fragmented.  This is usually the result of calling `frame.insert` many times, which has poor performance.  Consider joining all columns at once using pd.concat(axis=1) instead. To get a de-fragmented frame, use `newframe = frame.copy()`
  dataframe[f"dc_hi_{n}"] = dataframe["high"].rolling(n).max().shift(1)
/freqtrade/user_data/strategies/TrendVolTarget.py:50: PerformanceWarning: DataFrame is highly fragmented.  This is usually the result of calling `frame.insert` many times, which has poor performance.  Consider joining all columns at once using pd.concat(axis=1) instead. To get a de-fragmented frame, use `newframe = frame.copy()`
  dataframe[f"dc_hi_{n}"] = dataframe["high"].rolling(n).max().shift(1)
/freqtrade/user_data/strategies/TrendVolTarget.py:50: PerformanceWarning: DataFrame is highly fragmented.  This is usually the result of calling `frame.insert` many times, which has poor performance.  Consider joining all columns at once using pd.concat(axis=1) instead. To get a de-fragmented frame, use `newframe = frame.copy()`
  dataframe[f"dc_hi_{n}"] = dataframe["high"].rolling(n).max().shift(1)
/freqtrade/user_data/strategies/TrendVolTarget.py:50: PerformanceWarning: DataFrame is highly fragmented.  This is usually the result of calling `frame.insert` many times, which has poor performance.  Consider joining all columns at once using pd.concat(axis=1) instead. To get a de-fragmented frame, use `newframe = frame.copy()`
  dataframe[f"dc_hi_{n}"] = dataframe["high"].rolling(n).max().shift(1)
/freqtrade/user_data/strategies/TrendVolTarget.py:50: PerformanceWarning: DataFrame is highly fragmented.  This is usually the result of calling `frame.insert` many times, which has poor performance.  Consider joining all columns at once using pd.concat(axis=1) instead. To get a de-fragmented frame, use `newframe = frame.copy()`
  dataframe[f"dc_hi_{n}"] = dataframe["high"].rolling(n).max().shift(1)
/freqtrade/user_data/strategies/TrendVolTarget.py:50: PerformanceWarning: DataFrame is highly fragmented.  This is usually the result of calling `frame.insert` many times, which has poor performance.  Consider joining all columns at once using pd.concat(axis=1) instead. To get a de-fragmented frame, use `newframe = frame.copy()`
  dataframe[f"dc_hi_{n}"] = dataframe["high"].rolling(n).max().shift(1)
/freqtrade/user_data/strategies/TrendVolTarget.py:53: PerformanceWarning: DataFrame is highly fragmented.  This is usually the result of calling `frame.insert` many times, which has poor performance.  Consider joining all columns at once using pd.concat(axis=1) instead. To get a de-fragmented frame, use `newframe = frame.copy()`
  dataframe["sma_f"] = ta.SMA(dataframe, timeperiod=60)
/freqtrade/user_data/strategies/TrendVolTarget.py:54: PerformanceWarning: DataFrame is highly fragmented.  This is usually the result of calling `frame.insert` many times, which has poor performance.  Consider joining all columns at once using pd.concat(axis=1) instead. To get a de-fragmented frame, use `newframe = frame.copy()`
  dataframe["sma_s"] = ta.SMA(dataframe, timeperiod=240)
/freqtrade/user_data/strategies/TrendVolTarget.py:56: PerformanceWarning: DataFrame is highly fragmented.  This is usually the result of calling `frame.insert` many times, which has poor performance.  Consider joining all columns at once using pd.concat(axis=1) instead. To get a de-fragmented frame, use `newframe = frame.copy()`
  dataframe["rvol"] = dataframe["close"].pct_change().rolling(90).std() * np.sqrt(6 * 365)
/freqtrade/user_data/strategies/TrendVolTarget.py:50: PerformanceWarning: DataFrame is highly fragmented.  This is usually the result of calling `frame.insert` many times, which has poor performance.  Consider joining all columns at once using pd.concat(axis=1) instead. To get a de-fragmented frame, use `newframe = frame.copy()`
  dataframe[f"dc_hi_{n}"] = dataframe["high"].rolling(n).max().shift(1)
/freqtrade/user_data/strategies/TrendVolTarget.py:50: PerformanceWarning: DataFrame is highly fragmented.  This is usually the result of calling `frame.insert` many times, which has poor performance.  Consider joining all columns at once using pd.concat(axis=1) instead. To get a de-fragmented frame, use `newframe = frame.copy()`
  dataframe[f"dc_hi_{n}"] = dataframe["high"].rolling(n).max().shift(1)
/freqtrade/user_data/strategies/TrendVolTarget.py:50: PerformanceWarning: DataFrame is highly fragmented.  This is usually the result of calling `frame.insert` many times, which has poor performance.  Consider joining all columns at once using pd.concat(axis=1) instead. To get a de-fragmented frame, use `newframe = frame.copy()`
  dataframe[f"dc_hi_{n}"] = dataframe["high"].rolling(n).max().shift(1)
/freqtrade/user_data/strategies/TrendVolTarget.py:50: PerformanceWarning: DataFrame is highly fragmented.  This is usually the result of calling `frame.insert` many times, which has poor performance.  Consider joining all columns at once using pd.concat(axis=1) instead. To get a de-fragmented frame, use `newframe = frame.copy()`
  dataframe[f"dc_hi_{n}"] = dataframe["high"].rolling(n).max().shift(1)
/freqtrade/user_data/strategies/TrendVolTarget.py:50: PerformanceWarning: DataFrame is highly fragmented.  This is usually the result of calling `frame.insert` many times, which has poor performance.  Consider joining all columns at once using pd.concat(axis=1) instead. To get a de-fragmented frame, use `newframe = frame.copy()`
  dataframe[f"dc_hi_{n}"] = dataframe["high"].rolling(n).max().shift(1)
/freqtrade/user_data/strategies/TrendVolTarget.py:50: PerformanceWarning: DataFrame is highly fragmented.  This is usually the result of calling `frame.insert` many times, which has poor performance.  Consider joining all columns at once using pd.concat(axis=1) instead. To get a de-fragmented frame, use `newframe = frame.copy()`
  dataframe[f"dc_hi_{n}"] = dataframe["high"].rolling(n).max().shift(1)
/freqtrade/user_data/strategies/TrendVolTarget.py:50: PerformanceWarning: DataFrame is highly fragmented.  This is usually the result of calling `frame.insert` many times, which has poor performance.  Consider joining all columns at once using pd.concat(axis=1) instead. To get a de-fragmented frame, use `newframe = frame.copy()`
  dataframe[f"dc_hi_{n}"] = dataframe["high"].rolling(n).max().shift(1)
/freqtrade/user_data/strategies/TrendVolTarget.py:50: PerformanceWarning: DataFrame is highly fragmented.  This is usually the result of calling `frame.insert` many times, which has poor performance.  Consider joining all columns at once using pd.concat(axis=1) instead. To get a de-fragmented frame, use `newframe = frame.copy()`
  dataframe[f"dc_hi_{n}"] = dataframe["high"].rolling(n).max().shift(1)
/freqtrade/user_data/strategies/TrendVolTarget.py:50: PerformanceWarning: DataFrame is highly fragmented.  This is usually the result of calling `frame.insert` many times, which has poor performance.  Consider joining all columns at once using pd.concat(axis=1) instead. To get a de-fragmented frame, use `newframe = frame.copy()`
  dataframe[f"dc_hi_{n}"] = dataframe["high"].rolling(n).max().shift(1)
/freqtrade/user_data/strategies/TrendVolTarget.py:50: PerformanceWarning: DataFrame is highly fragmented.  This is usually the result of calling `frame.insert` many times, which has poor performance.  Consider joining all columns at once using pd.concat(axis=1) instead. To get a de-fragmented frame, use `newframe = frame.copy()`
  dataframe[f"dc_hi_{n}"] = dataframe["high"].rolling(n).max().shift(1)
/freqtrade/user_data/strategies/TrendVolTarget.py:50: PerformanceWarning: DataFrame is highly fragmented.  This is usually the result of calling `frame.insert` many times, which has poor performance.  Consider joining all columns at once using pd.concat(axis=1) instead. To get a de-fragmented frame, use `newframe = frame.copy()`
  dataframe[f"dc_hi_{n}"] = dataframe["high"].rolling(n).max().shift(1)
/freqtrade/user_data/strategies/TrendVolTarget.py:50: PerformanceWarning: DataFrame is highly fragmented.  This is usually the result of calling `frame.insert` many times, which has poor performance.  Consider joining all columns at once using pd.concat(axis=1) instead. To get a de-fragmented frame, use `newframe = frame.copy()`
  dataframe[f"dc_hi_{n}"] = dataframe["high"].rolling(n).max().shift(1)
/freqtrade/user_data/strategies/TrendVolTarget.py:50: PerformanceWarning: DataFrame is highly fragmented.  This is usually the result of calling `frame.insert` many times, which has poor performance.  Consider joining all columns at once using pd.concat(axis=1) instead. To get a de-fragmented frame, use `newframe = frame.copy()`
  dataframe[f"dc_hi_{n}"] = dataframe["high"].rolling(n).max().shift(1)
/freqtrade/user_data/strategies/TrendVolTarget.py:50: PerformanceWarning: DataFrame is highly fragmented.  This is usually the result of calling `frame.insert` many times, which has poor performance.  Consider joining all columns at once using pd.concat(axis=1) instead. To get a de-fragmented frame, use `newframe = frame.copy()`
  dataframe[f"dc_hi_{n}"] = dataframe["high"].rolling(n).max().shift(1)
/freqtrade/user_data/strategies/TrendVolTarget.py:50: PerformanceWarning: DataFrame is highly fragmented.  This is usually the result of calling `frame.insert` many times, which has poor performance.  Consider joining all columns at once using pd.concat(axis=1) instead. To get a de-fragmented frame, use `newframe = frame.copy()`
  dataframe[f"dc_hi_{n}"] = dataframe["high"].rolling(n).max().shift(1)
/freqtrade/user_data/strategies/TrendVolTarget.py:50: PerformanceWarning: DataFrame is highly fragmented.  This is usually the result of calling `frame.insert` many times, which has poor performance.  Consider joining all columns at once using pd.concat(axis=1) instead. To get a de-fragmented frame, use `newframe = frame.copy()`
  dataframe[f"dc_hi_{n}"] = dataframe["high"].rolling(n).max().shift(1)
/freqtrade/user_data/strategies/TrendVolTarget.py:50: PerformanceWarning: DataFrame is highly fragmented.  This is usually the result of calling `frame.insert` many times, which has poor performance.  Consider joining all columns at once using pd.concat(axis=1) instead. To get a de-fragmented frame, use `newframe = frame.copy()`
  dataframe[f"dc_hi_{n}"] = dataframe["high"].rolling(n).max().shift(1)
/freqtrade/user_data/strategies/TrendVolTarget.py:50: PerformanceWarning: DataFrame is highly fragmented.  This is usually the result of calling `frame.insert` many times, which has poor performance.  Consider joining all columns at once using pd.concat(axis=1) instead. To get a de-fragmented frame, use `newframe = frame.copy()`
  dataframe[f"dc_hi_{n}"] = dataframe["high"].rolling(n).max().shift(1)
/freqtrade/user_data/strategies/TrendVolTarget.py:50: PerformanceWarning: DataFrame is highly fragmented.  This is usually the result of calling `frame.insert` many times, which has poor performance.  Consider joining all columns at once using pd.concat(axis=1) instead. To get a de-fragmented frame, use `newframe = frame.copy()`
  dataframe[f"dc_hi_{n}"] = dataframe["high"].rolling(n).max().shift(1)
/freqtrade/user_data/strategies/TrendVolTarget.py:50: PerformanceWarning: DataFrame is highly fragmented.  This is usually the result of calling `frame.insert` many times, which has poor performance.  Consider joining all columns at once using pd.concat(axis=1) instead. To get a de-fragmented frame, use `newframe = frame.copy()`
  dataframe[f"dc_hi_{n}"] = dataframe["high"].rolling(n).max().shift(1)
/freqtrade/user_data/strategies/TrendVolTarget.py:50: PerformanceWarning: DataFrame is highly fragmented.  This is usually the result of calling `frame.insert` many times, which has poor performance.  Consider joining all columns at once using pd.concat(axis=1) instead. To get a de-fragmented frame, use `newframe = frame.copy()`
  dataframe[f"dc_hi_{n}"] = dataframe["high"].rolling(n).max().shift(1)
/freqtrade/user_data/strategies/TrendVolTarget.py:50: PerformanceWarning: DataFrame is highly fragmented.  This is usually the result of calling `frame.insert` many times, which has poor performance.  Consider joining all columns at once using pd.concat(axis=1) instead. To get a de-fragmented frame, use `newframe = frame.copy()`
  dataframe[f"dc_hi_{n}"] = dataframe["high"].rolling(n).max().shift(1)
/freqtrade/user_data/strategies/TrendVolTarget.py:50: PerformanceWarning: DataFrame is highly fragmented.  This is usually the result of calling `frame.insert` many times, which has poor performance.  Consider joining all columns at once using pd.concat(axis=1) instead. To get a de-fragmented frame, use `newframe = frame.copy()`
  dataframe[f"dc_hi_{n}"] = dataframe["high"].rolling(n).max().shift(1)
/freqtrade/user_data/strategies/TrendVolTarget.py:50: PerformanceWarning: DataFrame is highly fragmented.  This is usually the result of calling `frame.insert` many times, which has poor performance.  Consider joining all columns at once using pd.concat(axis=1) instead. To get a de-fragmented frame, use `newframe = frame.copy()`
  dataframe[f"dc_hi_{n}"] = dataframe["high"].rolling(n).max().shift(1)
/freqtrade/user_data/strategies/TrendVolTarget.py:50: PerformanceWarning: DataFrame is highly fragmented.  This is usually the result of calling `frame.insert` many times, which has poor performance.  Consider joining all columns at once using pd.concat(axis=1) instead. To get a de-fragmented frame, use `newframe = frame.copy()`
  dataframe[f"dc_hi_{n}"] = dataframe["high"].rolling(n).max().shift(1)
/freqtrade/user_data/strategies/TrendVolTarget.py:50: PerformanceWarning: DataFrame is highly fragmented.  This is usually the result of calling `frame.insert` many times, which has poor performance.  Consider joining all columns at once using pd.concat(axis=1) instead. To get a de-fragmented frame, use `newframe = frame.copy()`
  dataframe[f"dc_hi_{n}"] = dataframe["high"].rolling(n).max().shift(1)
/freqtrade/user_data/strategies/TrendVolTarget.py:50: PerformanceWarning: DataFrame is highly fragmented.  This is usually the result of calling `frame.insert` many times, which has poor performance.  Consider joining all columns at once using pd.concat(axis=1) instead. To get a de-fragmented frame, use `newframe = frame.copy()`
  dataframe[f"dc_hi_{n}"] = dataframe["high"].rolling(n).max().shift(1)
/freqtrade/user_data/strategies/TrendVolTarget.py:50: PerformanceWarning: DataFrame is highly fragmented.  This is usually the result of calling `frame.insert` many times, which has poor performance.  Consider joining all columns at once using pd.concat(axis=1) instead. To get a de-fragmented frame, use `newframe = frame.copy()`
  dataframe[f"dc_hi_{n}"] = dataframe["high"].rolling(n).max().shift(1)
/freqtrade/user_data/strategies/TrendVolTarget.py:50: PerformanceWarning: DataFrame is highly fragmented.  This is usually the result of calling `frame.insert` many times, which has poor performance.  Consider joining all columns at once using pd.concat(axis=1) instead. To get a de-fragmented frame, use `newframe = frame.copy()`
  dataframe[f"dc_hi_{n}"] = dataframe["high"].rolling(n).max().shift(1)
/freqtrade/user_data/strategies/TrendVolTarget.py:50: PerformanceWarning: DataFrame is highly fragmented.  This is usually the result of calling `frame.insert` many times, which has poor performance.  Consider joining all columns at once using pd.concat(axis=1) instead. To get a de-fragmented frame, use `newframe = frame.copy()`
  dataframe[f"dc_hi_{n}"] = dataframe["high"].rolling(n).max().shift(1)
/freqtrade/user_data/strategies/TrendVolTarget.py:50: PerformanceWarning: DataFrame is highly fragmented.  This is usually the result of calling `frame.insert` many times, which has poor performance.  Consider joining all columns at once using pd.concat(axis=1) instead. To get a de-fragmented frame, use `newframe = frame.copy()`
  dataframe[f"dc_hi_{n}"] = dataframe["high"].rolling(n).max().shift(1)
/freqtrade/user_data/strategies/TrendVolTarget.py:50: PerformanceWarning: DataFrame is highly fragmented.  This is usually the result of calling `frame.insert` many times, which has poor performance.  Consider joining all columns at once using pd.concat(axis=1) instead. To get a de-fragmented frame, use `newframe = frame.copy()`
  dataframe[f"dc_hi_{n}"] = dataframe["high"].rolling(n).max().shift(1)
/freqtrade/user_data/strategies/TrendVolTarget.py:50: PerformanceWarning: DataFrame is highly fragmented.  This is usually the result of calling `frame.insert` many times, which has poor performance.  Consider joining all columns at once using pd.concat(axis=1) instead. To get a de-fragmented frame, use `newframe = frame.copy()`
  dataframe[f"dc_hi_{n}"] = dataframe["high"].rolling(n).max().shift(1)
/freqtrade/user_data/strategies/TrendVolTarget.py:50: PerformanceWarning: DataFrame is highly fragmented.  This is usually the result of calling `frame.insert` many times, which has poor performance.  Consider joining all columns at once using pd.concat(axis=1) instead. To get a de-fragmented frame, use `newframe = frame.copy()`
  dataframe[f"dc_hi_{n}"] = dataframe["high"].rolling(n).max().shift(1)
/freqtrade/user_data/strategies/TrendVolTarget.py:50: PerformanceWarning: DataFrame is highly fragmented.  This is usually the result of calling `frame.insert` many times, which has poor performance.  Consider joining all columns at once using pd.concat(axis=1) instead. To get a de-fragmented frame, use `newframe = frame.copy()`
  dataframe[f"dc_hi_{n}"] = dataframe["high"].rolling(n).max().shift(1)
/freqtrade/user_data/strategies/TrendVolTarget.py:50: PerformanceWarning: DataFrame is highly fragmented.  This is usually the result of calling `frame.insert` many times, which has poor performance.  Consider joining all columns at once using pd.concat(axis=1) instead. To get a de-fragmented frame, use `newframe = frame.copy()`
  dataframe[f"dc_hi_{n}"] = dataframe["high"].rolling(n).max().shift(1)
/freqtrade/user_data/strategies/TrendVolTarget.py:50: PerformanceWarning: DataFrame is highly fragmented.  This is usually the result of calling `frame.insert` many times, which has poor performance.  Consider joining all columns at once using pd.concat(axis=1) instead. To get a de-fragmented frame, use `newframe = frame.copy()`
  dataframe[f"dc_hi_{n}"] = dataframe["high"].rolling(n).max().shift(1)
/freqtrade/user_data/strategies/TrendVolTarget.py:50: PerformanceWarning: DataFrame is highly fragmented.  This is usually the result of calling `frame.insert` many times, which has poor performance.  Consider joining all columns at once using pd.concat(axis=1) instead. To get a de-fragmented frame, use `newframe = frame.copy()`
  dataframe[f"dc_hi_{n}"] = dataframe["high"].rolling(n).max().shift(1)
/freqtrade/user_data/strategies/TrendVolTarget.py:50: PerformanceWarning: DataFrame is highly fragmented.  This is usually the result of calling `frame.insert` many times, which has poor performance.  Consider joining all columns at once using pd.concat(axis=1) instead. To get a de-fragmented frame, use `newframe = frame.copy()`
  dataframe[f"dc_hi_{n}"] = dataframe["high"].rolling(n).max().shift(1)
/freqtrade/user_data/strategies/TrendVolTarget.py:50: PerformanceWarning: DataFrame is highly fragmented.  This is usually the result of calling `frame.insert` many times, which has poor performance.  Consider joining all columns at once using pd.concat(axis=1) instead. To get a de-fragmented frame, use `newframe = frame.copy()`
  dataframe[f"dc_hi_{n}"] = dataframe["high"].rolling(n).max().shift(1)
/freqtrade/user_data/strategies/TrendVolTarget.py:50: PerformanceWarning: DataFrame is highly fragmented.  This is usually the result of calling `frame.insert` many times, which has poor performance.  Consider joining all columns at once using pd.concat(axis=1) instead. To get a de-fragmented frame, use `newframe = frame.copy()`
  dataframe[f"dc_hi_{n}"] = dataframe["high"].rolling(n).max().shift(1)
/freqtrade/user_data/strategies/TrendVolTarget.py:50: PerformanceWarning: DataFrame is highly fragmented.  This is usually the result of calling `frame.insert` many times, which has poor performance.  Consider joining all columns at once using pd.concat(axis=1) instead. To get a de-fragmented frame, use `newframe = frame.copy()`
  dataframe[f"dc_hi_{n}"] = dataframe["high"].rolling(n).max().shift(1)
/freqtrade/user_data/strategies/TrendVolTarget.py:50: PerformanceWarning: DataFrame is highly fragmented.  This is usually the result of calling `frame.insert` many times, which has poor performance.  Consider joining all columns at once using pd.concat(axis=1) instead. To get a de-fragmented frame, use `newframe = frame.copy()`
  dataframe[f"dc_hi_{n}"] = dataframe["high"].rolling(n).max().shift(1)
/freqtrade/user_data/strategies/TrendVolTarget.py:50: PerformanceWarning: DataFrame is highly fragmented.  This is usually the result of calling `frame.insert` many times, which has poor performance.  Consider joining all columns at once using pd.concat(axis=1) instead. To get a de-fragmented frame, use `newframe = frame.copy()`
  dataframe[f"dc_hi_{n}"] = dataframe["high"].rolling(n).max().shift(1)
/freqtrade/user_data/strategies/TrendVolTarget.py:50: PerformanceWarning: DataFrame is highly fragmented.  This is usually the result of calling `frame.insert` many times, which has poor performance.  Consider joining all columns at once using pd.concat(axis=1) instead. To get a de-fragmented frame, use `newframe = frame.copy()`
  dataframe[f"dc_hi_{n}"] = dataframe["high"].rolling(n).max().shift(1)
/freqtrade/user_data/strategies/TrendVolTarget.py:50: PerformanceWarning: DataFrame is highly fragmented.  This is usually the result of calling `frame.insert` many times, which has poor performance.  Consider joining all columns at once using pd.concat(axis=1) instead. To get a de-fragmented frame, use `newframe = frame.copy()`
  dataframe[f"dc_hi_{n}"] = dataframe["high"].rolling(n).max().shift(1)
/freqtrade/user_data/strategies/TrendVolTarget.py:50: PerformanceWarning: DataFrame is highly fragmented.  This is usually the result of calling `frame.insert` many times, which has poor performance.  Consider joining all columns at once using pd.concat(axis=1) instead. To get a de-fragmented frame, use `newframe = frame.copy()`
  dataframe[f"dc_hi_{n}"] = dataframe["high"].rolling(n).max().shift(1)
/freqtrade/user_data/strategies/TrendVolTarget.py:50: PerformanceWarning: DataFrame is highly fragmented.  This is usually the result of calling `frame.insert` many times, which has poor performance.  Consider joining all columns at once using pd.concat(axis=1) instead. To get a de-fragmented frame, use `newframe = frame.copy()`
  dataframe[f"dc_hi_{n}"] = dataframe["high"].rolling(n).max().shift(1)
/freqtrade/user_data/strategies/TrendVolTarget.py:50: PerformanceWarning: DataFrame is highly fragmented.  This is usually the result of calling `frame.insert` many times, which has poor performance.  Consider joining all columns at once using pd.concat(axis=1) instead. To get a de-fragmented frame, use `newframe = frame.copy()`
  dataframe[f"dc_hi_{n}"] = dataframe["high"].rolling(n).max().shift(1)
/freqtrade/user_data/strategies/TrendVolTarget.py:50: PerformanceWarning: DataFrame is highly fragmented.  This is usually the result of calling `frame.insert` many times, which has poor performance.  Consider joining all columns at once using pd.concat(axis=1) instead. To get a de-fragmented frame, use `newframe = frame.copy()`
  dataframe[f"dc_hi_{n}"] = dataframe["high"].rolling(n).max().shift(1)
/freqtrade/user_data/strategies/TrendVolTarget.py:50: PerformanceWarning: DataFrame is highly fragmented.  This is usually the result of calling `frame.insert` many times, which has poor performance.  Consider joining all columns at once using pd.concat(axis=1) instead. To get a de-fragmented frame, use `newframe = frame.copy()`
  dataframe[f"dc_hi_{n}"] = dataframe["high"].rolling(n).max().shift(1)
/freqtrade/user_data/strategies/TrendVolTarget.py:50: PerformanceWarning: DataFrame is highly fragmented.  This is usually the result of calling `frame.insert` many times, which has poor performance.  Consider joining all columns at once using pd.concat(axis=1) instead. To get a de-fragmented frame, use `newframe = frame.copy()`
  dataframe[f"dc_hi_{n}"] = dataframe["high"].rolling(n).max().shift(1)
/freqtrade/user_data/strategies/TrendVolTarget.py:50: PerformanceWarning: DataFrame is highly fragmented.  This is usually the result of calling `frame.insert` many times, which has poor performance.  Consider joining all columns at once using pd.concat(axis=1) instead. To get a de-fragmented frame, use `newframe = frame.copy()`
  dataframe[f"dc_hi_{n}"] = dataframe["high"].rolling(n).max().shift(1)
/freqtrade/user_data/strategies/TrendVolTarget.py:50: PerformanceWarning: DataFrame is highly fragmented.  This is usually the result of calling `frame.insert` many times, which has poor performance.  Consider joining all columns at once using pd.concat(axis=1) instead. To get a de-fragmented frame, use `newframe = frame.copy()`
  dataframe[f"dc_hi_{n}"] = dataframe["high"].rolling(n).max().shift(1)
/freqtrade/user_data/strategies/TrendVolTarget.py:50: PerformanceWarning: DataFrame is highly fragmented.  This is usually the result of calling `frame.insert` many times, which has poor performance.  Consider joining all columns at once using pd.concat(axis=1) instead. To get a de-fragmented frame, use `newframe = frame.copy()`
  dataframe[f"dc_hi_{n}"] = dataframe["high"].rolling(n).max().shift(1)
/freqtrade/user_data/strategies/TrendVolTarget.py:50: PerformanceWarning: DataFrame is highly fragmented.  This is usually the result of calling `frame.insert` many times, which has poor performance.  Consider joining all columns at once using pd.concat(axis=1) instead. To get a de-fragmented frame, use `newframe = frame.copy()`
  dataframe[f"dc_hi_{n}"] = dataframe["high"].rolling(n).max().shift(1)
/freqtrade/user_data/strategies/TrendVolTarget.py:50: PerformanceWarning: DataFrame is highly fragmented.  This is usually the result of calling `frame.insert` many times, which has poor performance.  Consider joining all columns at once using pd.concat(axis=1) instead. To get a de-fragmented frame, use `newframe = frame.copy()`
  dataframe[f"dc_hi_{n}"] = dataframe["high"].rolling(n).max().shift(1)
/freqtrade/user_data/strategies/TrendVolTarget.py:50: PerformanceWarning: DataFrame is highly fragmented.  This is usually the result of calling `frame.insert` many times, which has poor performance.  Consider joining all columns at once using pd.concat(axis=1) instead. To get a de-fragmented frame, use `newframe = frame.copy()`
  dataframe[f"dc_hi_{n}"] = dataframe["high"].rolling(n).max().shift(1)
/freqtrade/user_data/strategies/TrendVolTarget.py:50: PerformanceWarning: DataFrame is highly fragmented.  This is usually the result of calling `frame.insert` many times, which has poor performance.  Consider joining all columns at once using pd.concat(axis=1) instead. To get a de-fragmented frame, use `newframe = frame.copy()`
  dataframe[f"dc_hi_{n}"] = dataframe["high"].rolling(n).max().shift(1)
/freqtrade/user_data/strategies/TrendVolTarget.py:50: PerformanceWarning: DataFrame is highly fragmented.  This is usually the result of calling `frame.insert` many times, which has poor performance.  Consider joining all columns at once using pd.concat(axis=1) instead. To get a de-fragmented frame, use `newframe = frame.copy()`
  dataframe[f"dc_hi_{n}"] = dataframe["high"].rolling(n).max().shift(1)
/freqtrade/user_data/strategies/TrendVolTarget.py:50: PerformanceWarning: DataFrame is highly fragmented.  This is usually the result of calling `frame.insert` many times, which has poor performance.  Consider joining all columns at once using pd.concat(axis=1) instead. To get a de-fragmented frame, use `newframe = frame.copy()`
  dataframe[f"dc_hi_{n}"] = dataframe["high"].rolling(n).max().shift(1)
/freqtrade/user_data/strategies/TrendVolTarget.py:50: PerformanceWarning: DataFrame is highly fragmented.  This is usually the result of calling `frame.insert` many times, which has poor performance.  Consider joining all columns at once using pd.concat(axis=1) instead. To get a de-fragmented frame, use `newframe = frame.copy()`
  dataframe[f"dc_hi_{n}"] = dataframe["high"].rolling(n).max().shift(1)
/freqtrade/user_data/strategies/TrendVolTarget.py:50: PerformanceWarning: DataFrame is highly fragmented.  This is usually the result of calling `frame.insert` many times, which has poor performance.  Consider joining all columns at once using pd.concat(axis=1) instead. To get a de-fragmented frame, use `newframe = frame.copy()`
  dataframe[f"dc_hi_{n}"] = dataframe["high"].rolling(n).max().shift(1)
/freqtrade/user_data/strategies/TrendVolTarget.py:50: PerformanceWarning: DataFrame is highly fragmented.  This is usually the result of calling `frame.insert` many times, which has poor performance.  Consider joining all columns at once using pd.concat(axis=1) instead. To get a de-fragmented frame, use `newframe = frame.copy()`
  dataframe[f"dc_hi_{n}"] = dataframe["high"].rolling(n).max().shift(1)
/freqtrade/user_data/strategies/TrendVolTarget.py:50: PerformanceWarning: DataFrame is highly fragmented.  This is usually the result of calling `frame.insert` many times, which has poor performance.  Consider joining all columns at once using pd.concat(axis=1) instead. To get a de-fragmented frame, use `newframe = frame.copy()`
  dataframe[f"dc_hi_{n}"] = dataframe["high"].rolling(n).max().shift(1)
/freqtrade/user_data/strategies/TrendVolTarget.py:50: PerformanceWarning: DataFrame is highly fragmented.  This is usually the result of calling `frame.insert` many times, which has poor performance.  Consider joining all columns at once using pd.concat(axis=1) instead. To get a de-fragmented frame, use `newframe = frame.copy()`
  dataframe[f"dc_hi_{n}"] = dataframe["high"].rolling(n).max().shift(1)
/freqtrade/user_data/strategies/TrendVolTarget.py:50: PerformanceWarning: DataFrame is highly fragmented.  This is usually the result of calling `frame.insert` many times, which has poor performance.  Consider joining all columns at once using pd.concat(axis=1) instead. To get a de-fragmented frame, use `newframe = frame.copy()`
  dataframe[f"dc_hi_{n}"] = dataframe["high"].rolling(n).max().shift(1)
/freqtrade/user_data/strategies/TrendVolTarget.py:50: PerformanceWarning: DataFrame is highly fragmented.  This is usually the result of calling `frame.insert` many times, which has poor performance.  Consider joining all columns at once using pd.concat(axis=1) instead. To get a de-fragmented frame, use `newframe = frame.copy()`
  dataframe[f"dc_hi_{n}"] = dataframe["high"].rolling(n).max().shift(1)
/freqtrade/user_data/strategies/TrendVolTarget.py:50: PerformanceWarning: DataFrame is highly fragmented.  This is usually the result of calling `frame.insert` many times, which has poor performance.  Consider joining all columns at once using pd.concat(axis=1) instead. To get a de-fragmented frame, use `newframe = frame.copy()`
  dataframe[f"dc_hi_{n}"] = dataframe["high"].rolling(n).max().shift(1)
/freqtrade/user_data/strategies/TrendVolTarget.py:50: PerformanceWarning: DataFrame is highly fragmented.  This is usually the result of calling `frame.insert` many times, which has poor performance.  Consider joining all columns at once using pd.concat(axis=1) instead. To get a de-fragmented frame, use `newframe = frame.copy()`
  dataframe[f"dc_hi_{n}"] = dataframe["high"].rolling(n).max().shift(1)
/freqtrade/user_data/strategies/TrendVolTarget.py:50: PerformanceWarning: DataFrame is highly fragmented.  This is usually the result of calling `frame.insert` many times, which has poor performance.  Consider joining all columns at once using pd.concat(axis=1) instead. To get a de-fragmented frame, use `newframe = frame.copy()`
  dataframe[f"dc_hi_{n}"] = dataframe["high"].rolling(n).max().shift(1)
/freqtrade/user_data/strategies/TrendVolTarget.py:50: PerformanceWarning: DataFrame is highly fragmented.  This is usually the result of calling `frame.insert` many times, which has poor performance.  Consider joining all columns at once using pd.concat(axis=1) instead. To get a de-fragmented frame, use `newframe = frame.copy()`
  dataframe[f"dc_hi_{n}"] = dataframe["high"].rolling(n).max().shift(1)
/freqtrade/user_data/strategies/TrendVolTarget.py:50: PerformanceWarning: DataFrame is highly fragmented.  This is usually the result of calling `frame.insert` many times, which has poor performance.  Consider joining all columns at once using pd.concat(axis=1) instead. To get a de-fragmented frame, use `newframe = frame.copy()`
  dataframe[f"dc_hi_{n}"] = dataframe["high"].rolling(n).max().shift(1)
/freqtrade/user_data/strategies/TrendVolTarget.py:50: PerformanceWarning: DataFrame is highly fragmented.  This is usually the result of calling `frame.insert` many times, which has poor performance.  Consider joining all columns at once using pd.concat(axis=1) instead. To get a de-fragmented frame, use `newframe = frame.copy()`
  dataframe[f"dc_hi_{n}"] = dataframe["high"].rolling(n).max().shift(1)
/freqtrade/user_data/strategies/TrendVolTarget.py:50: PerformanceWarning: DataFrame is highly fragmented.  This is usually the result of calling `frame.insert` many times, which has poor performance.  Consider joining all columns at once using pd.concat(axis=1) instead. To get a de-fragmented frame, use `newframe = frame.copy()`
  dataframe[f"dc_hi_{n}"] = dataframe["high"].rolling(n).max().shift(1)
/freqtrade/user_data/strategies/TrendVolTarget.py:50: PerformanceWarning: DataFrame is highly fragmented.  This is usually the result of calling `frame.insert` many times, which has poor performance.  Consider joining all columns at once using pd.concat(axis=1) instead. To get a de-fragmented frame, use `newframe = frame.copy()`
  dataframe[f"dc_hi_{n}"] = dataframe["high"].rolling(n).max().shift(1)
/freqtrade/user_data/strategies/TrendVolTarget.py:50: PerformanceWarning: DataFrame is highly fragmented.  This is usually the result of calling `frame.insert` many times, which has poor performance.  Consider joining all columns at once using pd.concat(axis=1) instead. To get a de-fragmented frame, use `newframe = frame.copy()`
  dataframe[f"dc_hi_{n}"] = dataframe["high"].rolling(n).max().shift(1)
/freqtrade/user_data/strategies/TrendVolTarget.py:50: PerformanceWarning: DataFrame is highly fragmented.  This is usually the result of calling `frame.insert` many times, which has poor performance.  Consider joining all columns at once using pd.concat(axis=1) instead. To get a de-fragmented frame, use `newframe = frame.copy()`
  dataframe[f"dc_hi_{n}"] = dataframe["high"].rolling(n).max().shift(1)
/freqtrade/user_data/strategies/TrendVolTarget.py:50: PerformanceWarning: DataFrame is highly fragmented.  This is usually the result of calling `frame.insert` many times, which has poor performance.  Consider joining all columns at once using pd.concat(axis=1) instead. To get a de-fragmented frame, use `newframe = frame.copy()`
  dataframe[f"dc_hi_{n}"] = dataframe["high"].rolling(n).max().shift(1)
/freqtrade/user_data/strategies/TrendVolTarget.py:50: PerformanceWarning: DataFrame is highly fragmented.  This is usually the result of calling `frame.insert` many times, which has poor performance.  Consider joining all columns at once using pd.concat(axis=1) instead. To get a de-fragmented frame, use `newframe = frame.copy()`
  dataframe[f"dc_hi_{n}"] = dataframe["high"].rolling(n).max().shift(1)
/freqtrade/user_data/strategies/TrendVolTarget.py:50: PerformanceWarning: DataFrame is highly fragmented.  This is usually the result of calling `frame.insert` many times, which has poor performance.  Consider joining all columns at once using pd.concat(axis=1) instead. To get a de-fragmented frame, use `newframe = frame.copy()`
  dataframe[f"dc_hi_{n}"] = dataframe["high"].rolling(n).max().shift(1)
/freqtrade/user_data/strategies/TrendVolTarget.py:50: PerformanceWarning: DataFrame is highly fragmented.  This is usually the result of calling `frame.insert` many times, which has poor performance.  Consider joining all columns at once using pd.concat(axis=1) instead. To get a de-fragmented frame, use `newframe = frame.copy()`
  dataframe[f"dc_hi_{n}"] = dataframe["high"].rolling(n).max().shift(1)
/freqtrade/user_data/strategies/TrendVolTarget.py:50: PerformanceWarning: DataFrame is highly fragmented.  This is usually the result of calling `frame.insert` many times, which has poor performance.  Consider joining all columns at once using pd.concat(axis=1) instead. To get a de-fragmented frame, use `newframe = frame.copy()`
  dataframe[f"dc_hi_{n}"] = dataframe["high"].rolling(n).max().shift(1)
/freqtrade/user_data/strategies/TrendVolTarget.py:50: PerformanceWarning: DataFrame is highly fragmented.  This is usually the result of calling `frame.insert` many times, which has poor performance.  Consider joining all columns at once using pd.concat(axis=1) instead. To get a de-fragmented frame, use `newframe = frame.copy()`
  dataframe[f"dc_hi_{n}"] = dataframe["high"].rolling(n).max().shift(1)
/freqtrade/user_data/strategies/TrendVolTarget.py:53: PerformanceWarning: DataFrame is highly fragmented.  This is usually the result of calling `frame.insert` many times, which has poor performance.  Consider joining all columns at once using pd.concat(axis=1) instead. To get a de-fragmented frame, use `newframe = frame.copy()`
  dataframe["sma_f"] = ta.SMA(dataframe, timeperiod=60)
/freqtrade/user_data/strategies/TrendVolTarget.py:54: PerformanceWarning: DataFrame is highly fragmented.  This is usually the result of calling `frame.insert` many times, which has poor performance.  Consider joining all columns at once using pd.concat(axis=1) instead. To get a de-fragmented frame, use `newframe = frame.copy()`
  dataframe["sma_s"] = ta.SMA(dataframe, timeperiod=240)
/freqtrade/user_data/strategies/TrendVolTarget.py:56: PerformanceWarning: DataFrame is highly fragmented.  This is usually the result of calling `frame.insert` many times, which has poor performance.  Consider joining all columns at once using pd.concat(axis=1) instead. To get a de-fragmented frame, use `newframe = frame.copy()`
  dataframe["rvol"] = dataframe["close"].pct_change().rolling(90).std() * np.sqrt(6 * 365)
/freqtrade/user_data/strategies/TrendVolTarget.py:50: PerformanceWarning: DataFrame is highly fragmented.  This is usually the result of calling `frame.insert` many times, which has poor performance.  Consider joining all columns at once using pd.concat(axis=1) instead. To get a de-fragmented frame, use `newframe = frame.copy()`
  dataframe[f"dc_hi_{n}"] = dataframe["high"].rolling(n).max().shift(1)
/freqtrade/user_data/strategies/TrendVolTarget.py:50: PerformanceWarning: DataFrame is highly fragmented.  This is usually the result of calling `frame.insert` many times, which has poor performance.  Consider joining all columns at once using pd.concat(axis=1) instead. To get a de-fragmented frame, use `newframe = frame.copy()`
  dataframe[f"dc_hi_{n}"] = dataframe["high"].rolling(n).max().shift(1)
/freqtrade/user_data/strategies/TrendVolTarget.py:50: PerformanceWarning: DataFrame is highly fragmented.  This is usually the result of calling `frame.insert` many times, which has poor performance.  Consider joining all columns at once using pd.concat(axis=1) instead. To get a de-fragmented frame, use `newframe = frame.copy()`
  dataframe[f"dc_hi_{n}"] = dataframe["high"].rolling(n).max().shift(1)
/freqtrade/user_data/strategies/TrendVolTarget.py:50: PerformanceWarning: DataFrame is highly fragmented.  This is usually the result of calling `frame.insert` many times, which has poor performance.  Consider joining all columns at once using pd.concat(axis=1) instead. To get a de-fragmented frame, use `newframe = frame.copy()`
  dataframe[f"dc_hi_{n}"] = dataframe["high"].rolling(n).max().shift(1)
/freqtrade/user_data/strategies/TrendVolTarget.py:50: PerformanceWarning: DataFrame is highly fragmented.  This is usually the result of calling `frame.insert` many times, which has poor performance.  Consider joining all columns at once using pd.concat(axis=1) instead. To get a de-fragmented frame, use `newframe = frame.copy()`
  dataframe[f"dc_hi_{n}"] = dataframe["high"].rolling(n).max().shift(1)
/freqtrade/user_data/strategies/TrendVolTarget.py:50: PerformanceWarning: DataFrame is highly fragmented.  This is usually the result of calling `frame.insert` many times, which has poor performance.  Consider joining all columns at once using pd.concat(axis=1) instead. To get a de-fragmented frame, use `newframe = frame.copy()`
  dataframe[f"dc_hi_{n}"] = dataframe["high"].rolling(n).max().shift(1)
/freqtrade/user_data/strategies/TrendVolTarget.py:50: PerformanceWarning: DataFrame is highly fragmented.  This is usually the result of calling `frame.insert` many times, which has poor performance.  Consider joining all columns at once using pd.concat(axis=1) instead. To get a de-fragmented frame, use `newframe = frame.copy()`
  dataframe[f"dc_hi_{n}"] = dataframe["high"].rolling(n).max().shift(1)
/freqtrade/user_data/strategies/TrendVolTarget.py:50: PerformanceWarning: DataFrame is highly fragmented.  This is usually the result of calling `frame.insert` many times, which has poor performance.  Consider joining all columns at once using pd.concat(axis=1) instead. To get a de-fragmented frame, use `newframe = frame.copy()`
  dataframe[f"dc_hi_{n}"] = dataframe["high"].rolling(n).max().shift(1)
/freqtrade/user_data/strategies/TrendVolTarget.py:50: PerformanceWarning: DataFrame is highly fragmented.  This is usually the result of calling `frame.insert` many times, which has poor performance.  Consider joining all columns at once using pd.concat(axis=1) instead. To get a de-fragmented frame, use `newframe = frame.copy()`
  dataframe[f"dc_hi_{n}"] = dataframe["high"].rolling(n).max().shift(1)
/freqtrade/user_data/strategies/TrendVolTarget.py:50: PerformanceWarning: DataFrame is highly fragmented.  This is usually the result of calling `frame.insert` many times, which has poor performance.  Consider joining all columns at once using pd.concat(axis=1) instead. To get a de-fragmented frame, use `newframe = frame.copy()`
  dataframe[f"dc_hi_{n}"] = dataframe["high"].rolling(n).max().shift(1)
/freqtrade/user_data/strategies/TrendVolTarget.py:50: PerformanceWarning: DataFrame is highly fragmented.  This is usually the result of calling `frame.insert` many times, which has poor performance.  Consider joining all columns at once using pd.concat(axis=1) instead. To get a de-fragmented frame, use `newframe = frame.copy()`
  dataframe[f"dc_hi_{n}"] = dataframe["high"].rolling(n).max().shift(1)
/freqtrade/user_data/strategies/TrendVolTarget.py:50: PerformanceWarning: DataFrame is highly fragmented.  This is usually the result of calling `frame.insert` many times, which has poor performance.  Consider joining all columns at once using pd.concat(axis=1) instead. To get a de-fragmented frame, use `newframe = frame.copy()`
  dataframe[f"dc_hi_{n}"] = dataframe["high"].rolling(n).max().shift(1)
/freqtrade/user_data/strategies/TrendVolTarget.py:50: PerformanceWarning: DataFrame is highly fragmented.  This is usually the result of calling `frame.insert` many times, which has poor performance.  Consider joining all columns at once using pd.concat(axis=1) instead. To get a de-fragmented frame, use `newframe = frame.copy()`
  dataframe[f"dc_hi_{n}"] = dataframe["high"].rolling(n).max().shift(1)
/freqtrade/user_data/strategies/TrendVolTarget.py:50: PerformanceWarning: DataFrame is highly fragmented.  This is usually the result of calling `frame.insert` many times, which has poor performance.  Consider joining all columns at once using pd.concat(axis=1) instead. To get a de-fragmented frame, use `newframe = frame.copy()`
  dataframe[f"dc_hi_{n}"] = dataframe["high"].rolling(n).max().shift(1)
/freqtrade/user_data/strategies/TrendVolTarget.py:50: PerformanceWarning: DataFrame is highly fragmented.  This is usually the result of calling `frame.insert` many times, which has poor performance.  Consider joining all columns at once using pd.concat(axis=1) instead. To get a de-fragmented frame, use `newframe = frame.copy()`
  dataframe[f"dc_hi_{n}"] = dataframe["high"].rolling(n).max().shift(1)
/freqtrade/user_data/strategies/TrendVolTarget.py:50: PerformanceWarning: DataFrame is highly fragmented.  This is usually the result of calling `frame.insert` many times, which has poor performance.  Consider joining all columns at once using pd.concat(axis=1) instead. To get a de-fragmented frame, use `newframe = frame.copy()`
  dataframe[f"dc_hi_{n}"] = dataframe["high"].rolling(n).max().shift(1)
/freqtrade/user_data/strategies/TrendVolTarget.py:50: PerformanceWarning: DataFrame is highly fragmented.  This is usually the result of calling `frame.insert` many times, which has poor performance.  Consider joining all columns at once using pd.concat(axis=1) instead. To get a de-fragmented frame, use `newframe = frame.copy()`
  dataframe[f"dc_hi_{n}"] = dataframe["high"].rolling(n).max().shift(1)
/freqtrade/user_data/strategies/TrendVolTarget.py:50: PerformanceWarning: DataFrame is highly fragmented.  This is usually the result of calling `frame.insert` many times, which has poor performance.  Consider joining all columns at once using pd.concat(axis=1) instead. To get a de-fragmented frame, use `newframe = frame.copy()`
  dataframe[f"dc_hi_{n}"] = dataframe["high"].rolling(n).max().shift(1)
/freqtrade/user_data/strategies/TrendVolTarget.py:50: PerformanceWarning: DataFrame is highly fragmented.  This is usually the result of calling `frame.insert` many times, which has poor performance.  Consider joining all columns at once using pd.concat(axis=1) instead. To get a de-fragmented frame, use `newframe = frame.copy()`
  dataframe[f"dc_hi_{n}"] = dataframe["high"].rolling(n).max().shift(1)
/freqtrade/user_data/strategies/TrendVolTarget.py:50: PerformanceWarning: DataFrame is highly fragmented.  This is usually the result of calling `frame.insert` many times, which has poor performance.  Consider joining all columns at once using pd.concat(axis=1) instead. To get a de-fragmented frame, use `newframe = frame.copy()`
  dataframe[f"dc_hi_{n}"] = dataframe["high"].rolling(n).max().shift(1)
/freqtrade/user_data/strategies/TrendVolTarget.py:50: PerformanceWarning: DataFrame is highly fragmented.  This is usually the result of calling `frame.insert` many times, which has poor performance.  Consider joining all columns at once using pd.concat(axis=1) instead. To get a de-fragmented frame, use `newframe = frame.copy()`
  dataframe[f"dc_hi_{n}"] = dataframe["high"].rolling(n).max().shift(1)
/freqtrade/user_data/strategies/TrendVolTarget.py:50: PerformanceWarning: DataFrame is highly fragmented.  This is usually the result of calling `frame.insert` many times, which has poor performance.  Consider joining all columns at once using pd.concat(axis=1) instead. To get a de-fragmented frame, use `newframe = frame.copy()`
  dataframe[f"dc_hi_{n}"] = dataframe["high"].rolling(n).max().shift(1)
/freqtrade/user_data/strategies/TrendVolTarget.py:50: PerformanceWarning: DataFrame is highly fragmented.  This is usually the result of calling `frame.insert` many times, which has poor performance.  Consider joining all columns at once using pd.concat(axis=1) instead. To get a de-fragmented frame, use `newframe = frame.copy()`
  dataframe[f"dc_hi_{n}"] = dataframe["high"].rolling(n).max().shift(1)
/freqtrade/user_data/strategies/TrendVolTarget.py:50: PerformanceWarning: DataFrame is highly fragmented.  This is usually the result of calling `frame.insert` many times, which has poor performance.  Consider joining all columns at once using pd.concat(axis=1) instead. To get a de-fragmented frame, use `newframe = frame.copy()`
  dataframe[f"dc_hi_{n}"] = dataframe["high"].rolling(n).max().shift(1)
/freqtrade/user_data/strategies/TrendVolTarget.py:50: PerformanceWarning: DataFrame is highly fragmented.  This is usually the result of calling `frame.insert` many times, which has poor performance.  Consider joining all columns at once using pd.concat(axis=1) instead. To get a de-fragmented frame, use `newframe = frame.copy()`
  dataframe[f"dc_hi_{n}"] = dataframe["high"].rolling(n).max().shift(1)
/freqtrade/user_data/strategies/TrendVolTarget.py:50: PerformanceWarning: DataFrame is highly fragmented.  This is usually the result of calling `frame.insert` many times, which has poor performance.  Consider joining all columns at once using pd.concat(axis=1) instead. To get a de-fragmented frame, use `newframe = frame.copy()`
  dataframe[f"dc_hi_{n}"] = dataframe["high"].rolling(n).max().shift(1)
/freqtrade/user_data/strategies/TrendVolTarget.py:50: PerformanceWarning: DataFrame is highly fragmented.  This is usually the result of calling `frame.insert` many times, which has poor performance.  Consider joining all columns at once using pd.concat(axis=1) instead. To get a de-fragmented frame, use `newframe = frame.copy()`
  dataframe[f"dc_hi_{n}"] = dataframe["high"].rolling(n).max().shift(1)
/freqtrade/user_data/strategies/TrendVolTarget.py:50: PerformanceWarning: DataFrame is highly fragmented.  This is usually the result of calling `frame.insert` many times, which has poor performance.  Consider joining all columns at once using pd.concat(axis=1) instead. To get a de-fragmented frame, use `newframe = frame.copy()`
  dataframe[f"dc_hi_{n}"] = dataframe["high"].rolling(n).max().shift(1)
/freqtrade/user_data/strategies/TrendVolTarget.py:50: PerformanceWarning: DataFrame is highly fragmented.  This is usually the result of calling `frame.insert` many times, which has poor performance.  Consider joining all columns at once using pd.concat(axis=1) instead. To get a de-fragmented frame, use `newframe = frame.copy()`
  dataframe[f"dc_hi_{n}"] = dataframe["high"].rolling(n).max().shift(1)
/freqtrade/user_data/strategies/TrendVolTarget.py:50: PerformanceWarning: DataFrame is highly fragmented.  This is usually the result of calling `frame.insert` many times, which has poor performance.  Consider joining all columns at once using pd.concat(axis=1) instead. To get a de-fragmented frame, use `newframe = frame.copy()`
  dataframe[f"dc_hi_{n}"] = dataframe["high"].rolling(n).max().shift(1)
/freqtrade/user_data/strategies/TrendVolTarget.py:50: PerformanceWarning: DataFrame is highly fragmented.  This is usually the result of calling `frame.insert` many times, which has poor performance.  Consider joining all columns at once using pd.concat(axis=1) instead. To get a de-fragmented frame, use `newframe = frame.copy()`
  dataframe[f"dc_hi_{n}"] = dataframe["high"].rolling(n).max().shift(1)
/freqtrade/user_data/strategies/TrendVolTarget.py:50: PerformanceWarning: DataFrame is highly fragmented.  This is usually the result of calling `frame.insert` many times, which has poor performance.  Consider joining all columns at once using pd.concat(axis=1) instead. To get a de-fragmented frame, use `newframe = frame.copy()`
  dataframe[f"dc_hi_{n}"] = dataframe["high"].rolling(n).max().shift(1)
/freqtrade/user_data/strategies/TrendVolTarget.py:50: PerformanceWarning: DataFrame is highly fragmented.  This is usually the result of calling `frame.insert` many times, which has poor performance.  Consider joining all columns at once using pd.concat(axis=1) instead. To get a de-fragmented frame, use `newframe = frame.copy()`
  dataframe[f"dc_hi_{n}"] = dataframe["high"].rolling(n).max().shift(1)
/freqtrade/user_data/strategies/TrendVolTarget.py:50: PerformanceWarning: DataFrame is highly fragmented.  This is usually the result of calling `frame.insert` many times, which has poor performance.  Consider joining all columns at once using pd.concat(axis=1) instead. To get a de-fragmented frame, use `newframe = frame.copy()`
  dataframe[f"dc_hi_{n}"] = dataframe["high"].rolling(n).max().shift(1)
/freqtrade/user_data/strategies/TrendVolTarget.py:50: PerformanceWarning: DataFrame is highly fragmented.  This is usually the result of calling `frame.insert` many times, which has poor performance.  Consider joining all columns at once using pd.concat(axis=1) instead. To get a de-fragmented frame, use `newframe = frame.copy()`
  dataframe[f"dc_hi_{n}"] = dataframe["high"].rolling(n).max().shift(1)
/freqtrade/user_data/strategies/TrendVolTarget.py:50: PerformanceWarning: DataFrame is highly fragmented.  This is usually the result of calling `frame.insert` many times, which has poor performance.  Consider joining all columns at once using pd.concat(axis=1) instead. To get a de-fragmented frame, use `newframe = frame.copy()`
  dataframe[f"dc_hi_{n}"] = dataframe["high"].rolling(n).max().shift(1)
/freqtrade/user_data/strategies/TrendVolTarget.py:50: PerformanceWarning: DataFrame is highly fragmented.  This is usually the result of calling `frame.insert` many times, which has poor performance.  Consider joining all columns at once using pd.concat(axis=1) instead. To get a de-fragmented frame, use `newframe = frame.copy()`
  dataframe[f"dc_hi_{n}"] = dataframe["high"].rolling(n).max().shift(1)
/freqtrade/user_data/strategies/TrendVolTarget.py:50: PerformanceWarning: DataFrame is highly fragmented.  This is usually the result of calling `frame.insert` many times, which has poor performance.  Consider joining all columns at once using pd.concat(axis=1) instead. To get a de-fragmented frame, use `newframe = frame.copy()`
  dataframe[f"dc_hi_{n}"] = dataframe["high"].rolling(n).max().shift(1)
/freqtrade/user_data/strategies/TrendVolTarget.py:50: PerformanceWarning: DataFrame is highly fragmented.  This is usually the result of calling `frame.insert` many times, which has poor performance.  Consider joining all columns at once using pd.concat(axis=1) instead. To get a de-fragmented frame, use `newframe = frame.copy()`
  dataframe[f"dc_hi_{n}"] = dataframe["high"].rolling(n).max().shift(1)
/freqtrade/user_data/strategies/TrendVolTarget.py:50: PerformanceWarning: DataFrame is highly fragmented.  This is usually the result of calling `frame.insert` many times, which has poor performance.  Consider joining all columns at once using pd.concat(axis=1) instead. To get a de-fragmented frame, use `newframe = frame.copy()`
  dataframe[f"dc_hi_{n}"] = dataframe["high"].rolling(n).max().shift(1)
/freqtrade/user_data/strategies/TrendVolTarget.py:50: PerformanceWarning: DataFrame is highly fragmented.  This is usually the result of calling `frame.insert` many times, which has poor performance.  Consider joining all columns at once using pd.concat(axis=1) instead. To get a de-fragmented frame, use `newframe = frame.copy()`
  dataframe[f"dc_hi_{n}"] = dataframe["high"].rolling(n).max().shift(1)
/freqtrade/user_data/strategies/TrendVolTarget.py:50: PerformanceWarning: DataFrame is highly fragmented.  This is usually the result of calling `frame.insert` many times, which has poor performance.  Consider joining all columns at once using pd.concat(axis=1) instead. To get a de-fragmented frame, use `newframe = frame.copy()`
  dataframe[f"dc_hi_{n}"] = dataframe["high"].rolling(n).max().shift(1)
/freqtrade/user_data/strategies/TrendVolTarget.py:50: PerformanceWarning: DataFrame is highly fragmented.  This is usually the result of calling `frame.insert` many times, which has poor performance.  Consider joining all columns at once using pd.concat(axis=1) instead. To get a de-fragmented frame, use `newframe = frame.copy()`
  dataframe[f"dc_hi_{n}"] = dataframe["high"].rolling(n).max().shift(1)
/freqtrade/user_data/strategies/TrendVolTarget.py:50: PerformanceWarning: DataFrame is highly fragmented.  This is usually the result of calling `frame.insert` many times, which has poor performance.  Consider joining all columns at once using pd.concat(axis=1) instead. To get a de-fragmented frame, use `newframe = frame.copy()`
  dataframe[f"dc_hi_{n}"] = dataframe["high"].rolling(n).max().shift(1)
/freqtrade/user_data/strategies/TrendVolTarget.py:50: PerformanceWarning: DataFrame is highly fragmented.  This is usually the result of calling `frame.insert` many times, which has poor performance.  Consider joining all columns at once using pd.concat(axis=1) instead. To get a de-fragmented frame, use `newframe = frame.copy()`
  dataframe[f"dc_hi_{n}"] = dataframe["high"].rolling(n).max().shift(1)
/freqtrade/user_data/strategies/TrendVolTarget.py:50: PerformanceWarning: DataFrame is highly fragmented.  This is usually the result of calling `frame.insert` many times, which has poor performance.  Consider joining all columns at once using pd.concat(axis=1) instead. To get a de-fragmented frame, use `newframe = frame.copy()`
  dataframe[f"dc_hi_{n}"] = dataframe["high"].rolling(n).max().shift(1)
/freqtrade/user_data/strategies/TrendVolTarget.py:50: PerformanceWarning: DataFrame is highly fragmented.  This is usually the result of calling `frame.insert` many times, which has poor performance.  Consider joining all columns at once using pd.concat(axis=1) instead. To get a de-fragmented frame, use `newframe = frame.copy()`
  dataframe[f"dc_hi_{n}"] = dataframe["high"].rolling(n).max().shift(1)
/freqtrade/user_data/strategies/TrendVolTarget.py:50: PerformanceWarning: DataFrame is highly fragmented.  This is usually the result of calling `frame.insert` many times, which has poor performance.  Consider joining all columns at once using pd.concat(axis=1) instead. To get a de-fragmented frame, use `newframe = frame.copy()`
  dataframe[f"dc_hi_{n}"] = dataframe["high"].rolling(n).max().shift(1)
/freqtrade/user_data/strategies/TrendVolTarget.py:50: PerformanceWarning: DataFrame is highly fragmented.  This is usually the result of calling `frame.insert` many times, which has poor performance.  Consider joining all columns at once using pd.concat(axis=1) instead. To get a de-fragmented frame, use `newframe = frame.copy()`
  dataframe[f"dc_hi_{n}"] = dataframe["high"].rolling(n).max().shift(1)
/freqtrade/user_data/strategies/TrendVolTarget.py:50: PerformanceWarning: DataFrame is highly fragmented.  This is usually the result of calling `frame.insert` many times, which has poor performance.  Consider joining all columns at once using pd.concat(axis=1) instead. To get a de-fragmented frame, use `newframe = frame.copy()`
  dataframe[f"dc_hi_{n}"] = dataframe["high"].rolling(n).max().shift(1)
/freqtrade/user_data/strategies/TrendVolTarget.py:50: PerformanceWarning: DataFrame is highly fragmented.  This is usually the result of calling `frame.insert` many times, which has poor performance.  Consider joining all columns at once using pd.concat(axis=1) instead. To get a de-fragmented frame, use `newframe = frame.copy()`
  dataframe[f"dc_hi_{n}"] = dataframe["high"].rolling(n).max().shift(1)
/freqtrade/user_data/strategies/TrendVolTarget.py:50: PerformanceWarning: DataFrame is highly fragmented.  This is usually the result of calling `frame.insert` many times, which has poor performance.  Consider joining all columns at once using pd.concat(axis=1) instead. To get a de-fragmented frame, use `newframe = frame.copy()`
  dataframe[f"dc_hi_{n}"] = dataframe["high"].rolling(n).max().shift(1)
/freqtrade/user_data/strategies/TrendVolTarget.py:50: PerformanceWarning: DataFrame is highly fragmented.  This is usually the result of calling `frame.insert` many times, which has poor performance.  Consider joining all columns at once using pd.concat(axis=1) instead. To get a de-fragmented frame, use `newframe = frame.copy()`
  dataframe[f"dc_hi_{n}"] = dataframe["high"].rolling(n).max().shift(1)
/freqtrade/user_data/strategies/TrendVolTarget.py:50: PerformanceWarning: DataFrame is highly fragmented.  This is usually the result of calling `frame.insert` many times, which has poor performance.  Consider joining all columns at once using pd.concat(axis=1) instead. To get a de-fragmented frame, use `newframe = frame.copy()`
  dataframe[f"dc_hi_{n}"] = dataframe["high"].rolling(n).max().shift(1)
/freqtrade/user_data/strategies/TrendVolTarget.py:50: PerformanceWarning: DataFrame is highly fragmented.  This is usually the result of calling `frame.insert` many times, which has poor performance.  Consider joining all columns at once using pd.concat(axis=1) instead. To get a de-fragmented frame, use `newframe = frame.copy()`
  dataframe[f"dc_hi_{n}"] = dataframe["high"].rolling(n).max().shift(1)
/freqtrade/user_data/strategies/TrendVolTarget.py:50: PerformanceWarning: DataFrame is highly fragmented.  This is usually the result of calling `frame.insert` many times, which has poor performance.  Consider joining all columns at once using pd.concat(axis=1) instead. To get a de-fragmented frame, use `newframe = frame.copy()`
  dataframe[f"dc_hi_{n}"] = dataframe["high"].rolling(n).max().shift(1)
/freqtrade/user_data/strategies/TrendVolTarget.py:50: PerformanceWarning: DataFrame is highly fragmented.  This is usually the result of calling `frame.insert` many times, which has poor performance.  Consider joining all columns at once using pd.concat(axis=1) instead. To get a de-fragmented frame, use `newframe = frame.copy()`
  dataframe[f"dc_hi_{n}"] = dataframe["high"].rolling(n).max().shift(1)
/freqtrade/user_data/strategies/TrendVolTarget.py:50: PerformanceWarning: DataFrame is highly fragmented.  This is usually the result of calling `frame.insert` many times, which has poor performance.  Consider joining all columns at once using pd.concat(axis=1) instead. To get a de-fragmented frame, use `newframe = frame.copy()`
  dataframe[f"dc_hi_{n}"] = dataframe["high"].rolling(n).max().shift(1)
/freqtrade/user_data/strategies/TrendVolTarget.py:50: PerformanceWarning: DataFrame is highly fragmented.  This is usually the result of calling `frame.insert` many times, which has poor performance.  Consider joining all columns at once using pd.concat(axis=1) instead. To get a de-fragmented frame, use `newframe = frame.copy()`
  dataframe[f"dc_hi_{n}"] = dataframe["high"].rolling(n).max().shift(1)
/freqtrade/user_data/strategies/TrendVolTarget.py:50: PerformanceWarning: DataFrame is highly fragmented.  This is usually the result of calling `frame.insert` many times, which has poor performance.  Consider joining all columns at once using pd.concat(axis=1) instead. To get a de-fragmented frame, use `newframe = frame.copy()`
  dataframe[f"dc_hi_{n}"] = dataframe["high"].rolling(n).max().shift(1)
/freqtrade/user_data/strategies/TrendVolTarget.py:50: PerformanceWarning: DataFrame is highly fragmented.  This is usually the result of calling `frame.insert` many times, which has poor performance.  Consider joining all columns at once using pd.concat(axis=1) instead. To get a de-fragmented frame, use `newframe = frame.copy()`
  dataframe[f"dc_hi_{n}"] = dataframe["high"].rolling(n).max().shift(1)
/freqtrade/user_data/strategies/TrendVolTarget.py:50: PerformanceWarning: DataFrame is highly fragmented.  This is usually the result of calling `frame.insert` many times, which has poor performance.  Consider joining all columns at once using pd.concat(axis=1) instead. To get a de-fragmented frame, use `newframe = frame.copy()`
  dataframe[f"dc_hi_{n}"] = dataframe["high"].rolling(n).max().shift(1)
/freqtrade/user_data/strategies/TrendVolTarget.py:50: PerformanceWarning: DataFrame is highly fragmented.  This is usually the result of calling `frame.insert` many times, which has poor performance.  Consider joining all columns at once using pd.concat(axis=1) instead. To get a de-fragmented frame, use `newframe = frame.copy()`
  dataframe[f"dc_hi_{n}"] = dataframe["high"].rolling(n).max().shift(1)
/freqtrade/user_data/strategies/TrendVolTarget.py:50: PerformanceWarning: DataFrame is highly fragmented.  This is usually the result of calling `frame.insert` many times, which has poor performance.  Consider joining all columns at once using pd.concat(axis=1) instead. To get a de-fragmented frame, use `newframe = frame.copy()`
  dataframe[f"dc_hi_{n}"] = dataframe["high"].rolling(n).max().shift(1)
/freqtrade/user_data/strategies/TrendVolTarget.py:50: PerformanceWarning: DataFrame is highly fragmented.  This is usually the result of calling `frame.insert` many times, which has poor performance.  Consider joining all columns at once using pd.concat(axis=1) instead. To get a de-fragmented frame, use `newframe = frame.copy()`
  dataframe[f"dc_hi_{n}"] = dataframe["high"].rolling(n).max().shift(1)
/freqtrade/user_data/strategies/TrendVolTarget.py:50: PerformanceWarning: DataFrame is highly fragmented.  This is usually the result of calling `frame.insert` many times, which has poor performance.  Consider joining all columns at once using pd.concat(axis=1) instead. To get a de-fragmented frame, use `newframe = frame.copy()`
  dataframe[f"dc_hi_{n}"] = dataframe["high"].rolling(n).max().shift(1)
/freqtrade/user_data/strategies/TrendVolTarget.py:50: PerformanceWarning: DataFrame is highly fragmented.  This is usually the result of calling `frame.insert` many times, which has poor performance.  Consider joining all columns at once using pd.concat(axis=1) instead. To get a de-fragmented frame, use `newframe = frame.copy()`
  dataframe[f"dc_hi_{n}"] = dataframe["high"].rolling(n).max().shift(1)
/freqtrade/user_data/strategies/TrendVolTarget.py:50: PerformanceWarning: DataFrame is highly fragmented.  This is usually the result of calling `frame.insert` many times, which has poor performance.  Consider joining all columns at once using pd.concat(axis=1) instead. To get a de-fragmented frame, use `newframe = frame.copy()`
  dataframe[f"dc_hi_{n}"] = dataframe["high"].rolling(n).max().shift(1)
/freqtrade/user_data/strategies/TrendVolTarget.py:50: PerformanceWarning: DataFrame is highly fragmented.  This is usually the result of calling `frame.insert` many times, which has poor performance.  Consider joining all columns at once using pd.concat(axis=1) instead. To get a de-fragmented frame, use `newframe = frame.copy()`
  dataframe[f"dc_hi_{n}"] = dataframe["high"].rolling(n).max().shift(1)
/freqtrade/user_data/strategies/TrendVolTarget.py:50: PerformanceWarning: DataFrame is highly fragmented.  This is usually the result of calling `frame.insert` many times, which has poor performance.  Consider joining all columns at once using pd.concat(axis=1) instead. To get a de-fragmented frame, use `newframe = frame.copy()`
  dataframe[f"dc_hi_{n}"] = dataframe["high"].rolling(n).max().shift(1)
/freqtrade/user_data/strategies/TrendVolTarget.py:50: PerformanceWarning: DataFrame is highly fragmented.  This is usually the result of calling `frame.insert` many times, which has poor performance.  Consider joining all columns at once using pd.concat(axis=1) instead. To get a de-fragmented frame, use `newframe = frame.copy()`
  dataframe[f"dc_hi_{n}"] = dataframe["high"].rolling(n).max().shift(1)
/freqtrade/user_data/strategies/TrendVolTarget.py:50: PerformanceWarning: DataFrame is highly fragmented.  This is usually the result of calling `frame.insert` many times, which has poor performance.  Consider joining all columns at once using pd.concat(axis=1) instead. To get a de-fragmented frame, use `newframe = frame.copy()`
  dataframe[f"dc_hi_{n}"] = dataframe["high"].rolling(n).max().shift(1)
/freqtrade/user_data/strategies/TrendVolTarget.py:50: PerformanceWarning: DataFrame is highly fragmented.  This is usually the result of calling `frame.insert` many times, which has poor performance.  Consider joining all columns at once using pd.concat(axis=1) instead. To get a de-fragmented frame, use `newframe = frame.copy()`
  dataframe[f"dc_hi_{n}"] = dataframe["high"].rolling(n).max().shift(1)
/freqtrade/user_data/strategies/TrendVolTarget.py:50: PerformanceWarning: DataFrame is highly fragmented.  This is usually the result of calling `frame.insert` many times, which has poor performance.  Consider joining all columns at once using pd.concat(axis=1) instead. To get a de-fragmented frame, use `newframe = frame.copy()`
  dataframe[f"dc_hi_{n}"] = dataframe["high"].rolling(n).max().shift(1)
/freqtrade/user_data/strategies/TrendVolTarget.py:50: PerformanceWarning: DataFrame is highly fragmented.  This is usually the result of calling `frame.insert` many times, which has poor performance.  Consider joining all columns at once using pd.concat(axis=1) instead. To get a de-fragmented frame, use `newframe = frame.copy()`
  dataframe[f"dc_hi_{n}"] = dataframe["high"].rolling(n).max().shift(1)
/freqtrade/user_data/strategies/TrendVolTarget.py:50: PerformanceWarning: DataFrame is highly fragmented.  This is usually the result of calling `frame.insert` many times, which has poor performance.  Consider joining all columns at once using pd.concat(axis=1) instead. To get a de-fragmented frame, use `newframe = frame.copy()`
  dataframe[f"dc_hi_{n}"] = dataframe["high"].rolling(n).max().shift(1)
/freqtrade/user_data/strategies/TrendVolTarget.py:50: PerformanceWarning: DataFrame is highly fragmented.  This is usually the result of calling `frame.insert` many times, which has poor performance.  Consider joining all columns at once using pd.concat(axis=1) instead. To get a de-fragmented frame, use `newframe = frame.copy()`
  dataframe[f"dc_hi_{n}"] = dataframe["high"].rolling(n).max().shift(1)
/freqtrade/user_data/strategies/TrendVolTarget.py:50: PerformanceWarning: DataFrame is highly fragmented.  This is usually the result of calling `frame.insert` many times, which has poor performance.  Consider joining all columns at once using pd.concat(axis=1) instead. To get a de-fragmented frame, use `newframe = frame.copy()`
  dataframe[f"dc_hi_{n}"] = dataframe["high"].rolling(n).max().shift(1)
/freqtrade/user_data/strategies/TrendVolTarget.py:50: PerformanceWarning: DataFrame is highly fragmented.  This is usually the result of calling `frame.insert` many times, which has poor performance.  Consider joining all columns at once using pd.concat(axis=1) instead. To get a de-fragmented frame, use `newframe = frame.copy()`
  dataframe[f"dc_hi_{n}"] = dataframe["high"].rolling(n).max().shift(1)
/freqtrade/user_data/strategies/TrendVolTarget.py:50: PerformanceWarning: DataFrame is highly fragmented.  This is usually the result of calling `frame.insert` many times, which has poor performance.  Consider joining all columns at once using pd.concat(axis=1) instead. To get a de-fragmented frame, use `newframe = frame.copy()`
  dataframe[f"dc_hi_{n}"] = dataframe["high"].rolling(n).max().shift(1)
/freqtrade/user_data/strategies/TrendVolTarget.py:50: PerformanceWarning: DataFrame is highly fragmented.  This is usually the result of calling `frame.insert` many times, which has poor performance.  Consider joining all columns at once using pd.concat(axis=1) instead. To get a de-fragmented frame, use `newframe = frame.copy()`
  dataframe[f"dc_hi_{n}"] = dataframe["high"].rolling(n).max().shift(1)
/freqtrade/user_data/strategies/TrendVolTarget.py:50: PerformanceWarning: DataFrame is highly fragmented.  This is usually the result of calling `frame.insert` many times, which has poor performance.  Consider joining all columns at once using pd.concat(axis=1) instead. To get a de-fragmented frame, use `newframe = frame.copy()`
  dataframe[f"dc_hi_{n}"] = dataframe["high"].rolling(n).max().shift(1)
/freqtrade/user_data/strategies/TrendVolTarget.py:50: PerformanceWarning: DataFrame is highly fragmented.  This is usually the result of calling `frame.insert` many times, which has poor performance.  Consider joining all columns at once using pd.concat(axis=1) instead. To get a de-fragmented frame, use `newframe = frame.copy()`
  dataframe[f"dc_hi_{n}"] = dataframe["high"].rolling(n).max().shift(1)
/freqtrade/user_data/strategies/TrendVolTarget.py:50: PerformanceWarning: DataFrame is highly fragmented.  This is usually the result of calling `frame.insert` many times, which has poor performance.  Consider joining all columns at once using pd.concat(axis=1) instead. To get a de-fragmented frame, use `newframe = frame.copy()`
  dataframe[f"dc_hi_{n}"] = dataframe["high"].rolling(n).max().shift(1)
/freqtrade/user_data/strategies/TrendVolTarget.py:50: PerformanceWarning: DataFrame is highly fragmented.  This is usually the result of calling `frame.insert` many times, which has poor performance.  Consider joining all columns at once using pd.concat(axis=1) instead. To get a de-fragmented frame, use `newframe = frame.copy()`
  dataframe[f"dc_hi_{n}"] = dataframe["high"].rolling(n).max().shift(1)
/freqtrade/user_data/strategies/TrendVolTarget.py:53: PerformanceWarning: DataFrame is highly fragmented.  This is usually the result of calling `frame.insert` many times, which has poor performance.  Consider joining all columns at once using pd.concat(axis=1) instead. To get a de-fragmented frame, use `newframe = frame.copy()`
  dataframe["sma_f"] = ta.SMA(dataframe, timeperiod=60)
/freqtrade/user_data/strategies/TrendVolTarget.py:54: PerformanceWarning: DataFrame is highly fragmented.  This is usually the result of calling `frame.insert` many times, which has poor performance.  Consider joining all columns at once using pd.concat(axis=1) instead. To get a de-fragmented frame, use `newframe = frame.copy()`
  dataframe["sma_s"] = ta.SMA(dataframe, timeperiod=240)
/freqtrade/user_data/strategies/TrendVolTarget.py:56: PerformanceWarning: DataFrame is highly fragmented.  This is usually the result of calling `frame.insert` many times, which has poor performance.  Consider joining all columns at once using pd.concat(axis=1) instead. To get a de-fragmented frame, use `newframe = frame.copy()`
  dataframe["rvol"] = dataframe["close"].pct_change().rolling(90).std() * np.sqrt(6 * 365)
/freqtrade/user_data/strategies/TrendVolTarget.py:50: PerformanceWarning: DataFrame is highly fragmented.  This is usually the result of calling `frame.insert` many times, which has poor performance.  Consider joining all columns at once using pd.concat(axis=1) instead. To get a de-fragmented frame, use `newframe = frame.copy()`
  dataframe[f"dc_hi_{n}"] = dataframe["high"].rolling(n).max().shift(1)
/freqtrade/user_data/strategies/TrendVolTarget.py:50: PerformanceWarning: DataFrame is highly fragmented.  This is usually the result of calling `frame.insert` many times, which has poor performance.  Consider joining all columns at once using pd.concat(axis=1) instead. To get a de-fragmented frame, use `newframe = frame.copy()`
  dataframe[f"dc_hi_{n}"] = dataframe["high"].rolling(n).max().shift(1)
/freqtrade/user_data/strategies/TrendVolTarget.py:50: PerformanceWarning: DataFrame is highly fragmented.  This is usually the result of calling `frame.insert` many times, which has poor performance.  Consider joining all columns at once using pd.concat(axis=1) instead. To get a de-fragmented frame, use `newframe = frame.copy()`
  dataframe[f"dc_hi_{n}"] = dataframe["high"].rolling(n).max().shift(1)
/freqtrade/user_data/strategies/TrendVolTarget.py:50: PerformanceWarning: DataFrame is highly fragmented.  This is usually the result of calling `frame.insert` many times, which has poor performance.  Consider joining all columns at once using pd.concat(axis=1) instead. To get a de-fragmented frame, use `newframe = frame.copy()`
  dataframe[f"dc_hi_{n}"] = dataframe["high"].rolling(n).max().shift(1)
/freqtrade/user_data/strategies/TrendVolTarget.py:50: PerformanceWarning: DataFrame is highly fragmented.  This is usually the result of calling `frame.insert` many times, which has poor performance.  Consider joining all columns at once using pd.concat(axis=1) instead. To get a de-fragmented frame, use `newframe = frame.copy()`
  dataframe[f"dc_hi_{n}"] = dataframe["high"].rolling(n).max().shift(1)
/freqtrade/user_data/strategies/TrendVolTarget.py:50: PerformanceWarning: DataFrame is highly fragmented.  This is usually the result of calling `frame.insert` many times, which has poor performance.  Consider joining all columns at once using pd.concat(axis=1) instead. To get a de-fragmented frame, use `newframe = frame.copy()`
  dataframe[f"dc_hi_{n}"] = dataframe["high"].rolling(n).max().shift(1)
/freqtrade/user_data/strategies/TrendVolTarget.py:50: PerformanceWarning: DataFrame is highly fragmented.  This is usually the result of calling `frame.insert` many times, which has poor performance.  Consider joining all columns at once using pd.concat(axis=1) instead. To get a de-fragmented frame, use `newframe = frame.copy()`
  dataframe[f"dc_hi_{n}"] = dataframe["high"].rolling(n).max().shift(1)
/freqtrade/user_data/strategies/TrendVolTarget.py:50: PerformanceWarning: DataFrame is highly fragmented.  This is usually the result of calling `frame.insert` many times, which has poor performance.  Consider joining all columns at once using pd.concat(axis=1) instead. To get a de-fragmented frame, use `newframe = frame.copy()`
  dataframe[f"dc_hi_{n}"] = dataframe["high"].rolling(n).max().shift(1)
/freqtrade/user_data/strategies/TrendVolTarget.py:50: PerformanceWarning: DataFrame is highly fragmented.  This is usually the result of calling `frame.insert` many times, which has poor performance.  Consider joining all columns at once using pd.concat(axis=1) instead. To get a de-fragmented frame, use `newframe = frame.copy()`
  dataframe[f"dc_hi_{n}"] = dataframe["high"].rolling(n).max().shift(1)
/freqtrade/user_data/strategies/TrendVolTarget.py:50: PerformanceWarning: DataFrame is highly fragmented.  This is usually the result of calling `frame.insert` many times, which has poor performance.  Consider joining all columns at once using pd.concat(axis=1) instead. To get a de-fragmented frame, use `newframe = frame.copy()`
  dataframe[f"dc_hi_{n}"] = dataframe["high"].rolling(n).max().shift(1)
/freqtrade/user_data/strategies/TrendVolTarget.py:50: PerformanceWarning: DataFrame is highly fragmented.  This is usually the result of calling `frame.insert` many times, which has poor performance.  Consider joining all columns at once using pd.concat(axis=1) instead. To get a de-fragmented frame, use `newframe = frame.copy()`
  dataframe[f"dc_hi_{n}"] = dataframe["high"].rolling(n).max().shift(1)
/freqtrade/user_data/strategies/TrendVolTarget.py:50: PerformanceWarning: DataFrame is highly fragmented.  This is usually the result of calling `frame.insert` many times, which has poor performance.  Consider joining all columns at once using pd.concat(axis=1) instead. To get a de-fragmented frame, use `newframe = frame.copy()`
  dataframe[f"dc_hi_{n}"] = dataframe["high"].rolling(n).max().shift(1)
/freqtrade/user_data/strategies/TrendVolTarget.py:50: PerformanceWarning: DataFrame is highly fragmented.  This is usually the result of calling `frame.insert` many times, which has poor performance.  Consider joining all columns at once using pd.concat(axis=1) instead. To get a de-fragmented frame, use `newframe = frame.copy()`
  dataframe[f"dc_hi_{n}"] = dataframe["high"].rolling(n).max().shift(1)
/freqtrade/user_data/strategies/TrendVolTarget.py:50: PerformanceWarning: DataFrame is highly fragmented.  This is usually the result of calling `frame.insert` many times, which has poor performance.  Consider joining all columns at once using pd.concat(axis=1) instead. To get a de-fragmented frame, use `newframe = frame.copy()`
  dataframe[f"dc_hi_{n}"] = dataframe["high"].rolling(n).max().shift(1)
/freqtrade/user_data/strategies/TrendVolTarget.py:50: PerformanceWarning: DataFrame is highly fragmented.  This is usually the result of calling `frame.insert` many times, which has poor performance.  Consider joining all columns at once using pd.concat(axis=1) instead. To get a de-fragmented frame, use `newframe = frame.copy()`
  dataframe[f"dc_hi_{n}"] = dataframe["high"].rolling(n).max().shift(1)
/freqtrade/user_data/strategies/TrendVolTarget.py:50: PerformanceWarning: DataFrame is highly fragmented.  This is usually the result of calling `frame.insert` many times, which has poor performance.  Consider joining all columns at once using pd.concat(axis=1) instead. To get a de-fragmented frame, use `newframe = frame.copy()`
  dataframe[f"dc_hi_{n}"] = dataframe["high"].rolling(n).max().shift(1)
/freqtrade/user_data/strategies/TrendVolTarget.py:50: PerformanceWarning: DataFrame is highly fragmented.  This is usually the result of calling `frame.insert` many times, which has poor performance.  Consider joining all columns at once using pd.concat(axis=1) instead. To get a de-fragmented frame, use `newframe = frame.copy()`
  dataframe[f"dc_hi_{n}"] = dataframe["high"].rolling(n).max().shift(1)
/freqtrade/user_data/strategies/TrendVolTarget.py:50: PerformanceWarning: DataFrame is highly fragmented.  This is usually the result of calling `frame.insert` many times, which has poor performance.  Consider joining all columns at once using pd.concat(axis=1) instead. To get a de-fragmented frame, use `newframe = frame.copy()`
  dataframe[f"dc_hi_{n}"] = dataframe["high"].rolling(n).max().shift(1)
/freqtrade/user_data/strategies/TrendVolTarget.py:50: PerformanceWarning: DataFrame is highly fragmented.  This is usually the result of calling `frame.insert` many times, which has poor performance.  Consider joining all columns at once using pd.concat(axis=1) instead. To get a de-fragmented frame, use `newframe = frame.copy()`
  dataframe[f"dc_hi_{n}"] = dataframe["high"].rolling(n).max().shift(1)
/freqtrade/user_data/strategies/TrendVolTarget.py:50: PerformanceWarning: DataFrame is highly fragmented.  This is usually the result of calling `frame.insert` many times, which has poor performance.  Consider joining all columns at once using pd.concat(axis=1) instead. To get a de-fragmented frame, use `newframe = frame.copy()`
  dataframe[f"dc_hi_{n}"] = dataframe["high"].rolling(n).max().shift(1)
/freqtrade/user_data/strategies/TrendVolTarget.py:50: PerformanceWarning: DataFrame is highly fragmented.  This is usually the result of calling `frame.insert` many times, which has poor performance.  Consider joining all columns at once using pd.concat(axis=1) instead. To get a de-fragmented frame, use `newframe = frame.copy()`
  dataframe[f"dc_hi_{n}"] = dataframe["high"].rolling(n).max().shift(1)
/freqtrade/user_data/strategies/TrendVolTarget.py:50: PerformanceWarning: DataFrame is highly fragmented.  This is usually the result of calling `frame.insert` many times, which has poor performance.  Consider joining all columns at once using pd.concat(axis=1) instead. To get a de-fragmented frame, use `newframe = frame.copy()`
  dataframe[f"dc_hi_{n}"] = dataframe["high"].rolling(n).max().shift(1)
/freqtrade/user_data/strategies/TrendVolTarget.py:50: PerformanceWarning: DataFrame is highly fragmented.  This is usually the result of calling `frame.insert` many times, which has poor performance.  Consider joining all columns at once using pd.concat(axis=1) instead. To get a de-fragmented frame, use `newframe = frame.copy()`
  dataframe[f"dc_hi_{n}"] = dataframe["high"].rolling(n).max().shift(1)
/freqtrade/user_data/strategies/TrendVolTarget.py:50: PerformanceWarning: DataFrame is highly fragmented.  This is usually the result of calling `frame.insert` many times, which has poor performance.  Consider joining all columns at once using pd.concat(axis=1) instead. To get a de-fragmented frame, use `newframe = frame.copy()`
  dataframe[f"dc_hi_{n}"] = dataframe["high"].rolling(n).max().shift(1)
/freqtrade/user_data/strategies/TrendVolTarget.py:50: PerformanceWarning: DataFrame is highly fragmented.  This is usually the result of calling `frame.insert` many times, which has poor performance.  Consider joining all columns at once using pd.concat(axis=1) instead. To get a de-fragmented frame, use `newframe = frame.copy()`
  dataframe[f"dc_hi_{n}"] = dataframe["high"].rolling(n).max().shift(1)
/freqtrade/user_data/strategies/TrendVolTarget.py:50: PerformanceWarning: DataFrame is highly fragmented.  This is usually the result of calling `frame.insert` many times, which has poor performance.  Consider joining all columns at once using pd.concat(axis=1) instead. To get a de-fragmented frame, use `newframe = frame.copy()`
  dataframe[f"dc_hi_{n}"] = dataframe["high"].rolling(n).max().shift(1)
/freqtrade/user_data/strategies/TrendVolTarget.py:50: PerformanceWarning: DataFrame is highly fragmented.  This is usually the result of calling `frame.insert` many times, which has poor performance.  Consider joining all columns at once using pd.concat(axis=1) instead. To get a de-fragmented frame, use `newframe = frame.copy()`
  dataframe[f"dc_hi_{n}"] = dataframe["high"].rolling(n).max().shift(1)
/freqtrade/user_data/strategies/TrendVolTarget.py:50: PerformanceWarning: DataFrame is highly fragmented.  This is usually the result of calling `frame.insert` many times, which has poor performance.  Consider joining all columns at once using pd.concat(axis=1) instead. To get a de-fragmented frame, use `newframe = frame.copy()`
  dataframe[f"dc_hi_{n}"] = dataframe["high"].rolling(n).max().shift(1)
/freqtrade/user_data/strategies/TrendVolTarget.py:50: PerformanceWarning: DataFrame is highly fragmented.  This is usually the result of calling `frame.insert` many times, which has poor performance.  Consider joining all columns at once using pd.concat(axis=1) instead. To get a de-fragmented frame, use `newframe = frame.copy()`
  dataframe[f"dc_hi_{n}"] = dataframe["high"].rolling(n).max().shift(1)
/freqtrade/user_data/strategies/TrendVolTarget.py:50: PerformanceWarning: DataFrame is highly fragmented.  This is usually the result of calling `frame.insert` many times, which has poor performance.  Consider joining all columns at once using pd.concat(axis=1) instead. To get a de-fragmented frame, use `newframe = frame.copy()`
  dataframe[f"dc_hi_{n}"] = dataframe["high"].rolling(n).max().shift(1)
/freqtrade/user_data/strategies/TrendVolTarget.py:50: PerformanceWarning: DataFrame is highly fragmented.  This is usually the result of calling `frame.insert` many times, which has poor performance.  Consider joining all columns at once using pd.concat(axis=1) instead. To get a de-fragmented frame, use `newframe = frame.copy()`
  dataframe[f"dc_hi_{n}"] = dataframe["high"].rolling(n).max().shift(1)
/freqtrade/user_data/strategies/TrendVolTarget.py:50: PerformanceWarning: DataFrame is highly fragmented.  This is usually the result of calling `frame.insert` many times, which has poor performance.  Consider joining all columns at once using pd.concat(axis=1) instead. To get a de-fragmented frame, use `newframe = frame.copy()`
  dataframe[f"dc_hi_{n}"] = dataframe["high"].rolling(n).max().shift(1)
/freqtrade/user_data/strategies/TrendVolTarget.py:50: PerformanceWarning: DataFrame is highly fragmented.  This is usually the result of calling `frame.insert` many times, which has poor performance.  Consider joining all columns at once using pd.concat(axis=1) instead. To get a de-fragmented frame, use `newframe = frame.copy()`
  dataframe[f"dc_hi_{n}"] = dataframe["high"].rolling(n).max().shift(1)
/freqtrade/user_data/strategies/TrendVolTarget.py:50: PerformanceWarning: DataFrame is highly fragmented.  This is usually the result of calling `frame.insert` many times, which has poor performance.  Consider joining all columns at once using pd.concat(axis=1) instead. To get a de-fragmented frame, use `newframe = frame.copy()`
  dataframe[f"dc_hi_{n}"] = dataframe["high"].rolling(n).max().shift(1)
/freqtrade/user_data/strategies/TrendVolTarget.py:50: PerformanceWarning: DataFrame is highly fragmented.  This is usually the result of calling `frame.insert` many times, which has poor performance.  Consider joining all columns at once using pd.concat(axis=1) instead. To get a de-fragmented frame, use `newframe = frame.copy()`
  dataframe[f"dc_hi_{n}"] = dataframe["high"].rolling(n).max().shift(1)
/freqtrade/user_data/strategies/TrendVolTarget.py:50: PerformanceWarning: DataFrame is highly fragmented.  This is usually the result of calling `frame.insert` many times, which has poor performance.  Consider joining all columns at once using pd.concat(axis=1) instead. To get a de-fragmented frame, use `newframe = frame.copy()`
  dataframe[f"dc_hi_{n}"] = dataframe["high"].rolling(n).max().shift(1)
/freqtrade/user_data/strategies/TrendVolTarget.py:50: PerformanceWarning: DataFrame is highly fragmented.  This is usually the result of calling `frame.insert` many times, which has poor performance.  Consider joining all columns at once using pd.concat(axis=1) instead. To get a de-fragmented frame, use `newframe = frame.copy()`
  dataframe[f"dc_hi_{n}"] = dataframe["high"].rolling(n).max().shift(1)
/freqtrade/user_data/strategies/TrendVolTarget.py:50: PerformanceWarning: DataFrame is highly fragmented.  This is usually the result of calling `frame.insert` many times, which has poor performance.  Consider joining all columns at once using pd.concat(axis=1) instead. To get a de-fragmented frame, use `newframe = frame.copy()`
  dataframe[f"dc_hi_{n}"] = dataframe["high"].rolling(n).max().shift(1)
/freqtrade/user_data/strategies/TrendVolTarget.py:50: PerformanceWarning: DataFrame is highly fragmented.  This is usually the result of calling `frame.insert` many times, which has poor performance.  Consider joining all columns at once using pd.concat(axis=1) instead. To get a de-fragmented frame, use `newframe = frame.copy()`
  dataframe[f"dc_hi_{n}"] = dataframe["high"].rolling(n).max().shift(1)
/freqtrade/user_data/strategies/TrendVolTarget.py:50: PerformanceWarning: DataFrame is highly fragmented.  This is usually the result of calling `frame.insert` many times, which has poor performance.  Consider joining all columns at once using pd.concat(axis=1) instead. To get a de-fragmented frame, use `newframe = frame.copy()`
  dataframe[f"dc_hi_{n}"] = dataframe["high"].rolling(n).max().shift(1)
/freqtrade/user_data/strategies/TrendVolTarget.py:50: PerformanceWarning: DataFrame is highly fragmented.  This is usually the result of calling `frame.insert` many times, which has poor performance.  Consider joining all columns at once using pd.concat(axis=1) instead. To get a de-fragmented frame, use `newframe = frame.copy()`
  dataframe[f"dc_hi_{n}"] = dataframe["high"].rolling(n).max().shift(1)
/freqtrade/user_data/strategies/TrendVolTarget.py:50: PerformanceWarning: DataFrame is highly fragmented.  This is usually the result of calling `frame.insert` many times, which has poor performance.  Consider joining all columns at once using pd.concat(axis=1) instead. To get a de-fragmented frame, use `newframe = frame.copy()`
  dataframe[f"dc_hi_{n}"] = dataframe["high"].rolling(n).max().shift(1)
/freqtrade/user_data/strategies/TrendVolTarget.py:50: PerformanceWarning: DataFrame is highly fragmented.  This is usually the result of calling `frame.insert` many times, which has poor performance.  Consider joining all columns at once using pd.concat(axis=1) instead. To get a de-fragmented frame, use `newframe = frame.copy()`
  dataframe[f"dc_hi_{n}"] = dataframe["high"].rolling(n).max().shift(1)
/freqtrade/user_data/strategies/TrendVolTarget.py:50: PerformanceWarning: DataFrame is highly fragmented.  This is usually the result of calling `frame.insert` many times, which has poor performance.  Consider joining all columns at once using pd.concat(axis=1) instead. To get a de-fragmented frame, use `newframe = frame.copy()`
  dataframe[f"dc_hi_{n}"] = dataframe["high"].rolling(n).max().shift(1)
/freqtrade/user_data/strategies/TrendVolTarget.py:50: PerformanceWarning: DataFrame is highly fragmented.  This is usually the result of calling `frame.insert` many times, which has poor performance.  Consider joining all columns at once using pd.concat(axis=1) instead. To get a de-fragmented frame, use `newframe = frame.copy()`
  dataframe[f"dc_hi_{n}"] = dataframe["high"].rolling(n).max().shift(1)
/freqtrade/user_data/strategies/TrendVolTarget.py:50: PerformanceWarning: DataFrame is highly fragmented.  This is usually the result of calling `frame.insert` many times, which has poor performance.  Consider joining all columns at once using pd.concat(axis=1) instead. To get a de-fragmented frame, use `newframe = frame.copy()`
  dataframe[f"dc_hi_{n}"] = dataframe["high"].rolling(n).max().shift(1)
/freqtrade/user_data/strategies/TrendVolTarget.py:50: PerformanceWarning: DataFrame is highly fragmented.  This is usually the result of calling `frame.insert` many times, which has poor performance.  Consider joining all columns at once using pd.concat(axis=1) instead. To get a de-fragmented frame, use `newframe = frame.copy()`
  dataframe[f"dc_hi_{n}"] = dataframe["high"].rolling(n).max().shift(1)
/freqtrade/user_data/strategies/TrendVolTarget.py:50: PerformanceWarning: DataFrame is highly fragmented.  This is usually the result of calling `frame.insert` many times, which has poor performance.  Consider joining all columns at once using pd.concat(axis=1) instead. To get a de-fragmented frame, use `newframe = frame.copy()`
  dataframe[f"dc_hi_{n}"] = dataframe["high"].rolling(n).max().shift(1)
/freqtrade/user_data/strategies/TrendVolTarget.py:50: PerformanceWarning: DataFrame is highly fragmented.  This is usually the result of calling `frame.insert` many times, which has poor performance.  Consider joining all columns at once using pd.concat(axis=1) instead. To get a de-fragmented frame, use `newframe = frame.copy()`
  dataframe[f"dc_hi_{n}"] = dataframe["high"].rolling(n).max().shift(1)
/freqtrade/user_data/strategies/TrendVolTarget.py:50: PerformanceWarning: DataFrame is highly fragmented.  This is usually the result of calling `frame.insert` many times, which has poor performance.  Consider joining all columns at once using pd.concat(axis=1) instead. To get a de-fragmented frame, use `newframe = frame.copy()`
  dataframe[f"dc_hi_{n}"] = dataframe["high"].rolling(n).max().shift(1)
/freqtrade/user_data/strategies/TrendVolTarget.py:50: PerformanceWarning: DataFrame is highly fragmented.  This is usually the result of calling `frame.insert` many times, which has poor performance.  Consider joining all columns at once using pd.concat(axis=1) instead. To get a de-fragmented frame, use `newframe = frame.copy()`
  dataframe[f"dc_hi_{n}"] = dataframe["high"].rolling(n).max().shift(1)
/freqtrade/user_data/strategies/TrendVolTarget.py:50: PerformanceWarning: DataFrame is highly fragmented.  This is usually the result of calling `frame.insert` many times, which has poor performance.  Consider joining all columns at once using pd.concat(axis=1) instead. To get a de-fragmented frame, use `newframe = frame.copy()`
  dataframe[f"dc_hi_{n}"] = dataframe["high"].rolling(n).max().shift(1)
/freqtrade/user_data/strategies/TrendVolTarget.py:50: PerformanceWarning: DataFrame is highly fragmented.  This is usually the result of calling `frame.insert` many times, which has poor performance.  Consider joining all columns at once using pd.concat(axis=1) instead. To get a de-fragmented frame, use `newframe = frame.copy()`
  dataframe[f"dc_hi_{n}"] = dataframe["high"].rolling(n).max().shift(1)
/freqtrade/user_data/strategies/TrendVolTarget.py:50: PerformanceWarning: DataFrame is highly fragmented.  This is usually the result of calling `frame.insert` many times, which has poor performance.  Consider joining all columns at once using pd.concat(axis=1) instead. To get a de-fragmented frame, use `newframe = frame.copy()`
  dataframe[f"dc_hi_{n}"] = dataframe["high"].rolling(n).max().shift(1)
/freqtrade/user_data/strategies/TrendVolTarget.py:50: PerformanceWarning: DataFrame is highly fragmented.  This is usually the result of calling `frame.insert` many times, which has poor performance.  Consider joining all columns at once using pd.concat(axis=1) instead. To get a de-fragmented frame, use `newframe = frame.copy()`
  dataframe[f"dc_hi_{n}"] = dataframe["high"].rolling(n).max().shift(1)
/freqtrade/user_data/strategies/TrendVolTarget.py:50: PerformanceWarning: DataFrame is highly fragmented.  This is usually the result of calling `frame.insert` many times, which has poor performance.  Consider joining all columns at once using pd.concat(axis=1) instead. To get a de-fragmented frame, use `newframe = frame.copy()`
  dataframe[f"dc_hi_{n}"] = dataframe["high"].rolling(n).max().shift(1)
/freqtrade/user_data/strategies/TrendVolTarget.py:50: PerformanceWarning: DataFrame is highly fragmented.  This is usually the result of calling `frame.insert` many times, which has poor performance.  Consider joining all columns at once using pd.concat(axis=1) instead. To get a de-fragmented frame, use `newframe = frame.copy()`
  dataframe[f"dc_hi_{n}"] = dataframe["high"].rolling(n).max().shift(1)
/freqtrade/user_data/strategies/TrendVolTarget.py:50: PerformanceWarning: DataFrame is highly fragmented.  This is usually the result of calling `frame.insert` many times, which has poor performance.  Consider joining all columns at once using pd.concat(axis=1) instead. To get a de-fragmented frame, use `newframe = frame.copy()`
  dataframe[f"dc_hi_{n}"] = dataframe["high"].rolling(n).max().shift(1)
/freqtrade/user_data/strategies/TrendVolTarget.py:50: PerformanceWarning: DataFrame is highly fragmented.  This is usually the result of calling `frame.insert` many times, which has poor performance.  Consider joining all columns at once using pd.concat(axis=1) instead. To get a de-fragmented frame, use `newframe = frame.copy()`
  dataframe[f"dc_hi_{n}"] = dataframe["high"].rolling(n).max().shift(1)
/freqtrade/user_data/strategies/TrendVolTarget.py:50: PerformanceWarning: DataFrame is highly fragmented.  This is usually the result of calling `frame.insert` many times, which has poor performance.  Consider joining all columns at once using pd.concat(axis=1) instead. To get a de-fragmented frame, use `newframe = frame.copy()`
  dataframe[f"dc_hi_{n}"] = dataframe["high"].rolling(n).max().shift(1)
/freqtrade/user_data/strategies/TrendVolTarget.py:50: PerformanceWarning: DataFrame is highly fragmented.  This is usually the result of calling `frame.insert` many times, which has poor performance.  Consider joining all columns at once using pd.concat(axis=1) instead. To get a de-fragmented frame, use `newframe = frame.copy()`
  dataframe[f"dc_hi_{n}"] = dataframe["high"].rolling(n).max().shift(1)
/freqtrade/user_data/strategies/TrendVolTarget.py:50: PerformanceWarning: DataFrame is highly fragmented.  This is usually the result of calling `frame.insert` many times, which has poor performance.  Consider joining all columns at once using pd.concat(axis=1) instead. To get a de-fragmented frame, use `newframe = frame.copy()`
  dataframe[f"dc_hi_{n}"] = dataframe["high"].rolling(n).max().shift(1)
/freqtrade/user_data/strategies/TrendVolTarget.py:50: PerformanceWarning: DataFrame is highly fragmented.  This is usually the result of calling `frame.insert` many times, which has poor performance.  Consider joining all columns at once using pd.concat(axis=1) instead. To get a de-fragmented frame, use `newframe = frame.copy()`
  dataframe[f"dc_hi_{n}"] = dataframe["high"].rolling(n).max().shift(1)
/freqtrade/user_data/strategies/TrendVolTarget.py:50: PerformanceWarning: DataFrame is highly fragmented.  This is usually the result of calling `frame.insert` many times, which has poor performance.  Consider joining all columns at once using pd.concat(axis=1) instead. To get a de-fragmented frame, use `newframe = frame.copy()`
  dataframe[f"dc_hi_{n}"] = dataframe["high"].rolling(n).max().shift(1)
/freqtrade/user_data/strategies/TrendVolTarget.py:50: PerformanceWarning: DataFrame is highly fragmented.  This is usually the result of calling `frame.insert` many times, which has poor performance.  Consider joining all columns at once using pd.concat(axis=1) instead. To get a de-fragmented frame, use `newframe = frame.copy()`
  dataframe[f"dc_hi_{n}"] = dataframe["high"].rolling(n).max().shift(1)
/freqtrade/user_data/strategies/TrendVolTarget.py:50: PerformanceWarning: DataFrame is highly fragmented.  This is usually the result of calling `frame.insert` many times, which has poor performance.  Consider joining all columns at once using pd.concat(axis=1) instead. To get a de-fragmented frame, use `newframe = frame.copy()`
  dataframe[f"dc_hi_{n}"] = dataframe["high"].rolling(n).max().shift(1)
/freqtrade/user_data/strategies/TrendVolTarget.py:50: PerformanceWarning: DataFrame is highly fragmented.  This is usually the result of calling `frame.insert` many times, which has poor performance.  Consider joining all columns at once using pd.concat(axis=1) instead. To get a de-fragmented frame, use `newframe = frame.copy()`
  dataframe[f"dc_hi_{n}"] = dataframe["high"].rolling(n).max().shift(1)
/freqtrade/user_data/strategies/TrendVolTarget.py:50: PerformanceWarning: DataFrame is highly fragmented.  This is usually the result of calling `frame.insert` many times, which has poor performance.  Consider joining all columns at once using pd.concat(axis=1) instead. To get a de-fragmented frame, use `newframe = frame.copy()`
  dataframe[f"dc_hi_{n}"] = dataframe["high"].rolling(n).max().shift(1)
/freqtrade/user_data/strategies/TrendVolTarget.py:50: PerformanceWarning: DataFrame is highly fragmented.  This is usually the result of calling `frame.insert` many times, which has poor performance.  Consider joining all columns at once using pd.concat(axis=1) instead. To get a de-fragmented frame, use `newframe = frame.copy()`
  dataframe[f"dc_hi_{n}"] = dataframe["high"].rolling(n).max().shift(1)
/freqtrade/user_data/strategies/TrendVolTarget.py:50: PerformanceWarning: DataFrame is highly fragmented.  This is usually the result of calling `frame.insert` many times, which has poor performance.  Consider joining all columns at once using pd.concat(axis=1) instead. To get a de-fragmented frame, use `newframe = frame.copy()`
  dataframe[f"dc_hi_{n}"] = dataframe["high"].rolling(n).max().shift(1)
/freqtrade/user_data/strategies/TrendVolTarget.py:50: PerformanceWarning: DataFrame is highly fragmented.  This is usually the result of calling `frame.insert` many times, which has poor performance.  Consider joining all columns at once using pd.concat(axis=1) instead. To get a de-fragmented frame, use `newframe = frame.copy()`
  dataframe[f"dc_hi_{n}"] = dataframe["high"].rolling(n).max().shift(1)
/freqtrade/user_data/strategies/TrendVolTarget.py:50: PerformanceWarning: DataFrame is highly fragmented.  This is usually the result of calling `frame.insert` many times, which has poor performance.  Consider joining all columns at once using pd.concat(axis=1) instead. To get a de-fragmented frame, use `newframe = frame.copy()`
  dataframe[f"dc_hi_{n}"] = dataframe["high"].rolling(n).max().shift(1)
/freqtrade/user_data/strategies/TrendVolTarget.py:50: PerformanceWarning: DataFrame is highly fragmented.  This is usually the result of calling `frame.insert` many times, which has poor performance.  Consider joining all columns at once using pd.concat(axis=1) instead. To get a de-fragmented frame, use `newframe = frame.copy()`
  dataframe[f"dc_hi_{n}"] = dataframe["high"].rolling(n).max().shift(1)
/freqtrade/user_data/strategies/TrendVolTarget.py:50: PerformanceWarning: DataFrame is highly fragmented.  This is usually the result of calling `frame.insert` many times, which has poor performance.  Consider joining all columns at once using pd.concat(axis=1) instead. To get a de-fragmented frame, use `newframe = frame.copy()`
  dataframe[f"dc_hi_{n}"] = dataframe["high"].rolling(n).max().shift(1)
/freqtrade/user_data/strategies/TrendVolTarget.py:50: PerformanceWarning: DataFrame is highly fragmented.  This is usually the result of calling `frame.insert` many times, which has poor performance.  Consider joining all columns at once using pd.concat(axis=1) instead. To get a de-fragmented frame, use `newframe = frame.copy()`
  dataframe[f"dc_hi_{n}"] = dataframe["high"].rolling(n).max().shift(1)
/freqtrade/user_data/strategies/TrendVolTarget.py:50: PerformanceWarning: DataFrame is highly fragmented.  This is usually the result of calling `frame.insert` many times, which has poor performance.  Consider joining all columns at once using pd.concat(axis=1) instead. To get a de-fragmented frame, use `newframe = frame.copy()`
  dataframe[f"dc_hi_{n}"] = dataframe["high"].rolling(n).max().shift(1)
/freqtrade/user_data/strategies/TrendVolTarget.py:50: PerformanceWarning: DataFrame is highly fragmented.  This is usually the result of calling `frame.insert` many times, which has poor performance.  Consider joining all columns at once using pd.concat(axis=1) instead. To get a de-fragmented frame, use `newframe = frame.copy()`
  dataframe[f"dc_hi_{n}"] = dataframe["high"].rolling(n).max().shift(1)
/freqtrade/user_data/strategies/TrendVolTarget.py:50: PerformanceWarning: DataFrame is highly fragmented.  This is usually the result of calling `frame.insert` many times, which has poor performance.  Consider joining all columns at once using pd.concat(axis=1) instead. To get a de-fragmented frame, use `newframe = frame.copy()`
  dataframe[f"dc_hi_{n}"] = dataframe["high"].rolling(n).max().shift(1)
/freqtrade/user_data/strategies/TrendVolTarget.py:50: PerformanceWarning: DataFrame is highly fragmented.  This is usually the result of calling `frame.insert` many times, which has poor performance.  Consider joining all columns at once using pd.concat(axis=1) instead. To get a de-fragmented frame, use `newframe = frame.copy()`
  dataframe[f"dc_hi_{n}"] = dataframe["high"].rolling(n).max().shift(1)
/freqtrade/user_data/strategies/TrendVolTarget.py:50: PerformanceWarning: DataFrame is highly fragmented.  This is usually the result of calling `frame.insert` many times, which has poor performance.  Consider joining all columns at once using pd.concat(axis=1) instead. To get a de-fragmented frame, use `newframe = frame.copy()`
  dataframe[f"dc_hi_{n}"] = dataframe["high"].rolling(n).max().shift(1)
/freqtrade/user_data/strategies/TrendVolTarget.py:50: PerformanceWarning: DataFrame is highly fragmented.  This is usually the result of calling `frame.insert` many times, which has poor performance.  Consider joining all columns at once using pd.concat(axis=1) instead. To get a de-fragmented frame, use `newframe = frame.copy()`
  dataframe[f"dc_hi_{n}"] = dataframe["high"].rolling(n).max().shift(1)
/freqtrade/user_data/strategies/TrendVolTarget.py:50: PerformanceWarning: DataFrame is highly fragmented.  This is usually the result of calling `frame.insert` many times, which has poor performance.  Consider joining all columns at once using pd.concat(axis=1) instead. To get a de-fragmented frame, use `newframe = frame.copy()`
  dataframe[f"dc_hi_{n}"] = dataframe["high"].rolling(n).max().shift(1)
/freqtrade/user_data/strategies/TrendVolTarget.py:50: PerformanceWarning: DataFrame is highly fragmented.  This is usually the result of calling `frame.insert` many times, which has poor performance.  Consider joining all columns at once using pd.concat(axis=1) instead. To get a de-fragmented frame, use `newframe = frame.copy()`
  dataframe[f"dc_hi_{n}"] = dataframe["high"].rolling(n).max().shift(1)
/freqtrade/user_data/strategies/TrendVolTarget.py:50: PerformanceWarning: DataFrame is highly fragmented.  This is usually the result of calling `frame.insert` many times, which has poor performance.  Consider joining all columns at once using pd.concat(axis=1) instead. To get a de-fragmented frame, use `newframe = frame.copy()`
  dataframe[f"dc_hi_{n}"] = dataframe["high"].rolling(n).max().shift(1)
/freqtrade/user_data/strategies/TrendVolTarget.py:50: PerformanceWarning: DataFrame is highly fragmented.  This is usually the result of calling `frame.insert` many times, which has poor performance.  Consider joining all columns at once using pd.concat(axis=1) instead. To get a de-fragmented frame, use `newframe = frame.copy()`
  dataframe[f"dc_hi_{n}"] = dataframe["high"].rolling(n).max().shift(1)
/freqtrade/user_data/strategies/TrendVolTarget.py:53: PerformanceWarning: DataFrame is highly fragmented.  This is usually the result of calling `frame.insert` many times, which has poor performance.  Consider joining all columns at once using pd.concat(axis=1) instead. To get a de-fragmented frame, use `newframe = frame.copy()`
  dataframe["sma_f"] = ta.SMA(dataframe, timeperiod=60)
/freqtrade/user_data/strategies/TrendVolTarget.py:54: PerformanceWarning: DataFrame is highly fragmented.  This is usually the result of calling `frame.insert` many times, which has poor performance.  Consider joining all columns at once using pd.concat(axis=1) instead. To get a de-fragmented frame, use `newframe = frame.copy()`
  dataframe["sma_s"] = ta.SMA(dataframe, timeperiod=240)
/freqtrade/user_data/strategies/TrendVolTarget.py:56: PerformanceWarning: DataFrame is highly fragmented.  This is usually the result of calling `frame.insert` many times, which has poor performance.  Consider joining all columns at once using pd.concat(axis=1) instead. To get a de-fragmented frame, use `newframe = frame.copy()`
  dataframe["rvol"] = dataframe["close"].pct_change().rolling(90).std() * np.sqrt(6 * 365)
/freqtrade/user_data/strategies/TrendVolTarget.py:50: PerformanceWarning: DataFrame is highly fragmented.  This is usually the result of calling `frame.insert` many times, which has poor performance.  Consider joining all columns at once using pd.concat(axis=1) instead. To get a de-fragmented frame, use `newframe = frame.copy()`
  dataframe[f"dc_hi_{n}"] = dataframe["high"].rolling(n).max().shift(1)
/freqtrade/user_data/strategies/TrendVolTarget.py:50: PerformanceWarning: DataFrame is highly fragmented.  This is usually the result of calling `frame.insert` many times, which has poor performance.  Consider joining all columns at once using pd.concat(axis=1) instead. To get a de-fragmented frame, use `newframe = frame.copy()`
  dataframe[f"dc_hi_{n}"] = dataframe["high"].rolling(n).max().shift(1)
/freqtrade/user_data/strategies/TrendVolTarget.py:50: PerformanceWarning: DataFrame is highly fragmented.  This is usually the result of calling `frame.insert` many times, which has poor performance.  Consider joining all columns at once using pd.concat(axis=1) instead. To get a de-fragmented frame, use `newframe = frame.copy()`
  dataframe[f"dc_hi_{n}"] = dataframe["high"].rolling(n).max().shift(1)
/freqtrade/user_data/strategies/TrendVolTarget.py:50: PerformanceWarning: DataFrame is highly fragmented.  This is usually the result of calling `frame.insert` many times, which has poor performance.  Consider joining all columns at once using pd.concat(axis=1) instead. To get a de-fragmented frame, use `newframe = frame.copy()`
  dataframe[f"dc_hi_{n}"] = dataframe["high"].rolling(n).max().shift(1)
/freqtrade/user_data/strategies/TrendVolTarget.py:50: PerformanceWarning: DataFrame is highly fragmented.  This is usually the result of calling `frame.insert` many times, which has poor performance.  Consider joining all columns at once using pd.concat(axis=1) instead. To get a de-fragmented frame, use `newframe = frame.copy()`
  dataframe[f"dc_hi_{n}"] = dataframe["high"].rolling(n).max().shift(1)
/freqtrade/user_data/strategies/TrendVolTarget.py:50: PerformanceWarning: DataFrame is highly fragmented.  This is usually the result of calling `frame.insert` many times, which has poor performance.  Consider joining all columns at once using pd.concat(axis=1) instead. To get a de-fragmented frame, use `newframe = frame.copy()`
  dataframe[f"dc_hi_{n}"] = dataframe["high"].rolling(n).max().shift(1)
/freqtrade/user_data/strategies/TrendVolTarget.py:50: PerformanceWarning: DataFrame is highly fragmented.  This is usually the result of calling `frame.insert` many times, which has poor performance.  Consider joining all columns at once using pd.concat(axis=1) instead. To get a de-fragmented frame, use `newframe = frame.copy()`
  dataframe[f"dc_hi_{n}"] = dataframe["high"].rolling(n).max().shift(1)
/freqtrade/user_data/strategies/TrendVolTarget.py:50: PerformanceWarning: DataFrame is highly fragmented.  This is usually the result of calling `frame.insert` many times, which has poor performance.  Consider joining all columns at once using pd.concat(axis=1) instead. To get a de-fragmented frame, use `newframe = frame.copy()`
  dataframe[f"dc_hi_{n}"] = dataframe["high"].rolling(n).max().shift(1)
/freqtrade/user_data/strategies/TrendVolTarget.py:50: PerformanceWarning: DataFrame is highly fragmented.  This is usually the result of calling `frame.insert` many times, which has poor performance.  Consider joining all columns at once using pd.concat(axis=1) instead. To get a de-fragmented frame, use `newframe = frame.copy()`
  dataframe[f"dc_hi_{n}"] = dataframe["high"].rolling(n).max().shift(1)
/freqtrade/user_data/strategies/TrendVolTarget.py:50: PerformanceWarning: DataFrame is highly fragmented.  This is usually the result of calling `frame.insert` many times, which has poor performance.  Consider joining all columns at once using pd.concat(axis=1) instead. To get a de-fragmented frame, use `newframe = frame.copy()`
  dataframe[f"dc_hi_{n}"] = dataframe["high"].rolling(n).max().shift(1)
/freqtrade/user_data/strategies/TrendVolTarget.py:50: PerformanceWarning: DataFrame is highly fragmented.  This is usually the result of calling `frame.insert` many times, which has poor performance.  Consider joining all columns at once using pd.concat(axis=1) instead. To get a de-fragmented frame, use `newframe = frame.copy()`
  dataframe[f"dc_hi_{n}"] = dataframe["high"].rolling(n).max().shift(1)
/freqtrade/user_data/strategies/TrendVolTarget.py:50: PerformanceWarning: DataFrame is highly fragmented.  This is usually the result of calling `frame.insert` many times, which has poor performance.  Consider joining all columns at once using pd.concat(axis=1) instead. To get a de-fragmented frame, use `newframe = frame.copy()`
  dataframe[f"dc_hi_{n}"] = dataframe["high"].rolling(n).max().shift(1)
/freqtrade/user_data/strategies/TrendVolTarget.py:50: PerformanceWarning: DataFrame is highly fragmented.  This is usually the result of calling `frame.insert` many times, which has poor performance.  Consider joining all columns at once using pd.concat(axis=1) instead. To get a de-fragmented frame, use `newframe = frame.copy()`
  dataframe[f"dc_hi_{n}"] = dataframe["high"].rolling(n).max().shift(1)
/freqtrade/user_data/strategies/TrendVolTarget.py:50: PerformanceWarning: DataFrame is highly fragmented.  This is usually the result of calling `frame.insert` many times, which has poor performance.  Consider joining all columns at once using pd.concat(axis=1) instead. To get a de-fragmented frame, use `newframe = frame.copy()`
  dataframe[f"dc_hi_{n}"] = dataframe["high"].rolling(n).max().shift(1)
/freqtrade/user_data/strategies/TrendVolTarget.py:50: PerformanceWarning: DataFrame is highly fragmented.  This is usually the result of calling `frame.insert` many times, which has poor performance.  Consider joining all columns at once using pd.concat(axis=1) instead. To get a de-fragmented frame, use `newframe = frame.copy()`
  dataframe[f"dc_hi_{n}"] = dataframe["high"].rolling(n).max().shift(1)
/freqtrade/user_data/strategies/TrendVolTarget.py:50: PerformanceWarning: DataFrame is highly fragmented.  This is usually the result of calling `frame.insert` many times, which has poor performance.  Consider joining all columns at once using pd.concat(axis=1) instead. To get a de-fragmented frame, use `newframe = frame.copy()`
  dataframe[f"dc_hi_{n}"] = dataframe["high"].rolling(n).max().shift(1)
/freqtrade/user_data/strategies/TrendVolTarget.py:50: PerformanceWarning: DataFrame is highly fragmented.  This is usually the result of calling `frame.insert` many times, which has poor performance.  Consider joining all columns at once using pd.concat(axis=1) instead. To get a de-fragmented frame, use `newframe = frame.copy()`
  dataframe[f"dc_hi_{n}"] = dataframe["high"].rolling(n).max().shift(1)
/freqtrade/user_data/strategies/TrendVolTarget.py:50: PerformanceWarning: DataFrame is highly fragmented.  This is usually the result of calling `frame.insert` many times, which has poor performance.  Consider joining all columns at once using pd.concat(axis=1) instead. To get a de-fragmented frame, use `newframe = frame.copy()`
  dataframe[f"dc_hi_{n}"] = dataframe["high"].rolling(n).max().shift(1)
/freqtrade/user_data/strategies/TrendVolTarget.py:50: PerformanceWarning: DataFrame is highly fragmented.  This is usually the result of calling `frame.insert` many times, which has poor performance.  Consider joining all columns at once using pd.concat(axis=1) instead. To get a de-fragmented frame, use `newframe = frame.copy()`
  dataframe[f"dc_hi_{n}"] = dataframe["high"].rolling(n).max().shift(1)
/freqtrade/user_data/strategies/TrendVolTarget.py:50: PerformanceWarning: DataFrame is highly fragmented.  This is usually the result of calling `frame.insert` many times, which has poor performance.  Consider joining all columns at once using pd.concat(axis=1) instead. To get a de-fragmented frame, use `newframe = frame.copy()`
  dataframe[f"dc_hi_{n}"] = dataframe["high"].rolling(n).max().shift(1)
/freqtrade/user_data/strategies/TrendVolTarget.py:50: PerformanceWarning: DataFrame is highly fragmented.  This is usually the result of calling `frame.insert` many times, which has poor performance.  Consider joining all columns at once using pd.concat(axis=1) instead. To get a de-fragmented frame, use `newframe = frame.copy()`
  dataframe[f"dc_hi_{n}"] = dataframe["high"].rolling(n).max().shift(1)
/freqtrade/user_data/strategies/TrendVolTarget.py:50: PerformanceWarning: DataFrame is highly fragmented.  This is usually the result of calling `frame.insert` many times, which has poor performance.  Consider joining all columns at once using pd.concat(axis=1) instead. To get a de-fragmented frame, use `newframe = frame.copy()`
  dataframe[f"dc_hi_{n}"] = dataframe["high"].rolling(n).max().shift(1)
/freqtrade/user_data/strategies/TrendVolTarget.py:50: PerformanceWarning: DataFrame is highly fragmented.  This is usually the result of calling `frame.insert` many times, which has poor performance.  Consider joining all columns at once using pd.concat(axis=1) instead. To get a de-fragmented frame, use `newframe = frame.copy()`
  dataframe[f"dc_hi_{n}"] = dataframe["high"].rolling(n).max().shift(1)
/freqtrade/user_data/strategies/TrendVolTarget.py:50: PerformanceWarning: DataFrame is highly fragmented.  This is usually the result of calling `frame.insert` many times, which has poor performance.  Consider joining all columns at once using pd.concat(axis=1) instead. To get a de-fragmented frame, use `newframe = frame.copy()`
  dataframe[f"dc_hi_{n}"] = dataframe["high"].rolling(n).max().shift(1)
/freqtrade/user_data/strategies/TrendVolTarget.py:50: PerformanceWarning: DataFrame is highly fragmented.  This is usually the result of calling `frame.insert` many times, which has poor performance.  Consider joining all columns at once using pd.concat(axis=1) instead. To get a de-fragmented frame, use `newframe = frame.copy()`
  dataframe[f"dc_hi_{n}"] = dataframe["high"].rolling(n).max().shift(1)
/freqtrade/user_data/strategies/TrendVolTarget.py:50: PerformanceWarning: DataFrame is highly fragmented.  This is usually the result of calling `frame.insert` many times, which has poor performance.  Consider joining all columns at once using pd.concat(axis=1) instead. To get a de-fragmented frame, use `newframe = frame.copy()`
  dataframe[f"dc_hi_{n}"] = dataframe["high"].rolling(n).max().shift(1)
/freqtrade/user_data/strategies/TrendVolTarget.py:50: PerformanceWarning: DataFrame is highly fragmented.  This is usually the result of calling `frame.insert` many times, which has poor performance.  Consider joining all columns at once using pd.concat(axis=1) instead. To get a de-fragmented frame, use `newframe = frame.copy()`
  dataframe[f"dc_hi_{n}"] = dataframe["high"].rolling(n).max().shift(1)
/freqtrade/user_data/strategies/TrendVolTarget.py:50: PerformanceWarning: DataFrame is highly fragmented.  This is usually the result of calling `frame.insert` many times, which has poor performance.  Consider joining all columns at once using pd.concat(axis=1) instead. To get a de-fragmented frame, use `newframe = frame.copy()`
  dataframe[f"dc_hi_{n}"] = dataframe["high"].rolling(n).max().shift(1)
/freqtrade/user_data/strategies/TrendVolTarget.py:50: PerformanceWarning: DataFrame is highly fragmented.  This is usually the result of calling `frame.insert` many times, which has poor performance.  Consider joining all columns at once using pd.concat(axis=1) instead. To get a de-fragmented frame, use `newframe = frame.copy()`
  dataframe[f"dc_hi_{n}"] = dataframe["high"].rolling(n).max().shift(1)
/freqtrade/user_data/strategies/TrendVolTarget.py:50: PerformanceWarning: DataFrame is highly fragmented.  This is usually the result of calling `frame.insert` many times, which has poor performance.  Consider joining all columns at once using pd.concat(axis=1) instead. To get a de-fragmented frame, use `newframe = frame.copy()`
  dataframe[f"dc_hi_{n}"] = dataframe["high"].rolling(n).max().shift(1)
/freqtrade/user_data/strategies/TrendVolTarget.py:50: PerformanceWarning: DataFrame is highly fragmented.  This is usually the result of calling `frame.insert` many times, which has poor performance.  Consider joining all columns at once using pd.concat(axis=1) instead. To get a de-fragmented frame, use `newframe = frame.copy()`
  dataframe[f"dc_hi_{n}"] = dataframe["high"].rolling(n).max().shift(1)
/freqtrade/user_data/strategies/TrendVolTarget.py:50: PerformanceWarning: DataFrame is highly fragmented.  This is usually the result of calling `frame.insert` many times, which has poor performance.  Consider joining all columns at once using pd.concat(axis=1) instead. To get a de-fragmented frame, use `newframe = frame.copy()`
  dataframe[f"dc_hi_{n}"] = dataframe["high"].rolling(n).max().shift(1)
/freqtrade/user_data/strategies/TrendVolTarget.py:50: PerformanceWarning: DataFrame is highly fragmented.  This is usually the result of calling `frame.insert` many times, which has poor performance.  Consider joining all columns at once using pd.concat(axis=1) instead. To get a de-fragmented frame, use `newframe = frame.copy()`
  dataframe[f"dc_hi_{n}"] = dataframe["high"].rolling(n).max().shift(1)
/freqtrade/user_data/strategies/TrendVolTarget.py:50: PerformanceWarning: DataFrame is highly fragmented.  This is usually the result of calling `frame.insert` many times, which has poor performance.  Consider joining all columns at once using pd.concat(axis=1) instead. To get a de-fragmented frame, use `newframe = frame.copy()`
  dataframe[f"dc_hi_{n}"] = dataframe["high"].rolling(n).max().shift(1)
/freqtrade/user_data/strategies/TrendVolTarget.py:50: PerformanceWarning: DataFrame is highly fragmented.  This is usually the result of calling `frame.insert` many times, which has poor performance.  Consider joining all columns at once using pd.concat(axis=1) instead. To get a de-fragmented frame, use `newframe = frame.copy()`
  dataframe[f"dc_hi_{n}"] = dataframe["high"].rolling(n).max().shift(1)
/freqtrade/user_data/strategies/TrendVolTarget.py:50: PerformanceWarning: DataFrame is highly fragmented.  This is usually the result of calling `frame.insert` many times, which has poor performance.  Consider joining all columns at once using pd.concat(axis=1) instead. To get a de-fragmented frame, use `newframe = frame.copy()`
  dataframe[f"dc_hi_{n}"] = dataframe["high"].rolling(n).max().shift(1)
/freqtrade/user_data/strategies/TrendVolTarget.py:50: PerformanceWarning: DataFrame is highly fragmented.  This is usually the result of calling `frame.insert` many times, which has poor performance.  Consider joining all columns at once using pd.concat(axis=1) instead. To get a de-fragmented frame, use `newframe = frame.copy()`
  dataframe[f"dc_hi_{n}"] = dataframe["high"].rolling(n).max().shift(1)
/freqtrade/user_data/strategies/TrendVolTarget.py:50: PerformanceWarning: DataFrame is highly fragmented.  This is usually the result of calling `frame.insert` many times, which has poor performance.  Consider joining all columns at once using pd.concat(axis=1) instead. To get a de-fragmented frame, use `newframe = frame.copy()`
  dataframe[f"dc_hi_{n}"] = dataframe["high"].rolling(n).max().shift(1)
/freqtrade/user_data/strategies/TrendVolTarget.py:50: PerformanceWarning: DataFrame is highly fragmented.  This is usually the result of calling `frame.insert` many times, which has poor performance.  Consider joining all columns at once using pd.concat(axis=1) instead. To get a de-fragmented frame, use `newframe = frame.copy()`
  dataframe[f"dc_hi_{n}"] = dataframe["high"].rolling(n).max().shift(1)
/freqtrade/user_data/strategies/TrendVolTarget.py:50: PerformanceWarning: DataFrame is highly fragmented.  This is usually the result of calling `frame.insert` many times, which has poor performance.  Consider joining all columns at once using pd.concat(axis=1) instead. To get a de-fragmented frame, use `newframe = frame.copy()`
  dataframe[f"dc_hi_{n}"] = dataframe["high"].rolling(n).max().shift(1)
/freqtrade/user_data/strategies/TrendVolTarget.py:50: PerformanceWarning: DataFrame is highly fragmented.  This is usually the result of calling `frame.insert` many times, which has poor performance.  Consider joining all columns at once using pd.concat(axis=1) instead. To get a de-fragmented frame, use `newframe = frame.copy()`
  dataframe[f"dc_hi_{n}"] = dataframe["high"].rolling(n).max().shift(1)
/freqtrade/user_data/strategies/TrendVolTarget.py:50: PerformanceWarning: DataFrame is highly fragmented.  This is usually the result of calling `frame.insert` many times, which has poor performance.  Consider joining all columns at once using pd.concat(axis=1) instead. To get a de-fragmented frame, use `newframe = frame.copy()`
  dataframe[f"dc_hi_{n}"] = dataframe["high"].rolling(n).max().shift(1)
/freqtrade/user_data/strategies/TrendVolTarget.py:50: PerformanceWarning: DataFrame is highly fragmented.  This is usually the result of calling `frame.insert` many times, which has poor performance.  Consider joining all columns at once using pd.concat(axis=1) instead. To get a de-fragmented frame, use `newframe = frame.copy()`
  dataframe[f"dc_hi_{n}"] = dataframe["high"].rolling(n).max().shift(1)
/freqtrade/user_data/strategies/TrendVolTarget.py:50: PerformanceWarning: DataFrame is highly fragmented.  This is usually the result of calling `frame.insert` many times, which has poor performance.  Consider joining all columns at once using pd.concat(axis=1) instead. To get a de-fragmented frame, use `newframe = frame.copy()`
  dataframe[f"dc_hi_{n}"] = dataframe["high"].rolling(n).max().shift(1)
/freqtrade/user_data/strategies/TrendVolTarget.py:50: PerformanceWarning: DataFrame is highly fragmented.  This is usually the result of calling `frame.insert` many times, which has poor performance.  Consider joining all columns at once using pd.concat(axis=1) instead. To get a de-fragmented frame, use `newframe = frame.copy()`
  dataframe[f"dc_hi_{n}"] = dataframe["high"].rolling(n).max().shift(1)
/freqtrade/user_data/strategies/TrendVolTarget.py:50: PerformanceWarning: DataFrame is highly fragmented.  This is usually the result of calling `frame.insert` many times, which has poor performance.  Consider joining all columns at once using pd.concat(axis=1) instead. To get a de-fragmented frame, use `newframe = frame.copy()`
  dataframe[f"dc_hi_{n}"] = dataframe["high"].rolling(n).max().shift(1)
/freqtrade/user_data/strategies/TrendVolTarget.py:50: PerformanceWarning: DataFrame is highly fragmented.  This is usually the result of calling `frame.insert` many times, which has poor performance.  Consider joining all columns at once using pd.concat(axis=1) instead. To get a de-fragmented frame, use `newframe = frame.copy()`
  dataframe[f"dc_hi_{n}"] = dataframe["high"].rolling(n).max().shift(1)
/freqtrade/user_data/strategies/TrendVolTarget.py:50: PerformanceWarning: DataFrame is highly fragmented.  This is usually the result of calling `frame.insert` many times, which has poor performance.  Consider joining all columns at once using pd.concat(axis=1) instead. To get a de-fragmented frame, use `newframe = frame.copy()`
  dataframe[f"dc_hi_{n}"] = dataframe["high"].rolling(n).max().shift(1)
/freqtrade/user_data/strategies/TrendVolTarget.py:50: PerformanceWarning: DataFrame is highly fragmented.  This is usually the result of calling `frame.insert` many times, which has poor performance.  Consider joining all columns at once using pd.concat(axis=1) instead. To get a de-fragmented frame, use `newframe = frame.copy()`
  dataframe[f"dc_hi_{n}"] = dataframe["high"].rolling(n).max().shift(1)
/freqtrade/user_data/strategies/TrendVolTarget.py:50: PerformanceWarning: DataFrame is highly fragmented.  This is usually the result of calling `frame.insert` many times, which has poor performance.  Consider joining all columns at once using pd.concat(axis=1) instead. To get a de-fragmented frame, use `newframe = frame.copy()`
  dataframe[f"dc_hi_{n}"] = dataframe["high"].rolling(n).max().shift(1)
/freqtrade/user_data/strategies/TrendVolTarget.py:50: PerformanceWarning: DataFrame is highly fragmented.  This is usually the result of calling `frame.insert` many times, which has poor performance.  Consider joining all columns at once using pd.concat(axis=1) instead. To get a de-fragmented frame, use `newframe = frame.copy()`
  dataframe[f"dc_hi_{n}"] = dataframe["high"].rolling(n).max().shift(1)
/freqtrade/user_data/strategies/TrendVolTarget.py:50: PerformanceWarning: DataFrame is highly fragmented.  This is usually the result of calling `frame.insert` many times, which has poor performance.  Consider joining all columns at once using pd.concat(axis=1) instead. To get a de-fragmented frame, use `newframe = frame.copy()`
  dataframe[f"dc_hi_{n}"] = dataframe["high"].rolling(n).max().shift(1)
/freqtrade/user_data/strategies/TrendVolTarget.py:50: PerformanceWarning: DataFrame is highly fragmented.  This is usually the result of calling `frame.insert` many times, which has poor performance.  Consider joining all columns at once using pd.concat(axis=1) instead. To get a de-fragmented frame, use `newframe = frame.copy()`
  dataframe[f"dc_hi_{n}"] = dataframe["high"].rolling(n).max().shift(1)
/freqtrade/user_data/strategies/TrendVolTarget.py:50: PerformanceWarning: DataFrame is highly fragmented.  This is usually the result of calling `frame.insert` many times, which has poor performance.  Consider joining all columns at once using pd.concat(axis=1) instead. To get a de-fragmented frame, use `newframe = frame.copy()`
  dataframe[f"dc_hi_{n}"] = dataframe["high"].rolling(n).max().shift(1)
/freqtrade/user_data/strategies/TrendVolTarget.py:50: PerformanceWarning: DataFrame is highly fragmented.  This is usually the result of calling `frame.insert` many times, which has poor performance.  Consider joining all columns at once using pd.concat(axis=1) instead. To get a de-fragmented frame, use `newframe = frame.copy()`
  dataframe[f"dc_hi_{n}"] = dataframe["high"].rolling(n).max().shift(1)
/freqtrade/user_data/strategies/TrendVolTarget.py:50: PerformanceWarning: DataFrame is highly fragmented.  This is usually the result of calling `frame.insert` many times, which has poor performance.  Consider joining all columns at once using pd.concat(axis=1) instead. To get a de-fragmented frame, use `newframe = frame.copy()`
  dataframe[f"dc_hi_{n}"] = dataframe["high"].rolling(n).max().shift(1)
/freqtrade/user_data/strategies/TrendVolTarget.py:50: PerformanceWarning: DataFrame is highly fragmented.  This is usually the result of calling `frame.insert` many times, which has poor performance.  Consider joining all columns at once using pd.concat(axis=1) instead. To get a de-fragmented frame, use `newframe = frame.copy()`
  dataframe[f"dc_hi_{n}"] = dataframe["high"].rolling(n).max().shift(1)
/freqtrade/user_data/strategies/TrendVolTarget.py:50: PerformanceWarning: DataFrame is highly fragmented.  This is usually the result of calling `frame.insert` many times, which has poor performance.  Consider joining all columns at once using pd.concat(axis=1) instead. To get a de-fragmented frame, use `newframe = frame.copy()`
  dataframe[f"dc_hi_{n}"] = dataframe["high"].rolling(n).max().shift(1)
/freqtrade/user_data/strategies/TrendVolTarget.py:50: PerformanceWarning: DataFrame is highly fragmented.  This is usually the result of calling `frame.insert` many times, which has poor performance.  Consider joining all columns at once using pd.concat(axis=1) instead. To get a de-fragmented frame, use `newframe = frame.copy()`
  dataframe[f"dc_hi_{n}"] = dataframe["high"].rolling(n).max().shift(1)
/freqtrade/user_data/strategies/TrendVolTarget.py:50: PerformanceWarning: DataFrame is highly fragmented.  This is usually the result of calling `frame.insert` many times, which has poor performance.  Consider joining all columns at once using pd.concat(axis=1) instead. To get a de-fragmented frame, use `newframe = frame.copy()`
  dataframe[f"dc_hi_{n}"] = dataframe["high"].rolling(n).max().shift(1)
/freqtrade/user_data/strategies/TrendVolTarget.py:50: PerformanceWarning: DataFrame is highly fragmented.  This is usually the result of calling `frame.insert` many times, which has poor performance.  Consider joining all columns at once using pd.concat(axis=1) instead. To get a de-fragmented frame, use `newframe = frame.copy()`
  dataframe[f"dc_hi_{n}"] = dataframe["high"].rolling(n).max().shift(1)
/freqtrade/user_data/strategies/TrendVolTarget.py:50: PerformanceWarning: DataFrame is highly fragmented.  This is usually the result of calling `frame.insert` many times, which has poor performance.  Consider joining all columns at once using pd.concat(axis=1) instead. To get a de-fragmented frame, use `newframe = frame.copy()`
  dataframe[f"dc_hi_{n}"] = dataframe["high"].rolling(n).max().shift(1)
/freqtrade/user_data/strategies/TrendVolTarget.py:50: PerformanceWarning: DataFrame is highly fragmented.  This is usually the result of calling `frame.insert` many times, which has poor performance.  Consider joining all columns at once using pd.concat(axis=1) instead. To get a de-fragmented frame, use `newframe = frame.copy()`
  dataframe[f"dc_hi_{n}"] = dataframe["high"].rolling(n).max().shift(1)
/freqtrade/user_data/strategies/TrendVolTarget.py:50: PerformanceWarning: DataFrame is highly fragmented.  This is usually the result of calling `frame.insert` many times, which has poor performance.  Consider joining all columns at once using pd.concat(axis=1) instead. To get a de-fragmented frame, use `newframe = frame.copy()`
  dataframe[f"dc_hi_{n}"] = dataframe["high"].rolling(n).max().shift(1)
/freqtrade/user_data/strategies/TrendVolTarget.py:50: PerformanceWarning: DataFrame is highly fragmented.  This is usually the result of calling `frame.insert` many times, which has poor performance.  Consider joining all columns at once using pd.concat(axis=1) instead. To get a de-fragmented frame, use `newframe = frame.copy()`
  dataframe[f"dc_hi_{n}"] = dataframe["high"].rolling(n).max().shift(1)
/freqtrade/user_data/strategies/TrendVolTarget.py:50: PerformanceWarning: DataFrame is highly fragmented.  This is usually the result of calling `frame.insert` many times, which has poor performance.  Consider joining all columns at once using pd.concat(axis=1) instead. To get a de-fragmented frame, use `newframe = frame.copy()`
  dataframe[f"dc_hi_{n}"] = dataframe["high"].rolling(n).max().shift(1)
/freqtrade/user_data/strategies/TrendVolTarget.py:50: PerformanceWarning: DataFrame is highly fragmented.  This is usually the result of calling `frame.insert` many times, which has poor performance.  Consider joining all columns at once using pd.concat(axis=1) instead. To get a de-fragmented frame, use `newframe = frame.copy()`
  dataframe[f"dc_hi_{n}"] = dataframe["high"].rolling(n).max().shift(1)
/freqtrade/user_data/strategies/TrendVolTarget.py:50: PerformanceWarning: DataFrame is highly fragmented.  This is usually the result of calling `frame.insert` many times, which has poor performance.  Consider joining all columns at once using pd.concat(axis=1) instead. To get a de-fragmented frame, use `newframe = frame.copy()`
  dataframe[f"dc_hi_{n}"] = dataframe["high"].rolling(n).max().shift(1)
/freqtrade/user_data/strategies/TrendVolTarget.py:50: PerformanceWarning: DataFrame is highly fragmented.  This is usually the result of calling `frame.insert` many times, which has poor performance.  Consider joining all columns at once using pd.concat(axis=1) instead. To get a de-fragmented frame, use `newframe = frame.copy()`
  dataframe[f"dc_hi_{n}"] = dataframe["high"].rolling(n).max().shift(1)
/freqtrade/user_data/strategies/TrendVolTarget.py:50: PerformanceWarning: DataFrame is highly fragmented.  This is usually the result of calling `frame.insert` many times, which has poor performance.  Consider joining all columns at once using pd.concat(axis=1) instead. To get a de-fragmented frame, use `newframe = frame.copy()`
  dataframe[f"dc_hi_{n}"] = dataframe["high"].rolling(n).max().shift(1)
/freqtrade/user_data/strategies/TrendVolTarget.py:50: PerformanceWarning: DataFrame is highly fragmented.  This is usually the result of calling `frame.insert` many times, which has poor performance.  Consider joining all columns at once using pd.concat(axis=1) instead. To get a de-fragmented frame, use `newframe = frame.copy()`
  dataframe[f"dc_hi_{n}"] = dataframe["high"].rolling(n).max().shift(1)
/freqtrade/user_data/strategies/TrendVolTarget.py:50: PerformanceWarning: DataFrame is highly fragmented.  This is usually the result of calling `frame.insert` many times, which has poor performance.  Consider joining all columns at once using pd.concat(axis=1) instead. To get a de-fragmented frame, use `newframe = frame.copy()`
  dataframe[f"dc_hi_{n}"] = dataframe["high"].rolling(n).max().shift(1)
/freqtrade/user_data/strategies/TrendVolTarget.py:50: PerformanceWarning: DataFrame is highly fragmented.  This is usually the result of calling `frame.insert` many times, which has poor performance.  Consider joining all columns at once using pd.concat(axis=1) instead. To get a de-fragmented frame, use `newframe = frame.copy()`
  dataframe[f"dc_hi_{n}"] = dataframe["high"].rolling(n).max().shift(1)
/freqtrade/user_data/strategies/TrendVolTarget.py:50: PerformanceWarning: DataFrame is highly fragmented.  This is usually the result of calling `frame.insert` many times, which has poor performance.  Consider joining all columns at once using pd.concat(axis=1) instead. To get a de-fragmented frame, use `newframe = frame.copy()`
  dataframe[f"dc_hi_{n}"] = dataframe["high"].rolling(n).max().shift(1)
/freqtrade/user_data/strategies/TrendVolTarget.py:50: PerformanceWarning: DataFrame is highly fragmented.  This is usually the result of calling `frame.insert` many times, which has poor performance.  Consider joining all columns at once using pd.concat(axis=1) instead. To get a de-fragmented frame, use `newframe = frame.copy()`
  dataframe[f"dc_hi_{n}"] = dataframe["high"].rolling(n).max().shift(1)
/freqtrade/user_data/strategies/TrendVolTarget.py:50: PerformanceWarning: DataFrame is highly fragmented.  This is usually the result of calling `frame.insert` many times, which has poor performance.  Consider joining all columns at once using pd.concat(axis=1) instead. To get a de-fragmented frame, use `newframe = frame.copy()`
  dataframe[f"dc_hi_{n}"] = dataframe["high"].rolling(n).max().shift(1)
/freqtrade/user_data/strategies/TrendVolTarget.py:50: PerformanceWarning: DataFrame is highly fragmented.  This is usually the result of calling `frame.insert` many times, which has poor performance.  Consider joining all columns at once using pd.concat(axis=1) instead. To get a de-fragmented frame, use `newframe = frame.copy()`
  dataframe[f"dc_hi_{n}"] = dataframe["high"].rolling(n).max().shift(1)
/freqtrade/user_data/strategies/TrendVolTarget.py:50: PerformanceWarning: DataFrame is highly fragmented.  This is usually the result of calling `frame.insert` many times, which has poor performance.  Consider joining all columns at once using pd.concat(axis=1) instead. To get a de-fragmented frame, use `newframe = frame.copy()`
  dataframe[f"dc_hi_{n}"] = dataframe["high"].rolling(n).max().shift(1)
/freqtrade/user_data/strategies/TrendVolTarget.py:50: PerformanceWarning: DataFrame is highly fragmented.  This is usually the result of calling `frame.insert` many times, which has poor performance.  Consider joining all columns at once using pd.concat(axis=1) instead. To get a de-fragmented frame, use `newframe = frame.copy()`
  dataframe[f"dc_hi_{n}"] = dataframe["high"].rolling(n).max().shift(1)
/freqtrade/user_data/strategies/TrendVolTarget.py:50: PerformanceWarning: DataFrame is highly fragmented.  This is usually the result of calling `frame.insert` many times, which has poor performance.  Consider joining all columns at once using pd.concat(axis=1) instead. To get a de-fragmented frame, use `newframe = frame.copy()`
  dataframe[f"dc_hi_{n}"] = dataframe["high"].rolling(n).max().shift(1)
/freqtrade/user_data/strategies/TrendVolTarget.py:50: PerformanceWarning: DataFrame is highly fragmented.  This is usually the result of calling `frame.insert` many times, which has poor performance.  Consider joining all columns at once using pd.concat(axis=1) instead. To get a de-fragmented frame, use `newframe = frame.copy()`
  dataframe[f"dc_hi_{n}"] = dataframe["high"].rolling(n).max().shift(1)
/freqtrade/user_data/strategies/TrendVolTarget.py:50: PerformanceWarning: DataFrame is highly fragmented.  This is usually the result of calling `frame.insert` many times, which has poor performance.  Consider joining all columns at once using pd.concat(axis=1) instead. To get a de-fragmented frame, use `newframe = frame.copy()`
  dataframe[f"dc_hi_{n}"] = dataframe["high"].rolling(n).max().shift(1)
/freqtrade/user_data/strategies/TrendVolTarget.py:50: PerformanceWarning: DataFrame is highly fragmented.  This is usually the result of calling `frame.insert` many times, which has poor performance.  Consider joining all columns at once using pd.concat(axis=1) instead. To get a de-fragmented frame, use `newframe = frame.copy()`
  dataframe[f"dc_hi_{n}"] = dataframe["high"].rolling(n).max().shift(1)
/freqtrade/user_data/strategies/TrendVolTarget.py:50: PerformanceWarning: DataFrame is highly fragmented.  This is usually the result of calling `frame.insert` many times, which has poor performance.  Consider joining all columns at once using pd.concat(axis=1) instead. To get a de-fragmented frame, use `newframe = frame.copy()`
  dataframe[f"dc_hi_{n}"] = dataframe["high"].rolling(n).max().shift(1)
/freqtrade/user_data/strategies/TrendVolTarget.py:53: PerformanceWarning: DataFrame is highly fragmented.  This is usually the result of calling `frame.insert` many times, which has poor performance.  Consider joining all columns at once using pd.concat(axis=1) instead. To get a de-fragmented frame, use `newframe = frame.copy()`
  dataframe["sma_f"] = ta.SMA(dataframe, timeperiod=60)
/freqtrade/user_data/strategies/TrendVolTarget.py:54: PerformanceWarning: DataFrame is highly fragmented.  This is usually the result of calling `frame.insert` many times, which has poor performance.  Consider joining all columns at once using pd.concat(axis=1) instead. To get a de-fragmented frame, use `newframe = frame.copy()`
  dataframe["sma_s"] = ta.SMA(dataframe, timeperiod=240)
/freqtrade/user_data/strategies/TrendVolTarget.py:56: PerformanceWarning: DataFrame is highly fragmented.  This is usually the result of calling `frame.insert` many times, which has poor performance.  Consider joining all columns at once using pd.concat(axis=1) instead. To get a de-fragmented frame, use `newframe = frame.copy()`
  dataframe["rvol"] = dataframe["close"].pct_change().rolling(90).std() * np.sqrt(6 * 365)
/freqtrade/user_data/strategies/TrendVolTarget.py:50: PerformanceWarning: DataFrame is highly fragmented.  This is usually the result of calling `frame.insert` many times, which has poor performance.  Consider joining all columns at once using pd.concat(axis=1) instead. To get a de-fragmented frame, use `newframe = frame.copy()`
  dataframe[f"dc_hi_{n}"] = dataframe["high"].rolling(n).max().shift(1)
/freqtrade/user_data/strategies/TrendVolTarget.py:50: PerformanceWarning: DataFrame is highly fragmented.  This is usually the result of calling `frame.insert` many times, which has poor performance.  Consider joining all columns at once using pd.concat(axis=1) instead. To get a de-fragmented frame, use `newframe = frame.copy()`
  dataframe[f"dc_hi_{n}"] = dataframe["high"].rolling(n).max().shift(1)
/freqtrade/user_data/strategies/TrendVolTarget.py:50: PerformanceWarning: DataFrame is highly fragmented.  This is usually the result of calling `frame.insert` many times, which has poor performance.  Consider joining all columns at once using pd.concat(axis=1) instead. To get a de-fragmented frame, use `newframe = frame.copy()`
  dataframe[f"dc_hi_{n}"] = dataframe["high"].rolling(n).max().shift(1)
/freqtrade/user_data/strategies/TrendVolTarget.py:50: PerformanceWarning: DataFrame is highly fragmented.  This is usually the result of calling `frame.insert` many times, which has poor performance.  Consider joining all columns at once using pd.concat(axis=1) instead. To get a de-fragmented frame, use `newframe = frame.copy()`
  dataframe[f"dc_hi_{n}"] = dataframe["high"].rolling(n).max().shift(1)
/freqtrade/user_data/strategies/TrendVolTarget.py:50: PerformanceWarning: DataFrame is highly fragmented.  This is usually the result of calling `frame.insert` many times, which has poor performance.  Consider joining all columns at once using pd.concat(axis=1) instead. To get a de-fragmented frame, use `newframe = frame.copy()`
  dataframe[f"dc_hi_{n}"] = dataframe["high"].rolling(n).max().shift(1)
/freqtrade/user_data/strategies/TrendVolTarget.py:50: PerformanceWarning: DataFrame is highly fragmented.  This is usually the result of calling `frame.insert` many times, which has poor performance.  Consider joining all columns at once using pd.concat(axis=1) instead. To get a de-fragmented frame, use `newframe = frame.copy()`
  dataframe[f"dc_hi_{n}"] = dataframe["high"].rolling(n).max().shift(1)
/freqtrade/user_data/strategies/TrendVolTarget.py:50: PerformanceWarning: DataFrame is highly fragmented.  This is usually the result of calling `frame.insert` many times, which has poor performance.  Consider joining all columns at once using pd.concat(axis=1) instead. To get a de-fragmented frame, use `newframe = frame.copy()`
  dataframe[f"dc_hi_{n}"] = dataframe["high"].rolling(n).max().shift(1)
/freqtrade/user_data/strategies/TrendVolTarget.py:50: PerformanceWarning: DataFrame is highly fragmented.  This is usually the result of calling `frame.insert` many times, which has poor performance.  Consider joining all columns at once using pd.concat(axis=1) instead. To get a de-fragmented frame, use `newframe = frame.copy()`
  dataframe[f"dc_hi_{n}"] = dataframe["high"].rolling(n).max().shift(1)
/freqtrade/user_data/strategies/TrendVolTarget.py:50: PerformanceWarning: DataFrame is highly fragmented.  This is usually the result of calling `frame.insert` many times, which has poor performance.  Consider joining all columns at once using pd.concat(axis=1) instead. To get a de-fragmented frame, use `newframe = frame.copy()`
  dataframe[f"dc_hi_{n}"] = dataframe["high"].rolling(n).max().shift(1)
/freqtrade/user_data/strategies/TrendVolTarget.py:50: PerformanceWarning: DataFrame is highly fragmented.  This is usually the result of calling `frame.insert` many times, which has poor performance.  Consider joining all columns at once using pd.concat(axis=1) instead. To get a de-fragmented frame, use `newframe = frame.copy()`
  dataframe[f"dc_hi_{n}"] = dataframe["high"].rolling(n).max().shift(1)
/freqtrade/user_data/strategies/TrendVolTarget.py:50: PerformanceWarning: DataFrame is highly fragmented.  This is usually the result of calling `frame.insert` many times, which has poor performance.  Consider joining all columns at once using pd.concat(axis=1) instead. To get a de-fragmented frame, use `newframe = frame.copy()`
  dataframe[f"dc_hi_{n}"] = dataframe["high"].rolling(n).max().shift(1)
/freqtrade/user_data/strategies/TrendVolTarget.py:50: PerformanceWarning: DataFrame is highly fragmented.  This is usually the result of calling `frame.insert` many times, which has poor performance.  Consider joining all columns at once using pd.concat(axis=1) instead. To get a de-fragmented frame, use `newframe = frame.copy()`
  dataframe[f"dc_hi_{n}"] = dataframe["high"].rolling(n).max().shift(1)
/freqtrade/user_data/strategies/TrendVolTarget.py:50: PerformanceWarning: DataFrame is highly fragmented.  This is usually the result of calling `frame.insert` many times, which has poor performance.  Consider joining all columns at once using pd.concat(axis=1) instead. To get a de-fragmented frame, use `newframe = frame.copy()`
  dataframe[f"dc_hi_{n}"] = dataframe["high"].rolling(n).max().shift(1)
/freqtrade/user_data/strategies/TrendVolTarget.py:50: PerformanceWarning: DataFrame is highly fragmented.  This is usually the result of calling `frame.insert` many times, which has poor performance.  Consider joining all columns at once using pd.concat(axis=1) instead. To get a de-fragmented frame, use `newframe = frame.copy()`
  dataframe[f"dc_hi_{n}"] = dataframe["high"].rolling(n).max().shift(1)
/freqtrade/user_data/strategies/TrendVolTarget.py:50: PerformanceWarning: DataFrame is highly fragmented.  This is usually the result of calling `frame.insert` many times, which has poor performance.  Consider joining all columns at once using pd.concat(axis=1) instead. To get a de-fragmented frame, use `newframe = frame.copy()`
  dataframe[f"dc_hi_{n}"] = dataframe["high"].rolling(n).max().shift(1)
/freqtrade/user_data/strategies/TrendVolTarget.py:50: PerformanceWarning: DataFrame is highly fragmented.  This is usually the result of calling `frame.insert` many times, which has poor performance.  Consider joining all columns at once using pd.concat(axis=1) instead. To get a de-fragmented frame, use `newframe = frame.copy()`
  dataframe[f"dc_hi_{n}"] = dataframe["high"].rolling(n).max().shift(1)
/freqtrade/user_data/strategies/TrendVolTarget.py:50: PerformanceWarning: DataFrame is highly fragmented.  This is usually the result of calling `frame.insert` many times, which has poor performance.  Consider joining all columns at once using pd.concat(axis=1) instead. To get a de-fragmented frame, use `newframe = frame.copy()`
  dataframe[f"dc_hi_{n}"] = dataframe["high"].rolling(n).max().shift(1)
/freqtrade/user_data/strategies/TrendVolTarget.py:50: PerformanceWarning: DataFrame is highly fragmented.  This is usually the result of calling `frame.insert` many times, which has poor performance.  Consider joining all columns at once using pd.concat(axis=1) instead. To get a de-fragmented frame, use `newframe = frame.copy()`
  dataframe[f"dc_hi_{n}"] = dataframe["high"].rolling(n).max().shift(1)
/freqtrade/user_data/strategies/TrendVolTarget.py:50: PerformanceWarning: DataFrame is highly fragmented.  This is usually the result of calling `frame.insert` many times, which has poor performance.  Consider joining all columns at once using pd.concat(axis=1) instead. To get a de-fragmented frame, use `newframe = frame.copy()`
  dataframe[f"dc_hi_{n}"] = dataframe["high"].rolling(n).max().shift(1)
/freqtrade/user_data/strategies/TrendVolTarget.py:50: PerformanceWarning: DataFrame is highly fragmented.  This is usually the result of calling `frame.insert` many times, which has poor performance.  Consider joining all columns at once using pd.concat(axis=1) instead. To get a de-fragmented frame, use `newframe = frame.copy()`
  dataframe[f"dc_hi_{n}"] = dataframe["high"].rolling(n).max().shift(1)
/freqtrade/user_data/strategies/TrendVolTarget.py:50: PerformanceWarning: DataFrame is highly fragmented.  This is usually the result of calling `frame.insert` many times, which has poor performance.  Consider joining all columns at once using pd.concat(axis=1) instead. To get a de-fragmented frame, use `newframe = frame.copy()`
  dataframe[f"dc_hi_{n}"] = dataframe["high"].rolling(n).max().shift(1)
/freqtrade/user_data/strategies/TrendVolTarget.py:50: PerformanceWarning: DataFrame is highly fragmented.  This is usually the result of calling `frame.insert` many times, which has poor performance.  Consider joining all columns at once using pd.concat(axis=1) instead. To get a de-fragmented frame, use `newframe = frame.copy()`
  dataframe[f"dc_hi_{n}"] = dataframe["high"].rolling(n).max().shift(1)
/freqtrade/user_data/strategies/TrendVolTarget.py:50: PerformanceWarning: DataFrame is highly fragmented.  This is usually the result of calling `frame.insert` many times, which has poor performance.  Consider joining all columns at once using pd.concat(axis=1) instead. To get a de-fragmented frame, use `newframe = frame.copy()`
  dataframe[f"dc_hi_{n}"] = dataframe["high"].rolling(n).max().shift(1)
/freqtrade/user_data/strategies/TrendVolTarget.py:50: PerformanceWarning: DataFrame is highly fragmented.  This is usually the result of calling `frame.insert` many times, which has poor performance.  Consider joining all columns at once using pd.concat(axis=1) instead. To get a de-fragmented frame, use `newframe = frame.copy()`
  dataframe[f"dc_hi_{n}"] = dataframe["high"].rolling(n).max().shift(1)
/freqtrade/user_data/strategies/TrendVolTarget.py:50: PerformanceWarning: DataFrame is highly fragmented.  This is usually the result of calling `frame.insert` many times, which has poor performance.  Consider joining all columns at once using pd.concat(axis=1) instead. To get a de-fragmented frame, use `newframe = frame.copy()`
  dataframe[f"dc_hi_{n}"] = dataframe["high"].rolling(n).max().shift(1)
/freqtrade/user_data/strategies/TrendVolTarget.py:50: PerformanceWarning: DataFrame is highly fragmented.  This is usually the result of calling `frame.insert` many times, which has poor performance.  Consider joining all columns at once using pd.concat(axis=1) instead. To get a de-fragmented frame, use `newframe = frame.copy()`
  dataframe[f"dc_hi_{n}"] = dataframe["high"].rolling(n).max().shift(1)
/freqtrade/user_data/strategies/TrendVolTarget.py:50: PerformanceWarning: DataFrame is highly fragmented.  This is usually the result of calling `frame.insert` many times, which has poor performance.  Consider joining all columns at once using pd.concat(axis=1) instead. To get a de-fragmented frame, use `newframe = frame.copy()`
  dataframe[f"dc_hi_{n}"] = dataframe["high"].rolling(n).max().shift(1)
/freqtrade/user_data/strategies/TrendVolTarget.py:50: PerformanceWarning: DataFrame is highly fragmented.  This is usually the result of calling `frame.insert` many times, which has poor performance.  Consider joining all columns at once using pd.concat(axis=1) instead. To get a de-fragmented frame, use `newframe = frame.copy()`
  dataframe[f"dc_hi_{n}"] = dataframe["high"].rolling(n).max().shift(1)
/freqtrade/user_data/strategies/TrendVolTarget.py:50: PerformanceWarning: DataFrame is highly fragmented.  This is usually the result of calling `frame.insert` many times, which has poor performance.  Consider joining all columns at once using pd.concat(axis=1) instead. To get a de-fragmented frame, use `newframe = frame.copy()`
  dataframe[f"dc_hi_{n}"] = dataframe["high"].rolling(n).max().shift(1)
/freqtrade/user_data/strategies/TrendVolTarget.py:50: PerformanceWarning: DataFrame is highly fragmented.  This is usually the result of calling `frame.insert` many times, which has poor performance.  Consider joining all columns at once using pd.concat(axis=1) instead. To get a de-fragmented frame, use `newframe = frame.copy()`
  dataframe[f"dc_hi_{n}"] = dataframe["high"].rolling(n).max().shift(1)
/freqtrade/user_data/strategies/TrendVolTarget.py:50: PerformanceWarning: DataFrame is highly fragmented.  This is usually the result of calling `frame.insert` many times, which has poor performance.  Consider joining all columns at once using pd.concat(axis=1) instead. To get a de-fragmented frame, use `newframe = frame.copy()`
  dataframe[f"dc_hi_{n}"] = dataframe["high"].rolling(n).max().shift(1)
/freqtrade/user_data/strategies/TrendVolTarget.py:50: PerformanceWarning: DataFrame is highly fragmented.  This is usually the result of calling `frame.insert` many times, which has poor performance.  Consider joining all columns at once using pd.concat(axis=1) instead. To get a de-fragmented frame, use `newframe = frame.copy()`
  dataframe[f"dc_hi_{n}"] = dataframe["high"].rolling(n).max().shift(1)
/freqtrade/user_data/strategies/TrendVolTarget.py:50: PerformanceWarning: DataFrame is highly fragmented.  This is usually the result of calling `frame.insert` many times, which has poor performance.  Consider joining all columns at once using pd.concat(axis=1) instead. To get a de-fragmented frame, use `newframe = frame.copy()`
  dataframe[f"dc_hi_{n}"] = dataframe["high"].rolling(n).max().shift(1)
/freqtrade/user_data/strategies/TrendVolTarget.py:50: PerformanceWarning: DataFrame is highly fragmented.  This is usually the result of calling `frame.insert` many times, which has poor performance.  Consider joining all columns at once using pd.concat(axis=1) instead. To get a de-fragmented frame, use `newframe = frame.copy()`
  dataframe[f"dc_hi_{n}"] = dataframe["high"].rolling(n).max().shift(1)
/freqtrade/user_data/strategies/TrendVolTarget.py:50: PerformanceWarning: DataFrame is highly fragmented.  This is usually the result of calling `frame.insert` many times, which has poor performance.  Consider joining all columns at once using pd.concat(axis=1) instead. To get a de-fragmented frame, use `newframe = frame.copy()`
  dataframe[f"dc_hi_{n}"] = dataframe["high"].rolling(n).max().shift(1)
/freqtrade/user_data/strategies/TrendVolTarget.py:50: PerformanceWarning: DataFrame is highly fragmented.  This is usually the result of calling `frame.insert` many times, which has poor performance.  Consider joining all columns at once using pd.concat(axis=1) instead. To get a de-fragmented frame, use `newframe = frame.copy()`
  dataframe[f"dc_hi_{n}"] = dataframe["high"].rolling(n).max().shift(1)
/freqtrade/user_data/strategies/TrendVolTarget.py:50: PerformanceWarning: DataFrame is highly fragmented.  This is usually the result of calling `frame.insert` many times, which has poor performance.  Consider joining all columns at once using pd.concat(axis=1) instead. To get a de-fragmented frame, use `newframe = frame.copy()`
  dataframe[f"dc_hi_{n}"] = dataframe["high"].rolling(n).max().shift(1)
/freqtrade/user_data/strategies/TrendVolTarget.py:50: PerformanceWarning: DataFrame is highly fragmented.  This is usually the result of calling `frame.insert` many times, which has poor performance.  Consider joining all columns at once using pd.concat(axis=1) instead. To get a de-fragmented frame, use `newframe = frame.copy()`
  dataframe[f"dc_hi_{n}"] = dataframe["high"].rolling(n).max().shift(1)
/freqtrade/user_data/strategies/TrendVolTarget.py:50: PerformanceWarning: DataFrame is highly fragmented.  This is usually the result of calling `frame.insert` many times, which has poor performance.  Consider joining all columns at once using pd.concat(axis=1) instead. To get a de-fragmented frame, use `newframe = frame.copy()`
  dataframe[f"dc_hi_{n}"] = dataframe["high"].rolling(n).max().shift(1)
/freqtrade/user_data/strategies/TrendVolTarget.py:50: PerformanceWarning: DataFrame is highly fragmented.  This is usually the result of calling `frame.insert` many times, which has poor performance.  Consider joining all columns at once using pd.concat(axis=1) instead. To get a de-fragmented frame, use `newframe = frame.copy()`
  dataframe[f"dc_hi_{n}"] = dataframe["high"].rolling(n).max().shift(1)
/freqtrade/user_data/strategies/TrendVolTarget.py:50: PerformanceWarning: DataFrame is highly fragmented.  This is usually the result of calling `frame.insert` many times, which has poor performance.  Consider joining all columns at once using pd.concat(axis=1) instead. To get a de-fragmented frame, use `newframe = frame.copy()`
  dataframe[f"dc_hi_{n}"] = dataframe["high"].rolling(n).max().shift(1)
/freqtrade/user_data/strategies/TrendVolTarget.py:50: PerformanceWarning: DataFrame is highly fragmented.  This is usually the result of calling `frame.insert` many times, which has poor performance.  Consider joining all columns at once using pd.concat(axis=1) instead. To get a de-fragmented frame, use `newframe = frame.copy()`
  dataframe[f"dc_hi_{n}"] = dataframe["high"].rolling(n).max().shift(1)
/freqtrade/user_data/strategies/TrendVolTarget.py:50: PerformanceWarning: DataFrame is highly fragmented.  This is usually the result of calling `frame.insert` many times, which has poor performance.  Consider joining all columns at once using pd.concat(axis=1) instead. To get a de-fragmented frame, use `newframe = frame.copy()`
  dataframe[f"dc_hi_{n}"] = dataframe["high"].rolling(n).max().shift(1)
/freqtrade/user_data/strategies/TrendVolTarget.py:50: PerformanceWarning: DataFrame is highly fragmented.  This is usually the result of calling `frame.insert` many times, which has poor performance.  Consider joining all columns at once using pd.concat(axis=1) instead. To get a de-fragmented frame, use `newframe = frame.copy()`
  dataframe[f"dc_hi_{n}"] = dataframe["high"].rolling(n).max().shift(1)
/freqtrade/user_data/strategies/TrendVolTarget.py:50: PerformanceWarning: DataFrame is highly fragmented.  This is usually the result of calling `frame.insert` many times, which has poor performance.  Consider joining all columns at once using pd.concat(axis=1) instead. To get a de-fragmented frame, use `newframe = frame.copy()`
  dataframe[f"dc_hi_{n}"] = dataframe["high"].rolling(n).max().shift(1)
/freqtrade/user_data/strategies/TrendVolTarget.py:50: PerformanceWarning: DataFrame is highly fragmented.  This is usually the result of calling `frame.insert` many times, which has poor performance.  Consider joining all columns at once using pd.concat(axis=1) instead. To get a de-fragmented frame, use `newframe = frame.copy()`
  dataframe[f"dc_hi_{n}"] = dataframe["high"].rolling(n).max().shift(1)
/freqtrade/user_data/strategies/TrendVolTarget.py:50: PerformanceWarning: DataFrame is highly fragmented.  This is usually the result of calling `frame.insert` many times, which has poor performance.  Consider joining all columns at once using pd.concat(axis=1) instead. To get a de-fragmented frame, use `newframe = frame.copy()`
  dataframe[f"dc_hi_{n}"] = dataframe["high"].rolling(n).max().shift(1)
/freqtrade/user_data/strategies/TrendVolTarget.py:50: PerformanceWarning: DataFrame is highly fragmented.  This is usually the result of calling `frame.insert` many times, which has poor performance.  Consider joining all columns at once using pd.concat(axis=1) instead. To get a de-fragmented frame, use `newframe = frame.copy()`
  dataframe[f"dc_hi_{n}"] = dataframe["high"].rolling(n).max().shift(1)
/freqtrade/user_data/strategies/TrendVolTarget.py:50: PerformanceWarning: DataFrame is highly fragmented.  This is usually the result of calling `frame.insert` many times, which has poor performance.  Consider joining all columns at once using pd.concat(axis=1) instead. To get a de-fragmented frame, use `newframe = frame.copy()`
  dataframe[f"dc_hi_{n}"] = dataframe["high"].rolling(n).max().shift(1)
/freqtrade/user_data/strategies/TrendVolTarget.py:50: PerformanceWarning: DataFrame is highly fragmented.  This is usually the result of calling `frame.insert` many times, which has poor performance.  Consider joining all columns at once using pd.concat(axis=1) instead. To get a de-fragmented frame, use `newframe = frame.copy()`
  dataframe[f"dc_hi_{n}"] = dataframe["high"].rolling(n).max().shift(1)
/freqtrade/user_data/strategies/TrendVolTarget.py:50: PerformanceWarning: DataFrame is highly fragmented.  This is usually the result of calling `frame.insert` many times, which has poor performance.  Consider joining all columns at once using pd.concat(axis=1) instead. To get a de-fragmented frame, use `newframe = frame.copy()`
  dataframe[f"dc_hi_{n}"] = dataframe["high"].rolling(n).max().shift(1)
/freqtrade/user_data/strategies/TrendVolTarget.py:50: PerformanceWarning: DataFrame is highly fragmented.  This is usually the result of calling `frame.insert` many times, which has poor performance.  Consider joining all columns at once using pd.concat(axis=1) instead. To get a de-fragmented frame, use `newframe = frame.copy()`
  dataframe[f"dc_hi_{n}"] = dataframe["high"].rolling(n).max().shift(1)
/freqtrade/user_data/strategies/TrendVolTarget.py:50: PerformanceWarning: DataFrame is highly fragmented.  This is usually the result of calling `frame.insert` many times, which has poor performance.  Consider joining all columns at once using pd.concat(axis=1) instead. To get a de-fragmented frame, use `newframe = frame.copy()`
  dataframe[f"dc_hi_{n}"] = dataframe["high"].rolling(n).max().shift(1)
/freqtrade/user_data/strategies/TrendVolTarget.py:50: PerformanceWarning: DataFrame is highly fragmented.  This is usually the result of calling `frame.insert` many times, which has poor performance.  Consider joining all columns at once using pd.concat(axis=1) instead. To get a de-fragmented frame, use `newframe = frame.copy()`
  dataframe[f"dc_hi_{n}"] = dataframe["high"].rolling(n).max().shift(1)
/freqtrade/user_data/strategies/TrendVolTarget.py:50: PerformanceWarning: DataFrame is highly fragmented.  This is usually the result of calling `frame.insert` many times, which has poor performance.  Consider joining all columns at once using pd.concat(axis=1) instead. To get a de-fragmented frame, use `newframe = frame.copy()`
  dataframe[f"dc_hi_{n}"] = dataframe["high"].rolling(n).max().shift(1)
/freqtrade/user_data/strategies/TrendVolTarget.py:50: PerformanceWarning: DataFrame is highly fragmented.  This is usually the result of calling `frame.insert` many times, which has poor performance.  Consider joining all columns at once using pd.concat(axis=1) instead. To get a de-fragmented frame, use `newframe = frame.copy()`
  dataframe[f"dc_hi_{n}"] = dataframe["high"].rolling(n).max().shift(1)
/freqtrade/user_data/strategies/TrendVolTarget.py:50: PerformanceWarning: DataFrame is highly fragmented.  This is usually the result of calling `frame.insert` many times, which has poor performance.  Consider joining all columns at once using pd.concat(axis=1) instead. To get a de-fragmented frame, use `newframe = frame.copy()`
  dataframe[f"dc_hi_{n}"] = dataframe["high"].rolling(n).max().shift(1)
/freqtrade/user_data/strategies/TrendVolTarget.py:50: PerformanceWarning: DataFrame is highly fragmented.  This is usually the result of calling `frame.insert` many times, which has poor performance.  Consider joining all columns at once using pd.concat(axis=1) instead. To get a de-fragmented frame, use `newframe = frame.copy()`
  dataframe[f"dc_hi_{n}"] = dataframe["high"].rolling(n).max().shift(1)
/freqtrade/user_data/strategies/TrendVolTarget.py:50: PerformanceWarning: DataFrame is highly fragmented.  This is usually the result of calling `frame.insert` many times, which has poor performance.  Consider joining all columns at once using pd.concat(axis=1) instead. To get a de-fragmented frame, use `newframe = frame.copy()`
  dataframe[f"dc_hi_{n}"] = dataframe["high"].rolling(n).max().shift(1)
/freqtrade/user_data/strategies/TrendVolTarget.py:50: PerformanceWarning: DataFrame is highly fragmented.  This is usually the result of calling `frame.insert` many times, which has poor performance.  Consider joining all columns at once using pd.concat(axis=1) instead. To get a de-fragmented frame, use `newframe = frame.copy()`
  dataframe[f"dc_hi_{n}"] = dataframe["high"].rolling(n).max().shift(1)
/freqtrade/user_data/strategies/TrendVolTarget.py:50: PerformanceWarning: DataFrame is highly fragmented.  This is usually the result of calling `frame.insert` many times, which has poor performance.  Consider joining all columns at once using pd.concat(axis=1) instead. To get a de-fragmented frame, use `newframe = frame.copy()`
  dataframe[f"dc_hi_{n}"] = dataframe["high"].rolling(n).max().shift(1)
/freqtrade/user_data/strategies/TrendVolTarget.py:50: PerformanceWarning: DataFrame is highly fragmented.  This is usually the result of calling `frame.insert` many times, which has poor performance.  Consider joining all columns at once using pd.concat(axis=1) instead. To get a de-fragmented frame, use `newframe = frame.copy()`
  dataframe[f"dc_hi_{n}"] = dataframe["high"].rolling(n).max().shift(1)
/freqtrade/user_data/strategies/TrendVolTarget.py:50: PerformanceWarning: DataFrame is highly fragmented.  This is usually the result of calling `frame.insert` many times, which has poor performance.  Consider joining all columns at once using pd.concat(axis=1) instead. To get a de-fragmented frame, use `newframe = frame.copy()`
  dataframe[f"dc_hi_{n}"] = dataframe["high"].rolling(n).max().shift(1)
/freqtrade/user_data/strategies/TrendVolTarget.py:50: PerformanceWarning: DataFrame is highly fragmented.  This is usually the result of calling `frame.insert` many times, which has poor performance.  Consider joining all columns at once using pd.concat(axis=1) instead. To get a de-fragmented frame, use `newframe = frame.copy()`
  dataframe[f"dc_hi_{n}"] = dataframe["high"].rolling(n).max().shift(1)
/freqtrade/user_data/strategies/TrendVolTarget.py:50: PerformanceWarning: DataFrame is highly fragmented.  This is usually the result of calling `frame.insert` many times, which has poor performance.  Consider joining all columns at once using pd.concat(axis=1) instead. To get a de-fragmented frame, use `newframe = frame.copy()`
  dataframe[f"dc_hi_{n}"] = dataframe["high"].rolling(n).max().shift(1)
/freqtrade/user_data/strategies/TrendVolTarget.py:50: PerformanceWarning: DataFrame is highly fragmented.  This is usually the result of calling `frame.insert` many times, which has poor performance.  Consider joining all columns at once using pd.concat(axis=1) instead. To get a de-fragmented frame, use `newframe = frame.copy()`
  dataframe[f"dc_hi_{n}"] = dataframe["high"].rolling(n).max().shift(1)
/freqtrade/user_data/strategies/TrendVolTarget.py:50: PerformanceWarning: DataFrame is highly fragmented.  This is usually the result of calling `frame.insert` many times, which has poor performance.  Consider joining all columns at once using pd.concat(axis=1) instead. To get a de-fragmented frame, use `newframe = frame.copy()`
  dataframe[f"dc_hi_{n}"] = dataframe["high"].rolling(n).max().shift(1)
/freqtrade/user_data/strategies/TrendVolTarget.py:50: PerformanceWarning: DataFrame is highly fragmented.  This is usually the result of calling `frame.insert` many times, which has poor performance.  Consider joining all columns at once using pd.concat(axis=1) instead. To get a de-fragmented frame, use `newframe = frame.copy()`
  dataframe[f"dc_hi_{n}"] = dataframe["high"].rolling(n).max().shift(1)
/freqtrade/user_data/strategies/TrendVolTarget.py:50: PerformanceWarning: DataFrame is highly fragmented.  This is usually the result of calling `frame.insert` many times, which has poor performance.  Consider joining all columns at once using pd.concat(axis=1) instead. To get a de-fragmented frame, use `newframe = frame.copy()`
  dataframe[f"dc_hi_{n}"] = dataframe["high"].rolling(n).max().shift(1)
/freqtrade/user_data/strategies/TrendVolTarget.py:50: PerformanceWarning: DataFrame is highly fragmented.  This is usually the result of calling `frame.insert` many times, which has poor performance.  Consider joining all columns at once using pd.concat(axis=1) instead. To get a de-fragmented frame, use `newframe = frame.copy()`
  dataframe[f"dc_hi_{n}"] = dataframe["high"].rolling(n).max().shift(1)
/freqtrade/user_data/strategies/TrendVolTarget.py:50: PerformanceWarning: DataFrame is highly fragmented.  This is usually the result of calling `frame.insert` many times, which has poor performance.  Consider joining all columns at once using pd.concat(axis=1) instead. To get a de-fragmented frame, use `newframe = frame.copy()`
  dataframe[f"dc_hi_{n}"] = dataframe["high"].rolling(n).max().shift(1)
/freqtrade/user_data/strategies/TrendVolTarget.py:50: PerformanceWarning: DataFrame is highly fragmented.  This is usually the result of calling `frame.insert` many times, which has poor performance.  Consider joining all columns at once using pd.concat(axis=1) instead. To get a de-fragmented frame, use `newframe = frame.copy()`
  dataframe[f"dc_hi_{n}"] = dataframe["high"].rolling(n).max().shift(1)
/freqtrade/user_data/strategies/TrendVolTarget.py:50: PerformanceWarning: DataFrame is highly fragmented.  This is usually the result of calling `frame.insert` many times, which has poor performance.  Consider joining all columns at once using pd.concat(axis=1) instead. To get a de-fragmented frame, use `newframe = frame.copy()`
  dataframe[f"dc_hi_{n}"] = dataframe["high"].rolling(n).max().shift(1)
/freqtrade/user_data/strategies/TrendVolTarget.py:50: PerformanceWarning: DataFrame is highly fragmented.  This is usually the result of calling `frame.insert` many times, which has poor performance.  Consider joining all columns at once using pd.concat(axis=1) instead. To get a de-fragmented frame, use `newframe = frame.copy()`
  dataframe[f"dc_hi_{n}"] = dataframe["high"].rolling(n).max().shift(1)
/freqtrade/user_data/strategies/TrendVolTarget.py:50: PerformanceWarning: DataFrame is highly fragmented.  This is usually the result of calling `frame.insert` many times, which has poor performance.  Consider joining all columns at once using pd.concat(axis=1) instead. To get a de-fragmented frame, use `newframe = frame.copy()`
  dataframe[f"dc_hi_{n}"] = dataframe["high"].rolling(n).max().shift(1)
/freqtrade/user_data/strategies/TrendVolTarget.py:50: PerformanceWarning: DataFrame is highly fragmented.  This is usually the result of calling `frame.insert` many times, which has poor performance.  Consider joining all columns at once using pd.concat(axis=1) instead. To get a de-fragmented frame, use `newframe = frame.copy()`
  dataframe[f"dc_hi_{n}"] = dataframe["high"].rolling(n).max().shift(1)
/freqtrade/user_data/strategies/TrendVolTarget.py:50: PerformanceWarning: DataFrame is highly fragmented.  This is usually the result of calling `frame.insert` many times, which has poor performance.  Consider joining all columns at once using pd.concat(axis=1) instead. To get a de-fragmented frame, use `newframe = frame.copy()`
  dataframe[f"dc_hi_{n}"] = dataframe["high"].rolling(n).max().shift(1)
/freqtrade/user_data/strategies/TrendVolTarget.py:50: PerformanceWarning: DataFrame is highly fragmented.  This is usually the result of calling `frame.insert` many times, which has poor performance.  Consider joining all columns at once using pd.concat(axis=1) instead. To get a de-fragmented frame, use `newframe = frame.copy()`
  dataframe[f"dc_hi_{n}"] = dataframe["high"].rolling(n).max().shift(1)
/freqtrade/user_data/strategies/TrendVolTarget.py:50: PerformanceWarning: DataFrame is highly fragmented.  This is usually the result of calling `frame.insert` many times, which has poor performance.  Consider joining all columns at once using pd.concat(axis=1) instead. To get a de-fragmented frame, use `newframe = frame.copy()`
  dataframe[f"dc_hi_{n}"] = dataframe["high"].rolling(n).max().shift(1)
/freqtrade/user_data/strategies/TrendVolTarget.py:50: PerformanceWarning: DataFrame is highly fragmented.  This is usually the result of calling `frame.insert` many times, which has poor performance.  Consider joining all columns at once using pd.concat(axis=1) instead. To get a de-fragmented frame, use `newframe = frame.copy()`
  dataframe[f"dc_hi_{n}"] = dataframe["high"].rolling(n).max().shift(1)
/freqtrade/user_data/strategies/TrendVolTarget.py:50: PerformanceWarning: DataFrame is highly fragmented.  This is usually the result of calling `frame.insert` many times, which has poor performance.  Consider joining all columns at once using pd.concat(axis=1) instead. To get a de-fragmented frame, use `newframe = frame.copy()`
  dataframe[f"dc_hi_{n}"] = dataframe["high"].rolling(n).max().shift(1)
/freqtrade/user_data/strategies/TrendVolTarget.py:50: PerformanceWarning: DataFrame is highly fragmented.  This is usually the result of calling `frame.insert` many times, which has poor performance.  Consider joining all columns at once using pd.concat(axis=1) instead. To get a de-fragmented frame, use `newframe = frame.copy()`
  dataframe[f"dc_hi_{n}"] = dataframe["high"].rolling(n).max().shift(1)
/freqtrade/user_data/strategies/TrendVolTarget.py:50: PerformanceWarning: DataFrame is highly fragmented.  This is usually the result of calling `frame.insert` many times, which has poor performance.  Consider joining all columns at once using pd.concat(axis=1) instead. To get a de-fragmented frame, use `newframe = frame.copy()`
  dataframe[f"dc_hi_{n}"] = dataframe["high"].rolling(n).max().shift(1)
/freqtrade/user_data/strategies/TrendVolTarget.py:50: PerformanceWarning: DataFrame is highly fragmented.  This is usually the result of calling `frame.insert` many times, which has poor performance.  Consider joining all columns at once using pd.concat(axis=1) instead. To get a de-fragmented frame, use `newframe = frame.copy()`
  dataframe[f"dc_hi_{n}"] = dataframe["high"].rolling(n).max().shift(1)
/freqtrade/user_data/strategies/TrendVolTarget.py:50: PerformanceWarning: DataFrame is highly fragmented.  This is usually the result of calling `frame.insert` many times, which has poor performance.  Consider joining all columns at once using pd.concat(axis=1) instead. To get a de-fragmented frame, use `newframe = frame.copy()`
  dataframe[f"dc_hi_{n}"] = dataframe["high"].rolling(n).max().shift(1)
/freqtrade/user_data/strategies/TrendVolTarget.py:53: PerformanceWarning: DataFrame is highly fragmented.  This is usually the result of calling `frame.insert` many times, which has poor performance.  Consider joining all columns at once using pd.concat(axis=1) instead. To get a de-fragmented frame, use `newframe = frame.copy()`
  dataframe["sma_f"] = ta.SMA(dataframe, timeperiod=60)
/freqtrade/user_data/strategies/TrendVolTarget.py:54: PerformanceWarning: DataFrame is highly fragmented.  This is usually the result of calling `frame.insert` many times, which has poor performance.  Consider joining all columns at once using pd.concat(axis=1) instead. To get a de-fragmented frame, use `newframe = frame.copy()`
  dataframe["sma_s"] = ta.SMA(dataframe, timeperiod=240)
/freqtrade/user_data/strategies/TrendVolTarget.py:56: PerformanceWarning: DataFrame is highly fragmented.  This is usually the result of calling `frame.insert` many times, which has poor performance.  Consider joining all columns at once using pd.concat(axis=1) instead. To get a de-fragmented frame, use `newframe = frame.copy()`
  dataframe["rvol"] = dataframe["close"].pct_change().rolling(90).std() * np.sqrt(6 * 365)
/freqtrade/user_data/strategies/TrendVolTarget.py:50: PerformanceWarning: DataFrame is highly fragmented.  This is usually the result of calling `frame.insert` many times, which has poor performance.  Consider joining all columns at once using pd.concat(axis=1) instead. To get a de-fragmented frame, use `newframe = frame.copy()`
  dataframe[f"dc_hi_{n}"] = dataframe["high"].rolling(n).max().shift(1)
/freqtrade/user_data/strategies/TrendVolTarget.py:50: PerformanceWarning: DataFrame is highly fragmented.  This is usually the result of calling `frame.insert` many times, which has poor performance.  Consider joining all columns at once using pd.concat(axis=1) instead. To get a de-fragmented frame, use `newframe = frame.copy()`
  dataframe[f"dc_hi_{n}"] = dataframe["high"].rolling(n).max().shift(1)
/freqtrade/user_data/strategies/TrendVolTarget.py:50: PerformanceWarning: DataFrame is highly fragmented.  This is usually the result of calling `frame.insert` many times, which has poor performance.  Consider joining all columns at once using pd.concat(axis=1) instead. To get a de-fragmented frame, use `newframe = frame.copy()`
  dataframe[f"dc_hi_{n}"] = dataframe["high"].rolling(n).max().shift(1)
/freqtrade/user_data/strategies/TrendVolTarget.py:50: PerformanceWarning: DataFrame is highly fragmented.  This is usually the result of calling `frame.insert` many times, which has poor performance.  Consider joining all columns at once using pd.concat(axis=1) instead. To get a de-fragmented frame, use `newframe = frame.copy()`
  dataframe[f"dc_hi_{n}"] = dataframe["high"].rolling(n).max().shift(1)
/freqtrade/user_data/strategies/TrendVolTarget.py:50: PerformanceWarning: DataFrame is highly fragmented.  This is usually the result of calling `frame.insert` many times, which has poor performance.  Consider joining all columns at once using pd.concat(axis=1) instead. To get a de-fragmented frame, use `newframe = frame.copy()`
  dataframe[f"dc_hi_{n}"] = dataframe["high"].rolling(n).max().shift(1)
/freqtrade/user_data/strategies/TrendVolTarget.py:50: PerformanceWarning: DataFrame is highly fragmented.  This is usually the result of calling `frame.insert` many times, which has poor performance.  Consider joining all columns at once using pd.concat(axis=1) instead. To get a de-fragmented frame, use `newframe = frame.copy()`
  dataframe[f"dc_hi_{n}"] = dataframe["high"].rolling(n).max().shift(1)
/freqtrade/user_data/strategies/TrendVolTarget.py:50: PerformanceWarning: DataFrame is highly fragmented.  This is usually the result of calling `frame.insert` many times, which has poor performance.  Consider joining all columns at once using pd.concat(axis=1) instead. To get a de-fragmented frame, use `newframe = frame.copy()`
  dataframe[f"dc_hi_{n}"] = dataframe["high"].rolling(n).max().shift(1)
/freqtrade/user_data/strategies/TrendVolTarget.py:50: PerformanceWarning: DataFrame is highly fragmented.  This is usually the result of calling `frame.insert` many times, which has poor performance.  Consider joining all columns at once using pd.concat(axis=1) instead. To get a de-fragmented frame, use `newframe = frame.copy()`
  dataframe[f"dc_hi_{n}"] = dataframe["high"].rolling(n).max().shift(1)
/freqtrade/user_data/strategies/TrendVolTarget.py:50: PerformanceWarning: DataFrame is highly fragmented.  This is usually the result of calling `frame.insert` many times, which has poor performance.  Consider joining all columns at once using pd.concat(axis=1) instead. To get a de-fragmented frame, use `newframe = frame.copy()`
  dataframe[f"dc_hi_{n}"] = dataframe["high"].rolling(n).max().shift(1)
/freqtrade/user_data/strategies/TrendVolTarget.py:50: PerformanceWarning: DataFrame is highly fragmented.  This is usually the result of calling `frame.insert` many times, which has poor performance.  Consider joining all columns at once using pd.concat(axis=1) instead. To get a de-fragmented frame, use `newframe = frame.copy()`
  dataframe[f"dc_hi_{n}"] = dataframe["high"].rolling(n).max().shift(1)
/freqtrade/user_data/strategies/TrendVolTarget.py:50: PerformanceWarning: DataFrame is highly fragmented.  This is usually the result of calling `frame.insert` many times, which has poor performance.  Consider joining all columns at once using pd.concat(axis=1) instead. To get a de-fragmented frame, use `newframe = frame.copy()`
  dataframe[f"dc_hi_{n}"] = dataframe["high"].rolling(n).max().shift(1)
/freqtrade/user_data/strategies/TrendVolTarget.py:50: PerformanceWarning: DataFrame is highly fragmented.  This is usually the result of calling `frame.insert` many times, which has poor performance.  Consider joining all columns at once using pd.concat(axis=1) instead. To get a de-fragmented frame, use `newframe = frame.copy()`
  dataframe[f"dc_hi_{n}"] = dataframe["high"].rolling(n).max().shift(1)
/freqtrade/user_data/strategies/TrendVolTarget.py:50: PerformanceWarning: DataFrame is highly fragmented.  This is usually the result of calling `frame.insert` many times, which has poor performance.  Consider joining all columns at once using pd.concat(axis=1) instead. To get a de-fragmented frame, use `newframe = frame.copy()`
  dataframe[f"dc_hi_{n}"] = dataframe["high"].rolling(n).max().shift(1)
/freqtrade/user_data/strategies/TrendVolTarget.py:50: PerformanceWarning: DataFrame is highly fragmented.  This is usually the result of calling `frame.insert` many times, which has poor performance.  Consider joining all columns at once using pd.concat(axis=1) instead. To get a de-fragmented frame, use `newframe = frame.copy()`
  dataframe[f"dc_hi_{n}"] = dataframe["high"].rolling(n).max().shift(1)
/freqtrade/user_data/strategies/TrendVolTarget.py:50: PerformanceWarning: DataFrame is highly fragmented.  This is usually the result of calling `frame.insert` many times, which has poor performance.  Consider joining all columns at once using pd.concat(axis=1) instead. To get a de-fragmented frame, use `newframe = frame.copy()`
  dataframe[f"dc_hi_{n}"] = dataframe["high"].rolling(n).max().shift(1)
/freqtrade/user_data/strategies/TrendVolTarget.py:50: PerformanceWarning: DataFrame is highly fragmented.  This is usually the result of calling `frame.insert` many times, which has poor performance.  Consider joining all columns at once using pd.concat(axis=1) instead. To get a de-fragmented frame, use `newframe = frame.copy()`
  dataframe[f"dc_hi_{n}"] = dataframe["high"].rolling(n).max().shift(1)
/freqtrade/user_data/strategies/TrendVolTarget.py:50: PerformanceWarning: DataFrame is highly fragmented.  This is usually the result of calling `frame.insert` many times, which has poor performance.  Consider joining all columns at once using pd.concat(axis=1) instead. To get a de-fragmented frame, use `newframe = frame.copy()`
  dataframe[f"dc_hi_{n}"] = dataframe["high"].rolling(n).max().shift(1)
/freqtrade/user_data/strategies/TrendVolTarget.py:50: PerformanceWarning: DataFrame is highly fragmented.  This is usually the result of calling `frame.insert` many times, which has poor performance.  Consider joining all columns at once using pd.concat(axis=1) instead. To get a de-fragmented frame, use `newframe = frame.copy()`
  dataframe[f"dc_hi_{n}"] = dataframe["high"].rolling(n).max().shift(1)
/freqtrade/user_data/strategies/TrendVolTarget.py:50: PerformanceWarning: DataFrame is highly fragmented.  This is usually the result of calling `frame.insert` many times, which has poor performance.  Consider joining all columns at once using pd.concat(axis=1) instead. To get a de-fragmented frame, use `newframe = frame.copy()`
  dataframe[f"dc_hi_{n}"] = dataframe["high"].rolling(n).max().shift(1)
/freqtrade/user_data/strategies/TrendVolTarget.py:50: PerformanceWarning: DataFrame is highly fragmented.  This is usually the result of calling `frame.insert` many times, which has poor performance.  Consider joining all columns at once using pd.concat(axis=1) instead. To get a de-fragmented frame, use `newframe = frame.copy()`
  dataframe[f"dc_hi_{n}"] = dataframe["high"].rolling(n).max().shift(1)
/freqtrade/user_data/strategies/TrendVolTarget.py:50: PerformanceWarning: DataFrame is highly fragmented.  This is usually the result of calling `frame.insert` many times, which has poor performance.  Consider joining all columns at once using pd.concat(axis=1) instead. To get a de-fragmented frame, use `newframe = frame.copy()`
  dataframe[f"dc_hi_{n}"] = dataframe["high"].rolling(n).max().shift(1)
/freqtrade/user_data/strategies/TrendVolTarget.py:50: PerformanceWarning: DataFrame is highly fragmented.  This is usually the result of calling `frame.insert` many times, which has poor performance.  Consider joining all columns at once using pd.concat(axis=1) instead. To get a de-fragmented frame, use `newframe = frame.copy()`
  dataframe[f"dc_hi_{n}"] = dataframe["high"].rolling(n).max().shift(1)
/freqtrade/user_data/strategies/TrendVolTarget.py:50: PerformanceWarning: DataFrame is highly fragmented.  This is usually the result of calling `frame.insert` many times, which has poor performance.  Consider joining all columns at once using pd.concat(axis=1) instead. To get a de-fragmented frame, use `newframe = frame.copy()`
  dataframe[f"dc_hi_{n}"] = dataframe["high"].rolling(n).max().shift(1)
/freqtrade/user_data/strategies/TrendVolTarget.py:50: PerformanceWarning: DataFrame is highly fragmented.  This is usually the result of calling `frame.insert` many times, which has poor performance.  Consider joining all columns at once using pd.concat(axis=1) instead. To get a de-fragmented frame, use `newframe = frame.copy()`
  dataframe[f"dc_hi_{n}"] = dataframe["high"].rolling(n).max().shift(1)
/freqtrade/user_data/strategies/TrendVolTarget.py:50: PerformanceWarning: DataFrame is highly fragmented.  This is usually the result of calling `frame.insert` many times, which has poor performance.  Consider joining all columns at once using pd.concat(axis=1) instead. To get a de-fragmented frame, use `newframe = frame.copy()`
  dataframe[f"dc_hi_{n}"] = dataframe["high"].rolling(n).max().shift(1)
/freqtrade/user_data/strategies/TrendVolTarget.py:50: PerformanceWarning: DataFrame is highly fragmented.  This is usually the result of calling `frame.insert` many times, which has poor performance.  Consider joining all columns at once using pd.concat(axis=1) instead. To get a de-fragmented frame, use `newframe = frame.copy()`
  dataframe[f"dc_hi_{n}"] = dataframe["high"].rolling(n).max().shift(1)
/freqtrade/user_data/strategies/TrendVolTarget.py:50: PerformanceWarning: DataFrame is highly fragmented.  This is usually the result of calling `frame.insert` many times, which has poor performance.  Consider joining all columns at once using pd.concat(axis=1) instead. To get a de-fragmented frame, use `newframe = frame.copy()`
  dataframe[f"dc_hi_{n}"] = dataframe["high"].rolling(n).max().shift(1)
/freqtrade/user_data/strategies/TrendVolTarget.py:50: PerformanceWarning: DataFrame is highly fragmented.  This is usually the result of calling `frame.insert` many times, which has poor performance.  Consider joining all columns at once using pd.concat(axis=1) instead. To get a de-fragmented frame, use `newframe = frame.copy()`
  dataframe[f"dc_hi_{n}"] = dataframe["high"].rolling(n).max().shift(1)
/freqtrade/user_data/strategies/TrendVolTarget.py:50: PerformanceWarning: DataFrame is highly fragmented.  This is usually the result of calling `frame.insert` many times, which has poor performance.  Consider joining all columns at once using pd.concat(axis=1) instead. To get a de-fragmented frame, use `newframe = frame.copy()`
  dataframe[f"dc_hi_{n}"] = dataframe["high"].rolling(n).max().shift(1)
/freqtrade/user_data/strategies/TrendVolTarget.py:50: PerformanceWarning: DataFrame is highly fragmented.  This is usually the result of calling `frame.insert` many times, which has poor performance.  Consider joining all columns at once using pd.concat(axis=1) instead. To get a de-fragmented frame, use `newframe = frame.copy()`
  dataframe[f"dc_hi_{n}"] = dataframe["high"].rolling(n).max().shift(1)
/freqtrade/user_data/strategies/TrendVolTarget.py:50: PerformanceWarning: DataFrame is highly fragmented.  This is usually the result of calling `frame.insert` many times, which has poor performance.  Consider joining all columns at once using pd.concat(axis=1) instead. To get a de-fragmented frame, use `newframe = frame.copy()`
  dataframe[f"dc_hi_{n}"] = dataframe["high"].rolling(n).max().shift(1)
/freqtrade/user_data/strategies/TrendVolTarget.py:50: PerformanceWarning: DataFrame is highly fragmented.  This is usually the result of calling `frame.insert` many times, which has poor performance.  Consider joining all columns at once using pd.concat(axis=1) instead. To get a de-fragmented frame, use `newframe = frame.copy()`
  dataframe[f"dc_hi_{n}"] = dataframe["high"].rolling(n).max().shift(1)
/freqtrade/user_data/strategies/TrendVolTarget.py:50: PerformanceWarning: DataFrame is highly fragmented.  This is usually the result of calling `frame.insert` many times, which has poor performance.  Consider joining all columns at once using pd.concat(axis=1) instead. To get a de-fragmented frame, use `newframe = frame.copy()`
  dataframe[f"dc_hi_{n}"] = dataframe["high"].rolling(n).max().shift(1)
/freqtrade/user_data/strategies/TrendVolTarget.py:50: PerformanceWarning: DataFrame is highly fragmented.  This is usually the result of calling `frame.insert` many times, which has poor performance.  Consider joining all columns at once using pd.concat(axis=1) instead. To get a de-fragmented frame, use `newframe = frame.copy()`
  dataframe[f"dc_hi_{n}"] = dataframe["high"].rolling(n).max().shift(1)
/freqtrade/user_data/strategies/TrendVolTarget.py:50: PerformanceWarning: DataFrame is highly fragmented.  This is usually the result of calling `frame.insert` many times, which has poor performance.  Consider joining all columns at once using pd.concat(axis=1) instead. To get a de-fragmented frame, use `newframe = frame.copy()`
  dataframe[f"dc_hi_{n}"] = dataframe["high"].rolling(n).max().shift(1)
/freqtrade/user_data/strategies/TrendVolTarget.py:50: PerformanceWarning: DataFrame is highly fragmented.  This is usually the result of calling `frame.insert` many times, which has poor performance.  Consider joining all columns at once using pd.concat(axis=1) instead. To get a de-fragmented frame, use `newframe = frame.copy()`
  dataframe[f"dc_hi_{n}"] = dataframe["high"].rolling(n).max().shift(1)
/freqtrade/user_data/strategies/TrendVolTarget.py:50: PerformanceWarning: DataFrame is highly fragmented.  This is usually the result of calling `frame.insert` many times, which has poor performance.  Consider joining all columns at once using pd.concat(axis=1) instead. To get a de-fragmented frame, use `newframe = frame.copy()`
  dataframe[f"dc_hi_{n}"] = dataframe["high"].rolling(n).max().shift(1)
/freqtrade/user_data/strategies/TrendVolTarget.py:50: PerformanceWarning: DataFrame is highly fragmented.  This is usually the result of calling `frame.insert` many times, which has poor performance.  Consider joining all columns at once using pd.concat(axis=1) instead. To get a de-fragmented frame, use `newframe = frame.copy()`
  dataframe[f"dc_hi_{n}"] = dataframe["high"].rolling(n).max().shift(1)
/freqtrade/user_data/strategies/TrendVolTarget.py:50: PerformanceWarning: DataFrame is highly fragmented.  This is usually the result of calling `frame.insert` many times, which has poor performance.  Consider joining all columns at once using pd.concat(axis=1) instead. To get a de-fragmented frame, use `newframe = frame.copy()`
  dataframe[f"dc_hi_{n}"] = dataframe["high"].rolling(n).max().shift(1)
/freqtrade/user_data/strategies/TrendVolTarget.py:50: PerformanceWarning: DataFrame is highly fragmented.  This is usually the result of calling `frame.insert` many times, which has poor performance.  Consider joining all columns at once using pd.concat(axis=1) instead. To get a de-fragmented frame, use `newframe = frame.copy()`
  dataframe[f"dc_hi_{n}"] = dataframe["high"].rolling(n).max().shift(1)
/freqtrade/user_data/strategies/TrendVolTarget.py:50: PerformanceWarning: DataFrame is highly fragmented.  This is usually the result of calling `frame.insert` many times, which has poor performance.  Consider joining all columns at once using pd.concat(axis=1) instead. To get a de-fragmented frame, use `newframe = frame.copy()`
  dataframe[f"dc_hi_{n}"] = dataframe["high"].rolling(n).max().shift(1)
/freqtrade/user_data/strategies/TrendVolTarget.py:50: PerformanceWarning: DataFrame is highly fragmented.  This is usually the result of calling `frame.insert` many times, which has poor performance.  Consider joining all columns at once using pd.concat(axis=1) instead. To get a de-fragmented frame, use `newframe = frame.copy()`
  dataframe[f"dc_hi_{n}"] = dataframe["high"].rolling(n).max().shift(1)
/freqtrade/user_data/strategies/TrendVolTarget.py:50: PerformanceWarning: DataFrame is highly fragmented.  This is usually the result of calling `frame.insert` many times, which has poor performance.  Consider joining all columns at once using pd.concat(axis=1) instead. To get a de-fragmented frame, use `newframe = frame.copy()`
  dataframe[f"dc_hi_{n}"] = dataframe["high"].rolling(n).max().shift(1)
/freqtrade/user_data/strategies/TrendVolTarget.py:50: PerformanceWarning: DataFrame is highly fragmented.  This is usually the result of calling `frame.insert` many times, which has poor performance.  Consider joining all columns at once using pd.concat(axis=1) instead. To get a de-fragmented frame, use `newframe = frame.copy()`
  dataframe[f"dc_hi_{n}"] = dataframe["high"].rolling(n).max().shift(1)
/freqtrade/user_data/strategies/TrendVolTarget.py:50: PerformanceWarning: DataFrame is highly fragmented.  This is usually the result of calling `frame.insert` many times, which has poor performance.  Consider joining all columns at once using pd.concat(axis=1) instead. To get a de-fragmented frame, use `newframe = frame.copy()`
  dataframe[f"dc_hi_{n}"] = dataframe["high"].rolling(n).max().shift(1)
/freqtrade/user_data/strategies/TrendVolTarget.py:50: PerformanceWarning: DataFrame is highly fragmented.  This is usually the result of calling `frame.insert` many times, which has poor performance.  Consider joining all columns at once using pd.concat(axis=1) instead. To get a de-fragmented frame, use `newframe = frame.copy()`
  dataframe[f"dc_hi_{n}"] = dataframe["high"].rolling(n).max().shift(1)
/freqtrade/user_data/strategies/TrendVolTarget.py:50: PerformanceWarning: DataFrame is highly fragmented.  This is usually the result of calling `frame.insert` many times, which has poor performance.  Consider joining all columns at once using pd.concat(axis=1) instead. To get a de-fragmented frame, use `newframe = frame.copy()`
  dataframe[f"dc_hi_{n}"] = dataframe["high"].rolling(n).max().shift(1)
/freqtrade/user_data/strategies/TrendVolTarget.py:50: PerformanceWarning: DataFrame is highly fragmented.  This is usually the result of calling `frame.insert` many times, which has poor performance.  Consider joining all columns at once using pd.concat(axis=1) instead. To get a de-fragmented frame, use `newframe = frame.copy()`
  dataframe[f"dc_hi_{n}"] = dataframe["high"].rolling(n).max().shift(1)
/freqtrade/user_data/strategies/TrendVolTarget.py:50: PerformanceWarning: DataFrame is highly fragmented.  This is usually the result of calling `frame.insert` many times, which has poor performance.  Consider joining all columns at once using pd.concat(axis=1) instead. To get a de-fragmented frame, use `newframe = frame.copy()`
  dataframe[f"dc_hi_{n}"] = dataframe["high"].rolling(n).max().shift(1)
/freqtrade/user_data/strategies/TrendVolTarget.py:50: PerformanceWarning: DataFrame is highly fragmented.  This is usually the result of calling `frame.insert` many times, which has poor performance.  Consider joining all columns at once using pd.concat(axis=1) instead. To get a de-fragmented frame, use `newframe = frame.copy()`
  dataframe[f"dc_hi_{n}"] = dataframe["high"].rolling(n).max().shift(1)
/freqtrade/user_data/strategies/TrendVolTarget.py:50: PerformanceWarning: DataFrame is highly fragmented.  This is usually the result of calling `frame.insert` many times, which has poor performance.  Consider joining all columns at once using pd.concat(axis=1) instead. To get a de-fragmented frame, use `newframe = frame.copy()`
  dataframe[f"dc_hi_{n}"] = dataframe["high"].rolling(n).max().shift(1)
/freqtrade/user_data/strategies/TrendVolTarget.py:50: PerformanceWarning: DataFrame is highly fragmented.  This is usually the result of calling `frame.insert` many times, which has poor performance.  Consider joining all columns at once using pd.concat(axis=1) instead. To get a de-fragmented frame, use `newframe = frame.copy()`
  dataframe[f"dc_hi_{n}"] = dataframe["high"].rolling(n).max().shift(1)
/freqtrade/user_data/strategies/TrendVolTarget.py:50: PerformanceWarning: DataFrame is highly fragmented.  This is usually the result of calling `frame.insert` many times, which has poor performance.  Consider joining all columns at once using pd.concat(axis=1) instead. To get a de-fragmented frame, use `newframe = frame.copy()`
  dataframe[f"dc_hi_{n}"] = dataframe["high"].rolling(n).max().shift(1)
/freqtrade/user_data/strategies/TrendVolTarget.py:50: PerformanceWarning: DataFrame is highly fragmented.  This is usually the result of calling `frame.insert` many times, which has poor performance.  Consider joining all columns at once using pd.concat(axis=1) instead. To get a de-fragmented frame, use `newframe = frame.copy()`
  dataframe[f"dc_hi_{n}"] = dataframe["high"].rolling(n).max().shift(1)
/freqtrade/user_data/strategies/TrendVolTarget.py:50: PerformanceWarning: DataFrame is highly fragmented.  This is usually the result of calling `frame.insert` many times, which has poor performance.  Consider joining all columns at once using pd.concat(axis=1) instead. To get a de-fragmented frame, use `newframe = frame.copy()`
  dataframe[f"dc_hi_{n}"] = dataframe["high"].rolling(n).max().shift(1)
/freqtrade/user_data/strategies/TrendVolTarget.py:50: PerformanceWarning: DataFrame is highly fragmented.  This is usually the result of calling `frame.insert` many times, which has poor performance.  Consider joining all columns at once using pd.concat(axis=1) instead. To get a de-fragmented frame, use `newframe = frame.copy()`
  dataframe[f"dc_hi_{n}"] = dataframe["high"].rolling(n).max().shift(1)
/freqtrade/user_data/strategies/TrendVolTarget.py:50: PerformanceWarning: DataFrame is highly fragmented.  This is usually the result of calling `frame.insert` many times, which has poor performance.  Consider joining all columns at once using pd.concat(axis=1) instead. To get a de-fragmented frame, use `newframe = frame.copy()`
  dataframe[f"dc_hi_{n}"] = dataframe["high"].rolling(n).max().shift(1)
/freqtrade/user_data/strategies/TrendVolTarget.py:50: PerformanceWarning: DataFrame is highly fragmented.  This is usually the result of calling `frame.insert` many times, which has poor performance.  Consider joining all columns at once using pd.concat(axis=1) instead. To get a de-fragmented frame, use `newframe = frame.copy()`
  dataframe[f"dc_hi_{n}"] = dataframe["high"].rolling(n).max().shift(1)
/freqtrade/user_data/strategies/TrendVolTarget.py:50: PerformanceWarning: DataFrame is highly fragmented.  This is usually the result of calling `frame.insert` many times, which has poor performance.  Consider joining all columns at once using pd.concat(axis=1) instead. To get a de-fragmented frame, use `newframe = frame.copy()`
  dataframe[f"dc_hi_{n}"] = dataframe["high"].rolling(n).max().shift(1)
/freqtrade/user_data/strategies/TrendVolTarget.py:50: PerformanceWarning: DataFrame is highly fragmented.  This is usually the result of calling `frame.insert` many times, which has poor performance.  Consider joining all columns at once using pd.concat(axis=1) instead. To get a de-fragmented frame, use `newframe = frame.copy()`
  dataframe[f"dc_hi_{n}"] = dataframe["high"].rolling(n).max().shift(1)
/freqtrade/user_data/strategies/TrendVolTarget.py:50: PerformanceWarning: DataFrame is highly fragmented.  This is usually the result of calling `frame.insert` many times, which has poor performance.  Consider joining all columns at once using pd.concat(axis=1) instead. To get a de-fragmented frame, use `newframe = frame.copy()`
  dataframe[f"dc_hi_{n}"] = dataframe["high"].rolling(n).max().shift(1)
/freqtrade/user_data/strategies/TrendVolTarget.py:50: PerformanceWarning: DataFrame is highly fragmented.  This is usually the result of calling `frame.insert` many times, which has poor performance.  Consider joining all columns at once using pd.concat(axis=1) instead. To get a de-fragmented frame, use `newframe = frame.copy()`
  dataframe[f"dc_hi_{n}"] = dataframe["high"].rolling(n).max().shift(1)
/freqtrade/user_data/strategies/TrendVolTarget.py:50: PerformanceWarning: DataFrame is highly fragmented.  This is usually the result of calling `frame.insert` many times, which has poor performance.  Consider joining all columns at once using pd.concat(axis=1) instead. To get a de-fragmented frame, use `newframe = frame.copy()`
  dataframe[f"dc_hi_{n}"] = dataframe["high"].rolling(n).max().shift(1)
/freqtrade/user_data/strategies/TrendVolTarget.py:50: PerformanceWarning: DataFrame is highly fragmented.  This is usually the result of calling `frame.insert` many times, which has poor performance.  Consider joining all columns at once using pd.concat(axis=1) instead. To get a de-fragmented frame, use `newframe = frame.copy()`
  dataframe[f"dc_hi_{n}"] = dataframe["high"].rolling(n).max().shift(1)
/freqtrade/user_data/strategies/TrendVolTarget.py:50: PerformanceWarning: DataFrame is highly fragmented.  This is usually the result of calling `frame.insert` many times, which has poor performance.  Consider joining all columns at once using pd.concat(axis=1) instead. To get a de-fragmented frame, use `newframe = frame.copy()`
  dataframe[f"dc_hi_{n}"] = dataframe["high"].rolling(n).max().shift(1)
/freqtrade/user_data/strategies/TrendVolTarget.py:50: PerformanceWarning: DataFrame is highly fragmented.  This is usually the result of calling `frame.insert` many times, which has poor performance.  Consider joining all columns at once using pd.concat(axis=1) instead. To get a de-fragmented frame, use `newframe = frame.copy()`
  dataframe[f"dc_hi_{n}"] = dataframe["high"].rolling(n).max().shift(1)
/freqtrade/user_data/strategies/TrendVolTarget.py:50: PerformanceWarning: DataFrame is highly fragmented.  This is usually the result of calling `frame.insert` many times, which has poor performance.  Consider joining all columns at once using pd.concat(axis=1) instead. To get a de-fragmented frame, use `newframe = frame.copy()`
  dataframe[f"dc_hi_{n}"] = dataframe["high"].rolling(n).max().shift(1)
/freqtrade/user_data/strategies/TrendVolTarget.py:50: PerformanceWarning: DataFrame is highly fragmented.  This is usually the result of calling `frame.insert` many times, which has poor performance.  Consider joining all columns at once using pd.concat(axis=1) instead. To get a de-fragmented frame, use `newframe = frame.copy()`
  dataframe[f"dc_hi_{n}"] = dataframe["high"].rolling(n).max().shift(1)
/freqtrade/user_data/strategies/TrendVolTarget.py:50: PerformanceWarning: DataFrame is highly fragmented.  This is usually the result of calling `frame.insert` many times, which has poor performance.  Consider joining all columns at once using pd.concat(axis=1) instead. To get a de-fragmented frame, use `newframe = frame.copy()`
  dataframe[f"dc_hi_{n}"] = dataframe["high"].rolling(n).max().shift(1)
/freqtrade/user_data/strategies/TrendVolTarget.py:50: PerformanceWarning: DataFrame is highly fragmented.  This is usually the result of calling `frame.insert` many times, which has poor performance.  Consider joining all columns at once using pd.concat(axis=1) instead. To get a de-fragmented frame, use `newframe = frame.copy()`
  dataframe[f"dc_hi_{n}"] = dataframe["high"].rolling(n).max().shift(1)
/freqtrade/user_data/strategies/TrendVolTarget.py:50: PerformanceWarning: DataFrame is highly fragmented.  This is usually the result of calling `frame.insert` many times, which has poor performance.  Consider joining all columns at once using pd.concat(axis=1) instead. To get a de-fragmented frame, use `newframe = frame.copy()`
  dataframe[f"dc_hi_{n}"] = dataframe["high"].rolling(n).max().shift(1)
/freqtrade/user_data/strategies/TrendVolTarget.py:50: PerformanceWarning: DataFrame is highly fragmented.  This is usually the result of calling `frame.insert` many times, which has poor performance.  Consider joining all columns at once using pd.concat(axis=1) instead. To get a de-fragmented frame, use `newframe = frame.copy()`
  dataframe[f"dc_hi_{n}"] = dataframe["high"].rolling(n).max().shift(1)
/freqtrade/user_data/strategies/TrendVolTarget.py:50: PerformanceWarning: DataFrame is highly fragmented.  This is usually the result of calling `frame.insert` many times, which has poor performance.  Consider joining all columns at once using pd.concat(axis=1) instead. To get a de-fragmented frame, use `newframe = frame.copy()`
  dataframe[f"dc_hi_{n}"] = dataframe["high"].rolling(n).max().shift(1)
/freqtrade/user_data/strategies/TrendVolTarget.py:50: PerformanceWarning: DataFrame is highly fragmented.  This is usually the result of calling `frame.insert` many times, which has poor performance.  Consider joining all columns at once using pd.concat(axis=1) instead. To get a de-fragmented frame, use `newframe = frame.copy()`
  dataframe[f"dc_hi_{n}"] = dataframe["high"].rolling(n).max().shift(1)
/freqtrade/user_data/strategies/TrendVolTarget.py:50: PerformanceWarning: DataFrame is highly fragmented.  This is usually the result of calling `frame.insert` many times, which has poor performance.  Consider joining all columns at once using pd.concat(axis=1) instead. To get a de-fragmented frame, use `newframe = frame.copy()`
  dataframe[f"dc_hi_{n}"] = dataframe["high"].rolling(n).max().shift(1)
/freqtrade/user_data/strategies/TrendVolTarget.py:50: PerformanceWarning: DataFrame is highly fragmented.  This is usually the result of calling `frame.insert` many times, which has poor performance.  Consider joining all columns at once using pd.concat(axis=1) instead. To get a de-fragmented frame, use `newframe = frame.copy()`
  dataframe[f"dc_hi_{n}"] = dataframe["high"].rolling(n).max().shift(1)
/freqtrade/user_data/strategies/TrendVolTarget.py:50: PerformanceWarning: DataFrame is highly fragmented.  This is usually the result of calling `frame.insert` many times, which has poor performance.  Consider joining all columns at once using pd.concat(axis=1) instead. To get a de-fragmented frame, use `newframe = frame.copy()`
  dataframe[f"dc_hi_{n}"] = dataframe["high"].rolling(n).max().shift(1)
/freqtrade/user_data/strategies/TrendVolTarget.py:50: PerformanceWarning: DataFrame is highly fragmented.  This is usually the result of calling `frame.insert` many times, which has poor performance.  Consider joining all columns at once using pd.concat(axis=1) instead. To get a de-fragmented frame, use `newframe = frame.copy()`
  dataframe[f"dc_hi_{n}"] = dataframe["high"].rolling(n).max().shift(1)
/freqtrade/user_data/strategies/TrendVolTarget.py:50: PerformanceWarning: DataFrame is highly fragmented.  This is usually the result of calling `frame.insert` many times, which has poor performance.  Consider joining all columns at once using pd.concat(axis=1) instead. To get a de-fragmented frame, use `newframe = frame.copy()`
  dataframe[f"dc_hi_{n}"] = dataframe["high"].rolling(n).max().shift(1)
/freqtrade/user_data/strategies/TrendVolTarget.py:50: PerformanceWarning: DataFrame is highly fragmented.  This is usually the result of calling `frame.insert` many times, which has poor performance.  Consider joining all columns at once using pd.concat(axis=1) instead. To get a de-fragmented frame, use `newframe = frame.copy()`
  dataframe[f"dc_hi_{n}"] = dataframe["high"].rolling(n).max().shift(1)
/freqtrade/user_data/strategies/TrendVolTarget.py:50: PerformanceWarning: DataFrame is highly fragmented.  This is usually the result of calling `frame.insert` many times, which has poor performance.  Consider joining all columns at once using pd.concat(axis=1) instead. To get a de-fragmented frame, use `newframe = frame.copy()`
  dataframe[f"dc_hi_{n}"] = dataframe["high"].rolling(n).max().shift(1)
/freqtrade/user_data/strategies/TrendVolTarget.py:50: PerformanceWarning: DataFrame is highly fragmented.  This is usually the result of calling `frame.insert` many times, which has poor performance.  Consider joining all columns at once using pd.concat(axis=1) instead. To get a de-fragmented frame, use `newframe = frame.copy()`
  dataframe[f"dc_hi_{n}"] = dataframe["high"].rolling(n).max().shift(1)
/freqtrade/user_data/strategies/TrendVolTarget.py:50: PerformanceWarning: DataFrame is highly fragmented.  This is usually the result of calling `frame.insert` many times, which has poor performance.  Consider joining all columns at once using pd.concat(axis=1) instead. To get a de-fragmented frame, use `newframe = frame.copy()`
  dataframe[f"dc_hi_{n}"] = dataframe["high"].rolling(n).max().shift(1)
/freqtrade/user_data/strategies/TrendVolTarget.py:50: PerformanceWarning: DataFrame is highly fragmented.  This is usually the result of calling `frame.insert` many times, which has poor performance.  Consider joining all columns at once using pd.concat(axis=1) instead. To get a de-fragmented frame, use `newframe = frame.copy()`
  dataframe[f"dc_hi_{n}"] = dataframe["high"].rolling(n).max().shift(1)
/freqtrade/user_data/strategies/TrendVolTarget.py:53: PerformanceWarning: DataFrame is highly fragmented.  This is usually the result of calling `frame.insert` many times, which has poor performance.  Consider joining all columns at once using pd.concat(axis=1) instead. To get a de-fragmented frame, use `newframe = frame.copy()`
  dataframe["sma_f"] = ta.SMA(dataframe, timeperiod=60)
/freqtrade/user_data/strategies/TrendVolTarget.py:54: PerformanceWarning: DataFrame is highly fragmented.  This is usually the result of calling `frame.insert` many times, which has poor performance.  Consider joining all columns at once using pd.concat(axis=1) instead. To get a de-fragmented frame, use `newframe = frame.copy()`
  dataframe["sma_s"] = ta.SMA(dataframe, timeperiod=240)
/freqtrade/user_data/strategies/TrendVolTarget.py:56: PerformanceWarning: DataFrame is highly fragmented.  This is usually the result of calling `frame.insert` many times, which has poor performance.  Consider joining all columns at once using pd.concat(axis=1) instead. To get a de-fragmented frame, use `newframe = frame.copy()`
  dataframe["rvol"] = dataframe["close"].pct_change().rolling(90).std() * np.sqrt(6 * 365)
/freqtrade/user_data/strategies/TrendVolTarget.py:50: PerformanceWarning: DataFrame is highly fragmented.  This is usually the result of calling `frame.insert` many times, which has poor performance.  Consider joining all columns at once using pd.concat(axis=1) instead. To get a de-fragmented frame, use `newframe = frame.copy()`
  dataframe[f"dc_hi_{n}"] = dataframe["high"].rolling(n).max().shift(1)
/freqtrade/user_data/strategies/TrendVolTarget.py:50: PerformanceWarning: DataFrame is highly fragmented.  This is usually the result of calling `frame.insert` many times, which has poor performance.  Consider joining all columns at once using pd.concat(axis=1) instead. To get a de-fragmented frame, use `newframe = frame.copy()`
  dataframe[f"dc_hi_{n}"] = dataframe["high"].rolling(n).max().shift(1)
/freqtrade/user_data/strategies/TrendVolTarget.py:50: PerformanceWarning: DataFrame is highly fragmented.  This is usually the result of calling `frame.insert` many times, which has poor performance.  Consider joining all columns at once using pd.concat(axis=1) instead. To get a de-fragmented frame, use `newframe = frame.copy()`
  dataframe[f"dc_hi_{n}"] = dataframe["high"].rolling(n).max().shift(1)
/freqtrade/user_data/strategies/TrendVolTarget.py:50: PerformanceWarning: DataFrame is highly fragmented.  This is usually the result of calling `frame.insert` many times, which has poor performance.  Consider joining all columns at once using pd.concat(axis=1) instead. To get a de-fragmented frame, use `newframe = frame.copy()`
  dataframe[f"dc_hi_{n}"] = dataframe["high"].rolling(n).max().shift(1)
/freqtrade/user_data/strategies/TrendVolTarget.py:50: PerformanceWarning: DataFrame is highly fragmented.  This is usually the result of calling `frame.insert` many times, which has poor performance.  Consider joining all columns at once using pd.concat(axis=1) instead. To get a de-fragmented frame, use `newframe = frame.copy()`
  dataframe[f"dc_hi_{n}"] = dataframe["high"].rolling(n).max().shift(1)
/freqtrade/user_data/strategies/TrendVolTarget.py:50: PerformanceWarning: DataFrame is highly fragmented.  This is usually the result of calling `frame.insert` many times, which has poor performance.  Consider joining all columns at once using pd.concat(axis=1) instead. To get a de-fragmented frame, use `newframe = frame.copy()`
  dataframe[f"dc_hi_{n}"] = dataframe["high"].rolling(n).max().shift(1)
/freqtrade/user_data/strategies/TrendVolTarget.py:50: PerformanceWarning: DataFrame is highly fragmented.  This is usually the result of calling `frame.insert` many times, which has poor performance.  Consider joining all columns at once using pd.concat(axis=1) instead. To get a de-fragmented frame, use `newframe = frame.copy()`
  dataframe[f"dc_hi_{n}"] = dataframe["high"].rolling(n).max().shift(1)
/freqtrade/user_data/strategies/TrendVolTarget.py:50: PerformanceWarning: DataFrame is highly fragmented.  This is usually the result of calling `frame.insert` many times, which has poor performance.  Consider joining all columns at once using pd.concat(axis=1) instead. To get a de-fragmented frame, use `newframe = frame.copy()`
  dataframe[f"dc_hi_{n}"] = dataframe["high"].rolling(n).max().shift(1)
/freqtrade/user_data/strategies/TrendVolTarget.py:50: PerformanceWarning: DataFrame is highly fragmented.  This is usually the result of calling `frame.insert` many times, which has poor performance.  Consider joining all columns at once using pd.concat(axis=1) instead. To get a de-fragmented frame, use `newframe = frame.copy()`
  dataframe[f"dc_hi_{n}"] = dataframe["high"].rolling(n).max().shift(1)
/freqtrade/user_data/strategies/TrendVolTarget.py:50: PerformanceWarning: DataFrame is highly fragmented.  This is usually the result of calling `frame.insert` many times, which has poor performance.  Consider joining all columns at once using pd.concat(axis=1) instead. To get a de-fragmented frame, use `newframe = frame.copy()`
  dataframe[f"dc_hi_{n}"] = dataframe["high"].rolling(n).max().shift(1)
/freqtrade/user_data/strategies/TrendVolTarget.py:50: PerformanceWarning: DataFrame is highly fragmented.  This is usually the result of calling `frame.insert` many times, which has poor performance.  Consider joining all columns at once using pd.concat(axis=1) instead. To get a de-fragmented frame, use `newframe = frame.copy()`
  dataframe[f"dc_hi_{n}"] = dataframe["high"].rolling(n).max().shift(1)
/freqtrade/user_data/strategies/TrendVolTarget.py:50: PerformanceWarning: DataFrame is highly fragmented.  This is usually the result of calling `frame.insert` many times, which has poor performance.  Consider joining all columns at once using pd.concat(axis=1) instead. To get a de-fragmented frame, use `newframe = frame.copy()`
  dataframe[f"dc_hi_{n}"] = dataframe["high"].rolling(n).max().shift(1)
/freqtrade/user_data/strategies/TrendVolTarget.py:50: PerformanceWarning: DataFrame is highly fragmented.  This is usually the result of calling `frame.insert` many times, which has poor performance.  Consider joining all columns at once using pd.concat(axis=1) instead. To get a de-fragmented frame, use `newframe = frame.copy()`
  dataframe[f"dc_hi_{n}"] = dataframe["high"].rolling(n).max().shift(1)
/freqtrade/user_data/strategies/TrendVolTarget.py:50: PerformanceWarning: DataFrame is highly fragmented.  This is usually the result of calling `frame.insert` many times, which has poor performance.  Consider joining all columns at once using pd.concat(axis=1) instead. To get a de-fragmented frame, use `newframe = frame.copy()`
  dataframe[f"dc_hi_{n}"] = dataframe["high"].rolling(n).max().shift(1)
/freqtrade/user_data/strategies/TrendVolTarget.py:50: PerformanceWarning: DataFrame is highly fragmented.  This is usually the result of calling `frame.insert` many times, which has poor performance.  Consider joining all columns at once using pd.concat(axis=1) instead. To get a de-fragmented frame, use `newframe = frame.copy()`
  dataframe[f"dc_hi_{n}"] = dataframe["high"].rolling(n).max().shift(1)
/freqtrade/user_data/strategies/TrendVolTarget.py:50: PerformanceWarning: DataFrame is highly fragmented.  This is usually the result of calling `frame.insert` many times, which has poor performance.  Consider joining all columns at once using pd.concat(axis=1) instead. To get a de-fragmented frame, use `newframe = frame.copy()`
  dataframe[f"dc_hi_{n}"] = dataframe["high"].rolling(n).max().shift(1)
/freqtrade/user_data/strategies/TrendVolTarget.py:50: PerformanceWarning: DataFrame is highly fragmented.  This is usually the result of calling `frame.insert` many times, which has poor performance.  Consider joining all columns at once using pd.concat(axis=1) instead. To get a de-fragmented frame, use `newframe = frame.copy()`
  dataframe[f"dc_hi_{n}"] = dataframe["high"].rolling(n).max().shift(1)
/freqtrade/user_data/strategies/TrendVolTarget.py:50: PerformanceWarning: DataFrame is highly fragmented.  This is usually the result of calling `frame.insert` many times, which has poor performance.  Consider joining all columns at once using pd.concat(axis=1) instead. To get a de-fragmented frame, use `newframe = frame.copy()`
  dataframe[f"dc_hi_{n}"] = dataframe["high"].rolling(n).max().shift(1)
/freqtrade/user_data/strategies/TrendVolTarget.py:50: PerformanceWarning: DataFrame is highly fragmented.  This is usually the result of calling `frame.insert` many times, which has poor performance.  Consider joining all columns at once using pd.concat(axis=1) instead. To get a de-fragmented frame, use `newframe = frame.copy()`
  dataframe[f"dc_hi_{n}"] = dataframe["high"].rolling(n).max().shift(1)
/freqtrade/user_data/strategies/TrendVolTarget.py:50: PerformanceWarning: DataFrame is highly fragmented.  This is usually the result of calling `frame.insert` many times, which has poor performance.  Consider joining all columns at once using pd.concat(axis=1) instead. To get a de-fragmented frame, use `newframe = frame.copy()`
  dataframe[f"dc_hi_{n}"] = dataframe["high"].rolling(n).max().shift(1)
/freqtrade/user_data/strategies/TrendVolTarget.py:50: PerformanceWarning: DataFrame is highly fragmented.  This is usually the result of calling `frame.insert` many times, which has poor performance.  Consider joining all columns at once using pd.concat(axis=1) instead. To get a de-fragmented frame, use `newframe = frame.copy()`
  dataframe[f"dc_hi_{n}"] = dataframe["high"].rolling(n).max().shift(1)
/freqtrade/user_data/strategies/TrendVolTarget.py:50: PerformanceWarning: DataFrame is highly fragmented.  This is usually the result of calling `frame.insert` many times, which has poor performance.  Consider joining all columns at once using pd.concat(axis=1) instead. To get a de-fragmented frame, use `newframe = frame.copy()`
  dataframe[f"dc_hi_{n}"] = dataframe["high"].rolling(n).max().shift(1)
/freqtrade/user_data/strategies/TrendVolTarget.py:50: PerformanceWarning: DataFrame is highly fragmented.  This is usually the result of calling `frame.insert` many times, which has poor performance.  Consider joining all columns at once using pd.concat(axis=1) instead. To get a de-fragmented frame, use `newframe = frame.copy()`
  dataframe[f"dc_hi_{n}"] = dataframe["high"].rolling(n).max().shift(1)
/freqtrade/user_data/strategies/TrendVolTarget.py:50: PerformanceWarning: DataFrame is highly fragmented.  This is usually the result of calling `frame.insert` many times, which has poor performance.  Consider joining all columns at once using pd.concat(axis=1) instead. To get a de-fragmented frame, use `newframe = frame.copy()`
  dataframe[f"dc_hi_{n}"] = dataframe["high"].rolling(n).max().shift(1)
/freqtrade/user_data/strategies/TrendVolTarget.py:50: PerformanceWarning: DataFrame is highly fragmented.  This is usually the result of calling `frame.insert` many times, which has poor performance.  Consider joining all columns at once using pd.concat(axis=1) instead. To get a de-fragmented frame, use `newframe = frame.copy()`
  dataframe[f"dc_hi_{n}"] = dataframe["high"].rolling(n).max().shift(1)
/freqtrade/user_data/strategies/TrendVolTarget.py:50: PerformanceWarning: DataFrame is highly fragmented.  This is usually the result of calling `frame.insert` many times, which has poor performance.  Consider joining all columns at once using pd.concat(axis=1) instead. To get a de-fragmented frame, use `newframe = frame.copy()`
  dataframe[f"dc_hi_{n}"] = dataframe["high"].rolling(n).max().shift(1)
/freqtrade/user_data/strategies/TrendVolTarget.py:50: PerformanceWarning: DataFrame is highly fragmented.  This is usually the result of calling `frame.insert` many times, which has poor performance.  Consider joining all columns at once using pd.concat(axis=1) instead. To get a de-fragmented frame, use `newframe = frame.copy()`
  dataframe[f"dc_hi_{n}"] = dataframe["high"].rolling(n).max().shift(1)
/freqtrade/user_data/strategies/TrendVolTarget.py:50: PerformanceWarning: DataFrame is highly fragmented.  This is usually the result of calling `frame.insert` many times, which has poor performance.  Consider joining all columns at once using pd.concat(axis=1) instead. To get a de-fragmented frame, use `newframe = frame.copy()`
  dataframe[f"dc_hi_{n}"] = dataframe["high"].rolling(n).max().shift(1)
/freqtrade/user_data/strategies/TrendVolTarget.py:50: PerformanceWarning: DataFrame is highly fragmented.  This is usually the result of calling `frame.insert` many times, which has poor performance.  Consider joining all columns at once using pd.concat(axis=1) instead. To get a de-fragmented frame, use `newframe = frame.copy()`
  dataframe[f"dc_hi_{n}"] = dataframe["high"].rolling(n).max().shift(1)
/freqtrade/user_data/strategies/TrendVolTarget.py:50: PerformanceWarning: DataFrame is highly fragmented.  This is usually the result of calling `frame.insert` many times, which has poor performance.  Consider joining all columns at once using pd.concat(axis=1) instead. To get a de-fragmented frame, use `newframe = frame.copy()`
  dataframe[f"dc_hi_{n}"] = dataframe["high"].rolling(n).max().shift(1)
/freqtrade/user_data/strategies/TrendVolTarget.py:50: PerformanceWarning: DataFrame is highly fragmented.  This is usually the result of calling `frame.insert` many times, which has poor performance.  Consider joining all columns at once using pd.concat(axis=1) instead. To get a de-fragmented frame, use `newframe = frame.copy()`
  dataframe[f"dc_hi_{n}"] = dataframe["high"].rolling(n).max().shift(1)
/freqtrade/user_data/strategies/TrendVolTarget.py:50: PerformanceWarning: DataFrame is highly fragmented.  This is usually the result of calling `frame.insert` many times, which has poor performance.  Consider joining all columns at once using pd.concat(axis=1) instead. To get a de-fragmented frame, use `newframe = frame.copy()`
  dataframe[f"dc_hi_{n}"] = dataframe["high"].rolling(n).max().shift(1)
/freqtrade/user_data/strategies/TrendVolTarget.py:50: PerformanceWarning: DataFrame is highly fragmented.  This is usually the result of calling `frame.insert` many times, which has poor performance.  Consider joining all columns at once using pd.concat(axis=1) instead. To get a de-fragmented frame, use `newframe = frame.copy()`
  dataframe[f"dc_hi_{n}"] = dataframe["high"].rolling(n).max().shift(1)
/freqtrade/user_data/strategies/TrendVolTarget.py:50: PerformanceWarning: DataFrame is highly fragmented.  This is usually the result of calling `frame.insert` many times, which has poor performance.  Consider joining all columns at once using pd.concat(axis=1) instead. To get a de-fragmented frame, use `newframe = frame.copy()`
  dataframe[f"dc_hi_{n}"] = dataframe["high"].rolling(n).max().shift(1)
/freqtrade/user_data/strategies/TrendVolTarget.py:50: PerformanceWarning: DataFrame is highly fragmented.  This is usually the result of calling `frame.insert` many times, which has poor performance.  Consider joining all columns at once using pd.concat(axis=1) instead. To get a de-fragmented frame, use `newframe = frame.copy()`
  dataframe[f"dc_hi_{n}"] = dataframe["high"].rolling(n).max().shift(1)
/freqtrade/user_data/strategies/TrendVolTarget.py:50: PerformanceWarning: DataFrame is highly fragmented.  This is usually the result of calling `frame.insert` many times, which has poor performance.  Consider joining all columns at once using pd.concat(axis=1) instead. To get a de-fragmented frame, use `newframe = frame.copy()`
  dataframe[f"dc_hi_{n}"] = dataframe["high"].rolling(n).max().shift(1)
/freqtrade/user_data/strategies/TrendVolTarget.py:50: PerformanceWarning: DataFrame is highly fragmented.  This is usually the result of calling `frame.insert` many times, which has poor performance.  Consider joining all columns at once using pd.concat(axis=1) instead. To get a de-fragmented frame, use `newframe = frame.copy()`
  dataframe[f"dc_hi_{n}"] = dataframe["high"].rolling(n).max().shift(1)
/freqtrade/user_data/strategies/TrendVolTarget.py:50: PerformanceWarning: DataFrame is highly fragmented.  This is usually the result of calling `frame.insert` many times, which has poor performance.  Consider joining all columns at once using pd.concat(axis=1) instead. To get a de-fragmented frame, use `newframe = frame.copy()`
  dataframe[f"dc_hi_{n}"] = dataframe["high"].rolling(n).max().shift(1)
/freqtrade/user_data/strategies/TrendVolTarget.py:50: PerformanceWarning: DataFrame is highly fragmented.  This is usually the result of calling `frame.insert` many times, which has poor performance.  Consider joining all columns at once using pd.concat(axis=1) instead. To get a de-fragmented frame, use `newframe = frame.copy()`
  dataframe[f"dc_hi_{n}"] = dataframe["high"].rolling(n).max().shift(1)
/freqtrade/user_data/strategies/TrendVolTarget.py:50: PerformanceWarning: DataFrame is highly fragmented.  This is usually the result of calling `frame.insert` many times, which has poor performance.  Consider joining all columns at once using pd.concat(axis=1) instead. To get a de-fragmented frame, use `newframe = frame.copy()`
  dataframe[f"dc_hi_{n}"] = dataframe["high"].rolling(n).max().shift(1)
/freqtrade/user_data/strategies/TrendVolTarget.py:50: PerformanceWarning: DataFrame is highly fragmented.  This is usually the result of calling `frame.insert` many times, which has poor performance.  Consider joining all columns at once using pd.concat(axis=1) instead. To get a de-fragmented frame, use `newframe = frame.copy()`
  dataframe[f"dc_hi_{n}"] = dataframe["high"].rolling(n).max().shift(1)
/freqtrade/user_data/strategies/TrendVolTarget.py:50: PerformanceWarning: DataFrame is highly fragmented.  This is usually the result of calling `frame.insert` many times, which has poor performance.  Consider joining all columns at once using pd.concat(axis=1) instead. To get a de-fragmented frame, use `newframe = frame.copy()`
  dataframe[f"dc_hi_{n}"] = dataframe["high"].rolling(n).max().shift(1)
/freqtrade/user_data/strategies/TrendVolTarget.py:50: PerformanceWarning: DataFrame is highly fragmented.  This is usually the result of calling `frame.insert` many times, which has poor performance.  Consider joining all columns at once using pd.concat(axis=1) instead. To get a de-fragmented frame, use `newframe = frame.copy()`
  dataframe[f"dc_hi_{n}"] = dataframe["high"].rolling(n).max().shift(1)
/freqtrade/user_data/strategies/TrendVolTarget.py:50: PerformanceWarning: DataFrame is highly fragmented.  This is usually the result of calling `frame.insert` many times, which has poor performance.  Consider joining all columns at once using pd.concat(axis=1) instead. To get a de-fragmented frame, use `newframe = frame.copy()`
  dataframe[f"dc_hi_{n}"] = dataframe["high"].rolling(n).max().shift(1)
/freqtrade/user_data/strategies/TrendVolTarget.py:50: PerformanceWarning: DataFrame is highly fragmented.  This is usually the result of calling `frame.insert` many times, which has poor performance.  Consider joining all columns at once using pd.concat(axis=1) instead. To get a de-fragmented frame, use `newframe = frame.copy()`
  dataframe[f"dc_hi_{n}"] = dataframe["high"].rolling(n).max().shift(1)
/freqtrade/user_data/strategies/TrendVolTarget.py:50: PerformanceWarning: DataFrame is highly fragmented.  This is usually the result of calling `frame.insert` many times, which has poor performance.  Consider joining all columns at once using pd.concat(axis=1) instead. To get a de-fragmented frame, use `newframe = frame.copy()`
  dataframe[f"dc_hi_{n}"] = dataframe["high"].rolling(n).max().shift(1)
/freqtrade/user_data/strategies/TrendVolTarget.py:50: PerformanceWarning: DataFrame is highly fragmented.  This is usually the result of calling `frame.insert` many times, which has poor performance.  Consider joining all columns at once using pd.concat(axis=1) instead. To get a de-fragmented frame, use `newframe = frame.copy()`
  dataframe[f"dc_hi_{n}"] = dataframe["high"].rolling(n).max().shift(1)
/freqtrade/user_data/strategies/TrendVolTarget.py:50: PerformanceWarning: DataFrame is highly fragmented.  This is usually the result of calling `frame.insert` many times, which has poor performance.  Consider joining all columns at once using pd.concat(axis=1) instead. To get a de-fragmented frame, use `newframe = frame.copy()`
  dataframe[f"dc_hi_{n}"] = dataframe["high"].rolling(n).max().shift(1)
/freqtrade/user_data/strategies/TrendVolTarget.py:50: PerformanceWarning: DataFrame is highly fragmented.  This is usually the result of calling `frame.insert` many times, which has poor performance.  Consider joining all columns at once using pd.concat(axis=1) instead. To get a de-fragmented frame, use `newframe = frame.copy()`
  dataframe[f"dc_hi_{n}"] = dataframe["high"].rolling(n).max().shift(1)
/freqtrade/user_data/strategies/TrendVolTarget.py:50: PerformanceWarning: DataFrame is highly fragmented.  This is usually the result of calling `frame.insert` many times, which has poor performance.  Consider joining all columns at once using pd.concat(axis=1) instead. To get a de-fragmented frame, use `newframe = frame.copy()`
  dataframe[f"dc_hi_{n}"] = dataframe["high"].rolling(n).max().shift(1)
/freqtrade/user_data/strategies/TrendVolTarget.py:50: PerformanceWarning: DataFrame is highly fragmented.  This is usually the result of calling `frame.insert` many times, which has poor performance.  Consider joining all columns at once using pd.concat(axis=1) instead. To get a de-fragmented frame, use `newframe = frame.copy()`
  dataframe[f"dc_hi_{n}"] = dataframe["high"].rolling(n).max().shift(1)
/freqtrade/user_data/strategies/TrendVolTarget.py:50: PerformanceWarning: DataFrame is highly fragmented.  This is usually the result of calling `frame.insert` many times, which has poor performance.  Consider joining all columns at once using pd.concat(axis=1) instead. To get a de-fragmented frame, use `newframe = frame.copy()`
  dataframe[f"dc_hi_{n}"] = dataframe["high"].rolling(n).max().shift(1)
/freqtrade/user_data/strategies/TrendVolTarget.py:50: PerformanceWarning: DataFrame is highly fragmented.  This is usually the result of calling `frame.insert` many times, which has poor performance.  Consider joining all columns at once using pd.concat(axis=1) instead. To get a de-fragmented frame, use `newframe = frame.copy()`
  dataframe[f"dc_hi_{n}"] = dataframe["high"].rolling(n).max().shift(1)
/freqtrade/user_data/strategies/TrendVolTarget.py:50: PerformanceWarning: DataFrame is highly fragmented.  This is usually the result of calling `frame.insert` many times, which has poor performance.  Consider joining all columns at once using pd.concat(axis=1) instead. To get a de-fragmented frame, use `newframe = frame.copy()`
  dataframe[f"dc_hi_{n}"] = dataframe["high"].rolling(n).max().shift(1)
/freqtrade/user_data/strategies/TrendVolTarget.py:50: PerformanceWarning: DataFrame is highly fragmented.  This is usually the result of calling `frame.insert` many times, which has poor performance.  Consider joining all columns at once using pd.concat(axis=1) instead. To get a de-fragmented frame, use `newframe = frame.copy()`
  dataframe[f"dc_hi_{n}"] = dataframe["high"].rolling(n).max().shift(1)
/freqtrade/user_data/strategies/TrendVolTarget.py:50: PerformanceWarning: DataFrame is highly fragmented.  This is usually the result of calling `frame.insert` many times, which has poor performance.  Consider joining all columns at once using pd.concat(axis=1) instead. To get a de-fragmented frame, use `newframe = frame.copy()`
  dataframe[f"dc_hi_{n}"] = dataframe["high"].rolling(n).max().shift(1)
/freqtrade/user_data/strategies/TrendVolTarget.py:50: PerformanceWarning: DataFrame is highly fragmented.  This is usually the result of calling `frame.insert` many times, which has poor performance.  Consider joining all columns at once using pd.concat(axis=1) instead. To get a de-fragmented frame, use `newframe = frame.copy()`
  dataframe[f"dc_hi_{n}"] = dataframe["high"].rolling(n).max().shift(1)
/freqtrade/user_data/strategies/TrendVolTarget.py:50: PerformanceWarning: DataFrame is highly fragmented.  This is usually the result of calling `frame.insert` many times, which has poor performance.  Consider joining all columns at once using pd.concat(axis=1) instead. To get a de-fragmented frame, use `newframe = frame.copy()`
  dataframe[f"dc_hi_{n}"] = dataframe["high"].rolling(n).max().shift(1)
/freqtrade/user_data/strategies/TrendVolTarget.py:50: PerformanceWarning: DataFrame is highly fragmented.  This is usually the result of calling `frame.insert` many times, which has poor performance.  Consider joining all columns at once using pd.concat(axis=1) instead. To get a de-fragmented frame, use `newframe = frame.copy()`
  dataframe[f"dc_hi_{n}"] = dataframe["high"].rolling(n).max().shift(1)
/freqtrade/user_data/strategies/TrendVolTarget.py:50: PerformanceWarning: DataFrame is highly fragmented.  This is usually the result of calling `frame.insert` many times, which has poor performance.  Consider joining all columns at once using pd.concat(axis=1) instead. To get a de-fragmented frame, use `newframe = frame.copy()`
  dataframe[f"dc_hi_{n}"] = dataframe["high"].rolling(n).max().shift(1)
/freqtrade/user_data/strategies/TrendVolTarget.py:50: PerformanceWarning: DataFrame is highly fragmented.  This is usually the result of calling `frame.insert` many times, which has poor performance.  Consider joining all columns at once using pd.concat(axis=1) instead. To get a de-fragmented frame, use `newframe = frame.copy()`
  dataframe[f"dc_hi_{n}"] = dataframe["high"].rolling(n).max().shift(1)
/freqtrade/user_data/strategies/TrendVolTarget.py:50: PerformanceWarning: DataFrame is highly fragmented.  This is usually the result of calling `frame.insert` many times, which has poor performance.  Consider joining all columns at once using pd.concat(axis=1) instead. To get a de-fragmented frame, use `newframe = frame.copy()`
  dataframe[f"dc_hi_{n}"] = dataframe["high"].rolling(n).max().shift(1)
/freqtrade/user_data/strategies/TrendVolTarget.py:50: PerformanceWarning: DataFrame is highly fragmented.  This is usually the result of calling `frame.insert` many times, which has poor performance.  Consider joining all columns at once using pd.concat(axis=1) instead. To get a de-fragmented frame, use `newframe = frame.copy()`
  dataframe[f"dc_hi_{n}"] = dataframe["high"].rolling(n).max().shift(1)
/freqtrade/user_data/strategies/TrendVolTarget.py:50: PerformanceWarning: DataFrame is highly fragmented.  This is usually the result of calling `frame.insert` many times, which has poor performance.  Consider joining all columns at once using pd.concat(axis=1) instead. To get a de-fragmented frame, use `newframe = frame.copy()`
  dataframe[f"dc_hi_{n}"] = dataframe["high"].rolling(n).max().shift(1)
/freqtrade/user_data/strategies/TrendVolTarget.py:50: PerformanceWarning: DataFrame is highly fragmented.  This is usually the result of calling `frame.insert` many times, which has poor performance.  Consider joining all columns at once using pd.concat(axis=1) instead. To get a de-fragmented frame, use `newframe = frame.copy()`
  dataframe[f"dc_hi_{n}"] = dataframe["high"].rolling(n).max().shift(1)
/freqtrade/user_data/strategies/TrendVolTarget.py:50: PerformanceWarning: DataFrame is highly fragmented.  This is usually the result of calling `frame.insert` many times, which has poor performance.  Consider joining all columns at once using pd.concat(axis=1) instead. To get a de-fragmented frame, use `newframe = frame.copy()`
  dataframe[f"dc_hi_{n}"] = dataframe["high"].rolling(n).max().shift(1)
/freqtrade/user_data/strategies/TrendVolTarget.py:50: PerformanceWarning: DataFrame is highly fragmented.  This is usually the result of calling `frame.insert` many times, which has poor performance.  Consider joining all columns at once using pd.concat(axis=1) instead. To get a de-fragmented frame, use `newframe = frame.copy()`
  dataframe[f"dc_hi_{n}"] = dataframe["high"].rolling(n).max().shift(1)
/freqtrade/user_data/strategies/TrendVolTarget.py:50: PerformanceWarning: DataFrame is highly fragmented.  This is usually the result of calling `frame.insert` many times, which has poor performance.  Consider joining all columns at once using pd.concat(axis=1) instead. To get a de-fragmented frame, use `newframe = frame.copy()`
  dataframe[f"dc_hi_{n}"] = dataframe["high"].rolling(n).max().shift(1)
/freqtrade/user_data/strategies/TrendVolTarget.py:50: PerformanceWarning: DataFrame is highly fragmented.  This is usually the result of calling `frame.insert` many times, which has poor performance.  Consider joining all columns at once using pd.concat(axis=1) instead. To get a de-fragmented frame, use `newframe = frame.copy()`
  dataframe[f"dc_hi_{n}"] = dataframe["high"].rolling(n).max().shift(1)
/freqtrade/user_data/strategies/TrendVolTarget.py:50: PerformanceWarning: DataFrame is highly fragmented.  This is usually the result of calling `frame.insert` many times, which has poor performance.  Consider joining all columns at once using pd.concat(axis=1) instead. To get a de-fragmented frame, use `newframe = frame.copy()`
  dataframe[f"dc_hi_{n}"] = dataframe["high"].rolling(n).max().shift(1)
/freqtrade/user_data/strategies/TrendVolTarget.py:50: PerformanceWarning: DataFrame is highly fragmented.  This is usually the result of calling `frame.insert` many times, which has poor performance.  Consider joining all columns at once using pd.concat(axis=1) instead. To get a de-fragmented frame, use `newframe = frame.copy()`
  dataframe[f"dc_hi_{n}"] = dataframe["high"].rolling(n).max().shift(1)
/freqtrade/user_data/strategies/TrendVolTarget.py:50: PerformanceWarning: DataFrame is highly fragmented.  This is usually the result of calling `frame.insert` many times, which has poor performance.  Consider joining all columns at once using pd.concat(axis=1) instead. To get a de-fragmented frame, use `newframe = frame.copy()`
  dataframe[f"dc_hi_{n}"] = dataframe["high"].rolling(n).max().shift(1)
/freqtrade/user_data/strategies/TrendVolTarget.py:50: PerformanceWarning: DataFrame is highly fragmented.  This is usually the result of calling `frame.insert` many times, which has poor performance.  Consider joining all columns at once using pd.concat(axis=1) instead. To get a de-fragmented frame, use `newframe = frame.copy()`
  dataframe[f"dc_hi_{n}"] = dataframe["high"].rolling(n).max().shift(1)
/freqtrade/user_data/strategies/TrendVolTarget.py:50: PerformanceWarning: DataFrame is highly fragmented.  This is usually the result of calling `frame.insert` many times, which has poor performance.  Consider joining all columns at once using pd.concat(axis=1) instead. To get a de-fragmented frame, use `newframe = frame.copy()`
  dataframe[f"dc_hi_{n}"] = dataframe["high"].rolling(n).max().shift(1)
/freqtrade/user_data/strategies/TrendVolTarget.py:50: PerformanceWarning: DataFrame is highly fragmented.  This is usually the result of calling `frame.insert` many times, which has poor performance.  Consider joining all columns at once using pd.concat(axis=1) instead. To get a de-fragmented frame, use `newframe = frame.copy()`
  dataframe[f"dc_hi_{n}"] = dataframe["high"].rolling(n).max().shift(1)
/freqtrade/user_data/strategies/TrendVolTarget.py:50: PerformanceWarning: DataFrame is highly fragmented.  This is usually the result of calling `frame.insert` many times, which has poor performance.  Consider joining all columns at once using pd.concat(axis=1) instead. To get a de-fragmented frame, use `newframe = frame.copy()`
  dataframe[f"dc_hi_{n}"] = dataframe["high"].rolling(n).max().shift(1)
/freqtrade/user_data/strategies/TrendVolTarget.py:50: PerformanceWarning: DataFrame is highly fragmented.  This is usually the result of calling `frame.insert` many times, which has poor performance.  Consider joining all columns at once using pd.concat(axis=1) instead. To get a de-fragmented frame, use `newframe = frame.copy()`
  dataframe[f"dc_hi_{n}"] = dataframe["high"].rolling(n).max().shift(1)
/freqtrade/user_data/strategies/TrendVolTarget.py:50: PerformanceWarning: DataFrame is highly fragmented.  This is usually the result of calling `frame.insert` many times, which has poor performance.  Consider joining all columns at once using pd.concat(axis=1) instead. To get a de-fragmented frame, use `newframe = frame.copy()`
  dataframe[f"dc_hi_{n}"] = dataframe["high"].rolling(n).max().shift(1)
/freqtrade/user_data/strategies/TrendVolTarget.py:50: PerformanceWarning: DataFrame is highly fragmented.  This is usually the result of calling `frame.insert` many times, which has poor performance.  Consider joining all columns at once using pd.concat(axis=1) instead. To get a de-fragmented frame, use `newframe = frame.copy()`
  dataframe[f"dc_hi_{n}"] = dataframe["high"].rolling(n).max().shift(1)
/freqtrade/user_data/strategies/TrendVolTarget.py:50: PerformanceWarning: DataFrame is highly fragmented.  This is usually the result of calling `frame.insert` many times, which has poor performance.  Consider joining all columns at once using pd.concat(axis=1) instead. To get a de-fragmented frame, use `newframe = frame.copy()`
  dataframe[f"dc_hi_{n}"] = dataframe["high"].rolling(n).max().shift(1)
/freqtrade/user_data/strategies/TrendVolTarget.py:50: PerformanceWarning: DataFrame is highly fragmented.  This is usually the result of calling `frame.insert` many times, which has poor performance.  Consider joining all columns at once using pd.concat(axis=1) instead. To get a de-fragmented frame, use `newframe = frame.copy()`
  dataframe[f"dc_hi_{n}"] = dataframe["high"].rolling(n).max().shift(1)
/freqtrade/user_data/strategies/TrendVolTarget.py:50: PerformanceWarning: DataFrame is highly fragmented.  This is usually the result of calling `frame.insert` many times, which has poor performance.  Consider joining all columns at once using pd.concat(axis=1) instead. To get a de-fragmented frame, use `newframe = frame.copy()`
  dataframe[f"dc_hi_{n}"] = dataframe["high"].rolling(n).max().shift(1)
/freqtrade/user_data/strategies/TrendVolTarget.py:50: PerformanceWarning: DataFrame is highly fragmented.  This is usually the result of calling `frame.insert` many times, which has poor performance.  Consider joining all columns at once using pd.concat(axis=1) instead. To get a de-fragmented frame, use `newframe = frame.copy()`
  dataframe[f"dc_hi_{n}"] = dataframe["high"].rolling(n).max().shift(1)
/freqtrade/user_data/strategies/TrendVolTarget.py:50: PerformanceWarning: DataFrame is highly fragmented.  This is usually the result of calling `frame.insert` many times, which has poor performance.  Consider joining all columns at once using pd.concat(axis=1) instead. To get a de-fragmented frame, use `newframe = frame.copy()`
  dataframe[f"dc_hi_{n}"] = dataframe["high"].rolling(n).max().shift(1)
/freqtrade/user_data/strategies/TrendVolTarget.py:53: PerformanceWarning: DataFrame is highly fragmented.  This is usually the result of calling `frame.insert` many times, which has poor performance.  Consider joining all columns at once using pd.concat(axis=1) instead. To get a de-fragmented frame, use `newframe = frame.copy()`
  dataframe["sma_f"] = ta.SMA(dataframe, timeperiod=60)
/freqtrade/user_data/strategies/TrendVolTarget.py:54: PerformanceWarning: DataFrame is highly fragmented.  This is usually the result of calling `frame.insert` many times, which has poor performance.  Consider joining all columns at once using pd.concat(axis=1) instead. To get a de-fragmented frame, use `newframe = frame.copy()`
  dataframe["sma_s"] = ta.SMA(dataframe, timeperiod=240)
/freqtrade/user_data/strategies/TrendVolTarget.py:56: PerformanceWarning: DataFrame is highly fragmented.  This is usually the result of calling `frame.insert` many times, which has poor performance.  Consider joining all columns at once using pd.concat(axis=1) instead. To get a de-fragmented frame, use `newframe = frame.copy()`
  dataframe["rvol"] = dataframe["close"].pct_change().rolling(90).std() * np.sqrt(6 * 365)
/freqtrade/user_data/strategies/TrendVolTarget.py:50: PerformanceWarning: DataFrame is highly fragmented.  This is usually the result of calling `frame.insert` many times, which has poor performance.  Consider joining all columns at once using pd.concat(axis=1) instead. To get a de-fragmented frame, use `newframe = frame.copy()`
  dataframe[f"dc_hi_{n}"] = dataframe["high"].rolling(n).max().shift(1)
/freqtrade/user_data/strategies/TrendVolTarget.py:50: PerformanceWarning: DataFrame is highly fragmented.  This is usually the result of calling `frame.insert` many times, which has poor performance.  Consider joining all columns at once using pd.concat(axis=1) instead. To get a de-fragmented frame, use `newframe = frame.copy()`
  dataframe[f"dc_hi_{n}"] = dataframe["high"].rolling(n).max().shift(1)
/freqtrade/user_data/strategies/TrendVolTarget.py:50: PerformanceWarning: DataFrame is highly fragmented.  This is usually the result of calling `frame.insert` many times, which has poor performance.  Consider joining all columns at once using pd.concat(axis=1) instead. To get a de-fragmented frame, use `newframe = frame.copy()`
  dataframe[f"dc_hi_{n}"] = dataframe["high"].rolling(n).max().shift(1)
/freqtrade/user_data/strategies/TrendVolTarget.py:50: PerformanceWarning: DataFrame is highly fragmented.  This is usually the result of calling `frame.insert` many times, which has poor performance.  Consider joining all columns at once using pd.concat(axis=1) instead. To get a de-fragmented frame, use `newframe = frame.copy()`
  dataframe[f"dc_hi_{n}"] = dataframe["high"].rolling(n).max().shift(1)
/freqtrade/user_data/strategies/TrendVolTarget.py:50: PerformanceWarning: DataFrame is highly fragmented.  This is usually the result of calling `frame.insert` many times, which has poor performance.  Consider joining all columns at once using pd.concat(axis=1) instead. To get a de-fragmented frame, use `newframe = frame.copy()`
  dataframe[f"dc_hi_{n}"] = dataframe["high"].rolling(n).max().shift(1)
/freqtrade/user_data/strategies/TrendVolTarget.py:50: PerformanceWarning: DataFrame is highly fragmented.  This is usually the result of calling `frame.insert` many times, which has poor performance.  Consider joining all columns at once using pd.concat(axis=1) instead. To get a de-fragmented frame, use `newframe = frame.copy()`
  dataframe[f"dc_hi_{n}"] = dataframe["high"].rolling(n).max().shift(1)
/freqtrade/user_data/strategies/TrendVolTarget.py:50: PerformanceWarning: DataFrame is highly fragmented.  This is usually the result of calling `frame.insert` many times, which has poor performance.  Consider joining all columns at once using pd.concat(axis=1) instead. To get a de-fragmented frame, use `newframe = frame.copy()`
  dataframe[f"dc_hi_{n}"] = dataframe["high"].rolling(n).max().shift(1)
/freqtrade/user_data/strategies/TrendVolTarget.py:50: PerformanceWarning: DataFrame is highly fragmented.  This is usually the result of calling `frame.insert` many times, which has poor performance.  Consider joining all columns at once using pd.concat(axis=1) instead. To get a de-fragmented frame, use `newframe = frame.copy()`
  dataframe[f"dc_hi_{n}"] = dataframe["high"].rolling(n).max().shift(1)
/freqtrade/user_data/strategies/TrendVolTarget.py:50: PerformanceWarning: DataFrame is highly fragmented.  This is usually the result of calling `frame.insert` many times, which has poor performance.  Consider joining all columns at once using pd.concat(axis=1) instead. To get a de-fragmented frame, use `newframe = frame.copy()`
  dataframe[f"dc_hi_{n}"] = dataframe["high"].rolling(n).max().shift(1)
/freqtrade/user_data/strategies/TrendVolTarget.py:50: PerformanceWarning: DataFrame is highly fragmented.  This is usually the result of calling `frame.insert` many times, which has poor performance.  Consider joining all columns at once using pd.concat(axis=1) instead. To get a de-fragmented frame, use `newframe = frame.copy()`
  dataframe[f"dc_hi_{n}"] = dataframe["high"].rolling(n).max().shift(1)
/freqtrade/user_data/strategies/TrendVolTarget.py:50: PerformanceWarning: DataFrame is highly fragmented.  This is usually the result of calling `frame.insert` many times, which has poor performance.  Consider joining all columns at once using pd.concat(axis=1) instead. To get a de-fragmented frame, use `newframe = frame.copy()`
  dataframe[f"dc_hi_{n}"] = dataframe["high"].rolling(n).max().shift(1)
/freqtrade/user_data/strategies/TrendVolTarget.py:50: PerformanceWarning: DataFrame is highly fragmented.  This is usually the result of calling `frame.insert` many times, which has poor performance.  Consider joining all columns at once using pd.concat(axis=1) instead. To get a de-fragmented frame, use `newframe = frame.copy()`
  dataframe[f"dc_hi_{n}"] = dataframe["high"].rolling(n).max().shift(1)
/freqtrade/user_data/strategies/TrendVolTarget.py:50: PerformanceWarning: DataFrame is highly fragmented.  This is usually the result of calling `frame.insert` many times, which has poor performance.  Consider joining all columns at once using pd.concat(axis=1) instead. To get a de-fragmented frame, use `newframe = frame.copy()`
  dataframe[f"dc_hi_{n}"] = dataframe["high"].rolling(n).max().shift(1)
/freqtrade/user_data/strategies/TrendVolTarget.py:50: PerformanceWarning: DataFrame is highly fragmented.  This is usually the result of calling `frame.insert` many times, which has poor performance.  Consider joining all columns at once using pd.concat(axis=1) instead. To get a de-fragmented frame, use `newframe = frame.copy()`
  dataframe[f"dc_hi_{n}"] = dataframe["high"].rolling(n).max().shift(1)
/freqtrade/user_data/strategies/TrendVolTarget.py:50: PerformanceWarning: DataFrame is highly fragmented.  This is usually the result of calling `frame.insert` many times, which has poor performance.  Consider joining all columns at once using pd.concat(axis=1) instead. To get a de-fragmented frame, use `newframe = frame.copy()`
  dataframe[f"dc_hi_{n}"] = dataframe["high"].rolling(n).max().shift(1)
/freqtrade/user_data/strategies/TrendVolTarget.py:50: PerformanceWarning: DataFrame is highly fragmented.  This is usually the result of calling `frame.insert` many times, which has poor performance.  Consider joining all columns at once using pd.concat(axis=1) instead. To get a de-fragmented frame, use `newframe = frame.copy()`
  dataframe[f"dc_hi_{n}"] = dataframe["high"].rolling(n).max().shift(1)
/freqtrade/user_data/strategies/TrendVolTarget.py:50: PerformanceWarning: DataFrame is highly fragmented.  This is usually the result of calling `frame.insert` many times, which has poor performance.  Consider joining all columns at once using pd.concat(axis=1) instead. To get a de-fragmented frame, use `newframe = frame.copy()`
  dataframe[f"dc_hi_{n}"] = dataframe["high"].rolling(n).max().shift(1)
/freqtrade/user_data/strategies/TrendVolTarget.py:50: PerformanceWarning: DataFrame is highly fragmented.  This is usually the result of calling `frame.insert` many times, which has poor performance.  Consider joining all columns at once using pd.concat(axis=1) instead. To get a de-fragmented frame, use `newframe = frame.copy()`
  dataframe[f"dc_hi_{n}"] = dataframe["high"].rolling(n).max().shift(1)
/freqtrade/user_data/strategies/TrendVolTarget.py:50: PerformanceWarning: DataFrame is highly fragmented.  This is usually the result of calling `frame.insert` many times, which has poor performance.  Consider joining all columns at once using pd.concat(axis=1) instead. To get a de-fragmented frame, use `newframe = frame.copy()`
  dataframe[f"dc_hi_{n}"] = dataframe["high"].rolling(n).max().shift(1)
/freqtrade/user_data/strategies/TrendVolTarget.py:50: PerformanceWarning: DataFrame is highly fragmented.  This is usually the result of calling `frame.insert` many times, which has poor performance.  Consider joining all columns at once using pd.concat(axis=1) instead. To get a de-fragmented frame, use `newframe = frame.copy()`
  dataframe[f"dc_hi_{n}"] = dataframe["high"].rolling(n).max().shift(1)
/freqtrade/user_data/strategies/TrendVolTarget.py:50: PerformanceWarning: DataFrame is highly fragmented.  This is usually the result of calling `frame.insert` many times, which has poor performance.  Consider joining all columns at once using pd.concat(axis=1) instead. To get a de-fragmented frame, use `newframe = frame.copy()`
  dataframe[f"dc_hi_{n}"] = dataframe["high"].rolling(n).max().shift(1)
/freqtrade/user_data/strategies/TrendVolTarget.py:50: PerformanceWarning: DataFrame is highly fragmented.  This is usually the result of calling `frame.insert` many times, which has poor performance.  Consider joining all columns at once using pd.concat(axis=1) instead. To get a de-fragmented frame, use `newframe = frame.copy()`
  dataframe[f"dc_hi_{n}"] = dataframe["high"].rolling(n).max().shift(1)
/freqtrade/user_data/strategies/TrendVolTarget.py:50: PerformanceWarning: DataFrame is highly fragmented.  This is usually the result of calling `frame.insert` many times, which has poor performance.  Consider joining all columns at once using pd.concat(axis=1) instead. To get a de-fragmented frame, use `newframe = frame.copy()`
  dataframe[f"dc_hi_{n}"] = dataframe["high"].rolling(n).max().shift(1)
/freqtrade/user_data/strategies/TrendVolTarget.py:50: PerformanceWarning: DataFrame is highly fragmented.  This is usually the result of calling `frame.insert` many times, which has poor performance.  Consider joining all columns at once using pd.concat(axis=1) instead. To get a de-fragmented frame, use `newframe = frame.copy()`
  dataframe[f"dc_hi_{n}"] = dataframe["high"].rolling(n).max().shift(1)
/freqtrade/user_data/strategies/TrendVolTarget.py:50: PerformanceWarning: DataFrame is highly fragmented.  This is usually the result of calling `frame.insert` many times, which has poor performance.  Consider joining all columns at once using pd.concat(axis=1) instead. To get a de-fragmented frame, use `newframe = frame.copy()`
  dataframe[f"dc_hi_{n}"] = dataframe["high"].rolling(n).max().shift(1)
/freqtrade/user_data/strategies/TrendVolTarget.py:50: PerformanceWarning: DataFrame is highly fragmented.  This is usually the result of calling `frame.insert` many times, which has poor performance.  Consider joining all columns at once using pd.concat(axis=1) instead. To get a de-fragmented frame, use `newframe = frame.copy()`
  dataframe[f"dc_hi_{n}"] = dataframe["high"].rolling(n).max().shift(1)
/freqtrade/user_data/strategies/TrendVolTarget.py:50: PerformanceWarning: DataFrame is highly fragmented.  This is usually the result of calling `frame.insert` many times, which has poor performance.  Consider joining all columns at once using pd.concat(axis=1) instead. To get a de-fragmented frame, use `newframe = frame.copy()`
  dataframe[f"dc_hi_{n}"] = dataframe["high"].rolling(n).max().shift(1)
/freqtrade/user_data/strategies/TrendVolTarget.py:50: PerformanceWarning: DataFrame is highly fragmented.  This is usually the result of calling `frame.insert` many times, which has poor performance.  Consider joining all columns at once using pd.concat(axis=1) instead. To get a de-fragmented frame, use `newframe = frame.copy()`
  dataframe[f"dc_hi_{n}"] = dataframe["high"].rolling(n).max().shift(1)
/freqtrade/user_data/strategies/TrendVolTarget.py:50: PerformanceWarning: DataFrame is highly fragmented.  This is usually the result of calling `frame.insert` many times, which has poor performance.  Consider joining all columns at once using pd.concat(axis=1) instead. To get a de-fragmented frame, use `newframe = frame.copy()`
  dataframe[f"dc_hi_{n}"] = dataframe["high"].rolling(n).max().shift(1)
/freqtrade/user_data/strategies/TrendVolTarget.py:50: PerformanceWarning: DataFrame is highly fragmented.  This is usually the result of calling `frame.insert` many times, which has poor performance.  Consider joining all columns at once using pd.concat(axis=1) instead. To get a de-fragmented frame, use `newframe = frame.copy()`
  dataframe[f"dc_hi_{n}"] = dataframe["high"].rolling(n).max().shift(1)
/freqtrade/user_data/strategies/TrendVolTarget.py:50: PerformanceWarning: DataFrame is highly fragmented.  This is usually the result of calling `frame.insert` many times, which has poor performance.  Consider joining all columns at once using pd.concat(axis=1) instead. To get a de-fragmented frame, use `newframe = frame.copy()`
  dataframe[f"dc_hi_{n}"] = dataframe["high"].rolling(n).max().shift(1)
/freqtrade/user_data/strategies/TrendVolTarget.py:50: PerformanceWarning: DataFrame is highly fragmented.  This is usually the result of calling `frame.insert` many times, which has poor performance.  Consider joining all columns at once using pd.concat(axis=1) instead. To get a de-fragmented frame, use `newframe = frame.copy()`
  dataframe[f"dc_hi_{n}"] = dataframe["high"].rolling(n).max().shift(1)
/freqtrade/user_data/strategies/TrendVolTarget.py:50: PerformanceWarning: DataFrame is highly fragmented.  This is usually the result of calling `frame.insert` many times, which has poor performance.  Consider joining all columns at once using pd.concat(axis=1) instead. To get a de-fragmented frame, use `newframe = frame.copy()`
  dataframe[f"dc_hi_{n}"] = dataframe["high"].rolling(n).max().shift(1)
/freqtrade/user_data/strategies/TrendVolTarget.py:50: PerformanceWarning: DataFrame is highly fragmented.  This is usually the result of calling `frame.insert` many times, which has poor performance.  Consider joining all columns at once using pd.concat(axis=1) instead. To get a de-fragmented frame, use `newframe = frame.copy()`
  dataframe[f"dc_hi_{n}"] = dataframe["high"].rolling(n).max().shift(1)
/freqtrade/user_data/strategies/TrendVolTarget.py:50: PerformanceWarning: DataFrame is highly fragmented.  This is usually the result of calling `frame.insert` many times, which has poor performance.  Consider joining all columns at once using pd.concat(axis=1) instead. To get a de-fragmented frame, use `newframe = frame.copy()`
  dataframe[f"dc_hi_{n}"] = dataframe["high"].rolling(n).max().shift(1)
/freqtrade/user_data/strategies/TrendVolTarget.py:50: PerformanceWarning: DataFrame is highly fragmented.  This is usually the result of calling `frame.insert` many times, which has poor performance.  Consider joining all columns at once using pd.concat(axis=1) instead. To get a de-fragmented frame, use `newframe = frame.copy()`
  dataframe[f"dc_hi_{n}"] = dataframe["high"].rolling(n).max().shift(1)
/freqtrade/user_data/strategies/TrendVolTarget.py:50: PerformanceWarning: DataFrame is highly fragmented.  This is usually the result of calling `frame.insert` many times, which has poor performance.  Consider joining all columns at once using pd.concat(axis=1) instead. To get a de-fragmented frame, use `newframe = frame.copy()`
  dataframe[f"dc_hi_{n}"] = dataframe["high"].rolling(n).max().shift(1)
/freqtrade/user_data/strategies/TrendVolTarget.py:50: PerformanceWarning: DataFrame is highly fragmented.  This is usually the result of calling `frame.insert` many times, which has poor performance.  Consider joining all columns at once using pd.concat(axis=1) instead. To get a de-fragmented frame, use `newframe = frame.copy()`
  dataframe[f"dc_hi_{n}"] = dataframe["high"].rolling(n).max().shift(1)
/freqtrade/user_data/strategies/TrendVolTarget.py:50: PerformanceWarning: DataFrame is highly fragmented.  This is usually the result of calling `frame.insert` many times, which has poor performance.  Consider joining all columns at once using pd.concat(axis=1) instead. To get a de-fragmented frame, use `newframe = frame.copy()`
  dataframe[f"dc_hi_{n}"] = dataframe["high"].rolling(n).max().shift(1)
/freqtrade/user_data/strategies/TrendVolTarget.py:50: PerformanceWarning: DataFrame is highly fragmented.  This is usually the result of calling `frame.insert` many times, which has poor performance.  Consider joining all columns at once using pd.concat(axis=1) instead. To get a de-fragmented frame, use `newframe = frame.copy()`
  dataframe[f"dc_hi_{n}"] = dataframe["high"].rolling(n).max().shift(1)
/freqtrade/user_data/strategies/TrendVolTarget.py:50: PerformanceWarning: DataFrame is highly fragmented.  This is usually the result of calling `frame.insert` many times, which has poor performance.  Consider joining all columns at once using pd.concat(axis=1) instead. To get a de-fragmented frame, use `newframe = frame.copy()`
  dataframe[f"dc_hi_{n}"] = dataframe["high"].rolling(n).max().shift(1)
/freqtrade/user_data/strategies/TrendVolTarget.py:50: PerformanceWarning: DataFrame is highly fragmented.  This is usually the result of calling `frame.insert` many times, which has poor performance.  Consider joining all columns at once using pd.concat(axis=1) instead. To get a de-fragmented frame, use `newframe = frame.copy()`
  dataframe[f"dc_hi_{n}"] = dataframe["high"].rolling(n).max().shift(1)
/freqtrade/user_data/strategies/TrendVolTarget.py:50: PerformanceWarning: DataFrame is highly fragmented.  This is usually the result of calling `frame.insert` many times, which has poor performance.  Consider joining all columns at once using pd.concat(axis=1) instead. To get a de-fragmented frame, use `newframe = frame.copy()`
  dataframe[f"dc_hi_{n}"] = dataframe["high"].rolling(n).max().shift(1)
/freqtrade/user_data/strategies/TrendVolTarget.py:50: PerformanceWarning: DataFrame is highly fragmented.  This is usually the result of calling `frame.insert` many times, which has poor performance.  Consider joining all columns at once using pd.concat(axis=1) instead. To get a de-fragmented frame, use `newframe = frame.copy()`
  dataframe[f"dc_hi_{n}"] = dataframe["high"].rolling(n).max().shift(1)
/freqtrade/user_data/strategies/TrendVolTarget.py:50: PerformanceWarning: DataFrame is highly fragmented.  This is usually the result of calling `frame.insert` many times, which has poor performance.  Consider joining all columns at once using pd.concat(axis=1) instead. To get a de-fragmented frame, use `newframe = frame.copy()`
  dataframe[f"dc_hi_{n}"] = dataframe["high"].rolling(n).max().shift(1)
/freqtrade/user_data/strategies/TrendVolTarget.py:50: PerformanceWarning: DataFrame is highly fragmented.  This is usually the result of calling `frame.insert` many times, which has poor performance.  Consider joining all columns at once using pd.concat(axis=1) instead. To get a de-fragmented frame, use `newframe = frame.copy()`
  dataframe[f"dc_hi_{n}"] = dataframe["high"].rolling(n).max().shift(1)
/freqtrade/user_data/strategies/TrendVolTarget.py:50: PerformanceWarning: DataFrame is highly fragmented.  This is usually the result of calling `frame.insert` many times, which has poor performance.  Consider joining all columns at once using pd.concat(axis=1) instead. To get a de-fragmented frame, use `newframe = frame.copy()`
  dataframe[f"dc_hi_{n}"] = dataframe["high"].rolling(n).max().shift(1)
/freqtrade/user_data/strategies/TrendVolTarget.py:50: PerformanceWarning: DataFrame is highly fragmented.  This is usually the result of calling `frame.insert` many times, which has poor performance.  Consider joining all columns at once using pd.concat(axis=1) instead. To get a de-fragmented frame, use `newframe = frame.copy()`
  dataframe[f"dc_hi_{n}"] = dataframe["high"].rolling(n).max().shift(1)
/freqtrade/user_data/strategies/TrendVolTarget.py:50: PerformanceWarning: DataFrame is highly fragmented.  This is usually the result of calling `frame.insert` many times, which has poor performance.  Consider joining all columns at once using pd.concat(axis=1) instead. To get a de-fragmented frame, use `newframe = frame.copy()`
  dataframe[f"dc_hi_{n}"] = dataframe["high"].rolling(n).max().shift(1)
/freqtrade/user_data/strategies/TrendVolTarget.py:50: PerformanceWarning: DataFrame is highly fragmented.  This is usually the result of calling `frame.insert` many times, which has poor performance.  Consider joining all columns at once using pd.concat(axis=1) instead. To get a de-fragmented frame, use `newframe = frame.copy()`
  dataframe[f"dc_hi_{n}"] = dataframe["high"].rolling(n).max().shift(1)
/freqtrade/user_data/strategies/TrendVolTarget.py:50: PerformanceWarning: DataFrame is highly fragmented.  This is usually the result of calling `frame.insert` many times, which has poor performance.  Consider joining all columns at once using pd.concat(axis=1) instead. To get a de-fragmented frame, use `newframe = frame.copy()`
  dataframe[f"dc_hi_{n}"] = dataframe["high"].rolling(n).max().shift(1)
/freqtrade/user_data/strategies/TrendVolTarget.py:50: PerformanceWarning: DataFrame is highly fragmented.  This is usually the result of calling `frame.insert` many times, which has poor performance.  Consider joining all columns at once using pd.concat(axis=1) instead. To get a de-fragmented frame, use `newframe = frame.copy()`
  dataframe[f"dc_hi_{n}"] = dataframe["high"].rolling(n).max().shift(1)
/freqtrade/user_data/strategies/TrendVolTarget.py:50: PerformanceWarning: DataFrame is highly fragmented.  This is usually the result of calling `frame.insert` many times, which has poor performance.  Consider joining all columns at once using pd.concat(axis=1) instead. To get a de-fragmented frame, use `newframe = frame.copy()`
  dataframe[f"dc_hi_{n}"] = dataframe["high"].rolling(n).max().shift(1)
/freqtrade/user_data/strategies/TrendVolTarget.py:50: PerformanceWarning: DataFrame is highly fragmented.  This is usually the result of calling `frame.insert` many times, which has poor performance.  Consider joining all columns at once using pd.concat(axis=1) instead. To get a de-fragmented frame, use `newframe = frame.copy()`
  dataframe[f"dc_hi_{n}"] = dataframe["high"].rolling(n).max().shift(1)
/freqtrade/user_data/strategies/TrendVolTarget.py:50: PerformanceWarning: DataFrame is highly fragmented.  This is usually the result of calling `frame.insert` many times, which has poor performance.  Consider joining all columns at once using pd.concat(axis=1) instead. To get a de-fragmented frame, use `newframe = frame.copy()`
  dataframe[f"dc_hi_{n}"] = dataframe["high"].rolling(n).max().shift(1)
/freqtrade/user_data/strategies/TrendVolTarget.py:50: PerformanceWarning: DataFrame is highly fragmented.  This is usually the result of calling `frame.insert` many times, which has poor performance.  Consider joining all columns at once using pd.concat(axis=1) instead. To get a de-fragmented frame, use `newframe = frame.copy()`
  dataframe[f"dc_hi_{n}"] = dataframe["high"].rolling(n).max().shift(1)
/freqtrade/user_data/strategies/TrendVolTarget.py:50: PerformanceWarning: DataFrame is highly fragmented.  This is usually the result of calling `frame.insert` many times, which has poor performance.  Consider joining all columns at once using pd.concat(axis=1) instead. To get a de-fragmented frame, use `newframe = frame.copy()`
  dataframe[f"dc_hi_{n}"] = dataframe["high"].rolling(n).max().shift(1)
/freqtrade/user_data/strategies/TrendVolTarget.py:50: PerformanceWarning: DataFrame is highly fragmented.  This is usually the result of calling `frame.insert` many times, which has poor performance.  Consider joining all columns at once using pd.concat(axis=1) instead. To get a de-fragmented frame, use `newframe = frame.copy()`
  dataframe[f"dc_hi_{n}"] = dataframe["high"].rolling(n).max().shift(1)
/freqtrade/user_data/strategies/TrendVolTarget.py:50: PerformanceWarning: DataFrame is highly fragmented.  This is usually the result of calling `frame.insert` many times, which has poor performance.  Consider joining all columns at once using pd.concat(axis=1) instead. To get a de-fragmented frame, use `newframe = frame.copy()`
  dataframe[f"dc_hi_{n}"] = dataframe["high"].rolling(n).max().shift(1)
/freqtrade/user_data/strategies/TrendVolTarget.py:50: PerformanceWarning: DataFrame is highly fragmented.  This is usually the result of calling `frame.insert` many times, which has poor performance.  Consider joining all columns at once using pd.concat(axis=1) instead. To get a de-fragmented frame, use `newframe = frame.copy()`
  dataframe[f"dc_hi_{n}"] = dataframe["high"].rolling(n).max().shift(1)
/freqtrade/user_data/strategies/TrendVolTarget.py:50: PerformanceWarning: DataFrame is highly fragmented.  This is usually the result of calling `frame.insert` many times, which has poor performance.  Consider joining all columns at once using pd.concat(axis=1) instead. To get a de-fragmented frame, use `newframe = frame.copy()`
  dataframe[f"dc_hi_{n}"] = dataframe["high"].rolling(n).max().shift(1)
/freqtrade/user_data/strategies/TrendVolTarget.py:50: PerformanceWarning: DataFrame is highly fragmented.  This is usually the result of calling `frame.insert` many times, which has poor performance.  Consider joining all columns at once using pd.concat(axis=1) instead. To get a de-fragmented frame, use `newframe = frame.copy()`
  dataframe[f"dc_hi_{n}"] = dataframe["high"].rolling(n).max().shift(1)
/freqtrade/user_data/strategies/TrendVolTarget.py:50: PerformanceWarning: DataFrame is highly fragmented.  This is usually the result of calling `frame.insert` many times, which has poor performance.  Consider joining all columns at once using pd.concat(axis=1) instead. To get a de-fragmented frame, use `newframe = frame.copy()`
  dataframe[f"dc_hi_{n}"] = dataframe["high"].rolling(n).max().shift(1)
/freqtrade/user_data/strategies/TrendVolTarget.py:50: PerformanceWarning: DataFrame is highly fragmented.  This is usually the result of calling `frame.insert` many times, which has poor performance.  Consider joining all columns at once using pd.concat(axis=1) instead. To get a de-fragmented frame, use `newframe = frame.copy()`
  dataframe[f"dc_hi_{n}"] = dataframe["high"].rolling(n).max().shift(1)
/freqtrade/user_data/strategies/TrendVolTarget.py:50: PerformanceWarning: DataFrame is highly fragmented.  This is usually the result of calling `frame.insert` many times, which has poor performance.  Consider joining all columns at once using pd.concat(axis=1) instead. To get a de-fragmented frame, use `newframe = frame.copy()`
  dataframe[f"dc_hi_{n}"] = dataframe["high"].rolling(n).max().shift(1)
/freqtrade/user_data/strategies/TrendVolTarget.py:50: PerformanceWarning: DataFrame is highly fragmented.  This is usually the result of calling `frame.insert` many times, which has poor performance.  Consider joining all columns at once using pd.concat(axis=1) instead. To get a de-fragmented frame, use `newframe = frame.copy()`
  dataframe[f"dc_hi_{n}"] = dataframe["high"].rolling(n).max().shift(1)
/freqtrade/user_data/strategies/TrendVolTarget.py:50: PerformanceWarning: DataFrame is highly fragmented.  This is usually the result of calling `frame.insert` many times, which has poor performance.  Consider joining all columns at once using pd.concat(axis=1) instead. To get a de-fragmented frame, use `newframe = frame.copy()`
  dataframe[f"dc_hi_{n}"] = dataframe["high"].rolling(n).max().shift(1)
/freqtrade/user_data/strategies/TrendVolTarget.py:50: PerformanceWarning: DataFrame is highly fragmented.  This is usually the result of calling `frame.insert` many times, which has poor performance.  Consider joining all columns at once using pd.concat(axis=1) instead. To get a de-fragmented frame, use `newframe = frame.copy()`
  dataframe[f"dc_hi_{n}"] = dataframe["high"].rolling(n).max().shift(1)
/freqtrade/user_data/strategies/TrendVolTarget.py:50: PerformanceWarning: DataFrame is highly fragmented.  This is usually the result of calling `frame.insert` many times, which has poor performance.  Consider joining all columns at once using pd.concat(axis=1) instead. To get a de-fragmented frame, use `newframe = frame.copy()`
  dataframe[f"dc_hi_{n}"] = dataframe["high"].rolling(n).max().shift(1)
/freqtrade/user_data/strategies/TrendVolTarget.py:50: PerformanceWarning: DataFrame is highly fragmented.  This is usually the result of calling `frame.insert` many times, which has poor performance.  Consider joining all columns at once using pd.concat(axis=1) instead. To get a de-fragmented frame, use `newframe = frame.copy()`
  dataframe[f"dc_hi_{n}"] = dataframe["high"].rolling(n).max().shift(1)
/freqtrade/user_data/strategies/TrendVolTarget.py:50: PerformanceWarning: DataFrame is highly fragmented.  This is usually the result of calling `frame.insert` many times, which has poor performance.  Consider joining all columns at once using pd.concat(axis=1) instead. To get a de-fragmented frame, use `newframe = frame.copy()`
  dataframe[f"dc_hi_{n}"] = dataframe["high"].rolling(n).max().shift(1)
/freqtrade/user_data/strategies/TrendVolTarget.py:50: PerformanceWarning: DataFrame is highly fragmented.  This is usually the result of calling `frame.insert` many times, which has poor performance.  Consider joining all columns at once using pd.concat(axis=1) instead. To get a de-fragmented frame, use `newframe = frame.copy()`
  dataframe[f"dc_hi_{n}"] = dataframe["high"].rolling(n).max().shift(1)
/freqtrade/user_data/strategies/TrendVolTarget.py:50: PerformanceWarning: DataFrame is highly fragmented.  This is usually the result of calling `frame.insert` many times, which has poor performance.  Consider joining all columns at once using pd.concat(axis=1) instead. To get a de-fragmented frame, use `newframe = frame.copy()`
  dataframe[f"dc_hi_{n}"] = dataframe["high"].rolling(n).max().shift(1)
/freqtrade/user_data/strategies/TrendVolTarget.py:50: PerformanceWarning: DataFrame is highly fragmented.  This is usually the result of calling `frame.insert` many times, which has poor performance.  Consider joining all columns at once using pd.concat(axis=1) instead. To get a de-fragmented frame, use `newframe = frame.copy()`
  dataframe[f"dc_hi_{n}"] = dataframe["high"].rolling(n).max().shift(1)
/freqtrade/user_data/strategies/TrendVolTarget.py:50: PerformanceWarning: DataFrame is highly fragmented.  This is usually the result of calling `frame.insert` many times, which has poor performance.  Consider joining all columns at once using pd.concat(axis=1) instead. To get a de-fragmented frame, use `newframe = frame.copy()`
  dataframe[f"dc_hi_{n}"] = dataframe["high"].rolling(n).max().shift(1)
/freqtrade/user_data/strategies/TrendVolTarget.py:50: PerformanceWarning: DataFrame is highly fragmented.  This is usually the result of calling `frame.insert` many times, which has poor performance.  Consider joining all columns at once using pd.concat(axis=1) instead. To get a de-fragmented frame, use `newframe = frame.copy()`
  dataframe[f"dc_hi_{n}"] = dataframe["high"].rolling(n).max().shift(1)
/freqtrade/user_data/strategies/TrendVolTarget.py:50: PerformanceWarning: DataFrame is highly fragmented.  This is usually the result of calling `frame.insert` many times, which has poor performance.  Consider joining all columns at once using pd.concat(axis=1) instead. To get a de-fragmented frame, use `newframe = frame.copy()`
  dataframe[f"dc_hi_{n}"] = dataframe["high"].rolling(n).max().shift(1)
/freqtrade/user_data/strategies/TrendVolTarget.py:50: PerformanceWarning: DataFrame is highly fragmented.  This is usually the result of calling `frame.insert` many times, which has poor performance.  Consider joining all columns at once using pd.concat(axis=1) instead. To get a de-fragmented frame, use `newframe = frame.copy()`
  dataframe[f"dc_hi_{n}"] = dataframe["high"].rolling(n).max().shift(1)
/freqtrade/user_data/strategies/TrendVolTarget.py:50: PerformanceWarning: DataFrame is highly fragmented.  This is usually the result of calling `frame.insert` many times, which has poor performance.  Consider joining all columns at once using pd.concat(axis=1) instead. To get a de-fragmented frame, use `newframe = frame.copy()`
  dataframe[f"dc_hi_{n}"] = dataframe["high"].rolling(n).max().shift(1)
/freqtrade/user_data/strategies/TrendVolTarget.py:50: PerformanceWarning: DataFrame is highly fragmented.  This is usually the result of calling `frame.insert` many times, which has poor performance.  Consider joining all columns at once using pd.concat(axis=1) instead. To get a de-fragmented frame, use `newframe = frame.copy()`
  dataframe[f"dc_hi_{n}"] = dataframe["high"].rolling(n).max().shift(1)
/freqtrade/user_data/strategies/TrendVolTarget.py:50: PerformanceWarning: DataFrame is highly fragmented.  This is usually the result of calling `frame.insert` many times, which has poor performance.  Consider joining all columns at once using pd.concat(axis=1) instead. To get a de-fragmented frame, use `newframe = frame.copy()`
  dataframe[f"dc_hi_{n}"] = dataframe["high"].rolling(n).max().shift(1)
/freqtrade/user_data/strategies/TrendVolTarget.py:50: PerformanceWarning: DataFrame is highly fragmented.  This is usually the result of calling `frame.insert` many times, which has poor performance.  Consider joining all columns at once using pd.concat(axis=1) instead. To get a de-fragmented frame, use `newframe = frame.copy()`
  dataframe[f"dc_hi_{n}"] = dataframe["high"].rolling(n).max().shift(1)
/freqtrade/user_data/strategies/TrendVolTarget.py:50: PerformanceWarning: DataFrame is highly fragmented.  This is usually the result of calling `frame.insert` many times, which has poor performance.  Consider joining all columns at once using pd.concat(axis=1) instead. To get a de-fragmented frame, use `newframe = frame.copy()`
  dataframe[f"dc_hi_{n}"] = dataframe["high"].rolling(n).max().shift(1)
/freqtrade/user_data/strategies/TrendVolTarget.py:50: PerformanceWarning: DataFrame is highly fragmented.  This is usually the result of calling `frame.insert` many times, which has poor performance.  Consider joining all columns at once using pd.concat(axis=1) instead. To get a de-fragmented frame, use `newframe = frame.copy()`
  dataframe[f"dc_hi_{n}"] = dataframe["high"].rolling(n).max().shift(1)
/freqtrade/user_data/strategies/TrendVolTarget.py:50: PerformanceWarning: DataFrame is highly fragmented.  This is usually the result of calling `frame.insert` many times, which has poor performance.  Consider joining all columns at once using pd.concat(axis=1) instead. To get a de-fragmented frame, use `newframe = frame.copy()`
  dataframe[f"dc_hi_{n}"] = dataframe["high"].rolling(n).max().shift(1)
/freqtrade/user_data/strategies/TrendVolTarget.py:53: PerformanceWarning: DataFrame is highly fragmented.  This is usually the result of calling `frame.insert` many times, which has poor performance.  Consider joining all columns at once using pd.concat(axis=1) instead. To get a de-fragmented frame, use `newframe = frame.copy()`
  dataframe["sma_f"] = ta.SMA(dataframe, timeperiod=60)
/freqtrade/user_data/strategies/TrendVolTarget.py:54: PerformanceWarning: DataFrame is highly fragmented.  This is usually the result of calling `frame.insert` many times, which has poor performance.  Consider joining all columns at once using pd.concat(axis=1) instead. To get a de-fragmented frame, use `newframe = frame.copy()`
  dataframe["sma_s"] = ta.SMA(dataframe, timeperiod=240)
/freqtrade/user_data/strategies/TrendVolTarget.py:56: PerformanceWarning: DataFrame is highly fragmented.  This is usually the result of calling `frame.insert` many times, which has poor performance.  Consider joining all columns at once using pd.concat(axis=1) instead. To get a de-fragmented frame, use `newframe = frame.copy()`
  dataframe["rvol"] = dataframe["close"].pct_change().rolling(90).std() * np.sqrt(6 * 365)
/freqtrade/user_data/strategies/TrendVolTarget.py:50: PerformanceWarning: DataFrame is highly fragmented.  This is usually the result of calling `frame.insert` many times, which has poor performance.  Consider joining all columns at once using pd.concat(axis=1) instead. To get a de-fragmented frame, use `newframe = frame.copy()`
  dataframe[f"dc_hi_{n}"] = dataframe["high"].rolling(n).max().shift(1)
/freqtrade/user_data/strategies/TrendVolTarget.py:50: PerformanceWarning: DataFrame is highly fragmented.  This is usually the result of calling `frame.insert` many times, which has poor performance.  Consider joining all columns at once using pd.concat(axis=1) instead. To get a de-fragmented frame, use `newframe = frame.copy()`
  dataframe[f"dc_hi_{n}"] = dataframe["high"].rolling(n).max().shift(1)
/freqtrade/user_data/strategies/TrendVolTarget.py:50: PerformanceWarning: DataFrame is highly fragmented.  This is usually the result of calling `frame.insert` many times, which has poor performance.  Consider joining all columns at once using pd.concat(axis=1) instead. To get a de-fragmented frame, use `newframe = frame.copy()`
  dataframe[f"dc_hi_{n}"] = dataframe["high"].rolling(n).max().shift(1)
/freqtrade/user_data/strategies/TrendVolTarget.py:50: PerformanceWarning: DataFrame is highly fragmented.  This is usually the result of calling `frame.insert` many times, which has poor performance.  Consider joining all columns at once using pd.concat(axis=1) instead. To get a de-fragmented frame, use `newframe = frame.copy()`
  dataframe[f"dc_hi_{n}"] = dataframe["high"].rolling(n).max().shift(1)
/freqtrade/user_data/strategies/TrendVolTarget.py:50: PerformanceWarning: DataFrame is highly fragmented.  This is usually the result of calling `frame.insert` many times, which has poor performance.  Consider joining all columns at once using pd.concat(axis=1) instead. To get a de-fragmented frame, use `newframe = frame.copy()`
  dataframe[f"dc_hi_{n}"] = dataframe["high"].rolling(n).max().shift(1)
/freqtrade/user_data/strategies/TrendVolTarget.py:50: PerformanceWarning: DataFrame is highly fragmented.  This is usually the result of calling `frame.insert` many times, which has poor performance.  Consider joining all columns at once using pd.concat(axis=1) instead. To get a de-fragmented frame, use `newframe = frame.copy()`
  dataframe[f"dc_hi_{n}"] = dataframe["high"].rolling(n).max().shift(1)
/freqtrade/user_data/strategies/TrendVolTarget.py:50: PerformanceWarning: DataFrame is highly fragmented.  This is usually the result of calling `frame.insert` many times, which has poor performance.  Consider joining all columns at once using pd.concat(axis=1) instead. To get a de-fragmented frame, use `newframe = frame.copy()`
  dataframe[f"dc_hi_{n}"] = dataframe["high"].rolling(n).max().shift(1)
/freqtrade/user_data/strategies/TrendVolTarget.py:50: PerformanceWarning: DataFrame is highly fragmented.  This is usually the result of calling `frame.insert` many times, which has poor performance.  Consider joining all columns at once using pd.concat(axis=1) instead. To get a de-fragmented frame, use `newframe = frame.copy()`
  dataframe[f"dc_hi_{n}"] = dataframe["high"].rolling(n).max().shift(1)
/freqtrade/user_data/strategies/TrendVolTarget.py:50: PerformanceWarning: DataFrame is highly fragmented.  This is usually the result of calling `frame.insert` many times, which has poor performance.  Consider joining all columns at once using pd.concat(axis=1) instead. To get a de-fragmented frame, use `newframe = frame.copy()`
  dataframe[f"dc_hi_{n}"] = dataframe["high"].rolling(n).max().shift(1)
/freqtrade/user_data/strategies/TrendVolTarget.py:50: PerformanceWarning: DataFrame is highly fragmented.  This is usually the result of calling `frame.insert` many times, which has poor performance.  Consider joining all columns at once using pd.concat(axis=1) instead. To get a de-fragmented frame, use `newframe = frame.copy()`
  dataframe[f"dc_hi_{n}"] = dataframe["high"].rolling(n).max().shift(1)
/freqtrade/user_data/strategies/TrendVolTarget.py:50: PerformanceWarning: DataFrame is highly fragmented.  This is usually the result of calling `frame.insert` many times, which has poor performance.  Consider joining all columns at once using pd.concat(axis=1) instead. To get a de-fragmented frame, use `newframe = frame.copy()`
  dataframe[f"dc_hi_{n}"] = dataframe["high"].rolling(n).max().shift(1)
/freqtrade/user_data/strategies/TrendVolTarget.py:50: PerformanceWarning: DataFrame is highly fragmented.  This is usually the result of calling `frame.insert` many times, which has poor performance.  Consider joining all columns at once using pd.concat(axis=1) instead. To get a de-fragmented frame, use `newframe = frame.copy()`
  dataframe[f"dc_hi_{n}"] = dataframe["high"].rolling(n).max().shift(1)
/freqtrade/user_data/strategies/TrendVolTarget.py:50: PerformanceWarning: DataFrame is highly fragmented.  This is usually the result of calling `frame.insert` many times, which has poor performance.  Consider joining all columns at once using pd.concat(axis=1) instead. To get a de-fragmented frame, use `newframe = frame.copy()`
  dataframe[f"dc_hi_{n}"] = dataframe["high"].rolling(n).max().shift(1)
/freqtrade/user_data/strategies/TrendVolTarget.py:50: PerformanceWarning: DataFrame is highly fragmented.  This is usually the result of calling `frame.insert` many times, which has poor performance.  Consider joining all columns at once using pd.concat(axis=1) instead. To get a de-fragmented frame, use `newframe = frame.copy()`
  dataframe[f"dc_hi_{n}"] = dataframe["high"].rolling(n).max().shift(1)
/freqtrade/user_data/strategies/TrendVolTarget.py:50: PerformanceWarning: DataFrame is highly fragmented.  This is usually the result of calling `frame.insert` many times, which has poor performance.  Consider joining all columns at once using pd.concat(axis=1) instead. To get a de-fragmented frame, use `newframe = frame.copy()`
  dataframe[f"dc_hi_{n}"] = dataframe["high"].rolling(n).max().shift(1)
/freqtrade/user_data/strategies/TrendVolTarget.py:50: PerformanceWarning: DataFrame is highly fragmented.  This is usually the result of calling `frame.insert` many times, which has poor performance.  Consider joining all columns at once using pd.concat(axis=1) instead. To get a de-fragmented frame, use `newframe = frame.copy()`
  dataframe[f"dc_hi_{n}"] = dataframe["high"].rolling(n).max().shift(1)
/freqtrade/user_data/strategies/TrendVolTarget.py:50: PerformanceWarning: DataFrame is highly fragmented.  This is usually the result of calling `frame.insert` many times, which has poor performance.  Consider joining all columns at once using pd.concat(axis=1) instead. To get a de-fragmented frame, use `newframe = frame.copy()`
  dataframe[f"dc_hi_{n}"] = dataframe["high"].rolling(n).max().shift(1)
/freqtrade/user_data/strategies/TrendVolTarget.py:50: PerformanceWarning: DataFrame is highly fragmented.  This is usually the result of calling `frame.insert` many times, which has poor performance.  Consider joining all columns at once using pd.concat(axis=1) instead. To get a de-fragmented frame, use `newframe = frame.copy()`
  dataframe[f"dc_hi_{n}"] = dataframe["high"].rolling(n).max().shift(1)
/freqtrade/user_data/strategies/TrendVolTarget.py:50: PerformanceWarning: DataFrame is highly fragmented.  This is usually the result of calling `frame.insert` many times, which has poor performance.  Consider joining all columns at once using pd.concat(axis=1) instead. To get a de-fragmented frame, use `newframe = frame.copy()`
  dataframe[f"dc_hi_{n}"] = dataframe["high"].rolling(n).max().shift(1)
/freqtrade/user_data/strategies/TrendVolTarget.py:50: PerformanceWarning: DataFrame is highly fragmented.  This is usually the result of calling `frame.insert` many times, which has poor performance.  Consider joining all columns at once using pd.concat(axis=1) instead. To get a de-fragmented frame, use `newframe = frame.copy()`
  dataframe[f"dc_hi_{n}"] = dataframe["high"].rolling(n).max().shift(1)
/freqtrade/user_data/strategies/TrendVolTarget.py:50: PerformanceWarning: DataFrame is highly fragmented.  This is usually the result of calling `frame.insert` many times, which has poor performance.  Consider joining all columns at once using pd.concat(axis=1) instead. To get a de-fragmented frame, use `newframe = frame.copy()`
  dataframe[f"dc_hi_{n}"] = dataframe["high"].rolling(n).max().shift(1)
/freqtrade/user_data/strategies/TrendVolTarget.py:50: PerformanceWarning: DataFrame is highly fragmented.  This is usually the result of calling `frame.insert` many times, which has poor performance.  Consider joining all columns at once using pd.concat(axis=1) instead. To get a de-fragmented frame, use `newframe = frame.copy()`
  dataframe[f"dc_hi_{n}"] = dataframe["high"].rolling(n).max().shift(1)
/freqtrade/user_data/strategies/TrendVolTarget.py:50: PerformanceWarning: DataFrame is highly fragmented.  This is usually the result of calling `frame.insert` many times, which has poor performance.  Consider joining all columns at once using pd.concat(axis=1) instead. To get a de-fragmented frame, use `newframe = frame.copy()`
  dataframe[f"dc_hi_{n}"] = dataframe["high"].rolling(n).max().shift(1)
/freqtrade/user_data/strategies/TrendVolTarget.py:50: PerformanceWarning: DataFrame is highly fragmented.  This is usually the result of calling `frame.insert` many times, which has poor performance.  Consider joining all columns at once using pd.concat(axis=1) instead. To get a de-fragmented frame, use `newframe = frame.copy()`
  dataframe[f"dc_hi_{n}"] = dataframe["high"].rolling(n).max().shift(1)
/freqtrade/user_data/strategies/TrendVolTarget.py:50: PerformanceWarning: DataFrame is highly fragmented.  This is usually the result of calling `frame.insert` many times, which has poor performance.  Consider joining all columns at once using pd.concat(axis=1) instead. To get a de-fragmented frame, use `newframe = frame.copy()`
  dataframe[f"dc_hi_{n}"] = dataframe["high"].rolling(n).max().shift(1)
/freqtrade/user_data/strategies/TrendVolTarget.py:50: PerformanceWarning: DataFrame is highly fragmented.  This is usually the result of calling `frame.insert` many times, which has poor performance.  Consider joining all columns at once using pd.concat(axis=1) instead. To get a de-fragmented frame, use `newframe = frame.copy()`
  dataframe[f"dc_hi_{n}"] = dataframe["high"].rolling(n).max().shift(1)
/freqtrade/user_data/strategies/TrendVolTarget.py:50: PerformanceWarning: DataFrame is highly fragmented.  This is usually the result of calling `frame.insert` many times, which has poor performance.  Consider joining all columns at once using pd.concat(axis=1) instead. To get a de-fragmented frame, use `newframe = frame.copy()`
  dataframe[f"dc_hi_{n}"] = dataframe["high"].rolling(n).max().shift(1)
/freqtrade/user_data/strategies/TrendVolTarget.py:50: PerformanceWarning: DataFrame is highly fragmented.  This is usually the result of calling `frame.insert` many times, which has poor performance.  Consider joining all columns at once using pd.concat(axis=1) instead. To get a de-fragmented frame, use `newframe = frame.copy()`
  dataframe[f"dc_hi_{n}"] = dataframe["high"].rolling(n).max().shift(1)
/freqtrade/user_data/strategies/TrendVolTarget.py:50: PerformanceWarning: DataFrame is highly fragmented.  This is usually the result of calling `frame.insert` many times, which has poor performance.  Consider joining all columns at once using pd.concat(axis=1) instead. To get a de-fragmented frame, use `newframe = frame.copy()`
  dataframe[f"dc_hi_{n}"] = dataframe["high"].rolling(n).max().shift(1)
/freqtrade/user_data/strategies/TrendVolTarget.py:50: PerformanceWarning: DataFrame is highly fragmented.  This is usually the result of calling `frame.insert` many times, which has poor performance.  Consider joining all columns at once using pd.concat(axis=1) instead. To get a de-fragmented frame, use `newframe = frame.copy()`
  dataframe[f"dc_hi_{n}"] = dataframe["high"].rolling(n).max().shift(1)
/freqtrade/user_data/strategies/TrendVolTarget.py:50: PerformanceWarning: DataFrame is highly fragmented.  This is usually the result of calling `frame.insert` many times, which has poor performance.  Consider joining all columns at once using pd.concat(axis=1) instead. To get a de-fragmented frame, use `newframe = frame.copy()`
  dataframe[f"dc_hi_{n}"] = dataframe["high"].rolling(n).max().shift(1)
/freqtrade/user_data/strategies/TrendVolTarget.py:50: PerformanceWarning: DataFrame is highly fragmented.  This is usually the result of calling `frame.insert` many times, which has poor performance.  Consider joining all columns at once using pd.concat(axis=1) instead. To get a de-fragmented frame, use `newframe = frame.copy()`
  dataframe[f"dc_hi_{n}"] = dataframe["high"].rolling(n).max().shift(1)
/freqtrade/user_data/strategies/TrendVolTarget.py:50: PerformanceWarning: DataFrame is highly fragmented.  This is usually the result of calling `frame.insert` many times, which has poor performance.  Consider joining all columns at once using pd.concat(axis=1) instead. To get a de-fragmented frame, use `newframe = frame.copy()`
  dataframe[f"dc_hi_{n}"] = dataframe["high"].rolling(n).max().shift(1)
/freqtrade/user_data/strategies/TrendVolTarget.py:50: PerformanceWarning: DataFrame is highly fragmented.  This is usually the result of calling `frame.insert` many times, which has poor performance.  Consider joining all columns at once using pd.concat(axis=1) instead. To get a de-fragmented frame, use `newframe = frame.copy()`
  dataframe[f"dc_hi_{n}"] = dataframe["high"].rolling(n).max().shift(1)
/freqtrade/user_data/strategies/TrendVolTarget.py:50: PerformanceWarning: DataFrame is highly fragmented.  This is usually the result of calling `frame.insert` many times, which has poor performance.  Consider joining all columns at once using pd.concat(axis=1) instead. To get a de-fragmented frame, use `newframe = frame.copy()`
  dataframe[f"dc_hi_{n}"] = dataframe["high"].rolling(n).max().shift(1)
/freqtrade/user_data/strategies/TrendVolTarget.py:50: PerformanceWarning: DataFrame is highly fragmented.  This is usually the result of calling `frame.insert` many times, which has poor performance.  Consider joining all columns at once using pd.concat(axis=1) instead. To get a de-fragmented frame, use `newframe = frame.copy()`
  dataframe[f"dc_hi_{n}"] = dataframe["high"].rolling(n).max().shift(1)
/freqtrade/user_data/strategies/TrendVolTarget.py:50: PerformanceWarning: DataFrame is highly fragmented.  This is usually the result of calling `frame.insert` many times, which has poor performance.  Consider joining all columns at once using pd.concat(axis=1) instead. To get a de-fragmented frame, use `newframe = frame.copy()`
  dataframe[f"dc_hi_{n}"] = dataframe["high"].rolling(n).max().shift(1)
/freqtrade/user_data/strategies/TrendVolTarget.py:50: PerformanceWarning: DataFrame is highly fragmented.  This is usually the result of calling `frame.insert` many times, which has poor performance.  Consider joining all columns at once using pd.concat(axis=1) instead. To get a de-fragmented frame, use `newframe = frame.copy()`
  dataframe[f"dc_hi_{n}"] = dataframe["high"].rolling(n).max().shift(1)
/freqtrade/user_data/strategies/TrendVolTarget.py:50: PerformanceWarning: DataFrame is highly fragmented.  This is usually the result of calling `frame.insert` many times, which has poor performance.  Consider joining all columns at once using pd.concat(axis=1) instead. To get a de-fragmented frame, use `newframe = frame.copy()`
  dataframe[f"dc_hi_{n}"] = dataframe["high"].rolling(n).max().shift(1)
/freqtrade/user_data/strategies/TrendVolTarget.py:50: PerformanceWarning: DataFrame is highly fragmented.  This is usually the result of calling `frame.insert` many times, which has poor performance.  Consider joining all columns at once using pd.concat(axis=1) instead. To get a de-fragmented frame, use `newframe = frame.copy()`
  dataframe[f"dc_hi_{n}"] = dataframe["high"].rolling(n).max().shift(1)
/freqtrade/user_data/strategies/TrendVolTarget.py:50: PerformanceWarning: DataFrame is highly fragmented.  This is usually the result of calling `frame.insert` many times, which has poor performance.  Consider joining all columns at once using pd.concat(axis=1) instead. To get a de-fragmented frame, use `newframe = frame.copy()`
  dataframe[f"dc_hi_{n}"] = dataframe["high"].rolling(n).max().shift(1)
/freqtrade/user_data/strategies/TrendVolTarget.py:50: PerformanceWarning: DataFrame is highly fragmented.  This is usually the result of calling `frame.insert` many times, which has poor performance.  Consider joining all columns at once using pd.concat(axis=1) instead. To get a de-fragmented frame, use `newframe = frame.copy()`
  dataframe[f"dc_hi_{n}"] = dataframe["high"].rolling(n).max().shift(1)
/freqtrade/user_data/strategies/TrendVolTarget.py:50: PerformanceWarning: DataFrame is highly fragmented.  This is usually the result of calling `frame.insert` many times, which has poor performance.  Consider joining all columns at once using pd.concat(axis=1) instead. To get a de-fragmented frame, use `newframe = frame.copy()`
  dataframe[f"dc_hi_{n}"] = dataframe["high"].rolling(n).max().shift(1)
/freqtrade/user_data/strategies/TrendVolTarget.py:50: PerformanceWarning: DataFrame is highly fragmented.  This is usually the result of calling `frame.insert` many times, which has poor performance.  Consider joining all columns at once using pd.concat(axis=1) instead. To get a de-fragmented frame, use `newframe = frame.copy()`
  dataframe[f"dc_hi_{n}"] = dataframe["high"].rolling(n).max().shift(1)
/freqtrade/user_data/strategies/TrendVolTarget.py:50: PerformanceWarning: DataFrame is highly fragmented.  This is usually the result of calling `frame.insert` many times, which has poor performance.  Consider joining all columns at once using pd.concat(axis=1) instead. To get a de-fragmented frame, use `newframe = frame.copy()`
  dataframe[f"dc_hi_{n}"] = dataframe["high"].rolling(n).max().shift(1)
/freqtrade/user_data/strategies/TrendVolTarget.py:50: PerformanceWarning: DataFrame is highly fragmented.  This is usually the result of calling `frame.insert` many times, which has poor performance.  Consider joining all columns at once using pd.concat(axis=1) instead. To get a de-fragmented frame, use `newframe = frame.copy()`
  dataframe[f"dc_hi_{n}"] = dataframe["high"].rolling(n).max().shift(1)
/freqtrade/user_data/strategies/TrendVolTarget.py:50: PerformanceWarning: DataFrame is highly fragmented.  This is usually the result of calling `frame.insert` many times, which has poor performance.  Consider joining all columns at once using pd.concat(axis=1) instead. To get a de-fragmented frame, use `newframe = frame.copy()`
  dataframe[f"dc_hi_{n}"] = dataframe["high"].rolling(n).max().shift(1)
/freqtrade/user_data/strategies/TrendVolTarget.py:50: PerformanceWarning: DataFrame is highly fragmented.  This is usually the result of calling `frame.insert` many times, which has poor performance.  Consider joining all columns at once using pd.concat(axis=1) instead. To get a de-fragmented frame, use `newframe = frame.copy()`
  dataframe[f"dc_hi_{n}"] = dataframe["high"].rolling(n).max().shift(1)
/freqtrade/user_data/strategies/TrendVolTarget.py:50: PerformanceWarning: DataFrame is highly fragmented.  This is usually the result of calling `frame.insert` many times, which has poor performance.  Consider joining all columns at once using pd.concat(axis=1) instead. To get a de-fragmented frame, use `newframe = frame.copy()`
  dataframe[f"dc_hi_{n}"] = dataframe["high"].rolling(n).max().shift(1)
/freqtrade/user_data/strategies/TrendVolTarget.py:50: PerformanceWarning: DataFrame is highly fragmented.  This is usually the result of calling `frame.insert` many times, which has poor performance.  Consider joining all columns at once using pd.concat(axis=1) instead. To get a de-fragmented frame, use `newframe = frame.copy()`
  dataframe[f"dc_hi_{n}"] = dataframe["high"].rolling(n).max().shift(1)
/freqtrade/user_data/strategies/TrendVolTarget.py:50: PerformanceWarning: DataFrame is highly fragmented.  This is usually the result of calling `frame.insert` many times, which has poor performance.  Consider joining all columns at once using pd.concat(axis=1) instead. To get a de-fragmented frame, use `newframe = frame.copy()`
  dataframe[f"dc_hi_{n}"] = dataframe["high"].rolling(n).max().shift(1)
/freqtrade/user_data/strategies/TrendVolTarget.py:50: PerformanceWarning: DataFrame is highly fragmented.  This is usually the result of calling `frame.insert` many times, which has poor performance.  Consider joining all columns at once using pd.concat(axis=1) instead. To get a de-fragmented frame, use `newframe = frame.copy()`
  dataframe[f"dc_hi_{n}"] = dataframe["high"].rolling(n).max().shift(1)
/freqtrade/user_data/strategies/TrendVolTarget.py:50: PerformanceWarning: DataFrame is highly fragmented.  This is usually the result of calling `frame.insert` many times, which has poor performance.  Consider joining all columns at once using pd.concat(axis=1) instead. To get a de-fragmented frame, use `newframe = frame.copy()`
  dataframe[f"dc_hi_{n}"] = dataframe["high"].rolling(n).max().shift(1)
/freqtrade/user_data/strategies/TrendVolTarget.py:50: PerformanceWarning: DataFrame is highly fragmented.  This is usually the result of calling `frame.insert` many times, which has poor performance.  Consider joining all columns at once using pd.concat(axis=1) instead. To get a de-fragmented frame, use `newframe = frame.copy()`
  dataframe[f"dc_hi_{n}"] = dataframe["high"].rolling(n).max().shift(1)
/freqtrade/user_data/strategies/TrendVolTarget.py:50: PerformanceWarning: DataFrame is highly fragmented.  This is usually the result of calling `frame.insert` many times, which has poor performance.  Consider joining all columns at once using pd.concat(axis=1) instead. To get a de-fragmented frame, use `newframe = frame.copy()`
  dataframe[f"dc_hi_{n}"] = dataframe["high"].rolling(n).max().shift(1)
/freqtrade/user_data/strategies/TrendVolTarget.py:50: PerformanceWarning: DataFrame is highly fragmented.  This is usually the result of calling `frame.insert` many times, which has poor performance.  Consider joining all columns at once using pd.concat(axis=1) instead. To get a de-fragmented frame, use `newframe = frame.copy()`
  dataframe[f"dc_hi_{n}"] = dataframe["high"].rolling(n).max().shift(1)
/freqtrade/user_data/strategies/TrendVolTarget.py:50: PerformanceWarning: DataFrame is highly fragmented.  This is usually the result of calling `frame.insert` many times, which has poor performance.  Consider joining all columns at once using pd.concat(axis=1) instead. To get a de-fragmented frame, use `newframe = frame.copy()`
  dataframe[f"dc_hi_{n}"] = dataframe["high"].rolling(n).max().shift(1)
/freqtrade/user_data/strategies/TrendVolTarget.py:50: PerformanceWarning: DataFrame is highly fragmented.  This is usually the result of calling `frame.insert` many times, which has poor performance.  Consider joining all columns at once using pd.concat(axis=1) instead. To get a de-fragmented frame, use `newframe = frame.copy()`
  dataframe[f"dc_hi_{n}"] = dataframe["high"].rolling(n).max().shift(1)
/freqtrade/user_data/strategies/TrendVolTarget.py:50: PerformanceWarning: DataFrame is highly fragmented.  This is usually the result of calling `frame.insert` many times, which has poor performance.  Consider joining all columns at once using pd.concat(axis=1) instead. To get a de-fragmented frame, use `newframe = frame.copy()`
  dataframe[f"dc_hi_{n}"] = dataframe["high"].rolling(n).max().shift(1)
/freqtrade/user_data/strategies/TrendVolTarget.py:50: PerformanceWarning: DataFrame is highly fragmented.  This is usually the result of calling `frame.insert` many times, which has poor performance.  Consider joining all columns at once using pd.concat(axis=1) instead. To get a de-fragmented frame, use `newframe = frame.copy()`
  dataframe[f"dc_hi_{n}"] = dataframe["high"].rolling(n).max().shift(1)
/freqtrade/user_data/strategies/TrendVolTarget.py:50: PerformanceWarning: DataFrame is highly fragmented.  This is usually the result of calling `frame.insert` many times, which has poor performance.  Consider joining all columns at once using pd.concat(axis=1) instead. To get a de-fragmented frame, use `newframe = frame.copy()`
  dataframe[f"dc_hi_{n}"] = dataframe["high"].rolling(n).max().shift(1)
/freqtrade/user_data/strategies/TrendVolTarget.py:50: PerformanceWarning: DataFrame is highly fragmented.  This is usually the result of calling `frame.insert` many times, which has poor performance.  Consider joining all columns at once using pd.concat(axis=1) instead. To get a de-fragmented frame, use `newframe = frame.copy()`
  dataframe[f"dc_hi_{n}"] = dataframe["high"].rolling(n).max().shift(1)
/freqtrade/user_data/strategies/TrendVolTarget.py:50: PerformanceWarning: DataFrame is highly fragmented.  This is usually the result of calling `frame.insert` many times, which has poor performance.  Consider joining all columns at once using pd.concat(axis=1) instead. To get a de-fragmented frame, use `newframe = frame.copy()`
  dataframe[f"dc_hi_{n}"] = dataframe["high"].rolling(n).max().shift(1)
/freqtrade/user_data/strategies/TrendVolTarget.py:50: PerformanceWarning: DataFrame is highly fragmented.  This is usually the result of calling `frame.insert` many times, which has poor performance.  Consider joining all columns at once using pd.concat(axis=1) instead. To get a de-fragmented frame, use `newframe = frame.copy()`
  dataframe[f"dc_hi_{n}"] = dataframe["high"].rolling(n).max().shift(1)
/freqtrade/user_data/strategies/TrendVolTarget.py:50: PerformanceWarning: DataFrame is highly fragmented.  This is usually the result of calling `frame.insert` many times, which has poor performance.  Consider joining all columns at once using pd.concat(axis=1) instead. To get a de-fragmented frame, use `newframe = frame.copy()`
  dataframe[f"dc_hi_{n}"] = dataframe["high"].rolling(n).max().shift(1)
/freqtrade/user_data/strategies/TrendVolTarget.py:50: PerformanceWarning: DataFrame is highly fragmented.  This is usually the result of calling `frame.insert` many times, which has poor performance.  Consider joining all columns at once using pd.concat(axis=1) instead. To get a de-fragmented frame, use `newframe = frame.copy()`
  dataframe[f"dc_hi_{n}"] = dataframe["high"].rolling(n).max().shift(1)
/freqtrade/user_data/strategies/TrendVolTarget.py:50: PerformanceWarning: DataFrame is highly fragmented.  This is usually the result of calling `frame.insert` many times, which has poor performance.  Consider joining all columns at once using pd.concat(axis=1) instead. To get a de-fragmented frame, use `newframe = frame.copy()`
  dataframe[f"dc_hi_{n}"] = dataframe["high"].rolling(n).max().shift(1)
/freqtrade/user_data/strategies/TrendVolTarget.py:50: PerformanceWarning: DataFrame is highly fragmented.  This is usually the result of calling `frame.insert` many times, which has poor performance.  Consider joining all columns at once using pd.concat(axis=1) instead. To get a de-fragmented frame, use `newframe = frame.copy()`
  dataframe[f"dc_hi_{n}"] = dataframe["high"].rolling(n).max().shift(1)
/freqtrade/user_data/strategies/TrendVolTarget.py:50: PerformanceWarning: DataFrame is highly fragmented.  This is usually the result of calling `frame.insert` many times, which has poor performance.  Consider joining all columns at once using pd.concat(axis=1) instead. To get a de-fragmented frame, use `newframe = frame.copy()`
  dataframe[f"dc_hi_{n}"] = dataframe["high"].rolling(n).max().shift(1)
/freqtrade/user_data/strategies/TrendVolTarget.py:50: PerformanceWarning: DataFrame is highly fragmented.  This is usually the result of calling `frame.insert` many times, which has poor performance.  Consider joining all columns at once using pd.concat(axis=1) instead. To get a de-fragmented frame, use `newframe = frame.copy()`
  dataframe[f"dc_hi_{n}"] = dataframe["high"].rolling(n).max().shift(1)
/freqtrade/user_data/strategies/TrendVolTarget.py:50: PerformanceWarning: DataFrame is highly fragmented.  This is usually the result of calling `frame.insert` many times, which has poor performance.  Consider joining all columns at once using pd.concat(axis=1) instead. To get a de-fragmented frame, use `newframe = frame.copy()`
  dataframe[f"dc_hi_{n}"] = dataframe["high"].rolling(n).max().shift(1)
/freqtrade/user_data/strategies/TrendVolTarget.py:50: PerformanceWarning: DataFrame is highly fragmented.  This is usually the result of calling `frame.insert` many times, which has poor performance.  Consider joining all columns at once using pd.concat(axis=1) instead. To get a de-fragmented frame, use `newframe = frame.copy()`
  dataframe[f"dc_hi_{n}"] = dataframe["high"].rolling(n).max().shift(1)
/freqtrade/user_data/strategies/TrendVolTarget.py:50: PerformanceWarning: DataFrame is highly fragmented.  This is usually the result of calling `frame.insert` many times, which has poor performance.  Consider joining all columns at once using pd.concat(axis=1) instead. To get a de-fragmented frame, use `newframe = frame.copy()`
  dataframe[f"dc_hi_{n}"] = dataframe["high"].rolling(n).max().shift(1)
/freqtrade/user_data/strategies/TrendVolTarget.py:50: PerformanceWarning: DataFrame is highly fragmented.  This is usually the result of calling `frame.insert` many times, which has poor performance.  Consider joining all columns at once using pd.concat(axis=1) instead. To get a de-fragmented frame, use `newframe = frame.copy()`
  dataframe[f"dc_hi_{n}"] = dataframe["high"].rolling(n).max().shift(1)
/freqtrade/user_data/strategies/TrendVolTarget.py:50: PerformanceWarning: DataFrame is highly fragmented.  This is usually the result of calling `frame.insert` many times, which has poor performance.  Consider joining all columns at once using pd.concat(axis=1) instead. To get a de-fragmented frame, use `newframe = frame.copy()`
  dataframe[f"dc_hi_{n}"] = dataframe["high"].rolling(n).max().shift(1)
/freqtrade/user_data/strategies/TrendVolTarget.py:50: PerformanceWarning: DataFrame is highly fragmented.  This is usually the result of calling `frame.insert` many times, which has poor performance.  Consider joining all columns at once using pd.concat(axis=1) instead. To get a de-fragmented frame, use `newframe = frame.copy()`
  dataframe[f"dc_hi_{n}"] = dataframe["high"].rolling(n).max().shift(1)
/freqtrade/user_data/strategies/TrendVolTarget.py:50: PerformanceWarning: DataFrame is highly fragmented.  This is usually the result of calling `frame.insert` many times, which has poor performance.  Consider joining all columns at once using pd.concat(axis=1) instead. To get a de-fragmented frame, use `newframe = frame.copy()`
  dataframe[f"dc_hi_{n}"] = dataframe["high"].rolling(n).max().shift(1)
/freqtrade/user_data/strategies/TrendVolTarget.py:50: PerformanceWarning: DataFrame is highly fragmented.  This is usually the result of calling `frame.insert` many times, which has poor performance.  Consider joining all columns at once using pd.concat(axis=1) instead. To get a de-fragmented frame, use `newframe = frame.copy()`
  dataframe[f"dc_hi_{n}"] = dataframe["high"].rolling(n).max().shift(1)
/freqtrade/user_data/strategies/TrendVolTarget.py:50: PerformanceWarning: DataFrame is highly fragmented.  This is usually the result of calling `frame.insert` many times, which has poor performance.  Consider joining all columns at once using pd.concat(axis=1) instead. To get a de-fragmented frame, use `newframe = frame.copy()`
  dataframe[f"dc_hi_{n}"] = dataframe["high"].rolling(n).max().shift(1)
/freqtrade/user_data/strategies/TrendVolTarget.py:50: PerformanceWarning: DataFrame is highly fragmented.  This is usually the result of calling `frame.insert` many times, which has poor performance.  Consider joining all columns at once using pd.concat(axis=1) instead. To get a de-fragmented frame, use `newframe = frame.copy()`
  dataframe[f"dc_hi_{n}"] = dataframe["high"].rolling(n).max().shift(1)
/freqtrade/user_data/strategies/TrendVolTarget.py:50: PerformanceWarning: DataFrame is highly fragmented.  This is usually the result of calling `frame.insert` many times, which has poor performance.  Consider joining all columns at once using pd.concat(axis=1) instead. To get a de-fragmented frame, use `newframe = frame.copy()`
  dataframe[f"dc_hi_{n}"] = dataframe["high"].rolling(n).max().shift(1)
/freqtrade/user_data/strategies/TrendVolTarget.py:50: PerformanceWarning: DataFrame is highly fragmented.  This is usually the result of calling `frame.insert` many times, which has poor performance.  Consider joining all columns at once using pd.concat(axis=1) instead. To get a de-fragmented frame, use `newframe = frame.copy()`
  dataframe[f"dc_hi_{n}"] = dataframe["high"].rolling(n).max().shift(1)
/freqtrade/user_data/strategies/TrendVolTarget.py:50: PerformanceWarning: DataFrame is highly fragmented.  This is usually the result of calling `frame.insert` many times, which has poor performance.  Consider joining all columns at once using pd.concat(axis=1) instead. To get a de-fragmented frame, use `newframe = frame.copy()`
  dataframe[f"dc_hi_{n}"] = dataframe["high"].rolling(n).max().shift(1)
/freqtrade/user_data/strategies/TrendVolTarget.py:50: PerformanceWarning: DataFrame is highly fragmented.  This is usually the result of calling `frame.insert` many times, which has poor performance.  Consider joining all columns at once using pd.concat(axis=1) instead. To get a de-fragmented frame, use `newframe = frame.copy()`
  dataframe[f"dc_hi_{n}"] = dataframe["high"].rolling(n).max().shift(1)
/freqtrade/user_data/strategies/TrendVolTarget.py:50: PerformanceWarning: DataFrame is highly fragmented.  This is usually the result of calling `frame.insert` many times, which has poor performance.  Consider joining all columns at once using pd.concat(axis=1) instead. To get a de-fragmented frame, use `newframe = frame.copy()`
  dataframe[f"dc_hi_{n}"] = dataframe["high"].rolling(n).max().shift(1)
/freqtrade/user_data/strategies/TrendVolTarget.py:53: PerformanceWarning: DataFrame is highly fragmented.  This is usually the result of calling `frame.insert` many times, which has poor performance.  Consider joining all columns at once using pd.concat(axis=1) instead. To get a de-fragmented frame, use `newframe = frame.copy()`
  dataframe["sma_f"] = ta.SMA(dataframe, timeperiod=60)
/freqtrade/user_data/strategies/TrendVolTarget.py:54: PerformanceWarning: DataFrame is highly fragmented.  This is usually the result of calling `frame.insert` many times, which has poor performance.  Consider joining all columns at once using pd.concat(axis=1) instead. To get a de-fragmented frame, use `newframe = frame.copy()`
  dataframe["sma_s"] = ta.SMA(dataframe, timeperiod=240)
/freqtrade/user_data/strategies/TrendVolTarget.py:56: PerformanceWarning: DataFrame is highly fragmented.  This is usually the result of calling `frame.insert` many times, which has poor performance.  Consider joining all columns at once using pd.concat(axis=1) instead. To get a de-fragmented frame, use `newframe = frame.copy()`
  dataframe["rvol"] = dataframe["close"].pct_change().rolling(90).std() * np.sqrt(6 * 365)
/freqtrade/user_data/strategies/TrendVolTarget.py:50: PerformanceWarning: DataFrame is highly fragmented.  This is usually the result of calling `frame.insert` many times, which has poor performance.  Consider joining all columns at once using pd.concat(axis=1) instead. To get a de-fragmented frame, use `newframe = frame.copy()`
  dataframe[f"dc_hi_{n}"] = dataframe["high"].rolling(n).max().shift(1)
/freqtrade/user_data/strategies/TrendVolTarget.py:50: PerformanceWarning: DataFrame is highly fragmented.  This is usually the result of calling `frame.insert` many times, which has poor performance.  Consider joining all columns at once using pd.concat(axis=1) instead. To get a de-fragmented frame, use `newframe = frame.copy()`
  dataframe[f"dc_hi_{n}"] = dataframe["high"].rolling(n).max().shift(1)
/freqtrade/user_data/strategies/TrendVolTarget.py:50: PerformanceWarning: DataFrame is highly fragmented.  This is usually the result of calling `frame.insert` many times, which has poor performance.  Consider joining all columns at once using pd.concat(axis=1) instead. To get a de-fragmented frame, use `newframe = frame.copy()`
  dataframe[f"dc_hi_{n}"] = dataframe["high"].rolling(n).max().shift(1)
/freqtrade/user_data/strategies/TrendVolTarget.py:50: PerformanceWarning: DataFrame is highly fragmented.  This is usually the result of calling `frame.insert` many times, which has poor performance.  Consider joining all columns at once using pd.concat(axis=1) instead. To get a de-fragmented frame, use `newframe = frame.copy()`
  dataframe[f"dc_hi_{n}"] = dataframe["high"].rolling(n).max().shift(1)
/freqtrade/user_data/strategies/TrendVolTarget.py:50: PerformanceWarning: DataFrame is highly fragmented.  This is usually the result of calling `frame.insert` many times, which has poor performance.  Consider joining all columns at once using pd.concat(axis=1) instead. To get a de-fragmented frame, use `newframe = frame.copy()`
  dataframe[f"dc_hi_{n}"] = dataframe["high"].rolling(n).max().shift(1)
/freqtrade/user_data/strategies/TrendVolTarget.py:50: PerformanceWarning: DataFrame is highly fragmented.  This is usually the result of calling `frame.insert` many times, which has poor performance.  Consider joining all columns at once using pd.concat(axis=1) instead. To get a de-fragmented frame, use `newframe = frame.copy()`
  dataframe[f"dc_hi_{n}"] = dataframe["high"].rolling(n).max().shift(1)
/freqtrade/user_data/strategies/TrendVolTarget.py:50: PerformanceWarning: DataFrame is highly fragmented.  This is usually the result of calling `frame.insert` many times, which has poor performance.  Consider joining all columns at once using pd.concat(axis=1) instead. To get a de-fragmented frame, use `newframe = frame.copy()`
  dataframe[f"dc_hi_{n}"] = dataframe["high"].rolling(n).max().shift(1)
/freqtrade/user_data/strategies/TrendVolTarget.py:50: PerformanceWarning: DataFrame is highly fragmented.  This is usually the result of calling `frame.insert` many times, which has poor performance.  Consider joining all columns at once using pd.concat(axis=1) instead. To get a de-fragmented frame, use `newframe = frame.copy()`
  dataframe[f"dc_hi_{n}"] = dataframe["high"].rolling(n).max().shift(1)
/freqtrade/user_data/strategies/TrendVolTarget.py:50: PerformanceWarning: DataFrame is highly fragmented.  This is usually the result of calling `frame.insert` many times, which has poor performance.  Consider joining all columns at once using pd.concat(axis=1) instead. To get a de-fragmented frame, use `newframe = frame.copy()`
  dataframe[f"dc_hi_{n}"] = dataframe["high"].rolling(n).max().shift(1)
/freqtrade/user_data/strategies/TrendVolTarget.py:50: PerformanceWarning: DataFrame is highly fragmented.  This is usually the result of calling `frame.insert` many times, which has poor performance.  Consider joining all columns at once using pd.concat(axis=1) instead. To get a de-fragmented frame, use `newframe = frame.copy()`
  dataframe[f"dc_hi_{n}"] = dataframe["high"].rolling(n).max().shift(1)
/freqtrade/user_data/strategies/TrendVolTarget.py:50: PerformanceWarning: DataFrame is highly fragmented.  This is usually the result of calling `frame.insert` many times, which has poor performance.  Consider joining all columns at once using pd.concat(axis=1) instead. To get a de-fragmented frame, use `newframe = frame.copy()`
  dataframe[f"dc_hi_{n}"] = dataframe["high"].rolling(n).max().shift(1)
/freqtrade/user_data/strategies/TrendVolTarget.py:50: PerformanceWarning: DataFrame is highly fragmented.  This is usually the result of calling `frame.insert` many times, which has poor performance.  Consider joining all columns at once using pd.concat(axis=1) instead. To get a de-fragmented frame, use `newframe = frame.copy()`
  dataframe[f"dc_hi_{n}"] = dataframe["high"].rolling(n).max().shift(1)
/freqtrade/user_data/strategies/TrendVolTarget.py:50: PerformanceWarning: DataFrame is highly fragmented.  This is usually the result of calling `frame.insert` many times, which has poor performance.  Consider joining all columns at once using pd.concat(axis=1) instead. To get a de-fragmented frame, use `newframe = frame.copy()`
  dataframe[f"dc_hi_{n}"] = dataframe["high"].rolling(n).max().shift(1)
/freqtrade/user_data/strategies/TrendVolTarget.py:50: PerformanceWarning: DataFrame is highly fragmented.  This is usually the result of calling `frame.insert` many times, which has poor performance.  Consider joining all columns at once using pd.concat(axis=1) instead. To get a de-fragmented frame, use `newframe = frame.copy()`
  dataframe[f"dc_hi_{n}"] = dataframe["high"].rolling(n).max().shift(1)
/freqtrade/user_data/strategies/TrendVolTarget.py:50: PerformanceWarning: DataFrame is highly fragmented.  This is usually the result of calling `frame.insert` many times, which has poor performance.  Consider joining all columns at once using pd.concat(axis=1) instead. To get a de-fragmented frame, use `newframe = frame.copy()`
  dataframe[f"dc_hi_{n}"] = dataframe["high"].rolling(n).max().shift(1)
/freqtrade/user_data/strategies/TrendVolTarget.py:50: PerformanceWarning: DataFrame is highly fragmented.  This is usually the result of calling `frame.insert` many times, which has poor performance.  Consider joining all columns at once using pd.concat(axis=1) instead. To get a de-fragmented frame, use `newframe = frame.copy()`
  dataframe[f"dc_hi_{n}"] = dataframe["high"].rolling(n).max().shift(1)
/freqtrade/user_data/strategies/TrendVolTarget.py:50: PerformanceWarning: DataFrame is highly fragmented.  This is usually the result of calling `frame.insert` many times, which has poor performance.  Consider joining all columns at once using pd.concat(axis=1) instead. To get a de-fragmented frame, use `newframe = frame.copy()`
  dataframe[f"dc_hi_{n}"] = dataframe["high"].rolling(n).max().shift(1)
/freqtrade/user_data/strategies/TrendVolTarget.py:50: PerformanceWarning: DataFrame is highly fragmented.  This is usually the result of calling `frame.insert` many times, which has poor performance.  Consider joining all columns at once using pd.concat(axis=1) instead. To get a de-fragmented frame, use `newframe = frame.copy()`
  dataframe[f"dc_hi_{n}"] = dataframe["high"].rolling(n).max().shift(1)
/freqtrade/user_data/strategies/TrendVolTarget.py:50: PerformanceWarning: DataFrame is highly fragmented.  This is usually the result of calling `frame.insert` many times, which has poor performance.  Consider joining all columns at once using pd.concat(axis=1) instead. To get a de-fragmented frame, use `newframe = frame.copy()`
  dataframe[f"dc_hi_{n}"] = dataframe["high"].rolling(n).max().shift(1)
/freqtrade/user_data/strategies/TrendVolTarget.py:50: PerformanceWarning: DataFrame is highly fragmented.  This is usually the result of calling `frame.insert` many times, which has poor performance.  Consider joining all columns at once using pd.concat(axis=1) instead. To get a de-fragmented frame, use `newframe = frame.copy()`
  dataframe[f"dc_hi_{n}"] = dataframe["high"].rolling(n).max().shift(1)
/freqtrade/user_data/strategies/TrendVolTarget.py:50: PerformanceWarning: DataFrame is highly fragmented.  This is usually the result of calling `frame.insert` many times, which has poor performance.  Consider joining all columns at once using pd.concat(axis=1) instead. To get a de-fragmented frame, use `newframe = frame.copy()`
  dataframe[f"dc_hi_{n}"] = dataframe["high"].rolling(n).max().shift(1)
/freqtrade/user_data/strategies/TrendVolTarget.py:50: PerformanceWarning: DataFrame is highly fragmented.  This is usually the result of calling `frame.insert` many times, which has poor performance.  Consider joining all columns at once using pd.concat(axis=1) instead. To get a de-fragmented frame, use `newframe = frame.copy()`
  dataframe[f"dc_hi_{n}"] = dataframe["high"].rolling(n).max().shift(1)
/freqtrade/user_data/strategies/TrendVolTarget.py:50: PerformanceWarning: DataFrame is highly fragmented.  This is usually the result of calling `frame.insert` many times, which has poor performance.  Consider joining all columns at once using pd.concat(axis=1) instead. To get a de-fragmented frame, use `newframe = frame.copy()`
  dataframe[f"dc_hi_{n}"] = dataframe["high"].rolling(n).max().shift(1)
/freqtrade/user_data/strategies/TrendVolTarget.py:50: PerformanceWarning: DataFrame is highly fragmented.  This is usually the result of calling `frame.insert` many times, which has poor performance.  Consider joining all columns at once using pd.concat(axis=1) instead. To get a de-fragmented frame, use `newframe = frame.copy()`
  dataframe[f"dc_hi_{n}"] = dataframe["high"].rolling(n).max().shift(1)
/freqtrade/user_data/strategies/TrendVolTarget.py:50: PerformanceWarning: DataFrame is highly fragmented.  This is usually the result of calling `frame.insert` many times, which has poor performance.  Consider joining all columns at once using pd.concat(axis=1) instead. To get a de-fragmented frame, use `newframe = frame.copy()`
  dataframe[f"dc_hi_{n}"] = dataframe["high"].rolling(n).max().shift(1)
/freqtrade/user_data/strategies/TrendVolTarget.py:50: PerformanceWarning: DataFrame is highly fragmented.  This is usually the result of calling `frame.insert` many times, which has poor performance.  Consider joining all columns at once using pd.concat(axis=1) instead. To get a de-fragmented frame, use `newframe = frame.copy()`
  dataframe[f"dc_hi_{n}"] = dataframe["high"].rolling(n).max().shift(1)
/freqtrade/user_data/strategies/TrendVolTarget.py:50: PerformanceWarning: DataFrame is highly fragmented.  This is usually the result of calling `frame.insert` many times, which has poor performance.  Consider joining all columns at once using pd.concat(axis=1) instead. To get a de-fragmented frame, use `newframe = frame.copy()`
  dataframe[f"dc_hi_{n}"] = dataframe["high"].rolling(n).max().shift(1)
/freqtrade/user_data/strategies/TrendVolTarget.py:50: PerformanceWarning: DataFrame is highly fragmented.  This is usually the result of calling `frame.insert` many times, which has poor performance.  Consider joining all columns at once using pd.concat(axis=1) instead. To get a de-fragmented frame, use `newframe = frame.copy()`
  dataframe[f"dc_hi_{n}"] = dataframe["high"].rolling(n).max().shift(1)
/freqtrade/user_data/strategies/TrendVolTarget.py:50: PerformanceWarning: DataFrame is highly fragmented.  This is usually the result of calling `frame.insert` many times, which has poor performance.  Consider joining all columns at once using pd.concat(axis=1) instead. To get a de-fragmented frame, use `newframe = frame.copy()`
  dataframe[f"dc_hi_{n}"] = dataframe["high"].rolling(n).max().shift(1)
/freqtrade/user_data/strategies/TrendVolTarget.py:50: PerformanceWarning: DataFrame is highly fragmented.  This is usually the result of calling `frame.insert` many times, which has poor performance.  Consider joining all columns at once using pd.concat(axis=1) instead. To get a de-fragmented frame, use `newframe = frame.copy()`
  dataframe[f"dc_hi_{n}"] = dataframe["high"].rolling(n).max().shift(1)
/freqtrade/user_data/strategies/TrendVolTarget.py:50: PerformanceWarning: DataFrame is highly fragmented.  This is usually the result of calling `frame.insert` many times, which has poor performance.  Consider joining all columns at once using pd.concat(axis=1) instead. To get a de-fragmented frame, use `newframe = frame.copy()`
  dataframe[f"dc_hi_{n}"] = dataframe["high"].rolling(n).max().shift(1)
/freqtrade/user_data/strategies/TrendVolTarget.py:50: PerformanceWarning: DataFrame is highly fragmented.  This is usually the result of calling `frame.insert` many times, which has poor performance.  Consider joining all columns at once using pd.concat(axis=1) instead. To get a de-fragmented frame, use `newframe = frame.copy()`
  dataframe[f"dc_hi_{n}"] = dataframe["high"].rolling(n).max().shift(1)
/freqtrade/user_data/strategies/TrendVolTarget.py:50: PerformanceWarning: DataFrame is highly fragmented.  This is usually the result of calling `frame.insert` many times, which has poor performance.  Consider joining all columns at once using pd.concat(axis=1) instead. To get a de-fragmented frame, use `newframe = frame.copy()`
  dataframe[f"dc_hi_{n}"] = dataframe["high"].rolling(n).max().shift(1)
/freqtrade/user_data/strategies/TrendVolTarget.py:50: PerformanceWarning: DataFrame is highly fragmented.  This is usually the result of calling `frame.insert` many times, which has poor performance.  Consider joining all columns at once using pd.concat(axis=1) instead. To get a de-fragmented frame, use `newframe = frame.copy()`
  dataframe[f"dc_hi_{n}"] = dataframe["high"].rolling(n).max().shift(1)
/freqtrade/user_data/strategies/TrendVolTarget.py:50: PerformanceWarning: DataFrame is highly fragmented.  This is usually the result of calling `frame.insert` many times, which has poor performance.  Consider joining all columns at once using pd.concat(axis=1) instead. To get a de-fragmented frame, use `newframe = frame.copy()`
  dataframe[f"dc_hi_{n}"] = dataframe["high"].rolling(n).max().shift(1)
/freqtrade/user_data/strategies/TrendVolTarget.py:50: PerformanceWarning: DataFrame is highly fragmented.  This is usually the result of calling `frame.insert` many times, which has poor performance.  Consider joining all columns at once using pd.concat(axis=1) instead. To get a de-fragmented frame, use `newframe = frame.copy()`
  dataframe[f"dc_hi_{n}"] = dataframe["high"].rolling(n).max().shift(1)
/freqtrade/user_data/strategies/TrendVolTarget.py:50: PerformanceWarning: DataFrame is highly fragmented.  This is usually the result of calling `frame.insert` many times, which has poor performance.  Consider joining all columns at once using pd.concat(axis=1) instead. To get a de-fragmented frame, use `newframe = frame.copy()`
  dataframe[f"dc_hi_{n}"] = dataframe["high"].rolling(n).max().shift(1)
/freqtrade/user_data/strategies/TrendVolTarget.py:50: PerformanceWarning: DataFrame is highly fragmented.  This is usually the result of calling `frame.insert` many times, which has poor performance.  Consider joining all columns at once using pd.concat(axis=1) instead. To get a de-fragmented frame, use `newframe = frame.copy()`
  dataframe[f"dc_hi_{n}"] = dataframe["high"].rolling(n).max().shift(1)
/freqtrade/user_data/strategies/TrendVolTarget.py:50: PerformanceWarning: DataFrame is highly fragmented.  This is usually the result of calling `frame.insert` many times, which has poor performance.  Consider joining all columns at once using pd.concat(axis=1) instead. To get a de-fragmented frame, use `newframe = frame.copy()`
  dataframe[f"dc_hi_{n}"] = dataframe["high"].rolling(n).max().shift(1)
/freqtrade/user_data/strategies/TrendVolTarget.py:50: PerformanceWarning: DataFrame is highly fragmented.  This is usually the result of calling `frame.insert` many times, which has poor performance.  Consider joining all columns at once using pd.concat(axis=1) instead. To get a de-fragmented frame, use `newframe = frame.copy()`
  dataframe[f"dc_hi_{n}"] = dataframe["high"].rolling(n).max().shift(1)
/freqtrade/user_data/strategies/TrendVolTarget.py:50: PerformanceWarning: DataFrame is highly fragmented.  This is usually the result of calling `frame.insert` many times, which has poor performance.  Consider joining all columns at once using pd.concat(axis=1) instead. To get a de-fragmented frame, use `newframe = frame.copy()`
  dataframe[f"dc_hi_{n}"] = dataframe["high"].rolling(n).max().shift(1)
/freqtrade/user_data/strategies/TrendVolTarget.py:50: PerformanceWarning: DataFrame is highly fragmented.  This is usually the result of calling `frame.insert` many times, which has poor performance.  Consider joining all columns at once using pd.concat(axis=1) instead. To get a de-fragmented frame, use `newframe = frame.copy()`
  dataframe[f"dc_hi_{n}"] = dataframe["high"].rolling(n).max().shift(1)
/freqtrade/user_data/strategies/TrendVolTarget.py:50: PerformanceWarning: DataFrame is highly fragmented.  This is usually the result of calling `frame.insert` many times, which has poor performance.  Consider joining all columns at once using pd.concat(axis=1) instead. To get a de-fragmented frame, use `newframe = frame.copy()`
  dataframe[f"dc_hi_{n}"] = dataframe["high"].rolling(n).max().shift(1)
/freqtrade/user_data/strategies/TrendVolTarget.py:50: PerformanceWarning: DataFrame is highly fragmented.  This is usually the result of calling `frame.insert` many times, which has poor performance.  Consider joining all columns at once using pd.concat(axis=1) instead. To get a de-fragmented frame, use `newframe = frame.copy()`
  dataframe[f"dc_hi_{n}"] = dataframe["high"].rolling(n).max().shift(1)
/freqtrade/user_data/strategies/TrendVolTarget.py:50: PerformanceWarning: DataFrame is highly fragmented.  This is usually the result of calling `frame.insert` many times, which has poor performance.  Consider joining all columns at once using pd.concat(axis=1) instead. To get a de-fragmented frame, use `newframe = frame.copy()`
  dataframe[f"dc_hi_{n}"] = dataframe["high"].rolling(n).max().shift(1)
/freqtrade/user_data/strategies/TrendVolTarget.py:50: PerformanceWarning: DataFrame is highly fragmented.  This is usually the result of calling `frame.insert` many times, which has poor performance.  Consider joining all columns at once using pd.concat(axis=1) instead. To get a de-fragmented frame, use `newframe = frame.copy()`
  dataframe[f"dc_hi_{n}"] = dataframe["high"].rolling(n).max().shift(1)
/freqtrade/user_data/strategies/TrendVolTarget.py:50: PerformanceWarning: DataFrame is highly fragmented.  This is usually the result of calling `frame.insert` many times, which has poor performance.  Consider joining all columns at once using pd.concat(axis=1) instead. To get a de-fragmented frame, use `newframe = frame.copy()`
  dataframe[f"dc_hi_{n}"] = dataframe["high"].rolling(n).max().shift(1)
/freqtrade/user_data/strategies/TrendVolTarget.py:50: PerformanceWarning: DataFrame is highly fragmented.  This is usually the result of calling `frame.insert` many times, which has poor performance.  Consider joining all columns at once using pd.concat(axis=1) instead. To get a de-fragmented frame, use `newframe = frame.copy()`
  dataframe[f"dc_hi_{n}"] = dataframe["high"].rolling(n).max().shift(1)
/freqtrade/user_data/strategies/TrendVolTarget.py:50: PerformanceWarning: DataFrame is highly fragmented.  This is usually the result of calling `frame.insert` many times, which has poor performance.  Consider joining all columns at once using pd.concat(axis=1) instead. To get a de-fragmented frame, use `newframe = frame.copy()`
  dataframe[f"dc_hi_{n}"] = dataframe["high"].rolling(n).max().shift(1)
/freqtrade/user_data/strategies/TrendVolTarget.py:50: PerformanceWarning: DataFrame is highly fragmented.  This is usually the result of calling `frame.insert` many times, which has poor performance.  Consider joining all columns at once using pd.concat(axis=1) instead. To get a de-fragmented frame, use `newframe = frame.copy()`
  dataframe[f"dc_hi_{n}"] = dataframe["high"].rolling(n).max().shift(1)
/freqtrade/user_data/strategies/TrendVolTarget.py:50: PerformanceWarning: DataFrame is highly fragmented.  This is usually the result of calling `frame.insert` many times, which has poor performance.  Consider joining all columns at once using pd.concat(axis=1) instead. To get a de-fragmented frame, use `newframe = frame.copy()`
  dataframe[f"dc_hi_{n}"] = dataframe["high"].rolling(n).max().shift(1)
/freqtrade/user_data/strategies/TrendVolTarget.py:50: PerformanceWarning: DataFrame is highly fragmented.  This is usually the result of calling `frame.insert` many times, which has poor performance.  Consider joining all columns at once using pd.concat(axis=1) instead. To get a de-fragmented frame, use `newframe = frame.copy()`
  dataframe[f"dc_hi_{n}"] = dataframe["high"].rolling(n).max().shift(1)
/freqtrade/user_data/strategies/TrendVolTarget.py:50: PerformanceWarning: DataFrame is highly fragmented.  This is usually the result of calling `frame.insert` many times, which has poor performance.  Consider joining all columns at once using pd.concat(axis=1) instead. To get a de-fragmented frame, use `newframe = frame.copy()`
  dataframe[f"dc_hi_{n}"] = dataframe["high"].rolling(n).max().shift(1)
/freqtrade/user_data/strategies/TrendVolTarget.py:50: PerformanceWarning: DataFrame is highly fragmented.  This is usually the result of calling `frame.insert` many times, which has poor performance.  Consider joining all columns at once using pd.concat(axis=1) instead. To get a de-fragmented frame, use `newframe = frame.copy()`
  dataframe[f"dc_hi_{n}"] = dataframe["high"].rolling(n).max().shift(1)
/freqtrade/user_data/strategies/TrendVolTarget.py:50: PerformanceWarning: DataFrame is highly fragmented.  This is usually the result of calling `frame.insert` many times, which has poor performance.  Consider joining all columns at once using pd.concat(axis=1) instead. To get a de-fragmented frame, use `newframe = frame.copy()`
  dataframe[f"dc_hi_{n}"] = dataframe["high"].rolling(n).max().shift(1)
/freqtrade/user_data/strategies/TrendVolTarget.py:50: PerformanceWarning: DataFrame is highly fragmented.  This is usually the result of calling `frame.insert` many times, which has poor performance.  Consider joining all columns at once using pd.concat(axis=1) instead. To get a de-fragmented frame, use `newframe = frame.copy()`
  dataframe[f"dc_hi_{n}"] = dataframe["high"].rolling(n).max().shift(1)
/freqtrade/user_data/strategies/TrendVolTarget.py:50: PerformanceWarning: DataFrame is highly fragmented.  This is usually the result of calling `frame.insert` many times, which has poor performance.  Consider joining all columns at once using pd.concat(axis=1) instead. To get a de-fragmented frame, use `newframe = frame.copy()`
  dataframe[f"dc_hi_{n}"] = dataframe["high"].rolling(n).max().shift(1)
/freqtrade/user_data/strategies/TrendVolTarget.py:50: PerformanceWarning: DataFrame is highly fragmented.  This is usually the result of calling `frame.insert` many times, which has poor performance.  Consider joining all columns at once using pd.concat(axis=1) instead. To get a de-fragmented frame, use `newframe = frame.copy()`
  dataframe[f"dc_hi_{n}"] = dataframe["high"].rolling(n).max().shift(1)
/freqtrade/user_data/strategies/TrendVolTarget.py:50: PerformanceWarning: DataFrame is highly fragmented.  This is usually the result of calling `frame.insert` many times, which has poor performance.  Consider joining all columns at once using pd.concat(axis=1) instead. To get a de-fragmented frame, use `newframe = frame.copy()`
  dataframe[f"dc_hi_{n}"] = dataframe["high"].rolling(n).max().shift(1)
/freqtrade/user_data/strategies/TrendVolTarget.py:50: PerformanceWarning: DataFrame is highly fragmented.  This is usually the result of calling `frame.insert` many times, which has poor performance.  Consider joining all columns at once using pd.concat(axis=1) instead. To get a de-fragmented frame, use `newframe = frame.copy()`
  dataframe[f"dc_hi_{n}"] = dataframe["high"].rolling(n).max().shift(1)
/freqtrade/user_data/strategies/TrendVolTarget.py:50: PerformanceWarning: DataFrame is highly fragmented.  This is usually the result of calling `frame.insert` many times, which has poor performance.  Consider joining all columns at once using pd.concat(axis=1) instead. To get a de-fragmented frame, use `newframe = frame.copy()`
  dataframe[f"dc_hi_{n}"] = dataframe["high"].rolling(n).max().shift(1)
/freqtrade/user_data/strategies/TrendVolTarget.py:50: PerformanceWarning: DataFrame is highly fragmented.  This is usually the result of calling `frame.insert` many times, which has poor performance.  Consider joining all columns at once using pd.concat(axis=1) instead. To get a de-fragmented frame, use `newframe = frame.copy()`
  dataframe[f"dc_hi_{n}"] = dataframe["high"].rolling(n).max().shift(1)
/freqtrade/user_data/strategies/TrendVolTarget.py:50: PerformanceWarning: DataFrame is highly fragmented.  This is usually the result of calling `frame.insert` many times, which has poor performance.  Consider joining all columns at once using pd.concat(axis=1) instead. To get a de-fragmented frame, use `newframe = frame.copy()`
  dataframe[f"dc_hi_{n}"] = dataframe["high"].rolling(n).max().shift(1)
/freqtrade/user_data/strategies/TrendVolTarget.py:50: PerformanceWarning: DataFrame is highly fragmented.  This is usually the result of calling `frame.insert` many times, which has poor performance.  Consider joining all columns at once using pd.concat(axis=1) instead. To get a de-fragmented frame, use `newframe = frame.copy()`
  dataframe[f"dc_hi_{n}"] = dataframe["high"].rolling(n).max().shift(1)
/freqtrade/user_data/strategies/TrendVolTarget.py:50: PerformanceWarning: DataFrame is highly fragmented.  This is usually the result of calling `frame.insert` many times, which has poor performance.  Consider joining all columns at once using pd.concat(axis=1) instead. To get a de-fragmented frame, use `newframe = frame.copy()`
  dataframe[f"dc_hi_{n}"] = dataframe["high"].rolling(n).max().shift(1)
/freqtrade/user_data/strategies/TrendVolTarget.py:50: PerformanceWarning: DataFrame is highly fragmented.  This is usually the result of calling `frame.insert` many times, which has poor performance.  Consider joining all columns at once using pd.concat(axis=1) instead. To get a de-fragmented frame, use `newframe = frame.copy()`
  dataframe[f"dc_hi_{n}"] = dataframe["high"].rolling(n).max().shift(1)
/freqtrade/user_data/strategies/TrendVolTarget.py:50: PerformanceWarning: DataFrame is highly fragmented.  This is usually the result of calling `frame.insert` many times, which has poor performance.  Consider joining all columns at once using pd.concat(axis=1) instead. To get a de-fragmented frame, use `newframe = frame.copy()`
  dataframe[f"dc_hi_{n}"] = dataframe["high"].rolling(n).max().shift(1)
/freqtrade/user_data/strategies/TrendVolTarget.py:50: PerformanceWarning: DataFrame is highly fragmented.  This is usually the result of calling `frame.insert` many times, which has poor performance.  Consider joining all columns at once using pd.concat(axis=1) instead. To get a de-fragmented frame, use `newframe = frame.copy()`
  dataframe[f"dc_hi_{n}"] = dataframe["high"].rolling(n).max().shift(1)
/freqtrade/user_data/strategies/TrendVolTarget.py:50: PerformanceWarning: DataFrame is highly fragmented.  This is usually the result of calling `frame.insert` many times, which has poor performance.  Consider joining all columns at once using pd.concat(axis=1) instead. To get a de-fragmented frame, use `newframe = frame.copy()`
  dataframe[f"dc_hi_{n}"] = dataframe["high"].rolling(n).max().shift(1)
/freqtrade/user_data/strategies/TrendVolTarget.py:50: PerformanceWarning: DataFrame is highly fragmented.  This is usually the result of calling `frame.insert` many times, which has poor performance.  Consider joining all columns at once using pd.concat(axis=1) instead. To get a de-fragmented frame, use `newframe = frame.copy()`
  dataframe[f"dc_hi_{n}"] = dataframe["high"].rolling(n).max().shift(1)
/freqtrade/user_data/strategies/TrendVolTarget.py:50: PerformanceWarning: DataFrame is highly fragmented.  This is usually the result of calling `frame.insert` many times, which has poor performance.  Consider joining all columns at once using pd.concat(axis=1) instead. To get a de-fragmented frame, use `newframe = frame.copy()`
  dataframe[f"dc_hi_{n}"] = dataframe["high"].rolling(n).max().shift(1)
/freqtrade/user_data/strategies/TrendVolTarget.py:50: PerformanceWarning: DataFrame is highly fragmented.  This is usually the result of calling `frame.insert` many times, which has poor performance.  Consider joining all columns at once using pd.concat(axis=1) instead. To get a de-fragmented frame, use `newframe = frame.copy()`
  dataframe[f"dc_hi_{n}"] = dataframe["high"].rolling(n).max().shift(1)
/freqtrade/user_data/strategies/TrendVolTarget.py:50: PerformanceWarning: DataFrame is highly fragmented.  This is usually the result of calling `frame.insert` many times, which has poor performance.  Consider joining all columns at once using pd.concat(axis=1) instead. To get a de-fragmented frame, use `newframe = frame.copy()`
  dataframe[f"dc_hi_{n}"] = dataframe["high"].rolling(n).max().shift(1)
/freqtrade/user_data/strategies/TrendVolTarget.py:50: PerformanceWarning: DataFrame is highly fragmented.  This is usually the result of calling `frame.insert` many times, which has poor performance.  Consider joining all columns at once using pd.concat(axis=1) instead. To get a de-fragmented frame, use `newframe = frame.copy()`
  dataframe[f"dc_hi_{n}"] = dataframe["high"].rolling(n).max().shift(1)
/freqtrade/user_data/strategies/TrendVolTarget.py:50: PerformanceWarning: DataFrame is highly fragmented.  This is usually the result of calling `frame.insert` many times, which has poor performance.  Consider joining all columns at once using pd.concat(axis=1) instead. To get a de-fragmented frame, use `newframe = frame.copy()`
  dataframe[f"dc_hi_{n}"] = dataframe["high"].rolling(n).max().shift(1)
/freqtrade/user_data/strategies/TrendVolTarget.py:50: PerformanceWarning: DataFrame is highly fragmented.  This is usually the result of calling `frame.insert` many times, which has poor performance.  Consider joining all columns at once using pd.concat(axis=1) instead. To get a de-fragmented frame, use `newframe = frame.copy()`
  dataframe[f"dc_hi_{n}"] = dataframe["high"].rolling(n).max().shift(1)
/freqtrade/user_data/strategies/TrendVolTarget.py:50: PerformanceWarning: DataFrame is highly fragmented.  This is usually the result of calling `frame.insert` many times, which has poor performance.  Consider joining all columns at once using pd.concat(axis=1) instead. To get a de-fragmented frame, use `newframe = frame.copy()`
  dataframe[f"dc_hi_{n}"] = dataframe["high"].rolling(n).max().shift(1)
/freqtrade/user_data/strategies/TrendVolTarget.py:50: PerformanceWarning: DataFrame is highly fragmented.  This is usually the result of calling `frame.insert` many times, which has poor performance.  Consider joining all columns at once using pd.concat(axis=1) instead. To get a de-fragmented frame, use `newframe = frame.copy()`
  dataframe[f"dc_hi_{n}"] = dataframe["high"].rolling(n).max().shift(1)
/freqtrade/user_data/strategies/TrendVolTarget.py:50: PerformanceWarning: DataFrame is highly fragmented.  This is usually the result of calling `frame.insert` many times, which has poor performance.  Consider joining all columns at once using pd.concat(axis=1) instead. To get a de-fragmented frame, use `newframe = frame.copy()`
  dataframe[f"dc_hi_{n}"] = dataframe["high"].rolling(n).max().shift(1)
/freqtrade/user_data/strategies/TrendVolTarget.py:50: PerformanceWarning: DataFrame is highly fragmented.  This is usually the result of calling `frame.insert` many times, which has poor performance.  Consider joining all columns at once using pd.concat(axis=1) instead. To get a de-fragmented frame, use `newframe = frame.copy()`
  dataframe[f"dc_hi_{n}"] = dataframe["high"].rolling(n).max().shift(1)
/freqtrade/user_data/strategies/TrendVolTarget.py:50: PerformanceWarning: DataFrame is highly fragmented.  This is usually the result of calling `frame.insert` many times, which has poor performance.  Consider joining all columns at once using pd.concat(axis=1) instead. To get a de-fragmented frame, use `newframe = frame.copy()`
  dataframe[f"dc_hi_{n}"] = dataframe["high"].rolling(n).max().shift(1)
/freqtrade/user_data/strategies/TrendVolTarget.py:50: PerformanceWarning: DataFrame is highly fragmented.  This is usually the result of calling `frame.insert` many times, which has poor performance.  Consider joining all columns at once using pd.concat(axis=1) instead. To get a de-fragmented frame, use `newframe = frame.copy()`
  dataframe[f"dc_hi_{n}"] = dataframe["high"].rolling(n).max().shift(1)
/freqtrade/user_data/strategies/TrendVolTarget.py:50: PerformanceWarning: DataFrame is highly fragmented.  This is usually the result of calling `frame.insert` many times, which has poor performance.  Consider joining all columns at once using pd.concat(axis=1) instead. To get a de-fragmented frame, use `newframe = frame.copy()`
  dataframe[f"dc_hi_{n}"] = dataframe["high"].rolling(n).max().shift(1)
/freqtrade/user_data/strategies/TrendVolTarget.py:50: PerformanceWarning: DataFrame is highly fragmented.  This is usually the result of calling `frame.insert` many times, which has poor performance.  Consider joining all columns at once using pd.concat(axis=1) instead. To get a de-fragmented frame, use `newframe = frame.copy()`
  dataframe[f"dc_hi_{n}"] = dataframe["high"].rolling(n).max().shift(1)
/freqtrade/user_data/strategies/TrendVolTarget.py:53: PerformanceWarning: DataFrame is highly fragmented.  This is usually the result of calling `frame.insert` many times, which has poor performance.  Consider joining all columns at once using pd.concat(axis=1) instead. To get a de-fragmented frame, use `newframe = frame.copy()`
  dataframe["sma_f"] = ta.SMA(dataframe, timeperiod=60)
/freqtrade/user_data/strategies/TrendVolTarget.py:54: PerformanceWarning: DataFrame is highly fragmented.  This is usually the result of calling `frame.insert` many times, which has poor performance.  Consider joining all columns at once using pd.concat(axis=1) instead. To get a de-fragmented frame, use `newframe = frame.copy()`
  dataframe["sma_s"] = ta.SMA(dataframe, timeperiod=240)
/freqtrade/user_data/strategies/TrendVolTarget.py:56: PerformanceWarning: DataFrame is highly fragmented.  This is usually the result of calling `frame.insert` many times, which has poor performance.  Consider joining all columns at once using pd.concat(axis=1) instead. To get a de-fragmented frame, use `newframe = frame.copy()`
  dataframe["rvol"] = dataframe["close"].pct_change().rolling(90).std() * np.sqrt(6 * 365)
/freqtrade/user_data/strategies/TrendVolTarget.py:50: PerformanceWarning: DataFrame is highly fragmented.  This is usually the result of calling `frame.insert` many times, which has poor performance.  Consider joining all columns at once using pd.concat(axis=1) instead. To get a de-fragmented frame, use `newframe = frame.copy()`
  dataframe[f"dc_hi_{n}"] = dataframe["high"].rolling(n).max().shift(1)
/freqtrade/user_data/strategies/TrendVolTarget.py:50: PerformanceWarning: DataFrame is highly fragmented.  This is usually the result of calling `frame.insert` many times, which has poor performance.  Consider joining all columns at once using pd.concat(axis=1) instead. To get a de-fragmented frame, use `newframe = frame.copy()`
  dataframe[f"dc_hi_{n}"] = dataframe["high"].rolling(n).max().shift(1)
/freqtrade/user_data/strategies/TrendVolTarget.py:50: PerformanceWarning: DataFrame is highly fragmented.  This is usually the result of calling `frame.insert` many times, which has poor performance.  Consider joining all columns at once using pd.concat(axis=1) instead. To get a de-fragmented frame, use `newframe = frame.copy()`
  dataframe[f"dc_hi_{n}"] = dataframe["high"].rolling(n).max().shift(1)
/freqtrade/user_data/strategies/TrendVolTarget.py:50: PerformanceWarning: DataFrame is highly fragmented.  This is usually the result of calling `frame.insert` many times, which has poor performance.  Consider joining all columns at once using pd.concat(axis=1) instead. To get a de-fragmented frame, use `newframe = frame.copy()`
  dataframe[f"dc_hi_{n}"] = dataframe["high"].rolling(n).max().shift(1)
/freqtrade/user_data/strategies/TrendVolTarget.py:50: PerformanceWarning: DataFrame is highly fragmented.  This is usually the result of calling `frame.insert` many times, which has poor performance.  Consider joining all columns at once using pd.concat(axis=1) instead. To get a de-fragmented frame, use `newframe = frame.copy()`
  dataframe[f"dc_hi_{n}"] = dataframe["high"].rolling(n).max().shift(1)
/freqtrade/user_data/strategies/TrendVolTarget.py:50: PerformanceWarning: DataFrame is highly fragmented.  This is usually the result of calling `frame.insert` many times, which has poor performance.  Consider joining all columns at once using pd.concat(axis=1) instead. To get a de-fragmented frame, use `newframe = frame.copy()`
  dataframe[f"dc_hi_{n}"] = dataframe["high"].rolling(n).max().shift(1)
/freqtrade/user_data/strategies/TrendVolTarget.py:50: PerformanceWarning: DataFrame is highly fragmented.  This is usually the result of calling `frame.insert` many times, which has poor performance.  Consider joining all columns at once using pd.concat(axis=1) instead. To get a de-fragmented frame, use `newframe = frame.copy()`
  dataframe[f"dc_hi_{n}"] = dataframe["high"].rolling(n).max().shift(1)
/freqtrade/user_data/strategies/TrendVolTarget.py:50: PerformanceWarning: DataFrame is highly fragmented.  This is usually the result of calling `frame.insert` many times, which has poor performance.  Consider joining all columns at once using pd.concat(axis=1) instead. To get a de-fragmented frame, use `newframe = frame.copy()`
  dataframe[f"dc_hi_{n}"] = dataframe["high"].rolling(n).max().shift(1)
/freqtrade/user_data/strategies/TrendVolTarget.py:50: PerformanceWarning: DataFrame is highly fragmented.  This is usually the result of calling `frame.insert` many times, which has poor performance.  Consider joining all columns at once using pd.concat(axis=1) instead. To get a de-fragmented frame, use `newframe = frame.copy()`
  dataframe[f"dc_hi_{n}"] = dataframe["high"].rolling(n).max().shift(1)
/freqtrade/user_data/strategies/TrendVolTarget.py:50: PerformanceWarning: DataFrame is highly fragmented.  This is usually the result of calling `frame.insert` many times, which has poor performance.  Consider joining all columns at once using pd.concat(axis=1) instead. To get a de-fragmented frame, use `newframe = frame.copy()`
  dataframe[f"dc_hi_{n}"] = dataframe["high"].rolling(n).max().shift(1)
/freqtrade/user_data/strategies/TrendVolTarget.py:50: PerformanceWarning: DataFrame is highly fragmented.  This is usually the result of calling `frame.insert` many times, which has poor performance.  Consider joining all columns at once using pd.concat(axis=1) instead. To get a de-fragmented frame, use `newframe = frame.copy()`
  dataframe[f"dc_hi_{n}"] = dataframe["high"].rolling(n).max().shift(1)
/freqtrade/user_data/strategies/TrendVolTarget.py:50: PerformanceWarning: DataFrame is highly fragmented.  This is usually the result of calling `frame.insert` many times, which has poor performance.  Consider joining all columns at once using pd.concat(axis=1) instead. To get a de-fragmented frame, use `newframe = frame.copy()`
  dataframe[f"dc_hi_{n}"] = dataframe["high"].rolling(n).max().shift(1)
/freqtrade/user_data/strategies/TrendVolTarget.py:50: PerformanceWarning: DataFrame is highly fragmented.  This is usually the result of calling `frame.insert` many times, which has poor performance.  Consider joining all columns at once using pd.concat(axis=1) instead. To get a de-fragmented frame, use `newframe = frame.copy()`
  dataframe[f"dc_hi_{n}"] = dataframe["high"].rolling(n).max().shift(1)
/freqtrade/user_data/strategies/TrendVolTarget.py:50: PerformanceWarning: DataFrame is highly fragmented.  This is usually the result of calling `frame.insert` many times, which has poor performance.  Consider joining all columns at once using pd.concat(axis=1) instead. To get a de-fragmented frame, use `newframe = frame.copy()`
  dataframe[f"dc_hi_{n}"] = dataframe["high"].rolling(n).max().shift(1)
/freqtrade/user_data/strategies/TrendVolTarget.py:50: PerformanceWarning: DataFrame is highly fragmented.  This is usually the result of calling `frame.insert` many times, which has poor performance.  Consider joining all columns at once using pd.concat(axis=1) instead. To get a de-fragmented frame, use `newframe = frame.copy()`
  dataframe[f"dc_hi_{n}"] = dataframe["high"].rolling(n).max().shift(1)
/freqtrade/user_data/strategies/TrendVolTarget.py:50: PerformanceWarning: DataFrame is highly fragmented.  This is usually the result of calling `frame.insert` many times, which has poor performance.  Consider joining all columns at once using pd.concat(axis=1) instead. To get a de-fragmented frame, use `newframe = frame.copy()`
  dataframe[f"dc_hi_{n}"] = dataframe["high"].rolling(n).max().shift(1)
/freqtrade/user_data/strategies/TrendVolTarget.py:50: PerformanceWarning: DataFrame is highly fragmented.  This is usually the result of calling `frame.insert` many times, which has poor performance.  Consider joining all columns at once using pd.concat(axis=1) instead. To get a de-fragmented frame, use `newframe = frame.copy()`
  dataframe[f"dc_hi_{n}"] = dataframe["high"].rolling(n).max().shift(1)
/freqtrade/user_data/strategies/TrendVolTarget.py:50: PerformanceWarning: DataFrame is highly fragmented.  This is usually the result of calling `frame.insert` many times, which has poor performance.  Consider joining all columns at once using pd.concat(axis=1) instead. To get a de-fragmented frame, use `newframe = frame.copy()`
  dataframe[f"dc_hi_{n}"] = dataframe["high"].rolling(n).max().shift(1)
/freqtrade/user_data/strategies/TrendVolTarget.py:50: PerformanceWarning: DataFrame is highly fragmented.  This is usually the result of calling `frame.insert` many times, which has poor performance.  Consider joining all columns at once using pd.concat(axis=1) instead. To get a de-fragmented frame, use `newframe = frame.copy()`
  dataframe[f"dc_hi_{n}"] = dataframe["high"].rolling(n).max().shift(1)
/freqtrade/user_data/strategies/TrendVolTarget.py:50: PerformanceWarning: DataFrame is highly fragmented.  This is usually the result of calling `frame.insert` many times, which has poor performance.  Consider joining all columns at once using pd.concat(axis=1) instead. To get a de-fragmented frame, use `newframe = frame.copy()`
  dataframe[f"dc_hi_{n}"] = dataframe["high"].rolling(n).max().shift(1)
/freqtrade/user_data/strategies/TrendVolTarget.py:50: PerformanceWarning: DataFrame is highly fragmented.  This is usually the result of calling `frame.insert` many times, which has poor performance.  Consider joining all columns at once using pd.concat(axis=1) instead. To get a de-fragmented frame, use `newframe = frame.copy()`
  dataframe[f"dc_hi_{n}"] = dataframe["high"].rolling(n).max().shift(1)
/freqtrade/user_data/strategies/TrendVolTarget.py:50: PerformanceWarning: DataFrame is highly fragmented.  This is usually the result of calling `frame.insert` many times, which has poor performance.  Consider joining all columns at once using pd.concat(axis=1) instead. To get a de-fragmented frame, use `newframe = frame.copy()`
  dataframe[f"dc_hi_{n}"] = dataframe["high"].rolling(n).max().shift(1)
/freqtrade/user_data/strategies/TrendVolTarget.py:50: PerformanceWarning: DataFrame is highly fragmented.  This is usually the result of calling `frame.insert` many times, which has poor performance.  Consider joining all columns at once using pd.concat(axis=1) instead. To get a de-fragmented frame, use `newframe = frame.copy()`
  dataframe[f"dc_hi_{n}"] = dataframe["high"].rolling(n).max().shift(1)
/freqtrade/user_data/strategies/TrendVolTarget.py:50: PerformanceWarning: DataFrame is highly fragmented.  This is usually the result of calling `frame.insert` many times, which has poor performance.  Consider joining all columns at once using pd.concat(axis=1) instead. To get a de-fragmented frame, use `newframe = frame.copy()`
  dataframe[f"dc_hi_{n}"] = dataframe["high"].rolling(n).max().shift(1)
/freqtrade/user_data/strategies/TrendVolTarget.py:50: PerformanceWarning: DataFrame is highly fragmented.  This is usually the result of calling `frame.insert` many times, which has poor performance.  Consider joining all columns at once using pd.concat(axis=1) instead. To get a de-fragmented frame, use `newframe = frame.copy()`
  dataframe[f"dc_hi_{n}"] = dataframe["high"].rolling(n).max().shift(1)
/freqtrade/user_data/strategies/TrendVolTarget.py:50: PerformanceWarning: DataFrame is highly fragmented.  This is usually the result of calling `frame.insert` many times, which has poor performance.  Consider joining all columns at once using pd.concat(axis=1) instead. To get a de-fragmented frame, use `newframe = frame.copy()`
  dataframe[f"dc_hi_{n}"] = dataframe["high"].rolling(n).max().shift(1)
/freqtrade/user_data/strategies/TrendVolTarget.py:50: PerformanceWarning: DataFrame is highly fragmented.  This is usually the result of calling `frame.insert` many times, which has poor performance.  Consider joining all columns at once using pd.concat(axis=1) instead. To get a de-fragmented frame, use `newframe = frame.copy()`
  dataframe[f"dc_hi_{n}"] = dataframe["high"].rolling(n).max().shift(1)
/freqtrade/user_data/strategies/TrendVolTarget.py:50: PerformanceWarning: DataFrame is highly fragmented.  This is usually the result of calling `frame.insert` many times, which has poor performance.  Consider joining all columns at once using pd.concat(axis=1) instead. To get a de-fragmented frame, use `newframe = frame.copy()`
  dataframe[f"dc_hi_{n}"] = dataframe["high"].rolling(n).max().shift(1)
/freqtrade/user_data/strategies/TrendVolTarget.py:50: PerformanceWarning: DataFrame is highly fragmented.  This is usually the result of calling `frame.insert` many times, which has poor performance.  Consider joining all columns at once using pd.concat(axis=1) instead. To get a de-fragmented frame, use `newframe = frame.copy()`
  dataframe[f"dc_hi_{n}"] = dataframe["high"].rolling(n).max().shift(1)
/freqtrade/user_data/strategies/TrendVolTarget.py:50: PerformanceWarning: DataFrame is highly fragmented.  This is usually the result of calling `frame.insert` many times, which has poor performance.  Consider joining all columns at once using pd.concat(axis=1) instead. To get a de-fragmented frame, use `newframe = frame.copy()`
  dataframe[f"dc_hi_{n}"] = dataframe["high"].rolling(n).max().shift(1)
/freqtrade/user_data/strategies/TrendVolTarget.py:50: PerformanceWarning: DataFrame is highly fragmented.  This is usually the result of calling `frame.insert` many times, which has poor performance.  Consider joining all columns at once using pd.concat(axis=1) instead. To get a de-fragmented frame, use `newframe = frame.copy()`
  dataframe[f"dc_hi_{n}"] = dataframe["high"].rolling(n).max().shift(1)
/freqtrade/user_data/strategies/TrendVolTarget.py:50: PerformanceWarning: DataFrame is highly fragmented.  This is usually the result of calling `frame.insert` many times, which has poor performance.  Consider joining all columns at once using pd.concat(axis=1) instead. To get a de-fragmented frame, use `newframe = frame.copy()`
  dataframe[f"dc_hi_{n}"] = dataframe["high"].rolling(n).max().shift(1)
/freqtrade/user_data/strategies/TrendVolTarget.py:50: PerformanceWarning: DataFrame is highly fragmented.  This is usually the result of calling `frame.insert` many times, which has poor performance.  Consider joining all columns at once using pd.concat(axis=1) instead. To get a de-fragmented frame, use `newframe = frame.copy()`
  dataframe[f"dc_hi_{n}"] = dataframe["high"].rolling(n).max().shift(1)
/freqtrade/user_data/strategies/TrendVolTarget.py:50: PerformanceWarning: DataFrame is highly fragmented.  This is usually the result of calling `frame.insert` many times, which has poor performance.  Consider joining all columns at once using pd.concat(axis=1) instead. To get a de-fragmented frame, use `newframe = frame.copy()`
  dataframe[f"dc_hi_{n}"] = dataframe["high"].rolling(n).max().shift(1)
/freqtrade/user_data/strategies/TrendVolTarget.py:50: PerformanceWarning: DataFrame is highly fragmented.  This is usually the result of calling `frame.insert` many times, which has poor performance.  Consider joining all columns at once using pd.concat(axis=1) instead. To get a de-fragmented frame, use `newframe = frame.copy()`
  dataframe[f"dc_hi_{n}"] = dataframe["high"].rolling(n).max().shift(1)
/freqtrade/user_data/strategies/TrendVolTarget.py:50: PerformanceWarning: DataFrame is highly fragmented.  This is usually the result of calling `frame.insert` many times, which has poor performance.  Consider joining all columns at once using pd.concat(axis=1) instead. To get a de-fragmented frame, use `newframe = frame.copy()`
  dataframe[f"dc_hi_{n}"] = dataframe["high"].rolling(n).max().shift(1)
/freqtrade/user_data/strategies/TrendVolTarget.py:50: PerformanceWarning: DataFrame is highly fragmented.  This is usually the result of calling `frame.insert` many times, which has poor performance.  Consider joining all columns at once using pd.concat(axis=1) instead. To get a de-fragmented frame, use `newframe = frame.copy()`
  dataframe[f"dc_hi_{n}"] = dataframe["high"].rolling(n).max().shift(1)
/freqtrade/user_data/strategies/TrendVolTarget.py:50: PerformanceWarning: DataFrame is highly fragmented.  This is usually the result of calling `frame.insert` many times, which has poor performance.  Consider joining all columns at once using pd.concat(axis=1) instead. To get a de-fragmented frame, use `newframe = frame.copy()`
  dataframe[f"dc_hi_{n}"] = dataframe["high"].rolling(n).max().shift(1)
/freqtrade/user_data/strategies/TrendVolTarget.py:50: PerformanceWarning: DataFrame is highly fragmented.  This is usually the result of calling `frame.insert` many times, which has poor performance.  Consider joining all columns at once using pd.concat(axis=1) instead. To get a de-fragmented frame, use `newframe = frame.copy()`
  dataframe[f"dc_hi_{n}"] = dataframe["high"].rolling(n).max().shift(1)
/freqtrade/user_data/strategies/TrendVolTarget.py:50: PerformanceWarning: DataFrame is highly fragmented.  This is usually the result of calling `frame.insert` many times, which has poor performance.  Consider joining all columns at once using pd.concat(axis=1) instead. To get a de-fragmented frame, use `newframe = frame.copy()`
  dataframe[f"dc_hi_{n}"] = dataframe["high"].rolling(n).max().shift(1)
/freqtrade/user_data/strategies/TrendVolTarget.py:50: PerformanceWarning: DataFrame is highly fragmented.  This is usually the result of calling `frame.insert` many times, which has poor performance.  Consider joining all columns at once using pd.concat(axis=1) instead. To get a de-fragmented frame, use `newframe = frame.copy()`
  dataframe[f"dc_hi_{n}"] = dataframe["high"].rolling(n).max().shift(1)
/freqtrade/user_data/strategies/TrendVolTarget.py:50: PerformanceWarning: DataFrame is highly fragmented.  This is usually the result of calling `frame.insert` many times, which has poor performance.  Consider joining all columns at once using pd.concat(axis=1) instead. To get a de-fragmented frame, use `newframe = frame.copy()`
  dataframe[f"dc_hi_{n}"] = dataframe["high"].rolling(n).max().shift(1)
/freqtrade/user_data/strategies/TrendVolTarget.py:50: PerformanceWarning: DataFrame is highly fragmented.  This is usually the result of calling `frame.insert` many times, which has poor performance.  Consider joining all columns at once using pd.concat(axis=1) instead. To get a de-fragmented frame, use `newframe = frame.copy()`
  dataframe[f"dc_hi_{n}"] = dataframe["high"].rolling(n).max().shift(1)
/freqtrade/user_data/strategies/TrendVolTarget.py:50: PerformanceWarning: DataFrame is highly fragmented.  This is usually the result of calling `frame.insert` many times, which has poor performance.  Consider joining all columns at once using pd.concat(axis=1) instead. To get a de-fragmented frame, use `newframe = frame.copy()`
  dataframe[f"dc_hi_{n}"] = dataframe["high"].rolling(n).max().shift(1)
/freqtrade/user_data/strategies/TrendVolTarget.py:50: PerformanceWarning: DataFrame is highly fragmented.  This is usually the result of calling `frame.insert` many times, which has poor performance.  Consider joining all columns at once using pd.concat(axis=1) instead. To get a de-fragmented frame, use `newframe = frame.copy()`
  dataframe[f"dc_hi_{n}"] = dataframe["high"].rolling(n).max().shift(1)
/freqtrade/user_data/strategies/TrendVolTarget.py:50: PerformanceWarning: DataFrame is highly fragmented.  This is usually the result of calling `frame.insert` many times, which has poor performance.  Consider joining all columns at once using pd.concat(axis=1) instead. To get a de-fragmented frame, use `newframe = frame.copy()`
  dataframe[f"dc_hi_{n}"] = dataframe["high"].rolling(n).max().shift(1)
/freqtrade/user_data/strategies/TrendVolTarget.py:50: PerformanceWarning: DataFrame is highly fragmented.  This is usually the result of calling `frame.insert` many times, which has poor performance.  Consider joining all columns at once using pd.concat(axis=1) instead. To get a de-fragmented frame, use `newframe = frame.copy()`
  dataframe[f"dc_hi_{n}"] = dataframe["high"].rolling(n).max().shift(1)
/freqtrade/user_data/strategies/TrendVolTarget.py:50: PerformanceWarning: DataFrame is highly fragmented.  This is usually the result of calling `frame.insert` many times, which has poor performance.  Consider joining all columns at once using pd.concat(axis=1) instead. To get a de-fragmented frame, use `newframe = frame.copy()`
  dataframe[f"dc_hi_{n}"] = dataframe["high"].rolling(n).max().shift(1)
/freqtrade/user_data/strategies/TrendVolTarget.py:50: PerformanceWarning: DataFrame is highly fragmented.  This is usually the result of calling `frame.insert` many times, which has poor performance.  Consider joining all columns at once using pd.concat(axis=1) instead. To get a de-fragmented frame, use `newframe = frame.copy()`
  dataframe[f"dc_hi_{n}"] = dataframe["high"].rolling(n).max().shift(1)
/freqtrade/user_data/strategies/TrendVolTarget.py:50: PerformanceWarning: DataFrame is highly fragmented.  This is usually the result of calling `frame.insert` many times, which has poor performance.  Consider joining all columns at once using pd.concat(axis=1) instead. To get a de-fragmented frame, use `newframe = frame.copy()`
  dataframe[f"dc_hi_{n}"] = dataframe["high"].rolling(n).max().shift(1)
/freqtrade/user_data/strategies/TrendVolTarget.py:50: PerformanceWarning: DataFrame is highly fragmented.  This is usually the result of calling `frame.insert` many times, which has poor performance.  Consider joining all columns at once using pd.concat(axis=1) instead. To get a de-fragmented frame, use `newframe = frame.copy()`
  dataframe[f"dc_hi_{n}"] = dataframe["high"].rolling(n).max().shift(1)
/freqtrade/user_data/strategies/TrendVolTarget.py:50: PerformanceWarning: DataFrame is highly fragmented.  This is usually the result of calling `frame.insert` many times, which has poor performance.  Consider joining all columns at once using pd.concat(axis=1) instead. To get a de-fragmented frame, use `newframe = frame.copy()`
  dataframe[f"dc_hi_{n}"] = dataframe["high"].rolling(n).max().shift(1)
/freqtrade/user_data/strategies/TrendVolTarget.py:50: PerformanceWarning: DataFrame is highly fragmented.  This is usually the result of calling `frame.insert` many times, which has poor performance.  Consider joining all columns at once using pd.concat(axis=1) instead. To get a de-fragmented frame, use `newframe = frame.copy()`
  dataframe[f"dc_hi_{n}"] = dataframe["high"].rolling(n).max().shift(1)
/freqtrade/user_data/strategies/TrendVolTarget.py:50: PerformanceWarning: DataFrame is highly fragmented.  This is usually the result of calling `frame.insert` many times, which has poor performance.  Consider joining all columns at once using pd.concat(axis=1) instead. To get a de-fragmented frame, use `newframe = frame.copy()`
  dataframe[f"dc_hi_{n}"] = dataframe["high"].rolling(n).max().shift(1)
/freqtrade/user_data/strategies/TrendVolTarget.py:50: PerformanceWarning: DataFrame is highly fragmented.  This is usually the result of calling `frame.insert` many times, which has poor performance.  Consider joining all columns at once using pd.concat(axis=1) instead. To get a de-fragmented frame, use `newframe = frame.copy()`
  dataframe[f"dc_hi_{n}"] = dataframe["high"].rolling(n).max().shift(1)
/freqtrade/user_data/strategies/TrendVolTarget.py:50: PerformanceWarning: DataFrame is highly fragmented.  This is usually the result of calling `frame.insert` many times, which has poor performance.  Consider joining all columns at once using pd.concat(axis=1) instead. To get a de-fragmented frame, use `newframe = frame.copy()`
  dataframe[f"dc_hi_{n}"] = dataframe["high"].rolling(n).max().shift(1)
/freqtrade/user_data/strategies/TrendVolTarget.py:50: PerformanceWarning: DataFrame is highly fragmented.  This is usually the result of calling `frame.insert` many times, which has poor performance.  Consider joining all columns at once using pd.concat(axis=1) instead. To get a de-fragmented frame, use `newframe = frame.copy()`
  dataframe[f"dc_hi_{n}"] = dataframe["high"].rolling(n).max().shift(1)
/freqtrade/user_data/strategies/TrendVolTarget.py:50: PerformanceWarning: DataFrame is highly fragmented.  This is usually the result of calling `frame.insert` many times, which has poor performance.  Consider joining all columns at once using pd.concat(axis=1) instead. To get a de-fragmented frame, use `newframe = frame.copy()`
  dataframe[f"dc_hi_{n}"] = dataframe["high"].rolling(n).max().shift(1)
/freqtrade/user_data/strategies/TrendVolTarget.py:50: PerformanceWarning: DataFrame is highly fragmented.  This is usually the result of calling `frame.insert` many times, which has poor performance.  Consider joining all columns at once using pd.concat(axis=1) instead. To get a de-fragmented frame, use `newframe = frame.copy()`
  dataframe[f"dc_hi_{n}"] = dataframe["high"].rolling(n).max().shift(1)
/freqtrade/user_data/strategies/TrendVolTarget.py:50: PerformanceWarning: DataFrame is highly fragmented.  This is usually the result of calling `frame.insert` many times, which has poor performance.  Consider joining all columns at once using pd.concat(axis=1) instead. To get a de-fragmented frame, use `newframe = frame.copy()`
  dataframe[f"dc_hi_{n}"] = dataframe["high"].rolling(n).max().shift(1)
/freqtrade/user_data/strategies/TrendVolTarget.py:50: PerformanceWarning: DataFrame is highly fragmented.  This is usually the result of calling `frame.insert` many times, which has poor performance.  Consider joining all columns at once using pd.concat(axis=1) instead. To get a de-fragmented frame, use `newframe = frame.copy()`
  dataframe[f"dc_hi_{n}"] = dataframe["high"].rolling(n).max().shift(1)
/freqtrade/user_data/strategies/TrendVolTarget.py:50: PerformanceWarning: DataFrame is highly fragmented.  This is usually the result of calling `frame.insert` many times, which has poor performance.  Consider joining all columns at once using pd.concat(axis=1) instead. To get a de-fragmented frame, use `newframe = frame.copy()`
  dataframe[f"dc_hi_{n}"] = dataframe["high"].rolling(n).max().shift(1)
/freqtrade/user_data/strategies/TrendVolTarget.py:50: PerformanceWarning: DataFrame is highly fragmented.  This is usually the result of calling `frame.insert` many times, which has poor performance.  Consider joining all columns at once using pd.concat(axis=1) instead. To get a de-fragmented frame, use `newframe = frame.copy()`
  dataframe[f"dc_hi_{n}"] = dataframe["high"].rolling(n).max().shift(1)
/freqtrade/user_data/strategies/TrendVolTarget.py:50: PerformanceWarning: DataFrame is highly fragmented.  This is usually the result of calling `frame.insert` many times, which has poor performance.  Consider joining all columns at once using pd.concat(axis=1) instead. To get a de-fragmented frame, use `newframe = frame.copy()`
  dataframe[f"dc_hi_{n}"] = dataframe["high"].rolling(n).max().shift(1)
/freqtrade/user_data/strategies/TrendVolTarget.py:50: PerformanceWarning: DataFrame is highly fragmented.  This is usually the result of calling `frame.insert` many times, which has poor performance.  Consider joining all columns at once using pd.concat(axis=1) instead. To get a de-fragmented frame, use `newframe = frame.copy()`
  dataframe[f"dc_hi_{n}"] = dataframe["high"].rolling(n).max().shift(1)
/freqtrade/user_data/strategies/TrendVolTarget.py:50: PerformanceWarning: DataFrame is highly fragmented.  This is usually the result of calling `frame.insert` many times, which has poor performance.  Consider joining all columns at once using pd.concat(axis=1) instead. To get a de-fragmented frame, use `newframe = frame.copy()`
  dataframe[f"dc_hi_{n}"] = dataframe["high"].rolling(n).max().shift(1)
/freqtrade/user_data/strategies/TrendVolTarget.py:50: PerformanceWarning: DataFrame is highly fragmented.  This is usually the result of calling `frame.insert` many times, which has poor performance.  Consider joining all columns at once using pd.concat(axis=1) instead. To get a de-fragmented frame, use `newframe = frame.copy()`
  dataframe[f"dc_hi_{n}"] = dataframe["high"].rolling(n).max().shift(1)
/freqtrade/user_data/strategies/TrendVolTarget.py:50: PerformanceWarning: DataFrame is highly fragmented.  This is usually the result of calling `frame.insert` many times, which has poor performance.  Consider joining all columns at once using pd.concat(axis=1) instead. To get a de-fragmented frame, use `newframe = frame.copy()`
  dataframe[f"dc_hi_{n}"] = dataframe["high"].rolling(n).max().shift(1)
/freqtrade/user_data/strategies/TrendVolTarget.py:50: PerformanceWarning: DataFrame is highly fragmented.  This is usually the result of calling `frame.insert` many times, which has poor performance.  Consider joining all columns at once using pd.concat(axis=1) instead. To get a de-fragmented frame, use `newframe = frame.copy()`
  dataframe[f"dc_hi_{n}"] = dataframe["high"].rolling(n).max().shift(1)
/freqtrade/user_data/strategies/TrendVolTarget.py:50: PerformanceWarning: DataFrame is highly fragmented.  This is usually the result of calling `frame.insert` many times, which has poor performance.  Consider joining all columns at once using pd.concat(axis=1) instead. To get a de-fragmented frame, use `newframe = frame.copy()`
  dataframe[f"dc_hi_{n}"] = dataframe["high"].rolling(n).max().shift(1)
/freqtrade/user_data/strategies/TrendVolTarget.py:50: PerformanceWarning: DataFrame is highly fragmented.  This is usually the result of calling `frame.insert` many times, which has poor performance.  Consider joining all columns at once using pd.concat(axis=1) instead. To get a de-fragmented frame, use `newframe = frame.copy()`
  dataframe[f"dc_hi_{n}"] = dataframe["high"].rolling(n).max().shift(1)
/freqtrade/user_data/strategies/TrendVolTarget.py:50: PerformanceWarning: DataFrame is highly fragmented.  This is usually the result of calling `frame.insert` many times, which has poor performance.  Consider joining all columns at once using pd.concat(axis=1) instead. To get a de-fragmented frame, use `newframe = frame.copy()`
  dataframe[f"dc_hi_{n}"] = dataframe["high"].rolling(n).max().shift(1)
/freqtrade/user_data/strategies/TrendVolTarget.py:50: PerformanceWarning: DataFrame is highly fragmented.  This is usually the result of calling `frame.insert` many times, which has poor performance.  Consider joining all columns at once using pd.concat(axis=1) instead. To get a de-fragmented frame, use `newframe = frame.copy()`
  dataframe[f"dc_hi_{n}"] = dataframe["high"].rolling(n).max().shift(1)
/freqtrade/user_data/strategies/TrendVolTarget.py:50: PerformanceWarning: DataFrame is highly fragmented.  This is usually the result of calling `frame.insert` many times, which has poor performance.  Consider joining all columns at once using pd.concat(axis=1) instead. To get a de-fragmented frame, use `newframe = frame.copy()`
  dataframe[f"dc_hi_{n}"] = dataframe["high"].rolling(n).max().shift(1)
/freqtrade/user_data/strategies/TrendVolTarget.py:50: PerformanceWarning: DataFrame is highly fragmented.  This is usually the result of calling `frame.insert` many times, which has poor performance.  Consider joining all columns at once using pd.concat(axis=1) instead. To get a de-fragmented frame, use `newframe = frame.copy()`
  dataframe[f"dc_hi_{n}"] = dataframe["high"].rolling(n).max().shift(1)
/freqtrade/user_data/strategies/TrendVolTarget.py:50: PerformanceWarning: DataFrame is highly fragmented.  This is usually the result of calling `frame.insert` many times, which has poor performance.  Consider joining all columns at once using pd.concat(axis=1) instead. To get a de-fragmented frame, use `newframe = frame.copy()`
  dataframe[f"dc_hi_{n}"] = dataframe["high"].rolling(n).max().shift(1)
/freqtrade/user_data/strategies/TrendVolTarget.py:50: PerformanceWarning: DataFrame is highly fragmented.  This is usually the result of calling `frame.insert` many times, which has poor performance.  Consider joining all columns at once using pd.concat(axis=1) instead. To get a de-fragmented frame, use `newframe = frame.copy()`
  dataframe[f"dc_hi_{n}"] = dataframe["high"].rolling(n).max().shift(1)
/freqtrade/user_data/strategies/TrendVolTarget.py:50: PerformanceWarning: DataFrame is highly fragmented.  This is usually the result of calling `frame.insert` many times, which has poor performance.  Consider joining all columns at once using pd.concat(axis=1) instead. To get a de-fragmented frame, use `newframe = frame.copy()`
  dataframe[f"dc_hi_{n}"] = dataframe["high"].rolling(n).max().shift(1)
/freqtrade/user_data/strategies/TrendVolTarget.py:50: PerformanceWarning: DataFrame is highly fragmented.  This is usually the result of calling `frame.insert` many times, which has poor performance.  Consider joining all columns at once using pd.concat(axis=1) instead. To get a de-fragmented frame, use `newframe = frame.copy()`
  dataframe[f"dc_hi_{n}"] = dataframe["high"].rolling(n).max().shift(1)
/freqtrade/user_data/strategies/TrendVolTarget.py:50: PerformanceWarning: DataFrame is highly fragmented.  This is usually the result of calling `frame.insert` many times, which has poor performance.  Consider joining all columns at once using pd.concat(axis=1) instead. To get a de-fragmented frame, use `newframe = frame.copy()`
  dataframe[f"dc_hi_{n}"] = dataframe["high"].rolling(n).max().shift(1)
/freqtrade/user_data/strategies/TrendVolTarget.py:50: PerformanceWarning: DataFrame is highly fragmented.  This is usually the result of calling `frame.insert` many times, which has poor performance.  Consider joining all columns at once using pd.concat(axis=1) instead. To get a de-fragmented frame, use `newframe = frame.copy()`
  dataframe[f"dc_hi_{n}"] = dataframe["high"].rolling(n).max().shift(1)
/freqtrade/user_data/strategies/TrendVolTarget.py:50: PerformanceWarning: DataFrame is highly fragmented.  This is usually the result of calling `frame.insert` many times, which has poor performance.  Consider joining all columns at once using pd.concat(axis=1) instead. To get a de-fragmented frame, use `newframe = frame.copy()`
  dataframe[f"dc_hi_{n}"] = dataframe["high"].rolling(n).max().shift(1)
/freqtrade/user_data/strategies/TrendVolTarget.py:50: PerformanceWarning: DataFrame is highly fragmented.  This is usually the result of calling `frame.insert` many times, which has poor performance.  Consider joining all columns at once using pd.concat(axis=1) instead. To get a de-fragmented frame, use `newframe = frame.copy()`
  dataframe[f"dc_hi_{n}"] = dataframe["high"].rolling(n).max().shift(1)
/freqtrade/user_data/strategies/TrendVolTarget.py:50: PerformanceWarning: DataFrame is highly fragmented.  This is usually the result of calling `frame.insert` many times, which has poor performance.  Consider joining all columns at once using pd.concat(axis=1) instead. To get a de-fragmented frame, use `newframe = frame.copy()`
  dataframe[f"dc_hi_{n}"] = dataframe["high"].rolling(n).max().shift(1)
/freqtrade/user_data/strategies/TrendVolTarget.py:50: PerformanceWarning: DataFrame is highly fragmented.  This is usually the result of calling `frame.insert` many times, which has poor performance.  Consider joining all columns at once using pd.concat(axis=1) instead. To get a de-fragmented frame, use `newframe = frame.copy()`
  dataframe[f"dc_hi_{n}"] = dataframe["high"].rolling(n).max().shift(1)
/freqtrade/user_data/strategies/TrendVolTarget.py:53: PerformanceWarning: DataFrame is highly fragmented.  This is usually the result of calling `frame.insert` many times, which has poor performance.  Consider joining all columns at once using pd.concat(axis=1) instead. To get a de-fragmented frame, use `newframe = frame.copy()`
  dataframe["sma_f"] = ta.SMA(dataframe, timeperiod=60)
/freqtrade/user_data/strategies/TrendVolTarget.py:54: PerformanceWarning: DataFrame is highly fragmented.  This is usually the result of calling `frame.insert` many times, which has poor performance.  Consider joining all columns at once using pd.concat(axis=1) instead. To get a de-fragmented frame, use `newframe = frame.copy()`
  dataframe["sma_s"] = ta.SMA(dataframe, timeperiod=240)
/freqtrade/user_data/strategies/TrendVolTarget.py:56: PerformanceWarning: DataFrame is highly fragmented.  This is usually the result of calling `frame.insert` many times, which has poor performance.  Consider joining all columns at once using pd.concat(axis=1) instead. To get a de-fragmented frame, use `newframe = frame.copy()`
  dataframe["rvol"] = dataframe["close"].pct_change().rolling(90).std() * np.sqrt(6 * 365)
/freqtrade/user_data/strategies/TrendVolTarget.py:50: PerformanceWarning: DataFrame is highly fragmented.  This is usually the result of calling `frame.insert` many times, which has poor performance.  Consider joining all columns at once using pd.concat(axis=1) instead. To get a de-fragmented frame, use `newframe = frame.copy()`
  dataframe[f"dc_hi_{n}"] = dataframe["high"].rolling(n).max().shift(1)
/freqtrade/user_data/strategies/TrendVolTarget.py:50: PerformanceWarning: DataFrame is highly fragmented.  This is usually the result of calling `frame.insert` many times, which has poor performance.  Consider joining all columns at once using pd.concat(axis=1) instead. To get a de-fragmented frame, use `newframe = frame.copy()`
  dataframe[f"dc_hi_{n}"] = dataframe["high"].rolling(n).max().shift(1)
/freqtrade/user_data/strategies/TrendVolTarget.py:50: PerformanceWarning: DataFrame is highly fragmented.  This is usually the result of calling `frame.insert` many times, which has poor performance.  Consider joining all columns at once using pd.concat(axis=1) instead. To get a de-fragmented frame, use `newframe = frame.copy()`
  dataframe[f"dc_hi_{n}"] = dataframe["high"].rolling(n).max().shift(1)
/freqtrade/user_data/strategies/TrendVolTarget.py:50: PerformanceWarning: DataFrame is highly fragmented.  This is usually the result of calling `frame.insert` many times, which has poor performance.  Consider joining all columns at once using pd.concat(axis=1) instead. To get a de-fragmented frame, use `newframe = frame.copy()`
  dataframe[f"dc_hi_{n}"] = dataframe["high"].rolling(n).max().shift(1)
/freqtrade/user_data/strategies/TrendVolTarget.py:50: PerformanceWarning: DataFrame is highly fragmented.  This is usually the result of calling `frame.insert` many times, which has poor performance.  Consider joining all columns at once using pd.concat(axis=1) instead. To get a de-fragmented frame, use `newframe = frame.copy()`
  dataframe[f"dc_hi_{n}"] = dataframe["high"].rolling(n).max().shift(1)
/freqtrade/user_data/strategies/TrendVolTarget.py:50: PerformanceWarning: DataFrame is highly fragmented.  This is usually the result of calling `frame.insert` many times, which has poor performance.  Consider joining all columns at once using pd.concat(axis=1) instead. To get a de-fragmented frame, use `newframe = frame.copy()`
  dataframe[f"dc_hi_{n}"] = dataframe["high"].rolling(n).max().shift(1)
/freqtrade/user_data/strategies/TrendVolTarget.py:50: PerformanceWarning: DataFrame is highly fragmented.  This is usually the result of calling `frame.insert` many times, which has poor performance.  Consider joining all columns at once using pd.concat(axis=1) instead. To get a de-fragmented frame, use `newframe = frame.copy()`
  dataframe[f"dc_hi_{n}"] = dataframe["high"].rolling(n).max().shift(1)
/freqtrade/user_data/strategies/TrendVolTarget.py:50: PerformanceWarning: DataFrame is highly fragmented.  This is usually the result of calling `frame.insert` many times, which has poor performance.  Consider joining all columns at once using pd.concat(axis=1) instead. To get a de-fragmented frame, use `newframe = frame.copy()`
  dataframe[f"dc_hi_{n}"] = dataframe["high"].rolling(n).max().shift(1)
/freqtrade/user_data/strategies/TrendVolTarget.py:50: PerformanceWarning: DataFrame is highly fragmented.  This is usually the result of calling `frame.insert` many times, which has poor performance.  Consider joining all columns at once using pd.concat(axis=1) instead. To get a de-fragmented frame, use `newframe = frame.copy()`
  dataframe[f"dc_hi_{n}"] = dataframe["high"].rolling(n).max().shift(1)
/freqtrade/user_data/strategies/TrendVolTarget.py:50: PerformanceWarning: DataFrame is highly fragmented.  This is usually the result of calling `frame.insert` many times, which has poor performance.  Consider joining all columns at once using pd.concat(axis=1) instead. To get a de-fragmented frame, use `newframe = frame.copy()`
  dataframe[f"dc_hi_{n}"] = dataframe["high"].rolling(n).max().shift(1)
/freqtrade/user_data/strategies/TrendVolTarget.py:50: PerformanceWarning: DataFrame is highly fragmented.  This is usually the result of calling `frame.insert` many times, which has poor performance.  Consider joining all columns at once using pd.concat(axis=1) instead. To get a de-fragmented frame, use `newframe = frame.copy()`
  dataframe[f"dc_hi_{n}"] = dataframe["high"].rolling(n).max().shift(1)
/freqtrade/user_data/strategies/TrendVolTarget.py:50: PerformanceWarning: DataFrame is highly fragmented.  This is usually the result of calling `frame.insert` many times, which has poor performance.  Consider joining all columns at once using pd.concat(axis=1) instead. To get a de-fragmented frame, use `newframe = frame.copy()`
  dataframe[f"dc_hi_{n}"] = dataframe["high"].rolling(n).max().shift(1)
/freqtrade/user_data/strategies/TrendVolTarget.py:50: PerformanceWarning: DataFrame is highly fragmented.  This is usually the result of calling `frame.insert` many times, which has poor performance.  Consider joining all columns at once using pd.concat(axis=1) instead. To get a de-fragmented frame, use `newframe = frame.copy()`
  dataframe[f"dc_hi_{n}"] = dataframe["high"].rolling(n).max().shift(1)
/freqtrade/user_data/strategies/TrendVolTarget.py:50: PerformanceWarning: DataFrame is highly fragmented.  This is usually the result of calling `frame.insert` many times, which has poor performance.  Consider joining all columns at once using pd.concat(axis=1) instead. To get a de-fragmented frame, use `newframe = frame.copy()`
  dataframe[f"dc_hi_{n}"] = dataframe["high"].rolling(n).max().shift(1)
/freqtrade/user_data/strategies/TrendVolTarget.py:50: PerformanceWarning: DataFrame is highly fragmented.  This is usually the result of calling `frame.insert` many times, which has poor performance.  Consider joining all columns at once using pd.concat(axis=1) instead. To get a de-fragmented frame, use `newframe = frame.copy()`
  dataframe[f"dc_hi_{n}"] = dataframe["high"].rolling(n).max().shift(1)
/freqtrade/user_data/strategies/TrendVolTarget.py:50: PerformanceWarning: DataFrame is highly fragmented.  This is usually the result of calling `frame.insert` many times, which has poor performance.  Consider joining all columns at once using pd.concat(axis=1) instead. To get a de-fragmented frame, use `newframe = frame.copy()`
  dataframe[f"dc_hi_{n}"] = dataframe["high"].rolling(n).max().shift(1)
/freqtrade/user_data/strategies/TrendVolTarget.py:50: PerformanceWarning: DataFrame is highly fragmented.  This is usually the result of calling `frame.insert` many times, which has poor performance.  Consider joining all columns at once using pd.concat(axis=1) instead. To get a de-fragmented frame, use `newframe = frame.copy()`
  dataframe[f"dc_hi_{n}"] = dataframe["high"].rolling(n).max().shift(1)
/freqtrade/user_data/strategies/TrendVolTarget.py:50: PerformanceWarning: DataFrame is highly fragmented.  This is usually the result of calling `frame.insert` many times, which has poor performance.  Consider joining all columns at once using pd.concat(axis=1) instead. To get a de-fragmented frame, use `newframe = frame.copy()`
  dataframe[f"dc_hi_{n}"] = dataframe["high"].rolling(n).max().shift(1)
/freqtrade/user_data/strategies/TrendVolTarget.py:50: PerformanceWarning: DataFrame is highly fragmented.  This is usually the result of calling `frame.insert` many times, which has poor performance.  Consider joining all columns at once using pd.concat(axis=1) instead. To get a de-fragmented frame, use `newframe = frame.copy()`
  dataframe[f"dc_hi_{n}"] = dataframe["high"].rolling(n).max().shift(1)
/freqtrade/user_data/strategies/TrendVolTarget.py:50: PerformanceWarning: DataFrame is highly fragmented.  This is usually the result of calling `frame.insert` many times, which has poor performance.  Consider joining all columns at once using pd.concat(axis=1) instead. To get a de-fragmented frame, use `newframe = frame.copy()`
  dataframe[f"dc_hi_{n}"] = dataframe["high"].rolling(n).max().shift(1)
/freqtrade/user_data/strategies/TrendVolTarget.py:50: PerformanceWarning: DataFrame is highly fragmented.  This is usually the result of calling `frame.insert` many times, which has poor performance.  Consider joining all columns at once using pd.concat(axis=1) instead. To get a de-fragmented frame, use `newframe = frame.copy()`
  dataframe[f"dc_hi_{n}"] = dataframe["high"].rolling(n).max().shift(1)
/freqtrade/user_data/strategies/TrendVolTarget.py:50: PerformanceWarning: DataFrame is highly fragmented.  This is usually the result of calling `frame.insert` many times, which has poor performance.  Consider joining all columns at once using pd.concat(axis=1) instead. To get a de-fragmented frame, use `newframe = frame.copy()`
  dataframe[f"dc_hi_{n}"] = dataframe["high"].rolling(n).max().shift(1)
/freqtrade/user_data/strategies/TrendVolTarget.py:50: PerformanceWarning: DataFrame is highly fragmented.  This is usually the result of calling `frame.insert` many times, which has poor performance.  Consider joining all columns at once using pd.concat(axis=1) instead. To get a de-fragmented frame, use `newframe = frame.copy()`
  dataframe[f"dc_hi_{n}"] = dataframe["high"].rolling(n).max().shift(1)
/freqtrade/user_data/strategies/TrendVolTarget.py:50: PerformanceWarning: DataFrame is highly fragmented.  This is usually the result of calling `frame.insert` many times, which has poor performance.  Consider joining all columns at once using pd.concat(axis=1) instead. To get a de-fragmented frame, use `newframe = frame.copy()`
  dataframe[f"dc_hi_{n}"] = dataframe["high"].rolling(n).max().shift(1)
/freqtrade/user_data/strategies/TrendVolTarget.py:50: PerformanceWarning: DataFrame is highly fragmented.  This is usually the result of calling `frame.insert` many times, which has poor performance.  Consider joining all columns at once using pd.concat(axis=1) instead. To get a de-fragmented frame, use `newframe = frame.copy()`
  dataframe[f"dc_hi_{n}"] = dataframe["high"].rolling(n).max().shift(1)
/freqtrade/user_data/strategies/TrendVolTarget.py:50: PerformanceWarning: DataFrame is highly fragmented.  This is usually the result of calling `frame.insert` many times, which has poor performance.  Consider joining all columns at once using pd.concat(axis=1) instead. To get a de-fragmented frame, use `newframe = frame.copy()`
  dataframe[f"dc_hi_{n}"] = dataframe["high"].rolling(n).max().shift(1)
/freqtrade/user_data/strategies/TrendVolTarget.py:50: PerformanceWarning: DataFrame is highly fragmented.  This is usually the result of calling `frame.insert` many times, which has poor performance.  Consider joining all columns at once using pd.concat(axis=1) instead. To get a de-fragmented frame, use `newframe = frame.copy()`
  dataframe[f"dc_hi_{n}"] = dataframe["high"].rolling(n).max().shift(1)
/freqtrade/user_data/strategies/TrendVolTarget.py:50: PerformanceWarning: DataFrame is highly fragmented.  This is usually the result of calling `frame.insert` many times, which has poor performance.  Consider joining all columns at once using pd.concat(axis=1) instead. To get a de-fragmented frame, use `newframe = frame.copy()`
  dataframe[f"dc_hi_{n}"] = dataframe["high"].rolling(n).max().shift(1)
/freqtrade/user_data/strategies/TrendVolTarget.py:50: PerformanceWarning: DataFrame is highly fragmented.  This is usually the result of calling `frame.insert` many times, which has poor performance.  Consider joining all columns at once using pd.concat(axis=1) instead. To get a de-fragmented frame, use `newframe = frame.copy()`
  dataframe[f"dc_hi_{n}"] = dataframe["high"].rolling(n).max().shift(1)
/freqtrade/user_data/strategies/TrendVolTarget.py:50: PerformanceWarning: DataFrame is highly fragmented.  This is usually the result of calling `frame.insert` many times, which has poor performance.  Consider joining all columns at once using pd.concat(axis=1) instead. To get a de-fragmented frame, use `newframe = frame.copy()`
  dataframe[f"dc_hi_{n}"] = dataframe["high"].rolling(n).max().shift(1)
/freqtrade/user_data/strategies/TrendVolTarget.py:50: PerformanceWarning: DataFrame is highly fragmented.  This is usually the result of calling `frame.insert` many times, which has poor performance.  Consider joining all columns at once using pd.concat(axis=1) instead. To get a de-fragmented frame, use `newframe = frame.copy()`
  dataframe[f"dc_hi_{n}"] = dataframe["high"].rolling(n).max().shift(1)
/freqtrade/user_data/strategies/TrendVolTarget.py:50: PerformanceWarning: DataFrame is highly fragmented.  This is usually the result of calling `frame.insert` many times, which has poor performance.  Consider joining all columns at once using pd.concat(axis=1) instead. To get a de-fragmented frame, use `newframe = frame.copy()`
  dataframe[f"dc_hi_{n}"] = dataframe["high"].rolling(n).max().shift(1)
/freqtrade/user_data/strategies/TrendVolTarget.py:50: PerformanceWarning: DataFrame is highly fragmented.  This is usually the result of calling `frame.insert` many times, which has poor performance.  Consider joining all columns at once using pd.concat(axis=1) instead. To get a de-fragmented frame, use `newframe = frame.copy()`
  dataframe[f"dc_hi_{n}"] = dataframe["high"].rolling(n).max().shift(1)
/freqtrade/user_data/strategies/TrendVolTarget.py:50: PerformanceWarning: DataFrame is highly fragmented.  This is usually the result of calling `frame.insert` many times, which has poor performance.  Consider joining all columns at once using pd.concat(axis=1) instead. To get a de-fragmented frame, use `newframe = frame.copy()`
  dataframe[f"dc_hi_{n}"] = dataframe["high"].rolling(n).max().shift(1)
/freqtrade/user_data/strategies/TrendVolTarget.py:50: PerformanceWarning: DataFrame is highly fragmented.  This is usually the result of calling `frame.insert` many times, which has poor performance.  Consider joining all columns at once using pd.concat(axis=1) instead. To get a de-fragmented frame, use `newframe = frame.copy()`
  dataframe[f"dc_hi_{n}"] = dataframe["high"].rolling(n).max().shift(1)
/freqtrade/user_data/strategies/TrendVolTarget.py:50: PerformanceWarning: DataFrame is highly fragmented.  This is usually the result of calling `frame.insert` many times, which has poor performance.  Consider joining all columns at once using pd.concat(axis=1) instead. To get a de-fragmented frame, use `newframe = frame.copy()`
  dataframe[f"dc_hi_{n}"] = dataframe["high"].rolling(n).max().shift(1)
/freqtrade/user_data/strategies/TrendVolTarget.py:50: PerformanceWarning: DataFrame is highly fragmented.  This is usually the result of calling `frame.insert` many times, which has poor performance.  Consider joining all columns at once using pd.concat(axis=1) instead. To get a de-fragmented frame, use `newframe = frame.copy()`
  dataframe[f"dc_hi_{n}"] = dataframe["high"].rolling(n).max().shift(1)
/freqtrade/user_data/strategies/TrendVolTarget.py:50: PerformanceWarning: DataFrame is highly fragmented.  This is usually the result of calling `frame.insert` many times, which has poor performance.  Consider joining all columns at once using pd.concat(axis=1) instead. To get a de-fragmented frame, use `newframe = frame.copy()`
  dataframe[f"dc_hi_{n}"] = dataframe["high"].rolling(n).max().shift(1)
/freqtrade/user_data/strategies/TrendVolTarget.py:50: PerformanceWarning: DataFrame is highly fragmented.  This is usually the result of calling `frame.insert` many times, which has poor performance.  Consider joining all columns at once using pd.concat(axis=1) instead. To get a de-fragmented frame, use `newframe = frame.copy()`
  dataframe[f"dc_hi_{n}"] = dataframe["high"].rolling(n).max().shift(1)
/freqtrade/user_data/strategies/TrendVolTarget.py:50: PerformanceWarning: DataFrame is highly fragmented.  This is usually the result of calling `frame.insert` many times, which has poor performance.  Consider joining all columns at once using pd.concat(axis=1) instead. To get a de-fragmented frame, use `newframe = frame.copy()`
  dataframe[f"dc_hi_{n}"] = dataframe["high"].rolling(n).max().shift(1)
/freqtrade/user_data/strategies/TrendVolTarget.py:50: PerformanceWarning: DataFrame is highly fragmented.  This is usually the result of calling `frame.insert` many times, which has poor performance.  Consider joining all columns at once using pd.concat(axis=1) instead. To get a de-fragmented frame, use `newframe = frame.copy()`
  dataframe[f"dc_hi_{n}"] = dataframe["high"].rolling(n).max().shift(1)
/freqtrade/user_data/strategies/TrendVolTarget.py:50: PerformanceWarning: DataFrame is highly fragmented.  This is usually the result of calling `frame.insert` many times, which has poor performance.  Consider joining all columns at once using pd.concat(axis=1) instead. To get a de-fragmented frame, use `newframe = frame.copy()`
  dataframe[f"dc_hi_{n}"] = dataframe["high"].rolling(n).max().shift(1)
/freqtrade/user_data/strategies/TrendVolTarget.py:50: PerformanceWarning: DataFrame is highly fragmented.  This is usually the result of calling `frame.insert` many times, which has poor performance.  Consider joining all columns at once using pd.concat(axis=1) instead. To get a de-fragmented frame, use `newframe = frame.copy()`
  dataframe[f"dc_hi_{n}"] = dataframe["high"].rolling(n).max().shift(1)
/freqtrade/user_data/strategies/TrendVolTarget.py:50: PerformanceWarning: DataFrame is highly fragmented.  This is usually the result of calling `frame.insert` many times, which has poor performance.  Consider joining all columns at once using pd.concat(axis=1) instead. To get a de-fragmented frame, use `newframe = frame.copy()`
  dataframe[f"dc_hi_{n}"] = dataframe["high"].rolling(n).max().shift(1)
/freqtrade/user_data/strategies/TrendVolTarget.py:50: PerformanceWarning: DataFrame is highly fragmented.  This is usually the result of calling `frame.insert` many times, which has poor performance.  Consider joining all columns at once using pd.concat(axis=1) instead. To get a de-fragmented frame, use `newframe = frame.copy()`
  dataframe[f"dc_hi_{n}"] = dataframe["high"].rolling(n).max().shift(1)
/freqtrade/user_data/strategies/TrendVolTarget.py:50: PerformanceWarning: DataFrame is highly fragmented.  This is usually the result of calling `frame.insert` many times, which has poor performance.  Consider joining all columns at once using pd.concat(axis=1) instead. To get a de-fragmented frame, use `newframe = frame.copy()`
  dataframe[f"dc_hi_{n}"] = dataframe["high"].rolling(n).max().shift(1)
/freqtrade/user_data/strategies/TrendVolTarget.py:50: PerformanceWarning: DataFrame is highly fragmented.  This is usually the result of calling `frame.insert` many times, which has poor performance.  Consider joining all columns at once using pd.concat(axis=1) instead. To get a de-fragmented frame, use `newframe = frame.copy()`
  dataframe[f"dc_hi_{n}"] = dataframe["high"].rolling(n).max().shift(1)
/freqtrade/user_data/strategies/TrendVolTarget.py:50: PerformanceWarning: DataFrame is highly fragmented.  This is usually the result of calling `frame.insert` many times, which has poor performance.  Consider joining all columns at once using pd.concat(axis=1) instead. To get a de-fragmented frame, use `newframe = frame.copy()`
  dataframe[f"dc_hi_{n}"] = dataframe["high"].rolling(n).max().shift(1)
/freqtrade/user_data/strategies/TrendVolTarget.py:50: PerformanceWarning: DataFrame is highly fragmented.  This is usually the result of calling `frame.insert` many times, which has poor performance.  Consider joining all columns at once using pd.concat(axis=1) instead. To get a de-fragmented frame, use `newframe = frame.copy()`
  dataframe[f"dc_hi_{n}"] = dataframe["high"].rolling(n).max().shift(1)
/freqtrade/user_data/strategies/TrendVolTarget.py:50: PerformanceWarning: DataFrame is highly fragmented.  This is usually the result of calling `frame.insert` many times, which has poor performance.  Consider joining all columns at once using pd.concat(axis=1) instead. To get a de-fragmented frame, use `newframe = frame.copy()`
  dataframe[f"dc_hi_{n}"] = dataframe["high"].rolling(n).max().shift(1)
/freqtrade/user_data/strategies/TrendVolTarget.py:50: PerformanceWarning: DataFrame is highly fragmented.  This is usually the result of calling `frame.insert` many times, which has poor performance.  Consider joining all columns at once using pd.concat(axis=1) instead. To get a de-fragmented frame, use `newframe = frame.copy()`
  dataframe[f"dc_hi_{n}"] = dataframe["high"].rolling(n).max().shift(1)
/freqtrade/user_data/strategies/TrendVolTarget.py:50: PerformanceWarning: DataFrame is highly fragmented.  This is usually the result of calling `frame.insert` many times, which has poor performance.  Consider joining all columns at once using pd.concat(axis=1) instead. To get a de-fragmented frame, use `newframe = frame.copy()`
  dataframe[f"dc_hi_{n}"] = dataframe["high"].rolling(n).max().shift(1)
/freqtrade/user_data/strategies/TrendVolTarget.py:50: PerformanceWarning: DataFrame is highly fragmented.  This is usually the result of calling `frame.insert` many times, which has poor performance.  Consider joining all columns at once using pd.concat(axis=1) instead. To get a de-fragmented frame, use `newframe = frame.copy()`
  dataframe[f"dc_hi_{n}"] = dataframe["high"].rolling(n).max().shift(1)
/freqtrade/user_data/strategies/TrendVolTarget.py:50: PerformanceWarning: DataFrame is highly fragmented.  This is usually the result of calling `frame.insert` many times, which has poor performance.  Consider joining all columns at once using pd.concat(axis=1) instead. To get a de-fragmented frame, use `newframe = frame.copy()`
  dataframe[f"dc_hi_{n}"] = dataframe["high"].rolling(n).max().shift(1)
/freqtrade/user_data/strategies/TrendVolTarget.py:50: PerformanceWarning: DataFrame is highly fragmented.  This is usually the result of calling `frame.insert` many times, which has poor performance.  Consider joining all columns at once using pd.concat(axis=1) instead. To get a de-fragmented frame, use `newframe = frame.copy()`
  dataframe[f"dc_hi_{n}"] = dataframe["high"].rolling(n).max().shift(1)
/freqtrade/user_data/strategies/TrendVolTarget.py:50: PerformanceWarning: DataFrame is highly fragmented.  This is usually the result of calling `frame.insert` many times, which has poor performance.  Consider joining all columns at once using pd.concat(axis=1) instead. To get a de-fragmented frame, use `newframe = frame.copy()`
  dataframe[f"dc_hi_{n}"] = dataframe["high"].rolling(n).max().shift(1)
/freqtrade/user_data/strategies/TrendVolTarget.py:50: PerformanceWarning: DataFrame is highly fragmented.  This is usually the result of calling `frame.insert` many times, which has poor performance.  Consider joining all columns at once using pd.concat(axis=1) instead. To get a de-fragmented frame, use `newframe = frame.copy()`
  dataframe[f"dc_hi_{n}"] = dataframe["high"].rolling(n).max().shift(1)
/freqtrade/user_data/strategies/TrendVolTarget.py:50: PerformanceWarning: DataFrame is highly fragmented.  This is usually the result of calling `frame.insert` many times, which has poor performance.  Consider joining all columns at once using pd.concat(axis=1) instead. To get a de-fragmented frame, use `newframe = frame.copy()`
  dataframe[f"dc_hi_{n}"] = dataframe["high"].rolling(n).max().shift(1)
/freqtrade/user_data/strategies/TrendVolTarget.py:50: PerformanceWarning: DataFrame is highly fragmented.  This is usually the result of calling `frame.insert` many times, which has poor performance.  Consider joining all columns at once using pd.concat(axis=1) instead. To get a de-fragmented frame, use `newframe = frame.copy()`
  dataframe[f"dc_hi_{n}"] = dataframe["high"].rolling(n).max().shift(1)
/freqtrade/user_data/strategies/TrendVolTarget.py:50: PerformanceWarning: DataFrame is highly fragmented.  This is usually the result of calling `frame.insert` many times, which has poor performance.  Consider joining all columns at once using pd.concat(axis=1) instead. To get a de-fragmented frame, use `newframe = frame.copy()`
  dataframe[f"dc_hi_{n}"] = dataframe["high"].rolling(n).max().shift(1)
/freqtrade/user_data/strategies/TrendVolTarget.py:50: PerformanceWarning: DataFrame is highly fragmented.  This is usually the result of calling `frame.insert` many times, which has poor performance.  Consider joining all columns at once using pd.concat(axis=1) instead. To get a de-fragmented frame, use `newframe = frame.copy()`
  dataframe[f"dc_hi_{n}"] = dataframe["high"].rolling(n).max().shift(1)
/freqtrade/user_data/strategies/TrendVolTarget.py:50: PerformanceWarning: DataFrame is highly fragmented.  This is usually the result of calling `frame.insert` many times, which has poor performance.  Consider joining all columns at once using pd.concat(axis=1) instead. To get a de-fragmented frame, use `newframe = frame.copy()`
  dataframe[f"dc_hi_{n}"] = dataframe["high"].rolling(n).max().shift(1)
/freqtrade/user_data/strategies/TrendVolTarget.py:50: PerformanceWarning: DataFrame is highly fragmented.  This is usually the result of calling `frame.insert` many times, which has poor performance.  Consider joining all columns at once using pd.concat(axis=1) instead. To get a de-fragmented frame, use `newframe = frame.copy()`
  dataframe[f"dc_hi_{n}"] = dataframe["high"].rolling(n).max().shift(1)
/freqtrade/user_data/strategies/TrendVolTarget.py:50: PerformanceWarning: DataFrame is highly fragmented.  This is usually the result of calling `frame.insert` many times, which has poor performance.  Consider joining all columns at once using pd.concat(axis=1) instead. To get a de-fragmented frame, use `newframe = frame.copy()`
  dataframe[f"dc_hi_{n}"] = dataframe["high"].rolling(n).max().shift(1)
/freqtrade/user_data/strategies/TrendVolTarget.py:50: PerformanceWarning: DataFrame is highly fragmented.  This is usually the result of calling `frame.insert` many times, which has poor performance.  Consider joining all columns at once using pd.concat(axis=1) instead. To get a de-fragmented frame, use `newframe = frame.copy()`
  dataframe[f"dc_hi_{n}"] = dataframe["high"].rolling(n).max().shift(1)
/freqtrade/user_data/strategies/TrendVolTarget.py:50: PerformanceWarning: DataFrame is highly fragmented.  This is usually the result of calling `frame.insert` many times, which has poor performance.  Consider joining all columns at once using pd.concat(axis=1) instead. To get a de-fragmented frame, use `newframe = frame.copy()`
  dataframe[f"dc_hi_{n}"] = dataframe["high"].rolling(n).max().shift(1)
/freqtrade/user_data/strategies/TrendVolTarget.py:50: PerformanceWarning: DataFrame is highly fragmented.  This is usually the result of calling `frame.insert` many times, which has poor performance.  Consider joining all columns at once using pd.concat(axis=1) instead. To get a de-fragmented frame, use `newframe = frame.copy()`
  dataframe[f"dc_hi_{n}"] = dataframe["high"].rolling(n).max().shift(1)
/freqtrade/user_data/strategies/TrendVolTarget.py:50: PerformanceWarning: DataFrame is highly fragmented.  This is usually the result of calling `frame.insert` many times, which has poor performance.  Consider joining all columns at once using pd.concat(axis=1) instead. To get a de-fragmented frame, use `newframe = frame.copy()`
  dataframe[f"dc_hi_{n}"] = dataframe["high"].rolling(n).max().shift(1)
/freqtrade/user_data/strategies/TrendVolTarget.py:50: PerformanceWarning: DataFrame is highly fragmented.  This is usually the result of calling `frame.insert` many times, which has poor performance.  Consider joining all columns at once using pd.concat(axis=1) instead. To get a de-fragmented frame, use `newframe = frame.copy()`
  dataframe[f"dc_hi_{n}"] = dataframe["high"].rolling(n).max().shift(1)
/freqtrade/user_data/strategies/TrendVolTarget.py:50: PerformanceWarning: DataFrame is highly fragmented.  This is usually the result of calling `frame.insert` many times, which has poor performance.  Consider joining all columns at once using pd.concat(axis=1) instead. To get a de-fragmented frame, use `newframe = frame.copy()`
  dataframe[f"dc_hi_{n}"] = dataframe["high"].rolling(n).max().shift(1)
/freqtrade/user_data/strategies/TrendVolTarget.py:50: PerformanceWarning: DataFrame is highly fragmented.  This is usually the result of calling `frame.insert` many times, which has poor performance.  Consider joining all columns at once using pd.concat(axis=1) instead. To get a de-fragmented frame, use `newframe = frame.copy()`
  dataframe[f"dc_hi_{n}"] = dataframe["high"].rolling(n).max().shift(1)
/freqtrade/user_data/strategies/TrendVolTarget.py:50: PerformanceWarning: DataFrame is highly fragmented.  This is usually the result of calling `frame.insert` many times, which has poor performance.  Consider joining all columns at once using pd.concat(axis=1) instead. To get a de-fragmented frame, use `newframe = frame.copy()`
  dataframe[f"dc_hi_{n}"] = dataframe["high"].rolling(n).max().shift(1)
/freqtrade/user_data/strategies/TrendVolTarget.py:50: PerformanceWarning: DataFrame is highly fragmented.  This is usually the result of calling `frame.insert` many times, which has poor performance.  Consider joining all columns at once using pd.concat(axis=1) instead. To get a de-fragmented frame, use `newframe = frame.copy()`
  dataframe[f"dc_hi_{n}"] = dataframe["high"].rolling(n).max().shift(1)
/freqtrade/user_data/strategies/TrendVolTarget.py:50: PerformanceWarning: DataFrame is highly fragmented.  This is usually the result of calling `frame.insert` many times, which has poor performance.  Consider joining all columns at once using pd.concat(axis=1) instead. To get a de-fragmented frame, use `newframe = frame.copy()`
  dataframe[f"dc_hi_{n}"] = dataframe["high"].rolling(n).max().shift(1)
/freqtrade/user_data/strategies/TrendVolTarget.py:50: PerformanceWarning: DataFrame is highly fragmented.  This is usually the result of calling `frame.insert` many times, which has poor performance.  Consider joining all columns at once using pd.concat(axis=1) instead. To get a de-fragmented frame, use `newframe = frame.copy()`
  dataframe[f"dc_hi_{n}"] = dataframe["high"].rolling(n).max().shift(1)
/freqtrade/user_data/strategies/TrendVolTarget.py:50: PerformanceWarning: DataFrame is highly fragmented.  This is usually the result of calling `frame.insert` many times, which has poor performance.  Consider joining all columns at once using pd.concat(axis=1) instead. To get a de-fragmented frame, use `newframe = frame.copy()`
  dataframe[f"dc_hi_{n}"] = dataframe["high"].rolling(n).max().shift(1)
/freqtrade/user_data/strategies/TrendVolTarget.py:50: PerformanceWarning: DataFrame is highly fragmented.  This is usually the result of calling `frame.insert` many times, which has poor performance.  Consider joining all columns at once using pd.concat(axis=1) instead. To get a de-fragmented frame, use `newframe = frame.copy()`
  dataframe[f"dc_hi_{n}"] = dataframe["high"].rolling(n).max().shift(1)
/freqtrade/user_data/strategies/TrendVolTarget.py:50: PerformanceWarning: DataFrame is highly fragmented.  This is usually the result of calling `frame.insert` many times, which has poor performance.  Consider joining all columns at once using pd.concat(axis=1) instead. To get a de-fragmented frame, use `newframe = frame.copy()`
  dataframe[f"dc_hi_{n}"] = dataframe["high"].rolling(n).max().shift(1)
/freqtrade/user_data/strategies/TrendVolTarget.py:50: PerformanceWarning: DataFrame is highly fragmented.  This is usually the result of calling `frame.insert` many times, which has poor performance.  Consider joining all columns at once using pd.concat(axis=1) instead. To get a de-fragmented frame, use `newframe = frame.copy()`
  dataframe[f"dc_hi_{n}"] = dataframe["high"].rolling(n).max().shift(1)
/freqtrade/user_data/strategies/TrendVolTarget.py:50: PerformanceWarning: DataFrame is highly fragmented.  This is usually the result of calling `frame.insert` many times, which has poor performance.  Consider joining all columns at once using pd.concat(axis=1) instead. To get a de-fragmented frame, use `newframe = frame.copy()`
  dataframe[f"dc_hi_{n}"] = dataframe["high"].rolling(n).max().shift(1)
/freqtrade/user_data/strategies/TrendVolTarget.py:50: PerformanceWarning: DataFrame is highly fragmented.  This is usually the result of calling `frame.insert` many times, which has poor performance.  Consider joining all columns at once using pd.concat(axis=1) instead. To get a de-fragmented frame, use `newframe = frame.copy()`
  dataframe[f"dc_hi_{n}"] = dataframe["high"].rolling(n).max().shift(1)
/freqtrade/user_data/strategies/TrendVolTarget.py:50: PerformanceWarning: DataFrame is highly fragmented.  This is usually the result of calling `frame.insert` many times, which has poor performance.  Consider joining all columns at once using pd.concat(axis=1) instead. To get a de-fragmented frame, use `newframe = frame.copy()`
  dataframe[f"dc_hi_{n}"] = dataframe["high"].rolling(n).max().shift(1)
/freqtrade/user_data/strategies/TrendVolTarget.py:50: PerformanceWarning: DataFrame is highly fragmented.  This is usually the result of calling `frame.insert` many times, which has poor performance.  Consider joining all columns at once using pd.concat(axis=1) instead. To get a de-fragmented frame, use `newframe = frame.copy()`
  dataframe[f"dc_hi_{n}"] = dataframe["high"].rolling(n).max().shift(1)
/freqtrade/user_data/strategies/TrendVolTarget.py:50: PerformanceWarning: DataFrame is highly fragmented.  This is usually the result of calling `frame.insert` many times, which has poor performance.  Consider joining all columns at once using pd.concat(axis=1) instead. To get a de-fragmented frame, use `newframe = frame.copy()`
  dataframe[f"dc_hi_{n}"] = dataframe["high"].rolling(n).max().shift(1)
/freqtrade/user_data/strategies/TrendVolTarget.py:53: PerformanceWarning: DataFrame is highly fragmented.  This is usually the result of calling `frame.insert` many times, which has poor performance.  Consider joining all columns at once using pd.concat(axis=1) instead. To get a de-fragmented frame, use `newframe = frame.copy()`
  dataframe["sma_f"] = ta.SMA(dataframe, timeperiod=60)
/freqtrade/user_data/strategies/TrendVolTarget.py:54: PerformanceWarning: DataFrame is highly fragmented.  This is usually the result of calling `frame.insert` many times, which has poor performance.  Consider joining all columns at once using pd.concat(axis=1) instead. To get a de-fragmented frame, use `newframe = frame.copy()`
  dataframe["sma_s"] = ta.SMA(dataframe, timeperiod=240)
/freqtrade/user_data/strategies/TrendVolTarget.py:56: PerformanceWarning: DataFrame is highly fragmented.  This is usually the result of calling `frame.insert` many times, which has poor performance.  Consider joining all columns at once using pd.concat(axis=1) instead. To get a de-fragmented frame, use `newframe = frame.copy()`
  dataframe["rvol"] = dataframe["close"].pct_change().rolling(90).std() * np.sqrt(6 * 365)
/freqtrade/user_data/strategies/TrendVolTarget.py:50: PerformanceWarning: DataFrame is highly fragmented.  This is usually the result of calling `frame.insert` many times, which has poor performance.  Consider joining all columns at once using pd.concat(axis=1) instead. To get a de-fragmented frame, use `newframe = frame.copy()`
  dataframe[f"dc_hi_{n}"] = dataframe["high"].rolling(n).max().shift(1)
/freqtrade/user_data/strategies/TrendVolTarget.py:50: PerformanceWarning: DataFrame is highly fragmented.  This is usually the result of calling `frame.insert` many times, which has poor performance.  Consider joining all columns at once using pd.concat(axis=1) instead. To get a de-fragmented frame, use `newframe = frame.copy()`
  dataframe[f"dc_hi_{n}"] = dataframe["high"].rolling(n).max().shift(1)
/freqtrade/user_data/strategies/TrendVolTarget.py:50: PerformanceWarning: DataFrame is highly fragmented.  This is usually the result of calling `frame.insert` many times, which has poor performance.  Consider joining all columns at once using pd.concat(axis=1) instead. To get a de-fragmented frame, use `newframe = frame.copy()`
  dataframe[f"dc_hi_{n}"] = dataframe["high"].rolling(n).max().shift(1)
/freqtrade/user_data/strategies/TrendVolTarget.py:50: PerformanceWarning: DataFrame is highly fragmented.  This is usually the result of calling `frame.insert` many times, which has poor performance.  Consider joining all columns at once using pd.concat(axis=1) instead. To get a de-fragmented frame, use `newframe = frame.copy()`
  dataframe[f"dc_hi_{n}"] = dataframe["high"].rolling(n).max().shift(1)
/freqtrade/user_data/strategies/TrendVolTarget.py:50: PerformanceWarning: DataFrame is highly fragmented.  This is usually the result of calling `frame.insert` many times, which has poor performance.  Consider joining all columns at once using pd.concat(axis=1) instead. To get a de-fragmented frame, use `newframe = frame.copy()`
  dataframe[f"dc_hi_{n}"] = dataframe["high"].rolling(n).max().shift(1)
/freqtrade/user_data/strategies/TrendVolTarget.py:50: PerformanceWarning: DataFrame is highly fragmented.  This is usually the result of calling `frame.insert` many times, which has poor performance.  Consider joining all columns at once using pd.concat(axis=1) instead. To get a de-fragmented frame, use `newframe = frame.copy()`
  dataframe[f"dc_hi_{n}"] = dataframe["high"].rolling(n).max().shift(1)
/freqtrade/user_data/strategies/TrendVolTarget.py:50: PerformanceWarning: DataFrame is highly fragmented.  This is usually the result of calling `frame.insert` many times, which has poor performance.  Consider joining all columns at once using pd.concat(axis=1) instead. To get a de-fragmented frame, use `newframe = frame.copy()`
  dataframe[f"dc_hi_{n}"] = dataframe["high"].rolling(n).max().shift(1)
/freqtrade/user_data/strategies/TrendVolTarget.py:50: PerformanceWarning: DataFrame is highly fragmented.  This is usually the result of calling `frame.insert` many times, which has poor performance.  Consider joining all columns at once using pd.concat(axis=1) instead. To get a de-fragmented frame, use `newframe = frame.copy()`
  dataframe[f"dc_hi_{n}"] = dataframe["high"].rolling(n).max().shift(1)
/freqtrade/user_data/strategies/TrendVolTarget.py:50: PerformanceWarning: DataFrame is highly fragmented.  This is usually the result of calling `frame.insert` many times, which has poor performance.  Consider joining all columns at once using pd.concat(axis=1) instead. To get a de-fragmented frame, use `newframe = frame.copy()`
  dataframe[f"dc_hi_{n}"] = dataframe["high"].rolling(n).max().shift(1)
/freqtrade/user_data/strategies/TrendVolTarget.py:50: PerformanceWarning: DataFrame is highly fragmented.  This is usually the result of calling `frame.insert` many times, which has poor performance.  Consider joining all columns at once using pd.concat(axis=1) instead. To get a de-fragmented frame, use `newframe = frame.copy()`
  dataframe[f"dc_hi_{n}"] = dataframe["high"].rolling(n).max().shift(1)
/freqtrade/user_data/strategies/TrendVolTarget.py:50: PerformanceWarning: DataFrame is highly fragmented.  This is usually the result of calling `frame.insert` many times, which has poor performance.  Consider joining all columns at once using pd.concat(axis=1) instead. To get a de-fragmented frame, use `newframe = frame.copy()`
  dataframe[f"dc_hi_{n}"] = dataframe["high"].rolling(n).max().shift(1)
/freqtrade/user_data/strategies/TrendVolTarget.py:50: PerformanceWarning: DataFrame is highly fragmented.  This is usually the result of calling `frame.insert` many times, which has poor performance.  Consider joining all columns at once using pd.concat(axis=1) instead. To get a de-fragmented frame, use `newframe = frame.copy()`
  dataframe[f"dc_hi_{n}"] = dataframe["high"].rolling(n).max().shift(1)
/freqtrade/user_data/strategies/TrendVolTarget.py:50: PerformanceWarning: DataFrame is highly fragmented.  This is usually the result of calling `frame.insert` many times, which has poor performance.  Consider joining all columns at once using pd.concat(axis=1) instead. To get a de-fragmented frame, use `newframe = frame.copy()`
  dataframe[f"dc_hi_{n}"] = dataframe["high"].rolling(n).max().shift(1)
/freqtrade/user_data/strategies/TrendVolTarget.py:50: PerformanceWarning: DataFrame is highly fragmented.  This is usually the result of calling `frame.insert` many times, which has poor performance.  Consider joining all columns at once using pd.concat(axis=1) instead. To get a de-fragmented frame, use `newframe = frame.copy()`
  dataframe[f"dc_hi_{n}"] = dataframe["high"].rolling(n).max().shift(1)
/freqtrade/user_data/strategies/TrendVolTarget.py:50: PerformanceWarning: DataFrame is highly fragmented.  This is usually the result of calling `frame.insert` many times, which has poor performance.  Consider joining all columns at once using pd.concat(axis=1) instead. To get a de-fragmented frame, use `newframe = frame.copy()`
  dataframe[f"dc_hi_{n}"] = dataframe["high"].rolling(n).max().shift(1)
/freqtrade/user_data/strategies/TrendVolTarget.py:50: PerformanceWarning: DataFrame is highly fragmented.  This is usually the result of calling `frame.insert` many times, which has poor performance.  Consider joining all columns at once using pd.concat(axis=1) instead. To get a de-fragmented frame, use `newframe = frame.copy()`
  dataframe[f"dc_hi_{n}"] = dataframe["high"].rolling(n).max().shift(1)
/freqtrade/user_data/strategies/TrendVolTarget.py:50: PerformanceWarning: DataFrame is highly fragmented.  This is usually the result of calling `frame.insert` many times, which has poor performance.  Consider joining all columns at once using pd.concat(axis=1) instead. To get a de-fragmented frame, use `newframe = frame.copy()`
  dataframe[f"dc_hi_{n}"] = dataframe["high"].rolling(n).max().shift(1)
/freqtrade/user_data/strategies/TrendVolTarget.py:50: PerformanceWarning: DataFrame is highly fragmented.  This is usually the result of calling `frame.insert` many times, which has poor performance.  Consider joining all columns at once using pd.concat(axis=1) instead. To get a de-fragmented frame, use `newframe = frame.copy()`
  dataframe[f"dc_hi_{n}"] = dataframe["high"].rolling(n).max().shift(1)
/freqtrade/user_data/strategies/TrendVolTarget.py:50: PerformanceWarning: DataFrame is highly fragmented.  This is usually the result of calling `frame.insert` many times, which has poor performance.  Consider joining all columns at once using pd.concat(axis=1) instead. To get a de-fragmented frame, use `newframe = frame.copy()`
  dataframe[f"dc_hi_{n}"] = dataframe["high"].rolling(n).max().shift(1)
/freqtrade/user_data/strategies/TrendVolTarget.py:50: PerformanceWarning: DataFrame is highly fragmented.  This is usually the result of calling `frame.insert` many times, which has poor performance.  Consider joining all columns at once using pd.concat(axis=1) instead. To get a de-fragmented frame, use `newframe = frame.copy()`
  dataframe[f"dc_hi_{n}"] = dataframe["high"].rolling(n).max().shift(1)
/freqtrade/user_data/strategies/TrendVolTarget.py:50: PerformanceWarning: DataFrame is highly fragmented.  This is usually the result of calling `frame.insert` many times, which has poor performance.  Consider joining all columns at once using pd.concat(axis=1) instead. To get a de-fragmented frame, use `newframe = frame.copy()`
  dataframe[f"dc_hi_{n}"] = dataframe["high"].rolling(n).max().shift(1)
/freqtrade/user_data/strategies/TrendVolTarget.py:50: PerformanceWarning: DataFrame is highly fragmented.  This is usually the result of calling `frame.insert` many times, which has poor performance.  Consider joining all columns at once using pd.concat(axis=1) instead. To get a de-fragmented frame, use `newframe = frame.copy()`
  dataframe[f"dc_hi_{n}"] = dataframe["high"].rolling(n).max().shift(1)
/freqtrade/user_data/strategies/TrendVolTarget.py:50: PerformanceWarning: DataFrame is highly fragmented.  This is usually the result of calling `frame.insert` many times, which has poor performance.  Consider joining all columns at once using pd.concat(axis=1) instead. To get a de-fragmented frame, use `newframe = frame.copy()`
  dataframe[f"dc_hi_{n}"] = dataframe["high"].rolling(n).max().shift(1)
/freqtrade/user_data/strategies/TrendVolTarget.py:50: PerformanceWarning: DataFrame is highly fragmented.  This is usually the result of calling `frame.insert` many times, which has poor performance.  Consider joining all columns at once using pd.concat(axis=1) instead. To get a de-fragmented frame, use `newframe = frame.copy()`
  dataframe[f"dc_hi_{n}"] = dataframe["high"].rolling(n).max().shift(1)
/freqtrade/user_data/strategies/TrendVolTarget.py:50: PerformanceWarning: DataFrame is highly fragmented.  This is usually the result of calling `frame.insert` many times, which has poor performance.  Consider joining all columns at once using pd.concat(axis=1) instead. To get a de-fragmented frame, use `newframe = frame.copy()`
  dataframe[f"dc_hi_{n}"] = dataframe["high"].rolling(n).max().shift(1)
/freqtrade/user_data/strategies/TrendVolTarget.py:50: PerformanceWarning: DataFrame is highly fragmented.  This is usually the result of calling `frame.insert` many times, which has poor performance.  Consider joining all columns at once using pd.concat(axis=1) instead. To get a de-fragmented frame, use `newframe = frame.copy()`
  dataframe[f"dc_hi_{n}"] = dataframe["high"].rolling(n).max().shift(1)
/freqtrade/user_data/strategies/TrendVolTarget.py:50: PerformanceWarning: DataFrame is highly fragmented.  This is usually the result of calling `frame.insert` many times, which has poor performance.  Consider joining all columns at once using pd.concat(axis=1) instead. To get a de-fragmented frame, use `newframe = frame.copy()`
  dataframe[f"dc_hi_{n}"] = dataframe["high"].rolling(n).max().shift(1)
/freqtrade/user_data/strategies/TrendVolTarget.py:50: PerformanceWarning: DataFrame is highly fragmented.  This is usually the result of calling `frame.insert` many times, which has poor performance.  Consider joining all columns at once using pd.concat(axis=1) instead. To get a de-fragmented frame, use `newframe = frame.copy()`
  dataframe[f"dc_hi_{n}"] = dataframe["high"].rolling(n).max().shift(1)
/freqtrade/user_data/strategies/TrendVolTarget.py:50: PerformanceWarning: DataFrame is highly fragmented.  This is usually the result of calling `frame.insert` many times, which has poor performance.  Consider joining all columns at once using pd.concat(axis=1) instead. To get a de-fragmented frame, use `newframe = frame.copy()`
  dataframe[f"dc_hi_{n}"] = dataframe["high"].rolling(n).max().shift(1)
/freqtrade/user_data/strategies/TrendVolTarget.py:50: PerformanceWarning: DataFrame is highly fragmented.  This is usually the result of calling `frame.insert` many times, which has poor performance.  Consider joining all columns at once using pd.concat(axis=1) instead. To get a de-fragmented frame, use `newframe = frame.copy()`
  dataframe[f"dc_hi_{n}"] = dataframe["high"].rolling(n).max().shift(1)
/freqtrade/user_data/strategies/TrendVolTarget.py:50: PerformanceWarning: DataFrame is highly fragmented.  This is usually the result of calling `frame.insert` many times, which has poor performance.  Consider joining all columns at once using pd.concat(axis=1) instead. To get a de-fragmented frame, use `newframe = frame.copy()`
  dataframe[f"dc_hi_{n}"] = dataframe["high"].rolling(n).max().shift(1)
/freqtrade/user_data/strategies/TrendVolTarget.py:50: PerformanceWarning: DataFrame is highly fragmented.  This is usually the result of calling `frame.insert` many times, which has poor performance.  Consider joining all columns at once using pd.concat(axis=1) instead. To get a de-fragmented frame, use `newframe = frame.copy()`
  dataframe[f"dc_hi_{n}"] = dataframe["high"].rolling(n).max().shift(1)
/freqtrade/user_data/strategies/TrendVolTarget.py:50: PerformanceWarning: DataFrame is highly fragmented.  This is usually the result of calling `frame.insert` many times, which has poor performance.  Consider joining all columns at once using pd.concat(axis=1) instead. To get a de-fragmented frame, use `newframe = frame.copy()`
  dataframe[f"dc_hi_{n}"] = dataframe["high"].rolling(n).max().shift(1)
/freqtrade/user_data/strategies/TrendVolTarget.py:50: PerformanceWarning: DataFrame is highly fragmented.  This is usually the result of calling `frame.insert` many times, which has poor performance.  Consider joining all columns at once using pd.concat(axis=1) instead. To get a de-fragmented frame, use `newframe = frame.copy()`
  dataframe[f"dc_hi_{n}"] = dataframe["high"].rolling(n).max().shift(1)
/freqtrade/user_data/strategies/TrendVolTarget.py:50: PerformanceWarning: DataFrame is highly fragmented.  This is usually the result of calling `frame.insert` many times, which has poor performance.  Consider joining all columns at once using pd.concat(axis=1) instead. To get a de-fragmented frame, use `newframe = frame.copy()`
  dataframe[f"dc_hi_{n}"] = dataframe["high"].rolling(n).max().shift(1)
/freqtrade/user_data/strategies/TrendVolTarget.py:50: PerformanceWarning: DataFrame is highly fragmented.  This is usually the result of calling `frame.insert` many times, which has poor performance.  Consider joining all columns at once using pd.concat(axis=1) instead. To get a de-fragmented frame, use `newframe = frame.copy()`
  dataframe[f"dc_hi_{n}"] = dataframe["high"].rolling(n).max().shift(1)
/freqtrade/user_data/strategies/TrendVolTarget.py:50: PerformanceWarning: DataFrame is highly fragmented.  This is usually the result of calling `frame.insert` many times, which has poor performance.  Consider joining all columns at once using pd.concat(axis=1) instead. To get a de-fragmented frame, use `newframe = frame.copy()`
  dataframe[f"dc_hi_{n}"] = dataframe["high"].rolling(n).max().shift(1)
/freqtrade/user_data/strategies/TrendVolTarget.py:50: PerformanceWarning: DataFrame is highly fragmented.  This is usually the result of calling `frame.insert` many times, which has poor performance.  Consider joining all columns at once using pd.concat(axis=1) instead. To get a de-fragmented frame, use `newframe = frame.copy()`
  dataframe[f"dc_hi_{n}"] = dataframe["high"].rolling(n).max().shift(1)
/freqtrade/user_data/strategies/TrendVolTarget.py:50: PerformanceWarning: DataFrame is highly fragmented.  This is usually the result of calling `frame.insert` many times, which has poor performance.  Consider joining all columns at once using pd.concat(axis=1) instead. To get a de-fragmented frame, use `newframe = frame.copy()`
  dataframe[f"dc_hi_{n}"] = dataframe["high"].rolling(n).max().shift(1)
/freqtrade/user_data/strategies/TrendVolTarget.py:50: PerformanceWarning: DataFrame is highly fragmented.  This is usually the result of calling `frame.insert` many times, which has poor performance.  Consider joining all columns at once using pd.concat(axis=1) instead. To get a de-fragmented frame, use `newframe = frame.copy()`
  dataframe[f"dc_hi_{n}"] = dataframe["high"].rolling(n).max().shift(1)
/freqtrade/user_data/strategies/TrendVolTarget.py:50: PerformanceWarning: DataFrame is highly fragmented.  This is usually the result of calling `frame.insert` many times, which has poor performance.  Consider joining all columns at once using pd.concat(axis=1) instead. To get a de-fragmented frame, use `newframe = frame.copy()`
  dataframe[f"dc_hi_{n}"] = dataframe["high"].rolling(n).max().shift(1)
/freqtrade/user_data/strategies/TrendVolTarget.py:50: PerformanceWarning: DataFrame is highly fragmented.  This is usually the result of calling `frame.insert` many times, which has poor performance.  Consider joining all columns at once using pd.concat(axis=1) instead. To get a de-fragmented frame, use `newframe = frame.copy()`
  dataframe[f"dc_hi_{n}"] = dataframe["high"].rolling(n).max().shift(1)
/freqtrade/user_data/strategies/TrendVolTarget.py:50: PerformanceWarning: DataFrame is highly fragmented.  This is usually the result of calling `frame.insert` many times, which has poor performance.  Consider joining all columns at once using pd.concat(axis=1) instead. To get a de-fragmented frame, use `newframe = frame.copy()`
  dataframe[f"dc_hi_{n}"] = dataframe["high"].rolling(n).max().shift(1)
/freqtrade/user_data/strategies/TrendVolTarget.py:50: PerformanceWarning: DataFrame is highly fragmented.  This is usually the result of calling `frame.insert` many times, which has poor performance.  Consider joining all columns at once using pd.concat(axis=1) instead. To get a de-fragmented frame, use `newframe = frame.copy()`
  dataframe[f"dc_hi_{n}"] = dataframe["high"].rolling(n).max().shift(1)
/freqtrade/user_data/strategies/TrendVolTarget.py:50: PerformanceWarning: DataFrame is highly fragmented.  This is usually the result of calling `frame.insert` many times, which has poor performance.  Consider joining all columns at once using pd.concat(axis=1) instead. To get a de-fragmented frame, use `newframe = frame.copy()`
  dataframe[f"dc_hi_{n}"] = dataframe["high"].rolling(n).max().shift(1)
/freqtrade/user_data/strategies/TrendVolTarget.py:50: PerformanceWarning: DataFrame is highly fragmented.  This is usually the result of calling `frame.insert` many times, which has poor performance.  Consider joining all columns at once using pd.concat(axis=1) instead. To get a de-fragmented frame, use `newframe = frame.copy()`
  dataframe[f"dc_hi_{n}"] = dataframe["high"].rolling(n).max().shift(1)
/freqtrade/user_data/strategies/TrendVolTarget.py:50: PerformanceWarning: DataFrame is highly fragmented.  This is usually the result of calling `frame.insert` many times, which has poor performance.  Consider joining all columns at once using pd.concat(axis=1) instead. To get a de-fragmented frame, use `newframe = frame.copy()`
  dataframe[f"dc_hi_{n}"] = dataframe["high"].rolling(n).max().shift(1)
/freqtrade/user_data/strategies/TrendVolTarget.py:50: PerformanceWarning: DataFrame is highly fragmented.  This is usually the result of calling `frame.insert` many times, which has poor performance.  Consider joining all columns at once using pd.concat(axis=1) instead. To get a de-fragmented frame, use `newframe = frame.copy()`
  dataframe[f"dc_hi_{n}"] = dataframe["high"].rolling(n).max().shift(1)
/freqtrade/user_data/strategies/TrendVolTarget.py:50: PerformanceWarning: DataFrame is highly fragmented.  This is usually the result of calling `frame.insert` many times, which has poor performance.  Consider joining all columns at once using pd.concat(axis=1) instead. To get a de-fragmented frame, use `newframe = frame.copy()`
  dataframe[f"dc_hi_{n}"] = dataframe["high"].rolling(n).max().shift(1)
/freqtrade/user_data/strategies/TrendVolTarget.py:50: PerformanceWarning: DataFrame is highly fragmented.  This is usually the result of calling `frame.insert` many times, which has poor performance.  Consider joining all columns at once using pd.concat(axis=1) instead. To get a de-fragmented frame, use `newframe = frame.copy()`
  dataframe[f"dc_hi_{n}"] = dataframe["high"].rolling(n).max().shift(1)
/freqtrade/user_data/strategies/TrendVolTarget.py:50: PerformanceWarning: DataFrame is highly fragmented.  This is usually the result of calling `frame.insert` many times, which has poor performance.  Consider joining all columns at once using pd.concat(axis=1) instead. To get a de-fragmented frame, use `newframe = frame.copy()`
  dataframe[f"dc_hi_{n}"] = dataframe["high"].rolling(n).max().shift(1)
/freqtrade/user_data/strategies/TrendVolTarget.py:50: PerformanceWarning: DataFrame is highly fragmented.  This is usually the result of calling `frame.insert` many times, which has poor performance.  Consider joining all columns at once using pd.concat(axis=1) instead. To get a de-fragmented frame, use `newframe = frame.copy()`
  dataframe[f"dc_hi_{n}"] = dataframe["high"].rolling(n).max().shift(1)
/freqtrade/user_data/strategies/TrendVolTarget.py:50: PerformanceWarning: DataFrame is highly fragmented.  This is usually the result of calling `frame.insert` many times, which has poor performance.  Consider joining all columns at once using pd.concat(axis=1) instead. To get a de-fragmented frame, use `newframe = frame.copy()`
  dataframe[f"dc_hi_{n}"] = dataframe["high"].rolling(n).max().shift(1)
/freqtrade/user_data/strategies/TrendVolTarget.py:50: PerformanceWarning: DataFrame is highly fragmented.  This is usually the result of calling `frame.insert` many times, which has poor performance.  Consider joining all columns at once using pd.concat(axis=1) instead. To get a de-fragmented frame, use `newframe = frame.copy()`
  dataframe[f"dc_hi_{n}"] = dataframe["high"].rolling(n).max().shift(1)
/freqtrade/user_data/strategies/TrendVolTarget.py:50: PerformanceWarning: DataFrame is highly fragmented.  This is usually the result of calling `frame.insert` many times, which has poor performance.  Consider joining all columns at once using pd.concat(axis=1) instead. To get a de-fragmented frame, use `newframe = frame.copy()`
  dataframe[f"dc_hi_{n}"] = dataframe["high"].rolling(n).max().shift(1)
/freqtrade/user_data/strategies/TrendVolTarget.py:50: PerformanceWarning: DataFrame is highly fragmented.  This is usually the result of calling `frame.insert` many times, which has poor performance.  Consider joining all columns at once using pd.concat(axis=1) instead. To get a de-fragmented frame, use `newframe = frame.copy()`
  dataframe[f"dc_hi_{n}"] = dataframe["high"].rolling(n).max().shift(1)
/freqtrade/user_data/strategies/TrendVolTarget.py:50: PerformanceWarning: DataFrame is highly fragmented.  This is usually the result of calling `frame.insert` many times, which has poor performance.  Consider joining all columns at once using pd.concat(axis=1) instead. To get a de-fragmented frame, use `newframe = frame.copy()`
  dataframe[f"dc_hi_{n}"] = dataframe["high"].rolling(n).max().shift(1)
/freqtrade/user_data/strategies/TrendVolTarget.py:50: PerformanceWarning: DataFrame is highly fragmented.  This is usually the result of calling `frame.insert` many times, which has poor performance.  Consider joining all columns at once using pd.concat(axis=1) instead. To get a de-fragmented frame, use `newframe = frame.copy()`
  dataframe[f"dc_hi_{n}"] = dataframe["high"].rolling(n).max().shift(1)
/freqtrade/user_data/strategies/TrendVolTarget.py:50: PerformanceWarning: DataFrame is highly fragmented.  This is usually the result of calling `frame.insert` many times, which has poor performance.  Consider joining all columns at once using pd.concat(axis=1) instead. To get a de-fragmented frame, use `newframe = frame.copy()`
  dataframe[f"dc_hi_{n}"] = dataframe["high"].rolling(n).max().shift(1)
/freqtrade/user_data/strategies/TrendVolTarget.py:50: PerformanceWarning: DataFrame is highly fragmented.  This is usually the result of calling `frame.insert` many times, which has poor performance.  Consider joining all columns at once using pd.concat(axis=1) instead. To get a de-fragmented frame, use `newframe = frame.copy()`
  dataframe[f"dc_hi_{n}"] = dataframe["high"].rolling(n).max().shift(1)
/freqtrade/user_data/strategies/TrendVolTarget.py:50: PerformanceWarning: DataFrame is highly fragmented.  This is usually the result of calling `frame.insert` many times, which has poor performance.  Consider joining all columns at once using pd.concat(axis=1) instead. To get a de-fragmented frame, use `newframe = frame.copy()`
  dataframe[f"dc_hi_{n}"] = dataframe["high"].rolling(n).max().shift(1)
/freqtrade/user_data/strategies/TrendVolTarget.py:50: PerformanceWarning: DataFrame is highly fragmented.  This is usually the result of calling `frame.insert` many times, which has poor performance.  Consider joining all columns at once using pd.concat(axis=1) instead. To get a de-fragmented frame, use `newframe = frame.copy()`
  dataframe[f"dc_hi_{n}"] = dataframe["high"].rolling(n).max().shift(1)
/freqtrade/user_data/strategies/TrendVolTarget.py:50: PerformanceWarning: DataFrame is highly fragmented.  This is usually the result of calling `frame.insert` many times, which has poor performance.  Consider joining all columns at once using pd.concat(axis=1) instead. To get a de-fragmented frame, use `newframe = frame.copy()`
  dataframe[f"dc_hi_{n}"] = dataframe["high"].rolling(n).max().shift(1)
/freqtrade/user_data/strategies/TrendVolTarget.py:50: PerformanceWarning: DataFrame is highly fragmented.  This is usually the result of calling `frame.insert` many times, which has poor performance.  Consider joining all columns at once using pd.concat(axis=1) instead. To get a de-fragmented frame, use `newframe = frame.copy()`
  dataframe[f"dc_hi_{n}"] = dataframe["high"].rolling(n).max().shift(1)
/freqtrade/user_data/strategies/TrendVolTarget.py:50: PerformanceWarning: DataFrame is highly fragmented.  This is usually the result of calling `frame.insert` many times, which has poor performance.  Consider joining all columns at once using pd.concat(axis=1) instead. To get a de-fragmented frame, use `newframe = frame.copy()`
  dataframe[f"dc_hi_{n}"] = dataframe["high"].rolling(n).max().shift(1)
/freqtrade/user_data/strategies/TrendVolTarget.py:50: PerformanceWarning: DataFrame is highly fragmented.  This is usually the result of calling `frame.insert` many times, which has poor performance.  Consider joining all columns at once using pd.concat(axis=1) instead. To get a de-fragmented frame, use `newframe = frame.copy()`
  dataframe[f"dc_hi_{n}"] = dataframe["high"].rolling(n).max().shift(1)
/freqtrade/user_data/strategies/TrendVolTarget.py:50: PerformanceWarning: DataFrame is highly fragmented.  This is usually the result of calling `frame.insert` many times, which has poor performance.  Consider joining all columns at once using pd.concat(axis=1) instead. To get a de-fragmented frame, use `newframe = frame.copy()`
  dataframe[f"dc_hi_{n}"] = dataframe["high"].rolling(n).max().shift(1)
/freqtrade/user_data/strategies/TrendVolTarget.py:50: PerformanceWarning: DataFrame is highly fragmented.  This is usually the result of calling `frame.insert` many times, which has poor performance.  Consider joining all columns at once using pd.concat(axis=1) instead. To get a de-fragmented frame, use `newframe = frame.copy()`
  dataframe[f"dc_hi_{n}"] = dataframe["high"].rolling(n).max().shift(1)
/freqtrade/user_data/strategies/TrendVolTarget.py:50: PerformanceWarning: DataFrame is highly fragmented.  This is usually the result of calling `frame.insert` many times, which has poor performance.  Consider joining all columns at once using pd.concat(axis=1) instead. To get a de-fragmented frame, use `newframe = frame.copy()`
  dataframe[f"dc_hi_{n}"] = dataframe["high"].rolling(n).max().shift(1)
/freqtrade/user_data/strategies/TrendVolTarget.py:50: PerformanceWarning: DataFrame is highly fragmented.  This is usually the result of calling `frame.insert` many times, which has poor performance.  Consider joining all columns at once using pd.concat(axis=1) instead. To get a de-fragmented frame, use `newframe = frame.copy()`
  dataframe[f"dc_hi_{n}"] = dataframe["high"].rolling(n).max().shift(1)
/freqtrade/user_data/strategies/TrendVolTarget.py:50: PerformanceWarning: DataFrame is highly fragmented.  This is usually the result of calling `frame.insert` many times, which has poor performance.  Consider joining all columns at once using pd.concat(axis=1) instead. To get a de-fragmented frame, use `newframe = frame.copy()`
  dataframe[f"dc_hi_{n}"] = dataframe["high"].rolling(n).max().shift(1)
/freqtrade/user_data/strategies/TrendVolTarget.py:50: PerformanceWarning: DataFrame is highly fragmented.  This is usually the result of calling `frame.insert` many times, which has poor performance.  Consider joining all columns at once using pd.concat(axis=1) instead. To get a de-fragmented frame, use `newframe = frame.copy()`
  dataframe[f"dc_hi_{n}"] = dataframe["high"].rolling(n).max().shift(1)
/freqtrade/user_data/strategies/TrendVolTarget.py:50: PerformanceWarning: DataFrame is highly fragmented.  This is usually the result of calling `frame.insert` many times, which has poor performance.  Consider joining all columns at once using pd.concat(axis=1) instead. To get a de-fragmented frame, use `newframe = frame.copy()`
  dataframe[f"dc_hi_{n}"] = dataframe["high"].rolling(n).max().shift(1)
/freqtrade/user_data/strategies/TrendVolTarget.py:50: PerformanceWarning: DataFrame is highly fragmented.  This is usually the result of calling `frame.insert` many times, which has poor performance.  Consider joining all columns at once using pd.concat(axis=1) instead. To get a de-fragmented frame, use `newframe = frame.copy()`
  dataframe[f"dc_hi_{n}"] = dataframe["high"].rolling(n).max().shift(1)
/freqtrade/user_data/strategies/TrendVolTarget.py:50: PerformanceWarning: DataFrame is highly fragmented.  This is usually the result of calling `frame.insert` many times, which has poor performance.  Consider joining all columns at once using pd.concat(axis=1) instead. To get a de-fragmented frame, use `newframe = frame.copy()`
  dataframe[f"dc_hi_{n}"] = dataframe["high"].rolling(n).max().shift(1)
/freqtrade/user_data/strategies/TrendVolTarget.py:50: PerformanceWarning: DataFrame is highly fragmented.  This is usually the result of calling `frame.insert` many times, which has poor performance.  Consider joining all columns at once using pd.concat(axis=1) instead. To get a de-fragmented frame, use `newframe = frame.copy()`
  dataframe[f"dc_hi_{n}"] = dataframe["high"].rolling(n).max().shift(1)
/freqtrade/user_data/strategies/TrendVolTarget.py:50: PerformanceWarning: DataFrame is highly fragmented.  This is usually the result of calling `frame.insert` many times, which has poor performance.  Consider joining all columns at once using pd.concat(axis=1) instead. To get a de-fragmented frame, use `newframe = frame.copy()`
  dataframe[f"dc_hi_{n}"] = dataframe["high"].rolling(n).max().shift(1)
/freqtrade/user_data/strategies/TrendVolTarget.py:50: PerformanceWarning: DataFrame is highly fragmented.  This is usually the result of calling `frame.insert` many times, which has poor performance.  Consider joining all columns at once using pd.concat(axis=1) instead. To get a de-fragmented frame, use `newframe = frame.copy()`
  dataframe[f"dc_hi_{n}"] = dataframe["high"].rolling(n).max().shift(1)
/freqtrade/user_data/strategies/TrendVolTarget.py:50: PerformanceWarning: DataFrame is highly fragmented.  This is usually the result of calling `frame.insert` many times, which has poor performance.  Consider joining all columns at once using pd.concat(axis=1) instead. To get a de-fragmented frame, use `newframe = frame.copy()`
  dataframe[f"dc_hi_{n}"] = dataframe["high"].rolling(n).max().shift(1)
/freqtrade/user_data/strategies/TrendVolTarget.py:50: PerformanceWarning: DataFrame is highly fragmented.  This is usually the result of calling `frame.insert` many times, which has poor performance.  Consider joining all columns at once using pd.concat(axis=1) instead. To get a de-fragmented frame, use `newframe = frame.copy()`
  dataframe[f"dc_hi_{n}"] = dataframe["high"].rolling(n).max().shift(1)
/freqtrade/user_data/strategies/TrendVolTarget.py:50: PerformanceWarning: DataFrame is highly fragmented.  This is usually the result of calling `frame.insert` many times, which has poor performance.  Consider joining all columns at once using pd.concat(axis=1) instead. To get a de-fragmented frame, use `newframe = frame.copy()`
  dataframe[f"dc_hi_{n}"] = dataframe["high"].rolling(n).max().shift(1)
/freqtrade/user_data/strategies/TrendVolTarget.py:50: PerformanceWarning: DataFrame is highly fragmented.  This is usually the result of calling `frame.insert` many times, which has poor performance.  Consider joining all columns at once using pd.concat(axis=1) instead. To get a de-fragmented frame, use `newframe = frame.copy()`
  dataframe[f"dc_hi_{n}"] = dataframe["high"].rolling(n).max().shift(1)
/freqtrade/user_data/strategies/TrendVolTarget.py:50: PerformanceWarning: DataFrame is highly fragmented.  This is usually the result of calling `frame.insert` many times, which has poor performance.  Consider joining all columns at once using pd.concat(axis=1) instead. To get a de-fragmented frame, use `newframe = frame.copy()`
  dataframe[f"dc_hi_{n}"] = dataframe["high"].rolling(n).max().shift(1)
/freqtrade/user_data/strategies/TrendVolTarget.py:50: PerformanceWarning: DataFrame is highly fragmented.  This is usually the result of calling `frame.insert` many times, which has poor performance.  Consider joining all columns at once using pd.concat(axis=1) instead. To get a de-fragmented frame, use `newframe = frame.copy()`
  dataframe[f"dc_hi_{n}"] = dataframe["high"].rolling(n).max().shift(1)
/freqtrade/user_data/strategies/TrendVolTarget.py:53: PerformanceWarning: DataFrame is highly fragmented.  This is usually the result of calling `frame.insert` many times, which has poor performance.  Consider joining all columns at once using pd.concat(axis=1) instead. To get a de-fragmented frame, use `newframe = frame.copy()`
  dataframe["sma_f"] = ta.SMA(dataframe, timeperiod=60)
/freqtrade/user_data/strategies/TrendVolTarget.py:54: PerformanceWarning: DataFrame is highly fragmented.  This is usually the result of calling `frame.insert` many times, which has poor performance.  Consider joining all columns at once using pd.concat(axis=1) instead. To get a de-fragmented frame, use `newframe = frame.copy()`
  dataframe["sma_s"] = ta.SMA(dataframe, timeperiod=240)
/freqtrade/user_data/strategies/TrendVolTarget.py:56: PerformanceWarning: DataFrame is highly fragmented.  This is usually the result of calling `frame.insert` many times, which has poor performance.  Consider joining all columns at once using pd.concat(axis=1) instead. To get a de-fragmented frame, use `newframe = frame.copy()`
  dataframe["rvol"] = dataframe["close"].pct_change().rolling(90).std() * np.sqrt(6 * 365)
/freqtrade/user_data/strategies/TrendVolTarget.py:50: PerformanceWarning: DataFrame is highly fragmented.  This is usually the result of calling `frame.insert` many times, which has poor performance.  Consider joining all columns at once using pd.concat(axis=1) instead. To get a de-fragmented frame, use `newframe = frame.copy()`
  dataframe[f"dc_hi_{n}"] = dataframe["high"].rolling(n).max().shift(1)
/freqtrade/user_data/strategies/TrendVolTarget.py:50: PerformanceWarning: DataFrame is highly fragmented.  This is usually the result of calling `frame.insert` many times, which has poor performance.  Consider joining all columns at once using pd.concat(axis=1) instead. To get a de-fragmented frame, use `newframe = frame.copy()`
  dataframe[f"dc_hi_{n}"] = dataframe["high"].rolling(n).max().shift(1)
/freqtrade/user_data/strategies/TrendVolTarget.py:50: PerformanceWarning: DataFrame is highly fragmented.  This is usually the result of calling `frame.insert` many times, which has poor performance.  Consider joining all columns at once using pd.concat(axis=1) instead. To get a de-fragmented frame, use `newframe = frame.copy()`
  dataframe[f"dc_hi_{n}"] = dataframe["high"].rolling(n).max().shift(1)
/freqtrade/user_data/strategies/TrendVolTarget.py:50: PerformanceWarning: DataFrame is highly fragmented.  This is usually the result of calling `frame.insert` many times, which has poor performance.  Consider joining all columns at once using pd.concat(axis=1) instead. To get a de-fragmented frame, use `newframe = frame.copy()`
  dataframe[f"dc_hi_{n}"] = dataframe["high"].rolling(n).max().shift(1)
/freqtrade/user_data/strategies/TrendVolTarget.py:50: PerformanceWarning: DataFrame is highly fragmented.  This is usually the result of calling `frame.insert` many times, which has poor performance.  Consider joining all columns at once using pd.concat(axis=1) instead. To get a de-fragmented frame, use `newframe = frame.copy()`
  dataframe[f"dc_hi_{n}"] = dataframe["high"].rolling(n).max().shift(1)
/freqtrade/user_data/strategies/TrendVolTarget.py:50: PerformanceWarning: DataFrame is highly fragmented.  This is usually the result of calling `frame.insert` many times, which has poor performance.  Consider joining all columns at once using pd.concat(axis=1) instead. To get a de-fragmented frame, use `newframe = frame.copy()`
  dataframe[f"dc_hi_{n}"] = dataframe["high"].rolling(n).max().shift(1)
/freqtrade/user_data/strategies/TrendVolTarget.py:50: PerformanceWarning: DataFrame is highly fragmented.  This is usually the result of calling `frame.insert` many times, which has poor performance.  Consider joining all columns at once using pd.concat(axis=1) instead. To get a de-fragmented frame, use `newframe = frame.copy()`
  dataframe[f"dc_hi_{n}"] = dataframe["high"].rolling(n).max().shift(1)
/freqtrade/user_data/strategies/TrendVolTarget.py:50: PerformanceWarning: DataFrame is highly fragmented.  This is usually the result of calling `frame.insert` many times, which has poor performance.  Consider joining all columns at once using pd.concat(axis=1) instead. To get a de-fragmented frame, use `newframe = frame.copy()`
  dataframe[f"dc_hi_{n}"] = dataframe["high"].rolling(n).max().shift(1)
/freqtrade/user_data/strategies/TrendVolTarget.py:50: PerformanceWarning: DataFrame is highly fragmented.  This is usually the result of calling `frame.insert` many times, which has poor performance.  Consider joining all columns at once using pd.concat(axis=1) instead. To get a de-fragmented frame, use `newframe = frame.copy()`
  dataframe[f"dc_hi_{n}"] = dataframe["high"].rolling(n).max().shift(1)
/freqtrade/user_data/strategies/TrendVolTarget.py:50: PerformanceWarning: DataFrame is highly fragmented.  This is usually the result of calling `frame.insert` many times, which has poor performance.  Consider joining all columns at once using pd.concat(axis=1) instead. To get a de-fragmented frame, use `newframe = frame.copy()`
  dataframe[f"dc_hi_{n}"] = dataframe["high"].rolling(n).max().shift(1)
/freqtrade/user_data/strategies/TrendVolTarget.py:50: PerformanceWarning: DataFrame is highly fragmented.  This is usually the result of calling `frame.insert` many times, which has poor performance.  Consider joining all columns at once using pd.concat(axis=1) instead. To get a de-fragmented frame, use `newframe = frame.copy()`
  dataframe[f"dc_hi_{n}"] = dataframe["high"].rolling(n).max().shift(1)
/freqtrade/user_data/strategies/TrendVolTarget.py:50: PerformanceWarning: DataFrame is highly fragmented.  This is usually the result of calling `frame.insert` many times, which has poor performance.  Consider joining all columns at once using pd.concat(axis=1) instead. To get a de-fragmented frame, use `newframe = frame.copy()`
  dataframe[f"dc_hi_{n}"] = dataframe["high"].rolling(n).max().shift(1)
/freqtrade/user_data/strategies/TrendVolTarget.py:50: PerformanceWarning: DataFrame is highly fragmented.  This is usually the result of calling `frame.insert` many times, which has poor performance.  Consider joining all columns at once using pd.concat(axis=1) instead. To get a de-fragmented frame, use `newframe = frame.copy()`
  dataframe[f"dc_hi_{n}"] = dataframe["high"].rolling(n).max().shift(1)
/freqtrade/user_data/strategies/TrendVolTarget.py:50: PerformanceWarning: DataFrame is highly fragmented.  This is usually the result of calling `frame.insert` many times, which has poor performance.  Consider joining all columns at once using pd.concat(axis=1) instead. To get a de-fragmented frame, use `newframe = frame.copy()`
  dataframe[f"dc_hi_{n}"] = dataframe["high"].rolling(n).max().shift(1)
/freqtrade/user_data/strategies/TrendVolTarget.py:50: PerformanceWarning: DataFrame is highly fragmented.  This is usually the result of calling `frame.insert` many times, which has poor performance.  Consider joining all columns at once using pd.concat(axis=1) instead. To get a de-fragmented frame, use `newframe = frame.copy()`
  dataframe[f"dc_hi_{n}"] = dataframe["high"].rolling(n).max().shift(1)
/freqtrade/user_data/strategies/TrendVolTarget.py:50: PerformanceWarning: DataFrame is highly fragmented.  This is usually the result of calling `frame.insert` many times, which has poor performance.  Consider joining all columns at once using pd.concat(axis=1) instead. To get a de-fragmented frame, use `newframe = frame.copy()`
  dataframe[f"dc_hi_{n}"] = dataframe["high"].rolling(n).max().shift(1)
/freqtrade/user_data/strategies/TrendVolTarget.py:50: PerformanceWarning: DataFrame is highly fragmented.  This is usually the result of calling `frame.insert` many times, which has poor performance.  Consider joining all columns at once using pd.concat(axis=1) instead. To get a de-fragmented frame, use `newframe = frame.copy()`
  dataframe[f"dc_hi_{n}"] = dataframe["high"].rolling(n).max().shift(1)
/freqtrade/user_data/strategies/TrendVolTarget.py:50: PerformanceWarning: DataFrame is highly fragmented.  This is usually the result of calling `frame.insert` many times, which has poor performance.  Consider joining all columns at once using pd.concat(axis=1) instead. To get a de-fragmented frame, use `newframe = frame.copy()`
  dataframe[f"dc_hi_{n}"] = dataframe["high"].rolling(n).max().shift(1)
/freqtrade/user_data/strategies/TrendVolTarget.py:50: PerformanceWarning: DataFrame is highly fragmented.  This is usually the result of calling `frame.insert` many times, which has poor performance.  Consider joining all columns at once using pd.concat(axis=1) instead. To get a de-fragmented frame, use `newframe = frame.copy()`
  dataframe[f"dc_hi_{n}"] = dataframe["high"].rolling(n).max().shift(1)
/freqtrade/user_data/strategies/TrendVolTarget.py:50: PerformanceWarning: DataFrame is highly fragmented.  This is usually the result of calling `frame.insert` many times, which has poor performance.  Consider joining all columns at once using pd.concat(axis=1) instead. To get a de-fragmented frame, use `newframe = frame.copy()`
  dataframe[f"dc_hi_{n}"] = dataframe["high"].rolling(n).max().shift(1)
/freqtrade/user_data/strategies/TrendVolTarget.py:50: PerformanceWarning: DataFrame is highly fragmented.  This is usually the result of calling `frame.insert` many times, which has poor performance.  Consider joining all columns at once using pd.concat(axis=1) instead. To get a de-fragmented frame, use `newframe = frame.copy()`
  dataframe[f"dc_hi_{n}"] = dataframe["high"].rolling(n).max().shift(1)
/freqtrade/user_data/strategies/TrendVolTarget.py:50: PerformanceWarning: DataFrame is highly fragmented.  This is usually the result of calling `frame.insert` many times, which has poor performance.  Consider joining all columns at once using pd.concat(axis=1) instead. To get a de-fragmented frame, use `newframe = frame.copy()`
  dataframe[f"dc_hi_{n}"] = dataframe["high"].rolling(n).max().shift(1)
/freqtrade/user_data/strategies/TrendVolTarget.py:50: PerformanceWarning: DataFrame is highly fragmented.  This is usually the result of calling `frame.insert` many times, which has poor performance.  Consider joining all columns at once using pd.concat(axis=1) instead. To get a de-fragmented frame, use `newframe = frame.copy()`
  dataframe[f"dc_hi_{n}"] = dataframe["high"].rolling(n).max().shift(1)
/freqtrade/user_data/strategies/TrendVolTarget.py:50: PerformanceWarning: DataFrame is highly fragmented.  This is usually the result of calling `frame.insert` many times, which has poor performance.  Consider joining all columns at once using pd.concat(axis=1) instead. To get a de-fragmented frame, use `newframe = frame.copy()`
  dataframe[f"dc_hi_{n}"] = dataframe["high"].rolling(n).max().shift(1)
/freqtrade/user_data/strategies/TrendVolTarget.py:50: PerformanceWarning: DataFrame is highly fragmented.  This is usually the result of calling `frame.insert` many times, which has poor performance.  Consider joining all columns at once using pd.concat(axis=1) instead. To get a de-fragmented frame, use `newframe = frame.copy()`
  dataframe[f"dc_hi_{n}"] = dataframe["high"].rolling(n).max().shift(1)
/freqtrade/user_data/strategies/TrendVolTarget.py:50: PerformanceWarning: DataFrame is highly fragmented.  This is usually the result of calling `frame.insert` many times, which has poor performance.  Consider joining all columns at once using pd.concat(axis=1) instead. To get a de-fragmented frame, use `newframe = frame.copy()`
  dataframe[f"dc_hi_{n}"] = dataframe["high"].rolling(n).max().shift(1)
/freqtrade/user_data/strategies/TrendVolTarget.py:50: PerformanceWarning: DataFrame is highly fragmented.  This is usually the result of calling `frame.insert` many times, which has poor performance.  Consider joining all columns at once using pd.concat(axis=1) instead. To get a de-fragmented frame, use `newframe = frame.copy()`
  dataframe[f"dc_hi_{n}"] = dataframe["high"].rolling(n).max().shift(1)
/freqtrade/user_data/strategies/TrendVolTarget.py:50: PerformanceWarning: DataFrame is highly fragmented.  This is usually the result of calling `frame.insert` many times, which has poor performance.  Consider joining all columns at once using pd.concat(axis=1) instead. To get a de-fragmented frame, use `newframe = frame.copy()`
  dataframe[f"dc_hi_{n}"] = dataframe["high"].rolling(n).max().shift(1)
/freqtrade/user_data/strategies/TrendVolTarget.py:50: PerformanceWarning: DataFrame is highly fragmented.  This is usually the result of calling `frame.insert` many times, which has poor performance.  Consider joining all columns at once using pd.concat(axis=1) instead. To get a de-fragmented frame, use `newframe = frame.copy()`
  dataframe[f"dc_hi_{n}"] = dataframe["high"].rolling(n).max().shift(1)
/freqtrade/user_data/strategies/TrendVolTarget.py:50: PerformanceWarning: DataFrame is highly fragmented.  This is usually the result of calling `frame.insert` many times, which has poor performance.  Consider joining all columns at once using pd.concat(axis=1) instead. To get a de-fragmented frame, use `newframe = frame.copy()`
  dataframe[f"dc_hi_{n}"] = dataframe["high"].rolling(n).max().shift(1)
/freqtrade/user_data/strategies/TrendVolTarget.py:50: PerformanceWarning: DataFrame is highly fragmented.  This is usually the result of calling `frame.insert` many times, which has poor performance.  Consider joining all columns at once using pd.concat(axis=1) instead. To get a de-fragmented frame, use `newframe = frame.copy()`
  dataframe[f"dc_hi_{n}"] = dataframe["high"].rolling(n).max().shift(1)
/freqtrade/user_data/strategies/TrendVolTarget.py:50: PerformanceWarning: DataFrame is highly fragmented.  This is usually the result of calling `frame.insert` many times, which has poor performance.  Consider joining all columns at once using pd.concat(axis=1) instead. To get a de-fragmented frame, use `newframe = frame.copy()`
  dataframe[f"dc_hi_{n}"] = dataframe["high"].rolling(n).max().shift(1)
/freqtrade/user_data/strategies/TrendVolTarget.py:50: PerformanceWarning: DataFrame is highly fragmented.  This is usually the result of calling `frame.insert` many times, which has poor performance.  Consider joining all columns at once using pd.concat(axis=1) instead. To get a de-fragmented frame, use `newframe = frame.copy()`
  dataframe[f"dc_hi_{n}"] = dataframe["high"].rolling(n).max().shift(1)
/freqtrade/user_data/strategies/TrendVolTarget.py:50: PerformanceWarning: DataFrame is highly fragmented.  This is usually the result of calling `frame.insert` many times, which has poor performance.  Consider joining all columns at once using pd.concat(axis=1) instead. To get a de-fragmented frame, use `newframe = frame.copy()`
  dataframe[f"dc_hi_{n}"] = dataframe["high"].rolling(n).max().shift(1)
/freqtrade/user_data/strategies/TrendVolTarget.py:50: PerformanceWarning: DataFrame is highly fragmented.  This is usually the result of calling `frame.insert` many times, which has poor performance.  Consider joining all columns at once using pd.concat(axis=1) instead. To get a de-fragmented frame, use `newframe = frame.copy()`
  dataframe[f"dc_hi_{n}"] = dataframe["high"].rolling(n).max().shift(1)
/freqtrade/user_data/strategies/TrendVolTarget.py:50: PerformanceWarning: DataFrame is highly fragmented.  This is usually the result of calling `frame.insert` many times, which has poor performance.  Consider joining all columns at once using pd.concat(axis=1) instead. To get a de-fragmented frame, use `newframe = frame.copy()`
  dataframe[f"dc_hi_{n}"] = dataframe["high"].rolling(n).max().shift(1)
/freqtrade/user_data/strategies/TrendVolTarget.py:50: PerformanceWarning: DataFrame is highly fragmented.  This is usually the result of calling `frame.insert` many times, which has poor performance.  Consider joining all columns at once using pd.concat(axis=1) instead. To get a de-fragmented frame, use `newframe = frame.copy()`
  dataframe[f"dc_hi_{n}"] = dataframe["high"].rolling(n).max().shift(1)
/freqtrade/user_data/strategies/TrendVolTarget.py:50: PerformanceWarning: DataFrame is highly fragmented.  This is usually the result of calling `frame.insert` many times, which has poor performance.  Consider joining all columns at once using pd.concat(axis=1) instead. To get a de-fragmented frame, use `newframe = frame.copy()`
  dataframe[f"dc_hi_{n}"] = dataframe["high"].rolling(n).max().shift(1)
/freqtrade/user_data/strategies/TrendVolTarget.py:50: PerformanceWarning: DataFrame is highly fragmented.  This is usually the result of calling `frame.insert` many times, which has poor performance.  Consider joining all columns at once using pd.concat(axis=1) instead. To get a de-fragmented frame, use `newframe = frame.copy()`
  dataframe[f"dc_hi_{n}"] = dataframe["high"].rolling(n).max().shift(1)
/freqtrade/user_data/strategies/TrendVolTarget.py:50: PerformanceWarning: DataFrame is highly fragmented.  This is usually the result of calling `frame.insert` many times, which has poor performance.  Consider joining all columns at once using pd.concat(axis=1) instead. To get a de-fragmented frame, use `newframe = frame.copy()`
  dataframe[f"dc_hi_{n}"] = dataframe["high"].rolling(n).max().shift(1)
/freqtrade/user_data/strategies/TrendVolTarget.py:50: PerformanceWarning: DataFrame is highly fragmented.  This is usually the result of calling `frame.insert` many times, which has poor performance.  Consider joining all columns at once using pd.concat(axis=1) instead. To get a de-fragmented frame, use `newframe = frame.copy()`
  dataframe[f"dc_hi_{n}"] = dataframe["high"].rolling(n).max().shift(1)
/freqtrade/user_data/strategies/TrendVolTarget.py:50: PerformanceWarning: DataFrame is highly fragmented.  This is usually the result of calling `frame.insert` many times, which has poor performance.  Consider joining all columns at once using pd.concat(axis=1) instead. To get a de-fragmented frame, use `newframe = frame.copy()`
  dataframe[f"dc_hi_{n}"] = dataframe["high"].rolling(n).max().shift(1)
/freqtrade/user_data/strategies/TrendVolTarget.py:50: PerformanceWarning: DataFrame is highly fragmented.  This is usually the result of calling `frame.insert` many times, which has poor performance.  Consider joining all columns at once using pd.concat(axis=1) instead. To get a de-fragmented frame, use `newframe = frame.copy()`
  dataframe[f"dc_hi_{n}"] = dataframe["high"].rolling(n).max().shift(1)
/freqtrade/user_data/strategies/TrendVolTarget.py:50: PerformanceWarning: DataFrame is highly fragmented.  This is usually the result of calling `frame.insert` many times, which has poor performance.  Consider joining all columns at once using pd.concat(axis=1) instead. To get a de-fragmented frame, use `newframe = frame.copy()`
  dataframe[f"dc_hi_{n}"] = dataframe["high"].rolling(n).max().shift(1)
/freqtrade/user_data/strategies/TrendVolTarget.py:50: PerformanceWarning: DataFrame is highly fragmented.  This is usually the result of calling `frame.insert` many times, which has poor performance.  Consider joining all columns at once using pd.concat(axis=1) instead. To get a de-fragmented frame, use `newframe = frame.copy()`
  dataframe[f"dc_hi_{n}"] = dataframe["high"].rolling(n).max().shift(1)
/freqtrade/user_data/strategies/TrendVolTarget.py:50: PerformanceWarning: DataFrame is highly fragmented.  This is usually the result of calling `frame.insert` many times, which has poor performance.  Consider joining all columns at once using pd.concat(axis=1) instead. To get a de-fragmented frame, use `newframe = frame.copy()`
  dataframe[f"dc_hi_{n}"] = dataframe["high"].rolling(n).max().shift(1)
/freqtrade/user_data/strategies/TrendVolTarget.py:50: PerformanceWarning: DataFrame is highly fragmented.  This is usually the result of calling `frame.insert` many times, which has poor performance.  Consider joining all columns at once using pd.concat(axis=1) instead. To get a de-fragmented frame, use `newframe = frame.copy()`
  dataframe[f"dc_hi_{n}"] = dataframe["high"].rolling(n).max().shift(1)
/freqtrade/user_data/strategies/TrendVolTarget.py:50: PerformanceWarning: DataFrame is highly fragmented.  This is usually the result of calling `frame.insert` many times, which has poor performance.  Consider joining all columns at once using pd.concat(axis=1) instead. To get a de-fragmented frame, use `newframe = frame.copy()`
  dataframe[f"dc_hi_{n}"] = dataframe["high"].rolling(n).max().shift(1)
/freqtrade/user_data/strategies/TrendVolTarget.py:50: PerformanceWarning: DataFrame is highly fragmented.  This is usually the result of calling `frame.insert` many times, which has poor performance.  Consider joining all columns at once using pd.concat(axis=1) instead. To get a de-fragmented frame, use `newframe = frame.copy()`
  dataframe[f"dc_hi_{n}"] = dataframe["high"].rolling(n).max().shift(1)
/freqtrade/user_data/strategies/TrendVolTarget.py:50: PerformanceWarning: DataFrame is highly fragmented.  This is usually the result of calling `frame.insert` many times, which has poor performance.  Consider joining all columns at once using pd.concat(axis=1) instead. To get a de-fragmented frame, use `newframe = frame.copy()`
  dataframe[f"dc_hi_{n}"] = dataframe["high"].rolling(n).max().shift(1)
/freqtrade/user_data/strategies/TrendVolTarget.py:50: PerformanceWarning: DataFrame is highly fragmented.  This is usually the result of calling `frame.insert` many times, which has poor performance.  Consider joining all columns at once using pd.concat(axis=1) instead. To get a de-fragmented frame, use `newframe = frame.copy()`
  dataframe[f"dc_hi_{n}"] = dataframe["high"].rolling(n).max().shift(1)
/freqtrade/user_data/strategies/TrendVolTarget.py:50: PerformanceWarning: DataFrame is highly fragmented.  This is usually the result of calling `frame.insert` many times, which has poor performance.  Consider joining all columns at once using pd.concat(axis=1) instead. To get a de-fragmented frame, use `newframe = frame.copy()`
  dataframe[f"dc_hi_{n}"] = dataframe["high"].rolling(n).max().shift(1)
/freqtrade/user_data/strategies/TrendVolTarget.py:50: PerformanceWarning: DataFrame is highly fragmented.  This is usually the result of calling `frame.insert` many times, which has poor performance.  Consider joining all columns at once using pd.concat(axis=1) instead. To get a de-fragmented frame, use `newframe = frame.copy()`
  dataframe[f"dc_hi_{n}"] = dataframe["high"].rolling(n).max().shift(1)
/freqtrade/user_data/strategies/TrendVolTarget.py:50: PerformanceWarning: DataFrame is highly fragmented.  This is usually the result of calling `frame.insert` many times, which has poor performance.  Consider joining all columns at once using pd.concat(axis=1) instead. To get a de-fragmented frame, use `newframe = frame.copy()`
  dataframe[f"dc_hi_{n}"] = dataframe["high"].rolling(n).max().shift(1)
/freqtrade/user_data/strategies/TrendVolTarget.py:50: PerformanceWarning: DataFrame is highly fragmented.  This is usually the result of calling `frame.insert` many times, which has poor performance.  Consider joining all columns at once using pd.concat(axis=1) instead. To get a de-fragmented frame, use `newframe = frame.copy()`
  dataframe[f"dc_hi_{n}"] = dataframe["high"].rolling(n).max().shift(1)
/freqtrade/user_data/strategies/TrendVolTarget.py:50: PerformanceWarning: DataFrame is highly fragmented.  This is usually the result of calling `frame.insert` many times, which has poor performance.  Consider joining all columns at once using pd.concat(axis=1) instead. To get a de-fragmented frame, use `newframe = frame.copy()`
  dataframe[f"dc_hi_{n}"] = dataframe["high"].rolling(n).max().shift(1)
/freqtrade/user_data/strategies/TrendVolTarget.py:50: PerformanceWarning: DataFrame is highly fragmented.  This is usually the result of calling `frame.insert` many times, which has poor performance.  Consider joining all columns at once using pd.concat(axis=1) instead. To get a de-fragmented frame, use `newframe = frame.copy()`
  dataframe[f"dc_hi_{n}"] = dataframe["high"].rolling(n).max().shift(1)
/freqtrade/user_data/strategies/TrendVolTarget.py:50: PerformanceWarning: DataFrame is highly fragmented.  This is usually the result of calling `frame.insert` many times, which has poor performance.  Consider joining all columns at once using pd.concat(axis=1) instead. To get a de-fragmented frame, use `newframe = frame.copy()`
  dataframe[f"dc_hi_{n}"] = dataframe["high"].rolling(n).max().shift(1)
/freqtrade/user_data/strategies/TrendVolTarget.py:50: PerformanceWarning: DataFrame is highly fragmented.  This is usually the result of calling `frame.insert` many times, which has poor performance.  Consider joining all columns at once using pd.concat(axis=1) instead. To get a de-fragmented frame, use `newframe = frame.copy()`
  dataframe[f"dc_hi_{n}"] = dataframe["high"].rolling(n).max().shift(1)
/freqtrade/user_data/strategies/TrendVolTarget.py:50: PerformanceWarning: DataFrame is highly fragmented.  This is usually the result of calling `frame.insert` many times, which has poor performance.  Consider joining all columns at once using pd.concat(axis=1) instead. To get a de-fragmented frame, use `newframe = frame.copy()`
  dataframe[f"dc_hi_{n}"] = dataframe["high"].rolling(n).max().shift(1)
/freqtrade/user_data/strategies/TrendVolTarget.py:50: PerformanceWarning: DataFrame is highly fragmented.  This is usually the result of calling `frame.insert` many times, which has poor performance.  Consider joining all columns at once using pd.concat(axis=1) instead. To get a de-fragmented frame, use `newframe = frame.copy()`
  dataframe[f"dc_hi_{n}"] = dataframe["high"].rolling(n).max().shift(1)
/freqtrade/user_data/strategies/TrendVolTarget.py:50: PerformanceWarning: DataFrame is highly fragmented.  This is usually the result of calling `frame.insert` many times, which has poor performance.  Consider joining all columns at once using pd.concat(axis=1) instead. To get a de-fragmented frame, use `newframe = frame.copy()`
  dataframe[f"dc_hi_{n}"] = dataframe["high"].rolling(n).max().shift(1)
/freqtrade/user_data/strategies/TrendVolTarget.py:50: PerformanceWarning: DataFrame is highly fragmented.  This is usually the result of calling `frame.insert` many times, which has poor performance.  Consider joining all columns at once using pd.concat(axis=1) instead. To get a de-fragmented frame, use `newframe = frame.copy()`
  dataframe[f"dc_hi_{n}"] = dataframe["high"].rolling(n).max().shift(1)
/freqtrade/user_data/strategies/TrendVolTarget.py:50: PerformanceWarning: DataFrame is highly fragmented.  This is usually the result of calling `frame.insert` many times, which has poor performance.  Consider joining all columns at once using pd.concat(axis=1) instead. To get a de-fragmented frame, use `newframe = frame.copy()`
  dataframe[f"dc_hi_{n}"] = dataframe["high"].rolling(n).max().shift(1)
/freqtrade/user_data/strategies/TrendVolTarget.py:50: PerformanceWarning: DataFrame is highly fragmented.  This is usually the result of calling `frame.insert` many times, which has poor performance.  Consider joining all columns at once using pd.concat(axis=1) instead. To get a de-fragmented frame, use `newframe = frame.copy()`
  dataframe[f"dc_hi_{n}"] = dataframe["high"].rolling(n).max().shift(1)
/freqtrade/user_data/strategies/TrendVolTarget.py:50: PerformanceWarning: DataFrame is highly fragmented.  This is usually the result of calling `frame.insert` many times, which has poor performance.  Consider joining all columns at once using pd.concat(axis=1) instead. To get a de-fragmented frame, use `newframe = frame.copy()`
  dataframe[f"dc_hi_{n}"] = dataframe["high"].rolling(n).max().shift(1)
/freqtrade/user_data/strategies/TrendVolTarget.py:50: PerformanceWarning: DataFrame is highly fragmented.  This is usually the result of calling `frame.insert` many times, which has poor performance.  Consider joining all columns at once using pd.concat(axis=1) instead. To get a de-fragmented frame, use `newframe = frame.copy()`
  dataframe[f"dc_hi_{n}"] = dataframe["high"].rolling(n).max().shift(1)
/freqtrade/user_data/strategies/TrendVolTarget.py:50: PerformanceWarning: DataFrame is highly fragmented.  This is usually the result of calling `frame.insert` many times, which has poor performance.  Consider joining all columns at once using pd.concat(axis=1) instead. To get a de-fragmented frame, use `newframe = frame.copy()`
  dataframe[f"dc_hi_{n}"] = dataframe["high"].rolling(n).max().shift(1)
/freqtrade/user_data/strategies/TrendVolTarget.py:50: PerformanceWarning: DataFrame is highly fragmented.  This is usually the result of calling `frame.insert` many times, which has poor performance.  Consider joining all columns at once using pd.concat(axis=1) instead. To get a de-fragmented frame, use `newframe = frame.copy()`
  dataframe[f"dc_hi_{n}"] = dataframe["high"].rolling(n).max().shift(1)
/freqtrade/user_data/strategies/TrendVolTarget.py:50: PerformanceWarning: DataFrame is highly fragmented.  This is usually the result of calling `frame.insert` many times, which has poor performance.  Consider joining all columns at once using pd.concat(axis=1) instead. To get a de-fragmented frame, use `newframe = frame.copy()`
  dataframe[f"dc_hi_{n}"] = dataframe["high"].rolling(n).max().shift(1)
/freqtrade/user_data/strategies/TrendVolTarget.py:50: PerformanceWarning: DataFrame is highly fragmented.  This is usually the result of calling `frame.insert` many times, which has poor performance.  Consider joining all columns at once using pd.concat(axis=1) instead. To get a de-fragmented frame, use `newframe = frame.copy()`
  dataframe[f"dc_hi_{n}"] = dataframe["high"].rolling(n).max().shift(1)
/freqtrade/user_data/strategies/TrendVolTarget.py:50: PerformanceWarning: DataFrame is highly fragmented.  This is usually the result of calling `frame.insert` many times, which has poor performance.  Consider joining all columns at once using pd.concat(axis=1) instead. To get a de-fragmented frame, use `newframe = frame.copy()`
  dataframe[f"dc_hi_{n}"] = dataframe["high"].rolling(n).max().shift(1)
/freqtrade/user_data/strategies/TrendVolTarget.py:50: PerformanceWarning: DataFrame is highly fragmented.  This is usually the result of calling `frame.insert` many times, which has poor performance.  Consider joining all columns at once using pd.concat(axis=1) instead. To get a de-fragmented frame, use `newframe = frame.copy()`
  dataframe[f"dc_hi_{n}"] = dataframe["high"].rolling(n).max().shift(1)
/freqtrade/user_data/strategies/TrendVolTarget.py:50: PerformanceWarning: DataFrame is highly fragmented.  This is usually the result of calling `frame.insert` many times, which has poor performance.  Consider joining all columns at once using pd.concat(axis=1) instead. To get a de-fragmented frame, use `newframe = frame.copy()`
  dataframe[f"dc_hi_{n}"] = dataframe["high"].rolling(n).max().shift(1)
/freqtrade/user_data/strategies/TrendVolTarget.py:50: PerformanceWarning: DataFrame is highly fragmented.  This is usually the result of calling `frame.insert` many times, which has poor performance.  Consider joining all columns at once using pd.concat(axis=1) instead. To get a de-fragmented frame, use `newframe = frame.copy()`
  dataframe[f"dc_hi_{n}"] = dataframe["high"].rolling(n).max().shift(1)
/freqtrade/user_data/strategies/TrendVolTarget.py:50: PerformanceWarning: DataFrame is highly fragmented.  This is usually the result of calling `frame.insert` many times, which has poor performance.  Consider joining all columns at once using pd.concat(axis=1) instead. To get a de-fragmented frame, use `newframe = frame.copy()`
  dataframe[f"dc_hi_{n}"] = dataframe["high"].rolling(n).max().shift(1)
/freqtrade/user_data/strategies/TrendVolTarget.py:50: PerformanceWarning: DataFrame is highly fragmented.  This is usually the result of calling `frame.insert` many times, which has poor performance.  Consider joining all columns at once using pd.concat(axis=1) instead. To get a de-fragmented frame, use `newframe = frame.copy()`
  dataframe[f"dc_hi_{n}"] = dataframe["high"].rolling(n).max().shift(1)
/freqtrade/user_data/strategies/TrendVolTarget.py:50: PerformanceWarning: DataFrame is highly fragmented.  This is usually the result of calling `frame.insert` many times, which has poor performance.  Consider joining all columns at once using pd.concat(axis=1) instead. To get a de-fragmented frame, use `newframe = frame.copy()`
  dataframe[f"dc_hi_{n}"] = dataframe["high"].rolling(n).max().shift(1)
/freqtrade/user_data/strategies/TrendVolTarget.py:50: PerformanceWarning: DataFrame is highly fragmented.  This is usually the result of calling `frame.insert` many times, which has poor performance.  Consider joining all columns at once using pd.concat(axis=1) instead. To get a de-fragmented frame, use `newframe = frame.copy()`
  dataframe[f"dc_hi_{n}"] = dataframe["high"].rolling(n).max().shift(1)
/freqtrade/user_data/strategies/TrendVolTarget.py:50: PerformanceWarning: DataFrame is highly fragmented.  This is usually the result of calling `frame.insert` many times, which has poor performance.  Consider joining all columns at once using pd.concat(axis=1) instead. To get a de-fragmented frame, use `newframe = frame.copy()`
  dataframe[f"dc_hi_{n}"] = dataframe["high"].rolling(n).max().shift(1)
/freqtrade/user_data/strategies/TrendVolTarget.py:50: PerformanceWarning: DataFrame is highly fragmented.  This is usually the result of calling `frame.insert` many times, which has poor performance.  Consider joining all columns at once using pd.concat(axis=1) instead. To get a de-fragmented frame, use `newframe = frame.copy()`
  dataframe[f"dc_hi_{n}"] = dataframe["high"].rolling(n).max().shift(1)
/freqtrade/user_data/strategies/TrendVolTarget.py:50: PerformanceWarning: DataFrame is highly fragmented.  This is usually the result of calling `frame.insert` many times, which has poor performance.  Consider joining all columns at once using pd.concat(axis=1) instead. To get a de-fragmented frame, use `newframe = frame.copy()`
  dataframe[f"dc_hi_{n}"] = dataframe["high"].rolling(n).max().shift(1)
/freqtrade/user_data/strategies/TrendVolTarget.py:50: PerformanceWarning: DataFrame is highly fragmented.  This is usually the result of calling `frame.insert` many times, which has poor performance.  Consider joining all columns at once using pd.concat(axis=1) instead. To get a de-fragmented frame, use `newframe = frame.copy()`
  dataframe[f"dc_hi_{n}"] = dataframe["high"].rolling(n).max().shift(1)
/freqtrade/user_data/strategies/TrendVolTarget.py:50: PerformanceWarning: DataFrame is highly fragmented.  This is usually the result of calling `frame.insert` many times, which has poor performance.  Consider joining all columns at once using pd.concat(axis=1) instead. To get a de-fragmented frame, use `newframe = frame.copy()`
  dataframe[f"dc_hi_{n}"] = dataframe["high"].rolling(n).max().shift(1)
/freqtrade/user_data/strategies/TrendVolTarget.py:50: PerformanceWarning: DataFrame is highly fragmented.  This is usually the result of calling `frame.insert` many times, which has poor performance.  Consider joining all columns at once using pd.concat(axis=1) instead. To get a de-fragmented frame, use `newframe = frame.copy()`
  dataframe[f"dc_hi_{n}"] = dataframe["high"].rolling(n).max().shift(1)
/freqtrade/user_data/strategies/TrendVolTarget.py:53: PerformanceWarning: DataFrame is highly fragmented.  This is usually the result of calling `frame.insert` many times, which has poor performance.  Consider joining all columns at once using pd.concat(axis=1) instead. To get a de-fragmented frame, use `newframe = frame.copy()`
  dataframe["sma_f"] = ta.SMA(dataframe, timeperiod=60)
/freqtrade/user_data/strategies/TrendVolTarget.py:54: PerformanceWarning: DataFrame is highly fragmented.  This is usually the result of calling `frame.insert` many times, which has poor performance.  Consider joining all columns at once using pd.concat(axis=1) instead. To get a de-fragmented frame, use `newframe = frame.copy()`
  dataframe["sma_s"] = ta.SMA(dataframe, timeperiod=240)
/freqtrade/user_data/strategies/TrendVolTarget.py:56: PerformanceWarning: DataFrame is highly fragmented.  This is usually the result of calling `frame.insert` many times, which has poor performance.  Consider joining all columns at once using pd.concat(axis=1) instead. To get a de-fragmented frame, use `newframe = frame.copy()`
  dataframe["rvol"] = dataframe["close"].pct_change().rolling(90).std() * np.sqrt(6 * 365)
/freqtrade/user_data/strategies/TrendVolTarget.py:50: PerformanceWarning: DataFrame is highly fragmented.  This is usually the result of calling `frame.insert` many times, which has poor performance.  Consider joining all columns at once using pd.concat(axis=1) instead. To get a de-fragmented frame, use `newframe = frame.copy()`
  dataframe[f"dc_hi_{n}"] = dataframe["high"].rolling(n).max().shift(1)
/freqtrade/user_data/strategies/TrendVolTarget.py:50: PerformanceWarning: DataFrame is highly fragmented.  This is usually the result of calling `frame.insert` many times, which has poor performance.  Consider joining all columns at once using pd.concat(axis=1) instead. To get a de-fragmented frame, use `newframe = frame.copy()`
  dataframe[f"dc_hi_{n}"] = dataframe["high"].rolling(n).max().shift(1)
/freqtrade/user_data/strategies/TrendVolTarget.py:50: PerformanceWarning: DataFrame is highly fragmented.  This is usually the result of calling `frame.insert` many times, which has poor performance.  Consider joining all columns at once using pd.concat(axis=1) instead. To get a de-fragmented frame, use `newframe = frame.copy()`
  dataframe[f"dc_hi_{n}"] = dataframe["high"].rolling(n).max().shift(1)
/freqtrade/user_data/strategies/TrendVolTarget.py:50: PerformanceWarning: DataFrame is highly fragmented.  This is usually the result of calling `frame.insert` many times, which has poor performance.  Consider joining all columns at once using pd.concat(axis=1) instead. To get a de-fragmented frame, use `newframe = frame.copy()`
  dataframe[f"dc_hi_{n}"] = dataframe["high"].rolling(n).max().shift(1)
/freqtrade/user_data/strategies/TrendVolTarget.py:50: PerformanceWarning: DataFrame is highly fragmented.  This is usually the result of calling `frame.insert` many times, which has poor performance.  Consider joining all columns at once using pd.concat(axis=1) instead. To get a de-fragmented frame, use `newframe = frame.copy()`
  dataframe[f"dc_hi_{n}"] = dataframe["high"].rolling(n).max().shift(1)
/freqtrade/user_data/strategies/TrendVolTarget.py:50: PerformanceWarning: DataFrame is highly fragmented.  This is usually the result of calling `frame.insert` many times, which has poor performance.  Consider joining all columns at once using pd.concat(axis=1) instead. To get a de-fragmented frame, use `newframe = frame.copy()`
  dataframe[f"dc_hi_{n}"] = dataframe["high"].rolling(n).max().shift(1)
/freqtrade/user_data/strategies/TrendVolTarget.py:50: PerformanceWarning: DataFrame is highly fragmented.  This is usually the result of calling `frame.insert` many times, which has poor performance.  Consider joining all columns at once using pd.concat(axis=1) instead. To get a de-fragmented frame, use `newframe = frame.copy()`
  dataframe[f"dc_hi_{n}"] = dataframe["high"].rolling(n).max().shift(1)
/freqtrade/user_data/strategies/TrendVolTarget.py:50: PerformanceWarning: DataFrame is highly fragmented.  This is usually the result of calling `frame.insert` many times, which has poor performance.  Consider joining all columns at once using pd.concat(axis=1) instead. To get a de-fragmented frame, use `newframe = frame.copy()`
  dataframe[f"dc_hi_{n}"] = dataframe["high"].rolling(n).max().shift(1)
/freqtrade/user_data/strategies/TrendVolTarget.py:50: PerformanceWarning: DataFrame is highly fragmented.  This is usually the result of calling `frame.insert` many times, which has poor performance.  Consider joining all columns at once using pd.concat(axis=1) instead. To get a de-fragmented frame, use `newframe = frame.copy()`
  dataframe[f"dc_hi_{n}"] = dataframe["high"].rolling(n).max().shift(1)
/freqtrade/user_data/strategies/TrendVolTarget.py:50: PerformanceWarning: DataFrame is highly fragmented.  This is usually the result of calling `frame.insert` many times, which has poor performance.  Consider joining all columns at once using pd.concat(axis=1) instead. To get a de-fragmented frame, use `newframe = frame.copy()`
  dataframe[f"dc_hi_{n}"] = dataframe["high"].rolling(n).max().shift(1)
/freqtrade/user_data/strategies/TrendVolTarget.py:50: PerformanceWarning: DataFrame is highly fragmented.  This is usually the result of calling `frame.insert` many times, which has poor performance.  Consider joining all columns at once using pd.concat(axis=1) instead. To get a de-fragmented frame, use `newframe = frame.copy()`
  dataframe[f"dc_hi_{n}"] = dataframe["high"].rolling(n).max().shift(1)
/freqtrade/user_data/strategies/TrendVolTarget.py:50: PerformanceWarning: DataFrame is highly fragmented.  This is usually the result of calling `frame.insert` many times, which has poor performance.  Consider joining all columns at once using pd.concat(axis=1) instead. To get a de-fragmented frame, use `newframe = frame.copy()`
  dataframe[f"dc_hi_{n}"] = dataframe["high"].rolling(n).max().shift(1)
/freqtrade/user_data/strategies/TrendVolTarget.py:50: PerformanceWarning: DataFrame is highly fragmented.  This is usually the result of calling `frame.insert` many times, which has poor performance.  Consider joining all columns at once using pd.concat(axis=1) instead. To get a de-fragmented frame, use `newframe = frame.copy()`
  dataframe[f"dc_hi_{n}"] = dataframe["high"].rolling(n).max().shift(1)
/freqtrade/user_data/strategies/TrendVolTarget.py:50: PerformanceWarning: DataFrame is highly fragmented.  This is usually the result of calling `frame.insert` many times, which has poor performance.  Consider joining all columns at once using pd.concat(axis=1) instead. To get a de-fragmented frame, use `newframe = frame.copy()`
  dataframe[f"dc_hi_{n}"] = dataframe["high"].rolling(n).max().shift(1)
/freqtrade/user_data/strategies/TrendVolTarget.py:50: PerformanceWarning: DataFrame is highly fragmented.  This is usually the result of calling `frame.insert` many times, which has poor performance.  Consider joining all columns at once using pd.concat(axis=1) instead. To get a de-fragmented frame, use `newframe = frame.copy()`
  dataframe[f"dc_hi_{n}"] = dataframe["high"].rolling(n).max().shift(1)
/freqtrade/user_data/strategies/TrendVolTarget.py:50: PerformanceWarning: DataFrame is highly fragmented.  This is usually the result of calling `frame.insert` many times, which has poor performance.  Consider joining all columns at once using pd.concat(axis=1) instead. To get a de-fragmented frame, use `newframe = frame.copy()`
  dataframe[f"dc_hi_{n}"] = dataframe["high"].rolling(n).max().shift(1)
/freqtrade/user_data/strategies/TrendVolTarget.py:50: PerformanceWarning: DataFrame is highly fragmented.  This is usually the result of calling `frame.insert` many times, which has poor performance.  Consider joining all columns at once using pd.concat(axis=1) instead. To get a de-fragmented frame, use `newframe = frame.copy()`
  dataframe[f"dc_hi_{n}"] = dataframe["high"].rolling(n).max().shift(1)
/freqtrade/user_data/strategies/TrendVolTarget.py:50: PerformanceWarning: DataFrame is highly fragmented.  This is usually the result of calling `frame.insert` many times, which has poor performance.  Consider joining all columns at once using pd.concat(axis=1) instead. To get a de-fragmented frame, use `newframe = frame.copy()`
  dataframe[f"dc_hi_{n}"] = dataframe["high"].rolling(n).max().shift(1)
/freqtrade/user_data/strategies/TrendVolTarget.py:50: PerformanceWarning: DataFrame is highly fragmented.  This is usually the result of calling `frame.insert` many times, which has poor performance.  Consider joining all columns at once using pd.concat(axis=1) instead. To get a de-fragmented frame, use `newframe = frame.copy()`
  dataframe[f"dc_hi_{n}"] = dataframe["high"].rolling(n).max().shift(1)
/freqtrade/user_data/strategies/TrendVolTarget.py:50: PerformanceWarning: DataFrame is highly fragmented.  This is usually the result of calling `frame.insert` many times, which has poor performance.  Consider joining all columns at once using pd.concat(axis=1) instead. To get a de-fragmented frame, use `newframe = frame.copy()`
  dataframe[f"dc_hi_{n}"] = dataframe["high"].rolling(n).max().shift(1)
/freqtrade/user_data/strategies/TrendVolTarget.py:50: PerformanceWarning: DataFrame is highly fragmented.  This is usually the result of calling `frame.insert` many times, which has poor performance.  Consider joining all columns at once using pd.concat(axis=1) instead. To get a de-fragmented frame, use `newframe = frame.copy()`
  dataframe[f"dc_hi_{n}"] = dataframe["high"].rolling(n).max().shift(1)
/freqtrade/user_data/strategies/TrendVolTarget.py:50: PerformanceWarning: DataFrame is highly fragmented.  This is usually the result of calling `frame.insert` many times, which has poor performance.  Consider joining all columns at once using pd.concat(axis=1) instead. To get a de-fragmented frame, use `newframe = frame.copy()`
  dataframe[f"dc_hi_{n}"] = dataframe["high"].rolling(n).max().shift(1)
/freqtrade/user_data/strategies/TrendVolTarget.py:50: PerformanceWarning: DataFrame is highly fragmented.  This is usually the result of calling `frame.insert` many times, which has poor performance.  Consider joining all columns at once using pd.concat(axis=1) instead. To get a de-fragmented frame, use `newframe = frame.copy()`
  dataframe[f"dc_hi_{n}"] = dataframe["high"].rolling(n).max().shift(1)
/freqtrade/user_data/strategies/TrendVolTarget.py:50: PerformanceWarning: DataFrame is highly fragmented.  This is usually the result of calling `frame.insert` many times, which has poor performance.  Consider joining all columns at once using pd.concat(axis=1) instead. To get a de-fragmented frame, use `newframe = frame.copy()`
  dataframe[f"dc_hi_{n}"] = dataframe["high"].rolling(n).max().shift(1)
/freqtrade/user_data/strategies/TrendVolTarget.py:50: PerformanceWarning: DataFrame is highly fragmented.  This is usually the result of calling `frame.insert` many times, which has poor performance.  Consider joining all columns at once using pd.concat(axis=1) instead. To get a de-fragmented frame, use `newframe = frame.copy()`
  dataframe[f"dc_hi_{n}"] = dataframe["high"].rolling(n).max().shift(1)
/freqtrade/user_data/strategies/TrendVolTarget.py:50: PerformanceWarning: DataFrame is highly fragmented.  This is usually the result of calling `frame.insert` many times, which has poor performance.  Consider joining all columns at once using pd.concat(axis=1) instead. To get a de-fragmented frame, use `newframe = frame.copy()`
  dataframe[f"dc_hi_{n}"] = dataframe["high"].rolling(n).max().shift(1)
/freqtrade/user_data/strategies/TrendVolTarget.py:50: PerformanceWarning: DataFrame is highly fragmented.  This is usually the result of calling `frame.insert` many times, which has poor performance.  Consider joining all columns at once using pd.concat(axis=1) instead. To get a de-fragmented frame, use `newframe = frame.copy()`
  dataframe[f"dc_hi_{n}"] = dataframe["high"].rolling(n).max().shift(1)
/freqtrade/user_data/strategies/TrendVolTarget.py:50: PerformanceWarning: DataFrame is highly fragmented.  This is usually the result of calling `frame.insert` many times, which has poor performance.  Consider joining all columns at once using pd.concat(axis=1) instead. To get a de-fragmented frame, use `newframe = frame.copy()`
  dataframe[f"dc_hi_{n}"] = dataframe["high"].rolling(n).max().shift(1)
/freqtrade/user_data/strategies/TrendVolTarget.py:50: PerformanceWarning: DataFrame is highly fragmented.  This is usually the result of calling `frame.insert` many times, which has poor performance.  Consider joining all columns at once using pd.concat(axis=1) instead. To get a de-fragmented frame, use `newframe = frame.copy()`
  dataframe[f"dc_hi_{n}"] = dataframe["high"].rolling(n).max().shift(1)
/freqtrade/user_data/strategies/TrendVolTarget.py:50: PerformanceWarning: DataFrame is highly fragmented.  This is usually the result of calling `frame.insert` many times, which has poor performance.  Consider joining all columns at once using pd.concat(axis=1) instead. To get a de-fragmented frame, use `newframe = frame.copy()`
  dataframe[f"dc_hi_{n}"] = dataframe["high"].rolling(n).max().shift(1)
/freqtrade/user_data/strategies/TrendVolTarget.py:50: PerformanceWarning: DataFrame is highly fragmented.  This is usually the result of calling `frame.insert` many times, which has poor performance.  Consider joining all columns at once using pd.concat(axis=1) instead. To get a de-fragmented frame, use `newframe = frame.copy()`
  dataframe[f"dc_hi_{n}"] = dataframe["high"].rolling(n).max().shift(1)
/freqtrade/user_data/strategies/TrendVolTarget.py:50: PerformanceWarning: DataFrame is highly fragmented.  This is usually the result of calling `frame.insert` many times, which has poor performance.  Consider joining all columns at once using pd.concat(axis=1) instead. To get a de-fragmented frame, use `newframe = frame.copy()`
  dataframe[f"dc_hi_{n}"] = dataframe["high"].rolling(n).max().shift(1)
/freqtrade/user_data/strategies/TrendVolTarget.py:50: PerformanceWarning: DataFrame is highly fragmented.  This is usually the result of calling `frame.insert` many times, which has poor performance.  Consider joining all columns at once using pd.concat(axis=1) instead. To get a de-fragmented frame, use `newframe = frame.copy()`
  dataframe[f"dc_hi_{n}"] = dataframe["high"].rolling(n).max().shift(1)
/freqtrade/user_data/strategies/TrendVolTarget.py:50: PerformanceWarning: DataFrame is highly fragmented.  This is usually the result of calling `frame.insert` many times, which has poor performance.  Consider joining all columns at once using pd.concat(axis=1) instead. To get a de-fragmented frame, use `newframe = frame.copy()`
  dataframe[f"dc_hi_{n}"] = dataframe["high"].rolling(n).max().shift(1)
/freqtrade/user_data/strategies/TrendVolTarget.py:50: PerformanceWarning: DataFrame is highly fragmented.  This is usually the result of calling `frame.insert` many times, which has poor performance.  Consider joining all columns at once using pd.concat(axis=1) instead. To get a de-fragmented frame, use `newframe = frame.copy()`
  dataframe[f"dc_hi_{n}"] = dataframe["high"].rolling(n).max().shift(1)
/freqtrade/user_data/strategies/TrendVolTarget.py:50: PerformanceWarning: DataFrame is highly fragmented.  This is usually the result of calling `frame.insert` many times, which has poor performance.  Consider joining all columns at once using pd.concat(axis=1) instead. To get a de-fragmented frame, use `newframe = frame.copy()`
  dataframe[f"dc_hi_{n}"] = dataframe["high"].rolling(n).max().shift(1)
/freqtrade/user_data/strategies/TrendVolTarget.py:50: PerformanceWarning: DataFrame is highly fragmented.  This is usually the result of calling `frame.insert` many times, which has poor performance.  Consider joining all columns at once using pd.concat(axis=1) instead. To get a de-fragmented frame, use `newframe = frame.copy()`
  dataframe[f"dc_hi_{n}"] = dataframe["high"].rolling(n).max().shift(1)
/freqtrade/user_data/strategies/TrendVolTarget.py:50: PerformanceWarning: DataFrame is highly fragmented.  This is usually the result of calling `frame.insert` many times, which has poor performance.  Consider joining all columns at once using pd.concat(axis=1) instead. To get a de-fragmented frame, use `newframe = frame.copy()`
  dataframe[f"dc_hi_{n}"] = dataframe["high"].rolling(n).max().shift(1)
/freqtrade/user_data/strategies/TrendVolTarget.py:50: PerformanceWarning: DataFrame is highly fragmented.  This is usually the result of calling `frame.insert` many times, which has poor performance.  Consider joining all columns at once using pd.concat(axis=1) instead. To get a de-fragmented frame, use `newframe = frame.copy()`
  dataframe[f"dc_hi_{n}"] = dataframe["high"].rolling(n).max().shift(1)
/freqtrade/user_data/strategies/TrendVolTarget.py:50: PerformanceWarning: DataFrame is highly fragmented.  This is usually the result of calling `frame.insert` many times, which has poor performance.  Consider joining all columns at once using pd.concat(axis=1) instead. To get a de-fragmented frame, use `newframe = frame.copy()`
  dataframe[f"dc_hi_{n}"] = dataframe["high"].rolling(n).max().shift(1)
/freqtrade/user_data/strategies/TrendVolTarget.py:50: PerformanceWarning: DataFrame is highly fragmented.  This is usually the result of calling `frame.insert` many times, which has poor performance.  Consider joining all columns at once using pd.concat(axis=1) instead. To get a de-fragmented frame, use `newframe = frame.copy()`
  dataframe[f"dc_hi_{n}"] = dataframe["high"].rolling(n).max().shift(1)
/freqtrade/user_data/strategies/TrendVolTarget.py:50: PerformanceWarning: DataFrame is highly fragmented.  This is usually the result of calling `frame.insert` many times, which has poor performance.  Consider joining all columns at once using pd.concat(axis=1) instead. To get a de-fragmented frame, use `newframe = frame.copy()`
  dataframe[f"dc_hi_{n}"] = dataframe["high"].rolling(n).max().shift(1)
/freqtrade/user_data/strategies/TrendVolTarget.py:50: PerformanceWarning: DataFrame is highly fragmented.  This is usually the result of calling `frame.insert` many times, which has poor performance.  Consider joining all columns at once using pd.concat(axis=1) instead. To get a de-fragmented frame, use `newframe = frame.copy()`
  dataframe[f"dc_hi_{n}"] = dataframe["high"].rolling(n).max().shift(1)
/freqtrade/user_data/strategies/TrendVolTarget.py:50: PerformanceWarning: DataFrame is highly fragmented.  This is usually the result of calling `frame.insert` many times, which has poor performance.  Consider joining all columns at once using pd.concat(axis=1) instead. To get a de-fragmented frame, use `newframe = frame.copy()`
  dataframe[f"dc_hi_{n}"] = dataframe["high"].rolling(n).max().shift(1)
/freqtrade/user_data/strategies/TrendVolTarget.py:50: PerformanceWarning: DataFrame is highly fragmented.  This is usually the result of calling `frame.insert` many times, which has poor performance.  Consider joining all columns at once using pd.concat(axis=1) instead. To get a de-fragmented frame, use `newframe = frame.copy()`
  dataframe[f"dc_hi_{n}"] = dataframe["high"].rolling(n).max().shift(1)
/freqtrade/user_data/strategies/TrendVolTarget.py:50: PerformanceWarning: DataFrame is highly fragmented.  This is usually the result of calling `frame.insert` many times, which has poor performance.  Consider joining all columns at once using pd.concat(axis=1) instead. To get a de-fragmented frame, use `newframe = frame.copy()`
  dataframe[f"dc_hi_{n}"] = dataframe["high"].rolling(n).max().shift(1)
/freqtrade/user_data/strategies/TrendVolTarget.py:50: PerformanceWarning: DataFrame is highly fragmented.  This is usually the result of calling `frame.insert` many times, which has poor performance.  Consider joining all columns at once using pd.concat(axis=1) instead. To get a de-fragmented frame, use `newframe = frame.copy()`
  dataframe[f"dc_hi_{n}"] = dataframe["high"].rolling(n).max().shift(1)
/freqtrade/user_data/strategies/TrendVolTarget.py:50: PerformanceWarning: DataFrame is highly fragmented.  This is usually the result of calling `frame.insert` many times, which has poor performance.  Consider joining all columns at once using pd.concat(axis=1) instead. To get a de-fragmented frame, use `newframe = frame.copy()`
  dataframe[f"dc_hi_{n}"] = dataframe["high"].rolling(n).max().shift(1)
/freqtrade/user_data/strategies/TrendVolTarget.py:50: PerformanceWarning: DataFrame is highly fragmented.  This is usually the result of calling `frame.insert` many times, which has poor performance.  Consider joining all columns at once using pd.concat(axis=1) instead. To get a de-fragmented frame, use `newframe = frame.copy()`
  dataframe[f"dc_hi_{n}"] = dataframe["high"].rolling(n).max().shift(1)
/freqtrade/user_data/strategies/TrendVolTarget.py:50: PerformanceWarning: DataFrame is highly fragmented.  This is usually the result of calling `frame.insert` many times, which has poor performance.  Consider joining all columns at once using pd.concat(axis=1) instead. To get a de-fragmented frame, use `newframe = frame.copy()`
  dataframe[f"dc_hi_{n}"] = dataframe["high"].rolling(n).max().shift(1)
/freqtrade/user_data/strategies/TrendVolTarget.py:50: PerformanceWarning: DataFrame is highly fragmented.  This is usually the result of calling `frame.insert` many times, which has poor performance.  Consider joining all columns at once using pd.concat(axis=1) instead. To get a de-fragmented frame, use `newframe = frame.copy()`
  dataframe[f"dc_hi_{n}"] = dataframe["high"].rolling(n).max().shift(1)
/freqtrade/user_data/strategies/TrendVolTarget.py:50: PerformanceWarning: DataFrame is highly fragmented.  This is usually the result of calling `frame.insert` many times, which has poor performance.  Consider joining all columns at once using pd.concat(axis=1) instead. To get a de-fragmented frame, use `newframe = frame.copy()`
  dataframe[f"dc_hi_{n}"] = dataframe["high"].rolling(n).max().shift(1)
/freqtrade/user_data/strategies/TrendVolTarget.py:50: PerformanceWarning: DataFrame is highly fragmented.  This is usually the result of calling `frame.insert` many times, which has poor performance.  Consider joining all columns at once using pd.concat(axis=1) instead. To get a de-fragmented frame, use `newframe = frame.copy()`
  dataframe[f"dc_hi_{n}"] = dataframe["high"].rolling(n).max().shift(1)
/freqtrade/user_data/strategies/TrendVolTarget.py:50: PerformanceWarning: DataFrame is highly fragmented.  This is usually the result of calling `frame.insert` many times, which has poor performance.  Consider joining all columns at once using pd.concat(axis=1) instead. To get a de-fragmented frame, use `newframe = frame.copy()`
  dataframe[f"dc_hi_{n}"] = dataframe["high"].rolling(n).max().shift(1)
/freqtrade/user_data/strategies/TrendVolTarget.py:50: PerformanceWarning: DataFrame is highly fragmented.  This is usually the result of calling `frame.insert` many times, which has poor performance.  Consider joining all columns at once using pd.concat(axis=1) instead. To get a de-fragmented frame, use `newframe = frame.copy()`
  dataframe[f"dc_hi_{n}"] = dataframe["high"].rolling(n).max().shift(1)
/freqtrade/user_data/strategies/TrendVolTarget.py:50: PerformanceWarning: DataFrame is highly fragmented.  This is usually the result of calling `frame.insert` many times, which has poor performance.  Consider joining all columns at once using pd.concat(axis=1) instead. To get a de-fragmented frame, use `newframe = frame.copy()`
  dataframe[f"dc_hi_{n}"] = dataframe["high"].rolling(n).max().shift(1)
/freqtrade/user_data/strategies/TrendVolTarget.py:50: PerformanceWarning: DataFrame is highly fragmented.  This is usually the result of calling `frame.insert` many times, which has poor performance.  Consider joining all columns at once using pd.concat(axis=1) instead. To get a de-fragmented frame, use `newframe = frame.copy()`
  dataframe[f"dc_hi_{n}"] = dataframe["high"].rolling(n).max().shift(1)
/freqtrade/user_data/strategies/TrendVolTarget.py:50: PerformanceWarning: DataFrame is highly fragmented.  This is usually the result of calling `frame.insert` many times, which has poor performance.  Consider joining all columns at once using pd.concat(axis=1) instead. To get a de-fragmented frame, use `newframe = frame.copy()`
  dataframe[f"dc_hi_{n}"] = dataframe["high"].rolling(n).max().shift(1)
/freqtrade/user_data/strategies/TrendVolTarget.py:50: PerformanceWarning: DataFrame is highly fragmented.  This is usually the result of calling `frame.insert` many times, which has poor performance.  Consider joining all columns at once using pd.concat(axis=1) instead. To get a de-fragmented frame, use `newframe = frame.copy()`
  dataframe[f"dc_hi_{n}"] = dataframe["high"].rolling(n).max().shift(1)
/freqtrade/user_data/strategies/TrendVolTarget.py:50: PerformanceWarning: DataFrame is highly fragmented.  This is usually the result of calling `frame.insert` many times, which has poor performance.  Consider joining all columns at once using pd.concat(axis=1) instead. To get a de-fragmented frame, use `newframe = frame.copy()`
  dataframe[f"dc_hi_{n}"] = dataframe["high"].rolling(n).max().shift(1)
/freqtrade/user_data/strategies/TrendVolTarget.py:50: PerformanceWarning: DataFrame is highly fragmented.  This is usually the result of calling `frame.insert` many times, which has poor performance.  Consider joining all columns at once using pd.concat(axis=1) instead. To get a de-fragmented frame, use `newframe = frame.copy()`
  dataframe[f"dc_hi_{n}"] = dataframe["high"].rolling(n).max().shift(1)
/freqtrade/user_data/strategies/TrendVolTarget.py:50: PerformanceWarning: DataFrame is highly fragmented.  This is usually the result of calling `frame.insert` many times, which has poor performance.  Consider joining all columns at once using pd.concat(axis=1) instead. To get a de-fragmented frame, use `newframe = frame.copy()`
  dataframe[f"dc_hi_{n}"] = dataframe["high"].rolling(n).max().shift(1)
/freqtrade/user_data/strategies/TrendVolTarget.py:50: PerformanceWarning: DataFrame is highly fragmented.  This is usually the result of calling `frame.insert` many times, which has poor performance.  Consider joining all columns at once using pd.concat(axis=1) instead. To get a de-fragmented frame, use `newframe = frame.copy()`
  dataframe[f"dc_hi_{n}"] = dataframe["high"].rolling(n).max().shift(1)
/freqtrade/user_data/strategies/TrendVolTarget.py:50: PerformanceWarning: DataFrame is highly fragmented.  This is usually the result of calling `frame.insert` many times, which has poor performance.  Consider joining all columns at once using pd.concat(axis=1) instead. To get a de-fragmented frame, use `newframe = frame.copy()`
  dataframe[f"dc_hi_{n}"] = dataframe["high"].rolling(n).max().shift(1)
/freqtrade/user_data/strategies/TrendVolTarget.py:50: PerformanceWarning: DataFrame is highly fragmented.  This is usually the result of calling `frame.insert` many times, which has poor performance.  Consider joining all columns at once using pd.concat(axis=1) instead. To get a de-fragmented frame, use `newframe = frame.copy()`
  dataframe[f"dc_hi_{n}"] = dataframe["high"].rolling(n).max().shift(1)
/freqtrade/user_data/strategies/TrendVolTarget.py:50: PerformanceWarning: DataFrame is highly fragmented.  This is usually the result of calling `frame.insert` many times, which has poor performance.  Consider joining all columns at once using pd.concat(axis=1) instead. To get a de-fragmented frame, use `newframe = frame.copy()`
  dataframe[f"dc_hi_{n}"] = dataframe["high"].rolling(n).max().shift(1)
/freqtrade/user_data/strategies/TrendVolTarget.py:50: PerformanceWarning: DataFrame is highly fragmented.  This is usually the result of calling `frame.insert` many times, which has poor performance.  Consider joining all columns at once using pd.concat(axis=1) instead. To get a de-fragmented frame, use `newframe = frame.copy()`
  dataframe[f"dc_hi_{n}"] = dataframe["high"].rolling(n).max().shift(1)
/freqtrade/user_data/strategies/TrendVolTarget.py:50: PerformanceWarning: DataFrame is highly fragmented.  This is usually the result of calling `frame.insert` many times, which has poor performance.  Consider joining all columns at once using pd.concat(axis=1) instead. To get a de-fragmented frame, use `newframe = frame.copy()`
  dataframe[f"dc_hi_{n}"] = dataframe["high"].rolling(n).max().shift(1)
/freqtrade/user_data/strategies/TrendVolTarget.py:50: PerformanceWarning: DataFrame is highly fragmented.  This is usually the result of calling `frame.insert` many times, which has poor performance.  Consider joining all columns at once using pd.concat(axis=1) instead. To get a de-fragmented frame, use `newframe = frame.copy()`
  dataframe[f"dc_hi_{n}"] = dataframe["high"].rolling(n).max().shift(1)
/freqtrade/user_data/strategies/TrendVolTarget.py:50: PerformanceWarning: DataFrame is highly fragmented.  This is usually the result of calling `frame.insert` many times, which has poor performance.  Consider joining all columns at once using pd.concat(axis=1) instead. To get a de-fragmented frame, use `newframe = frame.copy()`
  dataframe[f"dc_hi_{n}"] = dataframe["high"].rolling(n).max().shift(1)
/freqtrade/user_data/strategies/TrendVolTarget.py:50: PerformanceWarning: DataFrame is highly fragmented.  This is usually the result of calling `frame.insert` many times, which has poor performance.  Consider joining all columns at once using pd.concat(axis=1) instead. To get a de-fragmented frame, use `newframe = frame.copy()`
  dataframe[f"dc_hi_{n}"] = dataframe["high"].rolling(n).max().shift(1)
/freqtrade/user_data/strategies/TrendVolTarget.py:50: PerformanceWarning: DataFrame is highly fragmented.  This is usually the result of calling `frame.insert` many times, which has poor performance.  Consider joining all columns at once using pd.concat(axis=1) instead. To get a de-fragmented frame, use `newframe = frame.copy()`
  dataframe[f"dc_hi_{n}"] = dataframe["high"].rolling(n).max().shift(1)
/freqtrade/user_data/strategies/TrendVolTarget.py:50: PerformanceWarning: DataFrame is highly fragmented.  This is usually the result of calling `frame.insert` many times, which has poor performance.  Consider joining all columns at once using pd.concat(axis=1) instead. To get a de-fragmented frame, use `newframe = frame.copy()`
  dataframe[f"dc_hi_{n}"] = dataframe["high"].rolling(n).max().shift(1)
/freqtrade/user_data/strategies/TrendVolTarget.py:50: PerformanceWarning: DataFrame is highly fragmented.  This is usually the result of calling `frame.insert` many times, which has poor performance.  Consider joining all columns at once using pd.concat(axis=1) instead. To get a de-fragmented frame, use `newframe = frame.copy()`
  dataframe[f"dc_hi_{n}"] = dataframe["high"].rolling(n).max().shift(1)
/freqtrade/user_data/strategies/TrendVolTarget.py:50: PerformanceWarning: DataFrame is highly fragmented.  This is usually the result of calling `frame.insert` many times, which has poor performance.  Consider joining all columns at once using pd.concat(axis=1) instead. To get a de-fragmented frame, use `newframe = frame.copy()`
  dataframe[f"dc_hi_{n}"] = dataframe["high"].rolling(n).max().shift(1)
/freqtrade/user_data/strategies/TrendVolTarget.py:50: PerformanceWarning: DataFrame is highly fragmented.  This is usually the result of calling `frame.insert` many times, which has poor performance.  Consider joining all columns at once using pd.concat(axis=1) instead. To get a de-fragmented frame, use `newframe = frame.copy()`
  dataframe[f"dc_hi_{n}"] = dataframe["high"].rolling(n).max().shift(1)
/freqtrade/user_data/strategies/TrendVolTarget.py:50: PerformanceWarning: DataFrame is highly fragmented.  This is usually the result of calling `frame.insert` many times, which has poor performance.  Consider joining all columns at once using pd.concat(axis=1) instead. To get a de-fragmented frame, use `newframe = frame.copy()`
  dataframe[f"dc_hi_{n}"] = dataframe["high"].rolling(n).max().shift(1)
/freqtrade/user_data/strategies/TrendVolTarget.py:50: PerformanceWarning: DataFrame is highly fragmented.  This is usually the result of calling `frame.insert` many times, which has poor performance.  Consider joining all columns at once using pd.concat(axis=1) instead. To get a de-fragmented frame, use `newframe = frame.copy()`
  dataframe[f"dc_hi_{n}"] = dataframe["high"].rolling(n).max().shift(1)
/freqtrade/user_data/strategies/TrendVolTarget.py:50: PerformanceWarning: DataFrame is highly fragmented.  This is usually the result of calling `frame.insert` many times, which has poor performance.  Consider joining all columns at once using pd.concat(axis=1) instead. To get a de-fragmented frame, use `newframe = frame.copy()`
  dataframe[f"dc_hi_{n}"] = dataframe["high"].rolling(n).max().shift(1)
/freqtrade/user_data/strategies/TrendVolTarget.py:50: PerformanceWarning: DataFrame is highly fragmented.  This is usually the result of calling `frame.insert` many times, which has poor performance.  Consider joining all columns at once using pd.concat(axis=1) instead. To get a de-fragmented frame, use `newframe = frame.copy()`
  dataframe[f"dc_hi_{n}"] = dataframe["high"].rolling(n).max().shift(1)
/freqtrade/user_data/strategies/TrendVolTarget.py:50: PerformanceWarning: DataFrame is highly fragmented.  This is usually the result of calling `frame.insert` many times, which has poor performance.  Consider joining all columns at once using pd.concat(axis=1) instead. To get a de-fragmented frame, use `newframe = frame.copy()`
  dataframe[f"dc_hi_{n}"] = dataframe["high"].rolling(n).max().shift(1)
/freqtrade/user_data/strategies/TrendVolTarget.py:50: PerformanceWarning: DataFrame is highly fragmented.  This is usually the result of calling `frame.insert` many times, which has poor performance.  Consider joining all columns at once using pd.concat(axis=1) instead. To get a de-fragmented frame, use `newframe = frame.copy()`
  dataframe[f"dc_hi_{n}"] = dataframe["high"].rolling(n).max().shift(1)
/freqtrade/user_data/strategies/TrendVolTarget.py:50: PerformanceWarning: DataFrame is highly fragmented.  This is usually the result of calling `frame.insert` many times, which has poor performance.  Consider joining all columns at once using pd.concat(axis=1) instead. To get a de-fragmented frame, use `newframe = frame.copy()`
  dataframe[f"dc_hi_{n}"] = dataframe["high"].rolling(n).max().shift(1)
/freqtrade/user_data/strategies/TrendVolTarget.py:50: PerformanceWarning: DataFrame is highly fragmented.  This is usually the result of calling `frame.insert` many times, which has poor performance.  Consider joining all columns at once using pd.concat(axis=1) instead. To get a de-fragmented frame, use `newframe = frame.copy()`
  dataframe[f"dc_hi_{n}"] = dataframe["high"].rolling(n).max().shift(1)
/freqtrade/user_data/strategies/TrendVolTarget.py:53: PerformanceWarning: DataFrame is highly fragmented.  This is usually the result of calling `frame.insert` many times, which has poor performance.  Consider joining all columns at once using pd.concat(axis=1) instead. To get a de-fragmented frame, use `newframe = frame.copy()`
  dataframe["sma_f"] = ta.SMA(dataframe, timeperiod=60)
/freqtrade/user_data/strategies/TrendVolTarget.py:54: PerformanceWarning: DataFrame is highly fragmented.  This is usually the result of calling `frame.insert` many times, which has poor performance.  Consider joining all columns at once using pd.concat(axis=1) instead. To get a de-fragmented frame, use `newframe = frame.copy()`
  dataframe["sma_s"] = ta.SMA(dataframe, timeperiod=240)
/freqtrade/user_data/strategies/TrendVolTarget.py:56: PerformanceWarning: DataFrame is highly fragmented.  This is usually the result of calling `frame.insert` many times, which has poor performance.  Consider joining all columns at once using pd.concat(axis=1) instead. To get a de-fragmented frame, use `newframe = frame.copy()`
  dataframe["rvol"] = dataframe["close"].pct_change().rolling(90).std() * np.sqrt(6 * 365)
2026-09-28 20:11:27,027 - freqtrade.optimize.hyperopt.hyperopt_optimizer - INFO - Hyperopting with data from 2022-07-02 00:00:00 up to 2023-12-31 00:00:00 (547 days)..
2026-09-28 20:11:27,320 - freqtrade.optimize.hyperopt.hyperopt - INFO - Found 12 CPU cores. Let's make them scream!
2026-09-28 20:11:27,320 - freqtrade.optimize.hyperopt.hyperopt - INFO - Number of parallel jobs set as: -1
2026-09-28 20:11:27,321 - freqtrade.optimize.hyperopt.hyperopt_optimizer - INFO - Using optuna sampler NSGAIIISampler.
[I 2026-09-28 20:11:27,321] A new study created in memory with name: no-name-432b4a05-2514-4e7c-b819-26bd0518c10b
2026-09-28 20:11:27,323 - freqtrade.optimize.hyperopt.hyperopt - INFO - Effective number of parallel workers used: 12
                                                                                            Hyperopt results                                                                                            
                         ┏━━━━━━━━┳━━━━━━━━┳━━━━━━━━┳━━━━━━━━━━━━━━━━━━━━━━━━┳━━━━━━━━━━━━┳━━━━━━━━━━━━━━━━━━━━━━━━━━┳━━━━━━━━━━━━━━━━━━┳━━━━━━━━━━━┳━━━━━━━━━━━━━━━━━━━━━━━━━┓                         
                         ┃ Best   ┃  Epoch ┃ Trades ┃  Win  Draw  Loss  Win% ┃ Avg profit ┃                   Profit ┃     Avg duration ┃ Objective ┃     Max Drawdown (Acct) ┃                         
                         ┡━━━━━━━━╇━━━━━━━━╇━━━━━━━━╇━━━━━━━━━━━━━━━━━━━━━━━━╇━━━━━━━━━━━━╇━━━━━━━━━━━━━━━━━━━━━━━━━━╇━━━━━━━━━━━━━━━━━━╇━━━━━━━━━━━╇━━━━━━━━━━━━━━━━━━━━━━━━━┩                         
                         │ * Best │  1/100 │    125 │   33     0    92  26.4 │     -2.52% │ -182.157 USDT   (-9.11%) │ 3 days, 10:14:00 │   0.84482 │ 248.647 USDT   (12.43%) │                         
                         │ * Best │  2/100 │     91 │   33     0    58  36.3 │      0.16% │   52.029 USDT    (2.60%) │  7 days, 7:10:00 │  -0.16257 │ 132.075 USDT    (6.59%) │                         
                         │ * Best │  8/100 │     57 │   22     0    35  38.6 │      1.25% │   63.077 USDT    (3.15%) │ 9 days, 22:57:00 │  -0.19170 │  68.800 USDT    (3.44%) │                         
                         │ * Best │ 24/100 │    129 │   44     0    85  34.1 │     -0.37% │   77.066 USDT    (3.85%) │  7 days, 1:18:00 │  -0.22259 │ 218.768 USDT   (10.54%) │                         
                         │ * Best │ 25/100 │     88 │   30     0    58  34.1 │      0.80% │  132.726 USDT    (6.64%) │ 9 days, 17:55:00 │  -0.29738 │ 146.916 USDT    (7.35%) │                         
                         │ Best   │ 57/100 │     99 │   32     0    67  32.3 │      0.52% │  178.734 USDT    (8.94%) │ 9 days, 14:47:00 │  -0.34116 │ 155.685 USDT    (7.74%) │                         
                         │ Best   │ 75/100 │    108 │   39     0    69  36.1 │      0.35% │  173.410 USDT    (8.67%) │  9 days, 4:13:00 │  -0.34846 │ 188.975 USDT    (9.18%) │                         
                         │ Best   │ 77/100 │    110 │   40     0    70  36.4 │      0.46% │  193.168 USDT    (9.66%) │ 8 days, 22:00:00 │  -0.39228 │ 176.283 USDT    (8.54%) │                         
                         └────────┴────────┴────────┴────────────────────────┴────────────┴──────────────────────────┴──────────────────┴───────────┴─────────────────────────┘                         
Epochs ━━━━━━━━━━━━━━━━━━━━━━━━━━━━━━━━━━━━━━━━━━━━━━━━━━━━━━━━━━━━━━━━━━━━━━━━━━━━━━━━━━━━━━━━━━━━━━━━━━━━━━━━━━━━━━━━━━━━━━━━━━━━━━━━━━━━━━━━━━━━━━━━━━━━━━━━━━━━━━━━ 100/100 100% • 0:00:51 • 0:00:00
2026-09-28 20:12:18,882 - freqtrade.optimize.hyperopt.hyperopt - INFO - 100 epochs saved to '/freqtrade/user_data/hyperopt_results/strategy_TrendVolTarget_2026-09-28_23-11-23.fthypt'.
/freqtrade/user_data/strategies/Strategy002.py:8: FutureWarning: 'freqtrade.vendor.qtpylib.indicators' is deprecated and will be removed in a future release. Import from technical instead - either the module (`from technical import qtpylib`) or a single function (`from technical.qtpylib import crossed_above`).
  import freqtrade.vendor.qtpylib.indicators as qtpylib
2026-09-28 20:12:19,167 - freqtrade.optimize.hyperopt_tools - INFO - Dumping parameters to /freqtrade/user_data/strategies/TrendVolTarget.json

Best result:

    77/100:    110 trades. 40/0/70 Wins/Draws/Losses. Avg profit   0.46%. Median profit  -2.59%. Total profit 193.16766269 USDT (   9.66%). Avg duration 8 days, 22:00:00 min. Objective: -0.39228


    # Buy parameters:
    buy_params = {
        "entry_len": 103,
        "vol_floor": 0.013,
    }

    # Sell parameters:
    sell_params = {
        "atr_stop": 5.9,
    }

    # ROI parameters:  # value loaded from strategy
    minimal_roi = {
        "0": 100
    }

    # Stoploss parameters:
    stoploss = -0.1  # value loaded from strategy

    # Trailing stop parameters:
    trailing_stop = False  # value loaded from strategy
    trailing_stop_positive = None  # value loaded from strategy
    trailing_stop_positive_offset = 0.0  # value loaded from strategy
    trailing_only_offset_is_reached = False  # value loaded from strategy
    

    # max_open_trades parameters:
    max_open_trades = 5  # value loaded from strategy
