2026-09-28 20:09:00,790 - freqtrade - INFO - freqtrade 2026.8
2026-09-28 20:09:01,133 - numexpr.utils - INFO - NumExpr defaulting to 12 threads.
2026-09-28 20:09:02,161 - freqtrade.configuration.load_config - INFO - Using config: user_data/config.json ...
2026-09-28 20:09:02,162 - freqtrade.loggers - INFO - Enabling colorized output.
2026-09-28 20:09:02,163 - freqtrade.loggers - INFO - Logfile configured
2026-09-28 20:09:02,163 - freqtrade.loggers - INFO - Verbosity set to 0
2026-09-28 20:09:02,163 - freqtrade.configuration.configuration - INFO - Parameter -i/--timeframe detected ... Using timeframe: 4h ...
2026-09-28 20:09:02,163 - freqtrade.configuration.configuration - INFO - Using max_open_trades: 5 ...
2026-09-28 20:09:02,163 - freqtrade.configuration.configuration - INFO - Parameter --fee detected, setting fee to: 0.001 ...
2026-09-28 20:09:02,164 - freqtrade.configuration.configuration - INFO - Parameter --timerange detected: 20210702-20221231 ...
2026-09-28 20:09:02,174 - freqtrade.configuration.configuration - INFO - Using user-data directory: /freqtrade/user_data ...
2026-09-28 20:09:02,174 - freqtrade.configuration.configuration - INFO - Using data directory: /freqtrade/user_data/data/binance ...
2026-09-28 20:09:02,174 - freqtrade.configuration.configuration - INFO - Parameter --epochs detected ... Will run Hyperopt with for 100 epochs ...
2026-09-28 20:09:02,174 - freqtrade.configuration.configuration - INFO - Parameter -s/--spaces detected: ['buy', 'sell']
2026-09-28 20:09:02,175 - freqtrade.configuration.configuration - INFO - Parameter -j/--job-workers detected: -1
2026-09-28 20:09:02,175 - freqtrade.configuration.configuration - INFO - Parameter --random-state detected: 2002
2026-09-28 20:09:02,175 - freqtrade.configuration.configuration - INFO - Parameter --min-trades detected: 1
2026-09-28 20:09:02,175 - freqtrade.configuration.configuration - INFO - Using Hyperopt loss class name: SharpeHyperOptLoss
2026-09-28 20:09:02,175 - freqtrade.configuration.configuration - INFO - Filter trades by timerange: 20210702-20221231
2026-09-28 20:09:02,176 - freqtrade.exchange.check_exchange - INFO - Checking exchange...
2026-09-28 20:09:02,180 - freqtrade.exchange.check_exchange - INFO - Exchange "binance" is officially supported by the Freqtrade development team.
2026-09-28 20:09:02,181 - freqtrade.configuration.configuration - INFO - Using pairlist from configuration.
2026-09-28 20:09:02,181 - freqtrade.configuration.config_validation - INFO - Validating configuration ...
2026-09-28 20:09:02,182 - freqtrade.commands.optimize_commands - INFO - Starting freqtrade in Hyperopt mode
2026-09-28 20:09:02,183 - freqtrade.optimize.hyperopt.hyperopt - INFO - Removing `/freqtrade/user_data/hyperopt_results/hyperopt_tickerdata.pkl`.
2026-09-28 20:09:02,187 - freqtrade.exchange.exchange - INFO - Instance is running with dry_run enabled
2026-09-28 20:09:02,187 - freqtrade.exchange.exchange - INFO - Using CCXT 4.5.76
2026-09-28 20:09:02,187 - freqtrade.exchange.exchange - INFO - Applying additional ccxt config: {'enableRateLimit': True}
2026-09-28 20:09:02,192 - freqtrade.exchange.exchange - INFO - Applying additional ccxt config: {'enableRateLimit': True}
2026-09-28 20:09:02,199 - freqtrade.exchange.exchange - INFO - Using Exchange "Binance"
2026-09-28 20:09:03,612 - freqtrade.resolvers.exchange_resolver - INFO - Using resolved exchange class 'Binance' ...
2026-09-28 20:09:03,619 - freqtrade.resolvers.iresolver - INFO - Using resolved strategy TrendVolTarget from '/freqtrade/user_data/strategies/TrendVolTarget.py'...
2026-09-28 20:09:03,619 - freqtrade.strategy.hyper - INFO - Found no parameter file.
2026-09-28 20:09:03,619 - freqtrade.resolvers.strategy_resolver - INFO - Override strategy 'timeframe' with value from the configuration: 4h.
2026-09-28 20:09:03,619 - freqtrade.resolvers.strategy_resolver - INFO - Override strategy 'stoploss' with value from the configuration: -0.1.
2026-09-28 20:09:03,620 - freqtrade.resolvers.strategy_resolver - INFO - Override strategy 'stake_currency' with value from the configuration: USDT.
2026-09-28 20:09:03,620 - freqtrade.resolvers.strategy_resolver - INFO - Override strategy 'stake_amount' with value from the configuration: 100.
2026-09-28 20:09:03,620 - freqtrade.resolvers.strategy_resolver - INFO - Override strategy 'unfilledtimeout' with value from the configuration: {'entry': 10, 'exit': 30, 'exit_timeout_count': 0, 
'unit': 'minutes'}.
2026-09-28 20:09:03,620 - freqtrade.resolvers.strategy_resolver - INFO - Override strategy 'use_exit_signal' with value from the configuration: True.
2026-09-28 20:09:03,620 - freqtrade.resolvers.strategy_resolver - INFO - Override strategy 'exit_profit_only' with value from the configuration: False.
2026-09-28 20:09:03,620 - freqtrade.resolvers.strategy_resolver - INFO - Override strategy 'ignore_roi_if_entry_signal' with value from the configuration: False.
2026-09-28 20:09:03,620 - freqtrade.resolvers.strategy_resolver - INFO - Override strategy 'max_open_trades' with value from the configuration: 5.
2026-09-28 20:09:03,621 - freqtrade.resolvers.strategy_resolver - INFO - Strategy using minimal_roi: {'0': 100}
2026-09-28 20:09:03,621 - freqtrade.resolvers.strategy_resolver - INFO - Strategy using timeframe: 4h
2026-09-28 20:09:03,621 - freqtrade.resolvers.strategy_resolver - INFO - Strategy using stoploss: -0.1
2026-09-28 20:09:03,621 - freqtrade.resolvers.strategy_resolver - INFO - Strategy using trailing_stop: False
2026-09-28 20:09:03,621 - freqtrade.resolvers.strategy_resolver - INFO - Strategy using trailing_stop_positive_offset: 0.0
2026-09-28 20:09:03,621 - freqtrade.resolvers.strategy_resolver - INFO - Strategy using trailing_only_offset_is_reached: False
2026-09-28 20:09:03,622 - freqtrade.resolvers.strategy_resolver - INFO - Strategy using use_custom_stoploss: True
2026-09-28 20:09:03,622 - freqtrade.resolvers.strategy_resolver - INFO - Strategy using process_only_new_candles: True
2026-09-28 20:09:03,622 - freqtrade.resolvers.strategy_resolver - INFO - Strategy using order_types: {'entry': 'limit', 'exit': 'limit', 'stoploss': 'limit', 'stoploss_on_exchange': False, 
'stoploss_on_exchange_interval': 60}
2026-09-28 20:09:03,622 - freqtrade.resolvers.strategy_resolver - INFO - Strategy using order_time_in_force: {'entry': 'GTC', 'exit': 'GTC'}
2026-09-28 20:09:03,622 - freqtrade.resolvers.strategy_resolver - INFO - Strategy using stake_currency: USDT
2026-09-28 20:09:03,622 - freqtrade.resolvers.strategy_resolver - INFO - Strategy using stake_amount: 100
2026-09-28 20:09:03,622 - freqtrade.resolvers.strategy_resolver - INFO - Strategy using startup_candle_count: 300
2026-09-28 20:09:03,623 - freqtrade.resolvers.strategy_resolver - INFO - Strategy using unfilledtimeout: {'entry': 10, 'exit': 30, 'exit_timeout_count': 0, 'unit': 'minutes'}
2026-09-28 20:09:03,623 - freqtrade.resolvers.strategy_resolver - INFO - Strategy using use_exit_signal: True
2026-09-28 20:09:03,623 - freqtrade.resolvers.strategy_resolver - INFO - Strategy using exit_profit_only: False
2026-09-28 20:09:03,623 - freqtrade.resolvers.strategy_resolver - INFO - Strategy using ignore_roi_if_entry_signal: False
2026-09-28 20:09:03,623 - freqtrade.resolvers.strategy_resolver - INFO - Strategy using exit_profit_offset: 0.0
2026-09-28 20:09:03,623 - freqtrade.resolvers.strategy_resolver - INFO - Strategy using disable_dataframe_checks: False
2026-09-28 20:09:03,623 - freqtrade.resolvers.strategy_resolver - INFO - Strategy using ignore_buying_expired_candle_after: 0
2026-09-28 20:09:03,624 - freqtrade.resolvers.strategy_resolver - INFO - Strategy using position_adjustment_enable: False
2026-09-28 20:09:03,624 - freqtrade.resolvers.strategy_resolver - INFO - Strategy using max_entry_position_adjustment: -1
2026-09-28 20:09:03,624 - freqtrade.resolvers.strategy_resolver - INFO - Strategy using max_open_trades: 5
2026-09-28 20:09:03,624 - freqtrade.configuration.config_validation - INFO - Validating configuration ...
2026-09-28 20:09:03,628 - freqtrade.resolvers.iresolver - INFO - Using resolved pairlist StaticPairList from '/freqtrade/freqtrade/plugins/pairlist/StaticPairList.py'...
2026-09-28 20:09:03,636 - freqtrade.optimize.backtesting - INFO - Using fee 0.1000% from config.
2026-09-28 20:09:03,637 - freqtrade.strategy.hyper - INFO - No params for sell found, using default values.
2026-09-28 20:09:03,637 - freqtrade.strategy.hyper - INFO - Strategy Parameter(default): atr_stop = 3.5
2026-09-28 20:09:03,638 - freqtrade.strategy.hyper - INFO - No params for buy found, using default values.
2026-09-28 20:09:03,638 - freqtrade.strategy.hyper - INFO - Strategy Parameter(default): entry_len = 120
2026-09-28 20:09:03,638 - freqtrade.strategy.hyper - INFO - Strategy Parameter(default): vol_floor = 0.012
2026-09-28 20:09:03,639 - freqtrade.resolvers.iresolver - INFO - Using resolved hyperoptloss SharpeHyperOptLoss from '/freqtrade/freqtrade/optimize/hyperopt_loss/hyperopt_loss_sharpe.py'...
2026-09-28 20:09:03,941 - freqtrade.optimize.hyperopt.hyperopt_optimizer - INFO - manager queue <class 'multiprocessing.managers.AutoProxy[Queue]'>
2026-09-28 20:09:03,941 - freqtrade.optimize.hyperopt.hyperopt - INFO - Using optimizer random state: 2002
2026-09-28 20:09:04,088 - freqtrade.optimize.backtesting - INFO - Loading data from 2021-05-13 00:00:00 up to 2022-12-31 00:00:00 (597 days).
2026-09-28 20:09:04,407 - freqtrade.optimize.hyperopt.hyperopt_optimizer - INFO - Dataload complete. Calculating indicators
/freqtrade/user_data/strategies/TrendVolTarget.py:50: PerformanceWarning: DataFrame is highly fragmented.  This is usually the result of calling `frame.insert` many times, which has poor performance.  Consider joining all columns at once using pd.concat(axis=1) instead. To get a de-fragmented frame, use `newframe = frame.copy()`
  dataframe[f"dc_hi_{n}"] = dataframe["high"].rolling(n).max().shift(1)
/freqtrade/user_data/strategies/TrendVolTarget.py:50: PerformanceWarning: DataFrame is highly fragmented.  This is usually the result of calling `frame.insert` many times, which has poor performance.  Consider joining all columns at once using pd.concat(axis=1) instead. To get a de-fragmented frame, use `newframe = frame.copy()`
  dataframe[f"dc_hi_{n}"] = dataframe["high"].rolling(n).max().shift(1)
/freqtrade/user_data/strategies/TrendVolTarget.py:50: PerformanceWarning: DataFrame is highly fragmented.  This is usually the result of calling `frame.insert` many times, which has poor performance.  Consider joining all columns at once using pd.concat(axis=1) instead. To get a de-fragmented frame, use `newframe = frame.copy()`
  dataframe[f"dc_hi_{n}"] = dataframe["high"].rolling(n).max().shift(1)
/freqtrade/user_data/strategies/TrendVolTarget.py:50: PerformanceWarning: DataFrame is highly fragmented.  This is usually the result of calling `frame.insert` many times, which has poor performance.  Consider joining all columns at once using pd.concat(axis=1) instead. To get a de-fragmented frame, use `newframe = frame.copy()`
  dataframe[f"dc_hi_{n}"] = dataframe["high"].rolling(n).max().shift(1)
/freqtrade/user_data/strategies/TrendVolTarget.py:50: PerformanceWarning: DataFrame is highly fragmented.  This is usually the result of calling `frame.insert` many times, which has poor performance.  Consider joining all columns at once using pd.concat(axis=1) instead. To get a de-fragmented frame, use `newframe = frame.copy()`
  dataframe[f"dc_hi_{n}"] = dataframe["high"].rolling(n).max().shift(1)
/freqtrade/user_data/strategies/TrendVolTarget.py:50: PerformanceWarning: DataFrame is highly fragmented.  This is usually the result of calling `frame.insert` many times, which has poor performance.  Consider joining all columns at once using pd.concat(axis=1) instead. To get a de-fragmented frame, use `newframe = frame.copy()`
  dataframe[f"dc_hi_{n}"] = dataframe["high"].rolling(n).max().shift(1)
/freqtrade/user_data/strategies/TrendVolTarget.py:50: PerformanceWarning: DataFrame is highly fragmented.  This is usually the result of calling `frame.insert` many times, which has poor performance.  Consider joining all columns at once using pd.concat(axis=1) instead. To get a de-fragmented frame, use `newframe = frame.copy()`
  dataframe[f"dc_hi_{n}"] = dataframe["high"].rolling(n).max().shift(1)
/freqtrade/user_data/strategies/TrendVolTarget.py:50: PerformanceWarning: DataFrame is highly fragmented.  This is usually the result of calling `frame.insert` many times, which has poor performance.  Consider joining all columns at once using pd.concat(axis=1) instead. To get a de-fragmented frame, use `newframe = frame.copy()`
  dataframe[f"dc_hi_{n}"] = dataframe["high"].rolling(n).max().shift(1)
/freqtrade/user_data/strategies/TrendVolTarget.py:50: PerformanceWarning: DataFrame is highly fragmented.  This is usually the result of calling `frame.insert` many times, which has poor performance.  Consider joining all columns at once using pd.concat(axis=1) instead. To get a de-fragmented frame, use `newframe = frame.copy()`
  dataframe[f"dc_hi_{n}"] = dataframe["high"].rolling(n).max().shift(1)
/freqtrade/user_data/strategies/TrendVolTarget.py:50: PerformanceWarning: DataFrame is highly fragmented.  This is usually the result of calling `frame.insert` many times, which has poor performance.  Consider joining all columns at once using pd.concat(axis=1) instead. To get a de-fragmented frame, use `newframe = frame.copy()`
  dataframe[f"dc_hi_{n}"] = dataframe["high"].rolling(n).max().shift(1)
/freqtrade/user_data/strategies/TrendVolTarget.py:50: PerformanceWarning: DataFrame is highly fragmented.  This is usually the result of calling `frame.insert` many times, which has poor performance.  Consider joining all columns at once using pd.concat(axis=1) instead. To get a de-fragmented frame, use `newframe = frame.copy()`
  dataframe[f"dc_hi_{n}"] = dataframe["high"].rolling(n).max().shift(1)
/freqtrade/user_data/strategies/TrendVolTarget.py:50: PerformanceWarning: DataFrame is highly fragmented.  This is usually the result of calling `frame.insert` many times, which has poor performance.  Consider joining all columns at once using pd.concat(axis=1) instead. To get a de-fragmented frame, use `newframe = frame.copy()`
  dataframe[f"dc_hi_{n}"] = dataframe["high"].rolling(n).max().shift(1)
/freqtrade/user_data/strategies/TrendVolTarget.py:50: PerformanceWarning: DataFrame is highly fragmented.  This is usually the result of calling `frame.insert` many times, which has poor performance.  Consider joining all columns at once using pd.concat(axis=1) instead. To get a de-fragmented frame, use `newframe = frame.copy()`
  dataframe[f"dc_hi_{n}"] = dataframe["high"].rolling(n).max().shift(1)
/freqtrade/user_data/strategies/TrendVolTarget.py:50: PerformanceWarning: DataFrame is highly fragmented.  This is usually the result of calling `frame.insert` many times, which has poor performance.  Consider joining all columns at once using pd.concat(axis=1) instead. To get a de-fragmented frame, use `newframe = frame.copy()`
  dataframe[f"dc_hi_{n}"] = dataframe["high"].rolling(n).max().shift(1)
/freqtrade/user_data/strategies/TrendVolTarget.py:50: PerformanceWarning: DataFrame is highly fragmented.  This is usually the result of calling `frame.insert` many times, which has poor performance.  Consider joining all columns at once using pd.concat(axis=1) instead. To get a de-fragmented frame, use `newframe = frame.copy()`
  dataframe[f"dc_hi_{n}"] = dataframe["high"].rolling(n).max().shift(1)
/freqtrade/user_data/strategies/TrendVolTarget.py:50: PerformanceWarning: DataFrame is highly fragmented.  This is usually the result of calling `frame.insert` many times, which has poor performance.  Consider joining all columns at once using pd.concat(axis=1) instead. To get a de-fragmented frame, use `newframe = frame.copy()`
  dataframe[f"dc_hi_{n}"] = dataframe["high"].rolling(n).max().shift(1)
/freqtrade/user_data/strategies/TrendVolTarget.py:50: PerformanceWarning: DataFrame is highly fragmented.  This is usually the result of calling `frame.insert` many times, which has poor performance.  Consider joining all columns at once using pd.concat(axis=1) instead. To get a de-fragmented frame, use `newframe = frame.copy()`
  dataframe[f"dc_hi_{n}"] = dataframe["high"].rolling(n).max().shift(1)
/freqtrade/user_data/strategies/TrendVolTarget.py:50: PerformanceWarning: DataFrame is highly fragmented.  This is usually the result of calling `frame.insert` many times, which has poor performance.  Consider joining all columns at once using pd.concat(axis=1) instead. To get a de-fragmented frame, use `newframe = frame.copy()`
  dataframe[f"dc_hi_{n}"] = dataframe["high"].rolling(n).max().shift(1)
/freqtrade/user_data/strategies/TrendVolTarget.py:50: PerformanceWarning: DataFrame is highly fragmented.  This is usually the result of calling `frame.insert` many times, which has poor performance.  Consider joining all columns at once using pd.concat(axis=1) instead. To get a de-fragmented frame, use `newframe = frame.copy()`
  dataframe[f"dc_hi_{n}"] = dataframe["high"].rolling(n).max().shift(1)
/freqtrade/user_data/strategies/TrendVolTarget.py:50: PerformanceWarning: DataFrame is highly fragmented.  This is usually the result of calling `frame.insert` many times, which has poor performance.  Consider joining all columns at once using pd.concat(axis=1) instead. To get a de-fragmented frame, use `newframe = frame.copy()`
  dataframe[f"dc_hi_{n}"] = dataframe["high"].rolling(n).max().shift(1)
/freqtrade/user_data/strategies/TrendVolTarget.py:50: PerformanceWarning: DataFrame is highly fragmented.  This is usually the result of calling `frame.insert` many times, which has poor performance.  Consider joining all columns at once using pd.concat(axis=1) instead. To get a de-fragmented frame, use `newframe = frame.copy()`
  dataframe[f"dc_hi_{n}"] = dataframe["high"].rolling(n).max().shift(1)
/freqtrade/user_data/strategies/TrendVolTarget.py:50: PerformanceWarning: DataFrame is highly fragmented.  This is usually the result of calling `frame.insert` many times, which has poor performance.  Consider joining all columns at once using pd.concat(axis=1) instead. To get a de-fragmented frame, use `newframe = frame.copy()`
  dataframe[f"dc_hi_{n}"] = dataframe["high"].rolling(n).max().shift(1)
/freqtrade/user_data/strategies/TrendVolTarget.py:50: PerformanceWarning: DataFrame is highly fragmented.  This is usually the result of calling `frame.insert` many times, which has poor performance.  Consider joining all columns at once using pd.concat(axis=1) instead. To get a de-fragmented frame, use `newframe = frame.copy()`
  dataframe[f"dc_hi_{n}"] = dataframe["high"].rolling(n).max().shift(1)
/freqtrade/user_data/strategies/TrendVolTarget.py:50: PerformanceWarning: DataFrame is highly fragmented.  This is usually the result of calling `frame.insert` many times, which has poor performance.  Consider joining all columns at once using pd.concat(axis=1) instead. To get a de-fragmented frame, use `newframe = frame.copy()`
  dataframe[f"dc_hi_{n}"] = dataframe["high"].rolling(n).max().shift(1)
/freqtrade/user_data/strategies/TrendVolTarget.py:50: PerformanceWarning: DataFrame is highly fragmented.  This is usually the result of calling `frame.insert` many times, which has poor performance.  Consider joining all columns at once using pd.concat(axis=1) instead. To get a de-fragmented frame, use `newframe = frame.copy()`
  dataframe[f"dc_hi_{n}"] = dataframe["high"].rolling(n).max().shift(1)
/freqtrade/user_data/strategies/TrendVolTarget.py:50: PerformanceWarning: DataFrame is highly fragmented.  This is usually the result of calling `frame.insert` many times, which has poor performance.  Consider joining all columns at once using pd.concat(axis=1) instead. To get a de-fragmented frame, use `newframe = frame.copy()`
  dataframe[f"dc_hi_{n}"] = dataframe["high"].rolling(n).max().shift(1)
/freqtrade/user_data/strategies/TrendVolTarget.py:50: PerformanceWarning: DataFrame is highly fragmented.  This is usually the result of calling `frame.insert` many times, which has poor performance.  Consider joining all columns at once using pd.concat(axis=1) instead. To get a de-fragmented frame, use `newframe = frame.copy()`
  dataframe[f"dc_hi_{n}"] = dataframe["high"].rolling(n).max().shift(1)
/freqtrade/user_data/strategies/TrendVolTarget.py:50: PerformanceWarning: DataFrame is highly fragmented.  This is usually the result of calling `frame.insert` many times, which has poor performance.  Consider joining all columns at once using pd.concat(axis=1) instead. To get a de-fragmented frame, use `newframe = frame.copy()`
  dataframe[f"dc_hi_{n}"] = dataframe["high"].rolling(n).max().shift(1)
/freqtrade/user_data/strategies/TrendVolTarget.py:50: PerformanceWarning: DataFrame is highly fragmented.  This is usually the result of calling `frame.insert` many times, which has poor performance.  Consider joining all columns at once using pd.concat(axis=1) instead. To get a de-fragmented frame, use `newframe = frame.copy()`
  dataframe[f"dc_hi_{n}"] = dataframe["high"].rolling(n).max().shift(1)
/freqtrade/user_data/strategies/TrendVolTarget.py:50: PerformanceWarning: DataFrame is highly fragmented.  This is usually the result of calling `frame.insert` many times, which has poor performance.  Consider joining all columns at once using pd.concat(axis=1) instead. To get a de-fragmented frame, use `newframe = frame.copy()`
  dataframe[f"dc_hi_{n}"] = dataframe["high"].rolling(n).max().shift(1)
/freqtrade/user_data/strategies/TrendVolTarget.py:50: PerformanceWarning: DataFrame is highly fragmented.  This is usually the result of calling `frame.insert` many times, which has poor performance.  Consider joining all columns at once using pd.concat(axis=1) instead. To get a de-fragmented frame, use `newframe = frame.copy()`
  dataframe[f"dc_hi_{n}"] = dataframe["high"].rolling(n).max().shift(1)
/freqtrade/user_data/strategies/TrendVolTarget.py:50: PerformanceWarning: DataFrame is highly fragmented.  This is usually the result of calling `frame.insert` many times, which has poor performance.  Consider joining all columns at once using pd.concat(axis=1) instead. To get a de-fragmented frame, use `newframe = frame.copy()`
  dataframe[f"dc_hi_{n}"] = dataframe["high"].rolling(n).max().shift(1)
/freqtrade/user_data/strategies/TrendVolTarget.py:50: PerformanceWarning: DataFrame is highly fragmented.  This is usually the result of calling `frame.insert` many times, which has poor performance.  Consider joining all columns at once using pd.concat(axis=1) instead. To get a de-fragmented frame, use `newframe = frame.copy()`
  dataframe[f"dc_hi_{n}"] = dataframe["high"].rolling(n).max().shift(1)
/freqtrade/user_data/strategies/TrendVolTarget.py:50: PerformanceWarning: DataFrame is highly fragmented.  This is usually the result of calling `frame.insert` many times, which has poor performance.  Consider joining all columns at once using pd.concat(axis=1) instead. To get a de-fragmented frame, use `newframe = frame.copy()`
  dataframe[f"dc_hi_{n}"] = dataframe["high"].rolling(n).max().shift(1)
/freqtrade/user_data/strategies/TrendVolTarget.py:50: PerformanceWarning: DataFrame is highly fragmented.  This is usually the result of calling `frame.insert` many times, which has poor performance.  Consider joining all columns at once using pd.concat(axis=1) instead. To get a de-fragmented frame, use `newframe = frame.copy()`
  dataframe[f"dc_hi_{n}"] = dataframe["high"].rolling(n).max().shift(1)
/freqtrade/user_data/strategies/TrendVolTarget.py:50: PerformanceWarning: DataFrame is highly fragmented.  This is usually the result of calling `frame.insert` many times, which has poor performance.  Consider joining all columns at once using pd.concat(axis=1) instead. To get a de-fragmented frame, use `newframe = frame.copy()`
  dataframe[f"dc_hi_{n}"] = dataframe["high"].rolling(n).max().shift(1)
/freqtrade/user_data/strategies/TrendVolTarget.py:50: PerformanceWarning: DataFrame is highly fragmented.  This is usually the result of calling `frame.insert` many times, which has poor performance.  Consider joining all columns at once using pd.concat(axis=1) instead. To get a de-fragmented frame, use `newframe = frame.copy()`
  dataframe[f"dc_hi_{n}"] = dataframe["high"].rolling(n).max().shift(1)
/freqtrade/user_data/strategies/TrendVolTarget.py:50: PerformanceWarning: DataFrame is highly fragmented.  This is usually the result of calling `frame.insert` many times, which has poor performance.  Consider joining all columns at once using pd.concat(axis=1) instead. To get a de-fragmented frame, use `newframe = frame.copy()`
  dataframe[f"dc_hi_{n}"] = dataframe["high"].rolling(n).max().shift(1)
/freqtrade/user_data/strategies/TrendVolTarget.py:50: PerformanceWarning: DataFrame is highly fragmented.  This is usually the result of calling `frame.insert` many times, which has poor performance.  Consider joining all columns at once using pd.concat(axis=1) instead. To get a de-fragmented frame, use `newframe = frame.copy()`
  dataframe[f"dc_hi_{n}"] = dataframe["high"].rolling(n).max().shift(1)
/freqtrade/user_data/strategies/TrendVolTarget.py:50: PerformanceWarning: DataFrame is highly fragmented.  This is usually the result of calling `frame.insert` many times, which has poor performance.  Consider joining all columns at once using pd.concat(axis=1) instead. To get a de-fragmented frame, use `newframe = frame.copy()`
  dataframe[f"dc_hi_{n}"] = dataframe["high"].rolling(n).max().shift(1)
/freqtrade/user_data/strategies/TrendVolTarget.py:50: PerformanceWarning: DataFrame is highly fragmented.  This is usually the result of calling `frame.insert` many times, which has poor performance.  Consider joining all columns at once using pd.concat(axis=1) instead. To get a de-fragmented frame, use `newframe = frame.copy()`
  dataframe[f"dc_hi_{n}"] = dataframe["high"].rolling(n).max().shift(1)
/freqtrade/user_data/strategies/TrendVolTarget.py:50: PerformanceWarning: DataFrame is highly fragmented.  This is usually the result of calling `frame.insert` many times, which has poor performance.  Consider joining all columns at once using pd.concat(axis=1) instead. To get a de-fragmented frame, use `newframe = frame.copy()`
  dataframe[f"dc_hi_{n}"] = dataframe["high"].rolling(n).max().shift(1)
/freqtrade/user_data/strategies/TrendVolTarget.py:50: PerformanceWarning: DataFrame is highly fragmented.  This is usually the result of calling `frame.insert` many times, which has poor performance.  Consider joining all columns at once using pd.concat(axis=1) instead. To get a de-fragmented frame, use `newframe = frame.copy()`
  dataframe[f"dc_hi_{n}"] = dataframe["high"].rolling(n).max().shift(1)
/freqtrade/user_data/strategies/TrendVolTarget.py:50: PerformanceWarning: DataFrame is highly fragmented.  This is usually the result of calling `frame.insert` many times, which has poor performance.  Consider joining all columns at once using pd.concat(axis=1) instead. To get a de-fragmented frame, use `newframe = frame.copy()`
  dataframe[f"dc_hi_{n}"] = dataframe["high"].rolling(n).max().shift(1)
/freqtrade/user_data/strategies/TrendVolTarget.py:50: PerformanceWarning: DataFrame is highly fragmented.  This is usually the result of calling `frame.insert` many times, which has poor performance.  Consider joining all columns at once using pd.concat(axis=1) instead. To get a de-fragmented frame, use `newframe = frame.copy()`
  dataframe[f"dc_hi_{n}"] = dataframe["high"].rolling(n).max().shift(1)
/freqtrade/user_data/strategies/TrendVolTarget.py:50: PerformanceWarning: DataFrame is highly fragmented.  This is usually the result of calling `frame.insert` many times, which has poor performance.  Consider joining all columns at once using pd.concat(axis=1) instead. To get a de-fragmented frame, use `newframe = frame.copy()`
  dataframe[f"dc_hi_{n}"] = dataframe["high"].rolling(n).max().shift(1)
/freqtrade/user_data/strategies/TrendVolTarget.py:50: PerformanceWarning: DataFrame is highly fragmented.  This is usually the result of calling `frame.insert` many times, which has poor performance.  Consider joining all columns at once using pd.concat(axis=1) instead. To get a de-fragmented frame, use `newframe = frame.copy()`
  dataframe[f"dc_hi_{n}"] = dataframe["high"].rolling(n).max().shift(1)
/freqtrade/user_data/strategies/TrendVolTarget.py:50: PerformanceWarning: DataFrame is highly fragmented.  This is usually the result of calling `frame.insert` many times, which has poor performance.  Consider joining all columns at once using pd.concat(axis=1) instead. To get a de-fragmented frame, use `newframe = frame.copy()`
  dataframe[f"dc_hi_{n}"] = dataframe["high"].rolling(n).max().shift(1)
/freqtrade/user_data/strategies/TrendVolTarget.py:50: PerformanceWarning: DataFrame is highly fragmented.  This is usually the result of calling `frame.insert` many times, which has poor performance.  Consider joining all columns at once using pd.concat(axis=1) instead. To get a de-fragmented frame, use `newframe = frame.copy()`
  dataframe[f"dc_hi_{n}"] = dataframe["high"].rolling(n).max().shift(1)
/freqtrade/user_data/strategies/TrendVolTarget.py:50: PerformanceWarning: DataFrame is highly fragmented.  This is usually the result of calling `frame.insert` many times, which has poor performance.  Consider joining all columns at once using pd.concat(axis=1) instead. To get a de-fragmented frame, use `newframe = frame.copy()`
  dataframe[f"dc_hi_{n}"] = dataframe["high"].rolling(n).max().shift(1)
/freqtrade/user_data/strategies/TrendVolTarget.py:50: PerformanceWarning: DataFrame is highly fragmented.  This is usually the result of calling `frame.insert` many times, which has poor performance.  Consider joining all columns at once using pd.concat(axis=1) instead. To get a de-fragmented frame, use `newframe = frame.copy()`
  dataframe[f"dc_hi_{n}"] = dataframe["high"].rolling(n).max().shift(1)
/freqtrade/user_data/strategies/TrendVolTarget.py:50: PerformanceWarning: DataFrame is highly fragmented.  This is usually the result of calling `frame.insert` many times, which has poor performance.  Consider joining all columns at once using pd.concat(axis=1) instead. To get a de-fragmented frame, use `newframe = frame.copy()`
  dataframe[f"dc_hi_{n}"] = dataframe["high"].rolling(n).max().shift(1)
/freqtrade/user_data/strategies/TrendVolTarget.py:50: PerformanceWarning: DataFrame is highly fragmented.  This is usually the result of calling `frame.insert` many times, which has poor performance.  Consider joining all columns at once using pd.concat(axis=1) instead. To get a de-fragmented frame, use `newframe = frame.copy()`
  dataframe[f"dc_hi_{n}"] = dataframe["high"].rolling(n).max().shift(1)
/freqtrade/user_data/strategies/TrendVolTarget.py:50: PerformanceWarning: DataFrame is highly fragmented.  This is usually the result of calling `frame.insert` many times, which has poor performance.  Consider joining all columns at once using pd.concat(axis=1) instead. To get a de-fragmented frame, use `newframe = frame.copy()`
  dataframe[f"dc_hi_{n}"] = dataframe["high"].rolling(n).max().shift(1)
/freqtrade/user_data/strategies/TrendVolTarget.py:50: PerformanceWarning: DataFrame is highly fragmented.  This is usually the result of calling `frame.insert` many times, which has poor performance.  Consider joining all columns at once using pd.concat(axis=1) instead. To get a de-fragmented frame, use `newframe = frame.copy()`
  dataframe[f"dc_hi_{n}"] = dataframe["high"].rolling(n).max().shift(1)
/freqtrade/user_data/strategies/TrendVolTarget.py:50: PerformanceWarning: DataFrame is highly fragmented.  This is usually the result of calling `frame.insert` many times, which has poor performance.  Consider joining all columns at once using pd.concat(axis=1) instead. To get a de-fragmented frame, use `newframe = frame.copy()`
  dataframe[f"dc_hi_{n}"] = dataframe["high"].rolling(n).max().shift(1)
/freqtrade/user_data/strategies/TrendVolTarget.py:50: PerformanceWarning: DataFrame is highly fragmented.  This is usually the result of calling `frame.insert` many times, which has poor performance.  Consider joining all columns at once using pd.concat(axis=1) instead. To get a de-fragmented frame, use `newframe = frame.copy()`
  dataframe[f"dc_hi_{n}"] = dataframe["high"].rolling(n).max().shift(1)
/freqtrade/user_data/strategies/TrendVolTarget.py:50: PerformanceWarning: DataFrame is highly fragmented.  This is usually the result of calling `frame.insert` many times, which has poor performance.  Consider joining all columns at once using pd.concat(axis=1) instead. To get a de-fragmented frame, use `newframe = frame.copy()`
  dataframe[f"dc_hi_{n}"] = dataframe["high"].rolling(n).max().shift(1)
/freqtrade/user_data/strategies/TrendVolTarget.py:50: PerformanceWarning: DataFrame is highly fragmented.  This is usually the result of calling `frame.insert` many times, which has poor performance.  Consider joining all columns at once using pd.concat(axis=1) instead. To get a de-fragmented frame, use `newframe = frame.copy()`
  dataframe[f"dc_hi_{n}"] = dataframe["high"].rolling(n).max().shift(1)
/freqtrade/user_data/strategies/TrendVolTarget.py:50: PerformanceWarning: DataFrame is highly fragmented.  This is usually the result of calling `frame.insert` many times, which has poor performance.  Consider joining all columns at once using pd.concat(axis=1) instead. To get a de-fragmented frame, use `newframe = frame.copy()`
  dataframe[f"dc_hi_{n}"] = dataframe["high"].rolling(n).max().shift(1)
/freqtrade/user_data/strategies/TrendVolTarget.py:50: PerformanceWarning: DataFrame is highly fragmented.  This is usually the result of calling `frame.insert` many times, which has poor performance.  Consider joining all columns at once using pd.concat(axis=1) instead. To get a de-fragmented frame, use `newframe = frame.copy()`
  dataframe[f"dc_hi_{n}"] = dataframe["high"].rolling(n).max().shift(1)
/freqtrade/user_data/strategies/TrendVolTarget.py:50: PerformanceWarning: DataFrame is highly fragmented.  This is usually the result of calling `frame.insert` many times, which has poor performance.  Consider joining all columns at once using pd.concat(axis=1) instead. To get a de-fragmented frame, use `newframe = frame.copy()`
  dataframe[f"dc_hi_{n}"] = dataframe["high"].rolling(n).max().shift(1)
/freqtrade/user_data/strategies/TrendVolTarget.py:50: PerformanceWarning: DataFrame is highly fragmented.  This is usually the result of calling `frame.insert` many times, which has poor performance.  Consider joining all columns at once using pd.concat(axis=1) instead. To get a de-fragmented frame, use `newframe = frame.copy()`
  dataframe[f"dc_hi_{n}"] = dataframe["high"].rolling(n).max().shift(1)
/freqtrade/user_data/strategies/TrendVolTarget.py:50: PerformanceWarning: DataFrame is highly fragmented.  This is usually the result of calling `frame.insert` many times, which has poor performance.  Consider joining all columns at once using pd.concat(axis=1) instead. To get a de-fragmented frame, use `newframe = frame.copy()`
  dataframe[f"dc_hi_{n}"] = dataframe["high"].rolling(n).max().shift(1)
/freqtrade/user_data/strategies/TrendVolTarget.py:50: PerformanceWarning: DataFrame is highly fragmented.  This is usually the result of calling `frame.insert` many times, which has poor performance.  Consider joining all columns at once using pd.concat(axis=1) instead. To get a de-fragmented frame, use `newframe = frame.copy()`
  dataframe[f"dc_hi_{n}"] = dataframe["high"].rolling(n).max().shift(1)
/freqtrade/user_data/strategies/TrendVolTarget.py:50: PerformanceWarning: DataFrame is highly fragmented.  This is usually the result of calling `frame.insert` many times, which has poor performance.  Consider joining all columns at once using pd.concat(axis=1) instead. To get a de-fragmented frame, use `newframe = frame.copy()`
  dataframe[f"dc_hi_{n}"] = dataframe["high"].rolling(n).max().shift(1)
/freqtrade/user_data/strategies/TrendVolTarget.py:50: PerformanceWarning: DataFrame is highly fragmented.  This is usually the result of calling `frame.insert` many times, which has poor performance.  Consider joining all columns at once using pd.concat(axis=1) instead. To get a de-fragmented frame, use `newframe = frame.copy()`
  dataframe[f"dc_hi_{n}"] = dataframe["high"].rolling(n).max().shift(1)
/freqtrade/user_data/strategies/TrendVolTarget.py:50: PerformanceWarning: DataFrame is highly fragmented.  This is usually the result of calling `frame.insert` many times, which has poor performance.  Consider joining all columns at once using pd.concat(axis=1) instead. To get a de-fragmented frame, use `newframe = frame.copy()`
  dataframe[f"dc_hi_{n}"] = dataframe["high"].rolling(n).max().shift(1)
/freqtrade/user_data/strategies/TrendVolTarget.py:50: PerformanceWarning: DataFrame is highly fragmented.  This is usually the result of calling `frame.insert` many times, which has poor performance.  Consider joining all columns at once using pd.concat(axis=1) instead. To get a de-fragmented frame, use `newframe = frame.copy()`
  dataframe[f"dc_hi_{n}"] = dataframe["high"].rolling(n).max().shift(1)
/freqtrade/user_data/strategies/TrendVolTarget.py:50: PerformanceWarning: DataFrame is highly fragmented.  This is usually the result of calling `frame.insert` many times, which has poor performance.  Consider joining all columns at once using pd.concat(axis=1) instead. To get a de-fragmented frame, use `newframe = frame.copy()`
  dataframe[f"dc_hi_{n}"] = dataframe["high"].rolling(n).max().shift(1)
/freqtrade/user_data/strategies/TrendVolTarget.py:50: PerformanceWarning: DataFrame is highly fragmented.  This is usually the result of calling `frame.insert` many times, which has poor performance.  Consider joining all columns at once using pd.concat(axis=1) instead. To get a de-fragmented frame, use `newframe = frame.copy()`
  dataframe[f"dc_hi_{n}"] = dataframe["high"].rolling(n).max().shift(1)
/freqtrade/user_data/strategies/TrendVolTarget.py:50: PerformanceWarning: DataFrame is highly fragmented.  This is usually the result of calling `frame.insert` many times, which has poor performance.  Consider joining all columns at once using pd.concat(axis=1) instead. To get a de-fragmented frame, use `newframe = frame.copy()`
  dataframe[f"dc_hi_{n}"] = dataframe["high"].rolling(n).max().shift(1)
/freqtrade/user_data/strategies/TrendVolTarget.py:50: PerformanceWarning: DataFrame is highly fragmented.  This is usually the result of calling `frame.insert` many times, which has poor performance.  Consider joining all columns at once using pd.concat(axis=1) instead. To get a de-fragmented frame, use `newframe = frame.copy()`
  dataframe[f"dc_hi_{n}"] = dataframe["high"].rolling(n).max().shift(1)
/freqtrade/user_data/strategies/TrendVolTarget.py:50: PerformanceWarning: DataFrame is highly fragmented.  This is usually the result of calling `frame.insert` many times, which has poor performance.  Consider joining all columns at once using pd.concat(axis=1) instead. To get a de-fragmented frame, use `newframe = frame.copy()`
  dataframe[f"dc_hi_{n}"] = dataframe["high"].rolling(n).max().shift(1)
/freqtrade/user_data/strategies/TrendVolTarget.py:50: PerformanceWarning: DataFrame is highly fragmented.  This is usually the result of calling `frame.insert` many times, which has poor performance.  Consider joining all columns at once using pd.concat(axis=1) instead. To get a de-fragmented frame, use `newframe = frame.copy()`
  dataframe[f"dc_hi_{n}"] = dataframe["high"].rolling(n).max().shift(1)
/freqtrade/user_data/strategies/TrendVolTarget.py:50: PerformanceWarning: DataFrame is highly fragmented.  This is usually the result of calling `frame.insert` many times, which has poor performance.  Consider joining all columns at once using pd.concat(axis=1) instead. To get a de-fragmented frame, use `newframe = frame.copy()`
  dataframe[f"dc_hi_{n}"] = dataframe["high"].rolling(n).max().shift(1)
/freqtrade/user_data/strategies/TrendVolTarget.py:50: PerformanceWarning: DataFrame is highly fragmented.  This is usually the result of calling `frame.insert` many times, which has poor performance.  Consider joining all columns at once using pd.concat(axis=1) instead. To get a de-fragmented frame, use `newframe = frame.copy()`
  dataframe[f"dc_hi_{n}"] = dataframe["high"].rolling(n).max().shift(1)
/freqtrade/user_data/strategies/TrendVolTarget.py:50: PerformanceWarning: DataFrame is highly fragmented.  This is usually the result of calling `frame.insert` many times, which has poor performance.  Consider joining all columns at once using pd.concat(axis=1) instead. To get a de-fragmented frame, use `newframe = frame.copy()`
  dataframe[f"dc_hi_{n}"] = dataframe["high"].rolling(n).max().shift(1)
/freqtrade/user_data/strategies/TrendVolTarget.py:50: PerformanceWarning: DataFrame is highly fragmented.  This is usually the result of calling `frame.insert` many times, which has poor performance.  Consider joining all columns at once using pd.concat(axis=1) instead. To get a de-fragmented frame, use `newframe = frame.copy()`
  dataframe[f"dc_hi_{n}"] = dataframe["high"].rolling(n).max().shift(1)
/freqtrade/user_data/strategies/TrendVolTarget.py:50: PerformanceWarning: DataFrame is highly fragmented.  This is usually the result of calling `frame.insert` many times, which has poor performance.  Consider joining all columns at once using pd.concat(axis=1) instead. To get a de-fragmented frame, use `newframe = frame.copy()`
  dataframe[f"dc_hi_{n}"] = dataframe["high"].rolling(n).max().shift(1)
/freqtrade/user_data/strategies/TrendVolTarget.py:50: PerformanceWarning: DataFrame is highly fragmented.  This is usually the result of calling `frame.insert` many times, which has poor performance.  Consider joining all columns at once using pd.concat(axis=1) instead. To get a de-fragmented frame, use `newframe = frame.copy()`
  dataframe[f"dc_hi_{n}"] = dataframe["high"].rolling(n).max().shift(1)
/freqtrade/user_data/strategies/TrendVolTarget.py:50: PerformanceWarning: DataFrame is highly fragmented.  This is usually the result of calling `frame.insert` many times, which has poor performance.  Consider joining all columns at once using pd.concat(axis=1) instead. To get a de-fragmented frame, use `newframe = frame.copy()`
  dataframe[f"dc_hi_{n}"] = dataframe["high"].rolling(n).max().shift(1)
/freqtrade/user_data/strategies/TrendVolTarget.py:50: PerformanceWarning: DataFrame is highly fragmented.  This is usually the result of calling `frame.insert` many times, which has poor performance.  Consider joining all columns at once using pd.concat(axis=1) instead. To get a de-fragmented frame, use `newframe = frame.copy()`
  dataframe[f"dc_hi_{n}"] = dataframe["high"].rolling(n).max().shift(1)
/freqtrade/user_data/strategies/TrendVolTarget.py:50: PerformanceWarning: DataFrame is highly fragmented.  This is usually the result of calling `frame.insert` many times, which has poor performance.  Consider joining all columns at once using pd.concat(axis=1) instead. To get a de-fragmented frame, use `newframe = frame.copy()`
  dataframe[f"dc_hi_{n}"] = dataframe["high"].rolling(n).max().shift(1)
/freqtrade/user_data/strategies/TrendVolTarget.py:53: PerformanceWarning: DataFrame is highly fragmented.  This is usually the result of calling `frame.insert` many times, which has poor performance.  Consider joining all columns at once using pd.concat(axis=1) instead. To get a de-fragmented frame, use `newframe = frame.copy()`
  dataframe["sma_f"] = ta.SMA(dataframe, timeperiod=60)
/freqtrade/user_data/strategies/TrendVolTarget.py:54: PerformanceWarning: DataFrame is highly fragmented.  This is usually the result of calling `frame.insert` many times, which has poor performance.  Consider joining all columns at once using pd.concat(axis=1) instead. To get a de-fragmented frame, use `newframe = frame.copy()`
  dataframe["sma_s"] = ta.SMA(dataframe, timeperiod=240)
/freqtrade/user_data/strategies/TrendVolTarget.py:56: PerformanceWarning: DataFrame is highly fragmented.  This is usually the result of calling `frame.insert` many times, which has poor performance.  Consider joining all columns at once using pd.concat(axis=1) instead. To get a de-fragmented frame, use `newframe = frame.copy()`
  dataframe["rvol"] = dataframe["close"].pct_change().rolling(90).std() * np.sqrt(6 * 365)
/freqtrade/user_data/strategies/TrendVolTarget.py:50: PerformanceWarning: DataFrame is highly fragmented.  This is usually the result of calling `frame.insert` many times, which has poor performance.  Consider joining all columns at once using pd.concat(axis=1) instead. To get a de-fragmented frame, use `newframe = frame.copy()`
  dataframe[f"dc_hi_{n}"] = dataframe["high"].rolling(n).max().shift(1)
/freqtrade/user_data/strategies/TrendVolTarget.py:50: PerformanceWarning: DataFrame is highly fragmented.  This is usually the result of calling `frame.insert` many times, which has poor performance.  Consider joining all columns at once using pd.concat(axis=1) instead. To get a de-fragmented frame, use `newframe = frame.copy()`
  dataframe[f"dc_hi_{n}"] = dataframe["high"].rolling(n).max().shift(1)
/freqtrade/user_data/strategies/TrendVolTarget.py:50: PerformanceWarning: DataFrame is highly fragmented.  This is usually the result of calling `frame.insert` many times, which has poor performance.  Consider joining all columns at once using pd.concat(axis=1) instead. To get a de-fragmented frame, use `newframe = frame.copy()`
  dataframe[f"dc_hi_{n}"] = dataframe["high"].rolling(n).max().shift(1)
/freqtrade/user_data/strategies/TrendVolTarget.py:50: PerformanceWarning: DataFrame is highly fragmented.  This is usually the result of calling `frame.insert` many times, which has poor performance.  Consider joining all columns at once using pd.concat(axis=1) instead. To get a de-fragmented frame, use `newframe = frame.copy()`
  dataframe[f"dc_hi_{n}"] = dataframe["high"].rolling(n).max().shift(1)
/freqtrade/user_data/strategies/TrendVolTarget.py:50: PerformanceWarning: DataFrame is highly fragmented.  This is usually the result of calling `frame.insert` many times, which has poor performance.  Consider joining all columns at once using pd.concat(axis=1) instead. To get a de-fragmented frame, use `newframe = frame.copy()`
  dataframe[f"dc_hi_{n}"] = dataframe["high"].rolling(n).max().shift(1)
/freqtrade/user_data/strategies/TrendVolTarget.py:50: PerformanceWarning: DataFrame is highly fragmented.  This is usually the result of calling `frame.insert` many times, which has poor performance.  Consider joining all columns at once using pd.concat(axis=1) instead. To get a de-fragmented frame, use `newframe = frame.copy()`
  dataframe[f"dc_hi_{n}"] = dataframe["high"].rolling(n).max().shift(1)
/freqtrade/user_data/strategies/TrendVolTarget.py:50: PerformanceWarning: DataFrame is highly fragmented.  This is usually the result of calling `frame.insert` many times, which has poor performance.  Consider joining all columns at once using pd.concat(axis=1) instead. To get a de-fragmented frame, use `newframe = frame.copy()`
  dataframe[f"dc_hi_{n}"] = dataframe["high"].rolling(n).max().shift(1)
/freqtrade/user_data/strategies/TrendVolTarget.py:50: PerformanceWarning: DataFrame is highly fragmented.  This is usually the result of calling `frame.insert` many times, which has poor performance.  Consider joining all columns at once using pd.concat(axis=1) instead. To get a de-fragmented frame, use `newframe = frame.copy()`
  dataframe[f"dc_hi_{n}"] = dataframe["high"].rolling(n).max().shift(1)
/freqtrade/user_data/strategies/TrendVolTarget.py:50: PerformanceWarning: DataFrame is highly fragmented.  This is usually the result of calling `frame.insert` many times, which has poor performance.  Consider joining all columns at once using pd.concat(axis=1) instead. To get a de-fragmented frame, use `newframe = frame.copy()`
  dataframe[f"dc_hi_{n}"] = dataframe["high"].rolling(n).max().shift(1)
/freqtrade/user_data/strategies/TrendVolTarget.py:50: PerformanceWarning: DataFrame is highly fragmented.  This is usually the result of calling `frame.insert` many times, which has poor performance.  Consider joining all columns at once using pd.concat(axis=1) instead. To get a de-fragmented frame, use `newframe = frame.copy()`
  dataframe[f"dc_hi_{n}"] = dataframe["high"].rolling(n).max().shift(1)
/freqtrade/user_data/strategies/TrendVolTarget.py:50: PerformanceWarning: DataFrame is highly fragmented.  This is usually the result of calling `frame.insert` many times, which has poor performance.  Consider joining all columns at once using pd.concat(axis=1) instead. To get a de-fragmented frame, use `newframe = frame.copy()`
  dataframe[f"dc_hi_{n}"] = dataframe["high"].rolling(n).max().shift(1)
/freqtrade/user_data/strategies/TrendVolTarget.py:50: PerformanceWarning: DataFrame is highly fragmented.  This is usually the result of calling `frame.insert` many times, which has poor performance.  Consider joining all columns at once using pd.concat(axis=1) instead. To get a de-fragmented frame, use `newframe = frame.copy()`
  dataframe[f"dc_hi_{n}"] = dataframe["high"].rolling(n).max().shift(1)
/freqtrade/user_data/strategies/TrendVolTarget.py:50: PerformanceWarning: DataFrame is highly fragmented.  This is usually the result of calling `frame.insert` many times, which has poor performance.  Consider joining all columns at once using pd.concat(axis=1) instead. To get a de-fragmented frame, use `newframe = frame.copy()`
  dataframe[f"dc_hi_{n}"] = dataframe["high"].rolling(n).max().shift(1)
/freqtrade/user_data/strategies/TrendVolTarget.py:50: PerformanceWarning: DataFrame is highly fragmented.  This is usually the result of calling `frame.insert` many times, which has poor performance.  Consider joining all columns at once using pd.concat(axis=1) instead. To get a de-fragmented frame, use `newframe = frame.copy()`
  dataframe[f"dc_hi_{n}"] = dataframe["high"].rolling(n).max().shift(1)
/freqtrade/user_data/strategies/TrendVolTarget.py:50: PerformanceWarning: DataFrame is highly fragmented.  This is usually the result of calling `frame.insert` many times, which has poor performance.  Consider joining all columns at once using pd.concat(axis=1) instead. To get a de-fragmented frame, use `newframe = frame.copy()`
  dataframe[f"dc_hi_{n}"] = dataframe["high"].rolling(n).max().shift(1)
/freqtrade/user_data/strategies/TrendVolTarget.py:50: PerformanceWarning: DataFrame is highly fragmented.  This is usually the result of calling `frame.insert` many times, which has poor performance.  Consider joining all columns at once using pd.concat(axis=1) instead. To get a de-fragmented frame, use `newframe = frame.copy()`
  dataframe[f"dc_hi_{n}"] = dataframe["high"].rolling(n).max().shift(1)
/freqtrade/user_data/strategies/TrendVolTarget.py:50: PerformanceWarning: DataFrame is highly fragmented.  This is usually the result of calling `frame.insert` many times, which has poor performance.  Consider joining all columns at once using pd.concat(axis=1) instead. To get a de-fragmented frame, use `newframe = frame.copy()`
  dataframe[f"dc_hi_{n}"] = dataframe["high"].rolling(n).max().shift(1)
/freqtrade/user_data/strategies/TrendVolTarget.py:50: PerformanceWarning: DataFrame is highly fragmented.  This is usually the result of calling `frame.insert` many times, which has poor performance.  Consider joining all columns at once using pd.concat(axis=1) instead. To get a de-fragmented frame, use `newframe = frame.copy()`
  dataframe[f"dc_hi_{n}"] = dataframe["high"].rolling(n).max().shift(1)
/freqtrade/user_data/strategies/TrendVolTarget.py:50: PerformanceWarning: DataFrame is highly fragmented.  This is usually the result of calling `frame.insert` many times, which has poor performance.  Consider joining all columns at once using pd.concat(axis=1) instead. To get a de-fragmented frame, use `newframe = frame.copy()`
  dataframe[f"dc_hi_{n}"] = dataframe["high"].rolling(n).max().shift(1)
/freqtrade/user_data/strategies/TrendVolTarget.py:50: PerformanceWarning: DataFrame is highly fragmented.  This is usually the result of calling `frame.insert` many times, which has poor performance.  Consider joining all columns at once using pd.concat(axis=1) instead. To get a de-fragmented frame, use `newframe = frame.copy()`
  dataframe[f"dc_hi_{n}"] = dataframe["high"].rolling(n).max().shift(1)
/freqtrade/user_data/strategies/TrendVolTarget.py:50: PerformanceWarning: DataFrame is highly fragmented.  This is usually the result of calling `frame.insert` many times, which has poor performance.  Consider joining all columns at once using pd.concat(axis=1) instead. To get a de-fragmented frame, use `newframe = frame.copy()`
  dataframe[f"dc_hi_{n}"] = dataframe["high"].rolling(n).max().shift(1)
/freqtrade/user_data/strategies/TrendVolTarget.py:50: PerformanceWarning: DataFrame is highly fragmented.  This is usually the result of calling `frame.insert` many times, which has poor performance.  Consider joining all columns at once using pd.concat(axis=1) instead. To get a de-fragmented frame, use `newframe = frame.copy()`
  dataframe[f"dc_hi_{n}"] = dataframe["high"].rolling(n).max().shift(1)
/freqtrade/user_data/strategies/TrendVolTarget.py:50: PerformanceWarning: DataFrame is highly fragmented.  This is usually the result of calling `frame.insert` many times, which has poor performance.  Consider joining all columns at once using pd.concat(axis=1) instead. To get a de-fragmented frame, use `newframe = frame.copy()`
  dataframe[f"dc_hi_{n}"] = dataframe["high"].rolling(n).max().shift(1)
/freqtrade/user_data/strategies/TrendVolTarget.py:50: PerformanceWarning: DataFrame is highly fragmented.  This is usually the result of calling `frame.insert` many times, which has poor performance.  Consider joining all columns at once using pd.concat(axis=1) instead. To get a de-fragmented frame, use `newframe = frame.copy()`
  dataframe[f"dc_hi_{n}"] = dataframe["high"].rolling(n).max().shift(1)
/freqtrade/user_data/strategies/TrendVolTarget.py:50: PerformanceWarning: DataFrame is highly fragmented.  This is usually the result of calling `frame.insert` many times, which has poor performance.  Consider joining all columns at once using pd.concat(axis=1) instead. To get a de-fragmented frame, use `newframe = frame.copy()`
  dataframe[f"dc_hi_{n}"] = dataframe["high"].rolling(n).max().shift(1)
/freqtrade/user_data/strategies/TrendVolTarget.py:50: PerformanceWarning: DataFrame is highly fragmented.  This is usually the result of calling `frame.insert` many times, which has poor performance.  Consider joining all columns at once using pd.concat(axis=1) instead. To get a de-fragmented frame, use `newframe = frame.copy()`
  dataframe[f"dc_hi_{n}"] = dataframe["high"].rolling(n).max().shift(1)
/freqtrade/user_data/strategies/TrendVolTarget.py:50: PerformanceWarning: DataFrame is highly fragmented.  This is usually the result of calling `frame.insert` many times, which has poor performance.  Consider joining all columns at once using pd.concat(axis=1) instead. To get a de-fragmented frame, use `newframe = frame.copy()`
  dataframe[f"dc_hi_{n}"] = dataframe["high"].rolling(n).max().shift(1)
/freqtrade/user_data/strategies/TrendVolTarget.py:50: PerformanceWarning: DataFrame is highly fragmented.  This is usually the result of calling `frame.insert` many times, which has poor performance.  Consider joining all columns at once using pd.concat(axis=1) instead. To get a de-fragmented frame, use `newframe = frame.copy()`
  dataframe[f"dc_hi_{n}"] = dataframe["high"].rolling(n).max().shift(1)
/freqtrade/user_data/strategies/TrendVolTarget.py:50: PerformanceWarning: DataFrame is highly fragmented.  This is usually the result of calling `frame.insert` many times, which has poor performance.  Consider joining all columns at once using pd.concat(axis=1) instead. To get a de-fragmented frame, use `newframe = frame.copy()`
  dataframe[f"dc_hi_{n}"] = dataframe["high"].rolling(n).max().shift(1)
/freqtrade/user_data/strategies/TrendVolTarget.py:50: PerformanceWarning: DataFrame is highly fragmented.  This is usually the result of calling `frame.insert` many times, which has poor performance.  Consider joining all columns at once using pd.concat(axis=1) instead. To get a de-fragmented frame, use `newframe = frame.copy()`
  dataframe[f"dc_hi_{n}"] = dataframe["high"].rolling(n).max().shift(1)
/freqtrade/user_data/strategies/TrendVolTarget.py:50: PerformanceWarning: DataFrame is highly fragmented.  This is usually the result of calling `frame.insert` many times, which has poor performance.  Consider joining all columns at once using pd.concat(axis=1) instead. To get a de-fragmented frame, use `newframe = frame.copy()`
  dataframe[f"dc_hi_{n}"] = dataframe["high"].rolling(n).max().shift(1)
/freqtrade/user_data/strategies/TrendVolTarget.py:50: PerformanceWarning: DataFrame is highly fragmented.  This is usually the result of calling `frame.insert` many times, which has poor performance.  Consider joining all columns at once using pd.concat(axis=1) instead. To get a de-fragmented frame, use `newframe = frame.copy()`
  dataframe[f"dc_hi_{n}"] = dataframe["high"].rolling(n).max().shift(1)
/freqtrade/user_data/strategies/TrendVolTarget.py:50: PerformanceWarning: DataFrame is highly fragmented.  This is usually the result of calling `frame.insert` many times, which has poor performance.  Consider joining all columns at once using pd.concat(axis=1) instead. To get a de-fragmented frame, use `newframe = frame.copy()`
  dataframe[f"dc_hi_{n}"] = dataframe["high"].rolling(n).max().shift(1)
/freqtrade/user_data/strategies/TrendVolTarget.py:50: PerformanceWarning: DataFrame is highly fragmented.  This is usually the result of calling `frame.insert` many times, which has poor performance.  Consider joining all columns at once using pd.concat(axis=1) instead. To get a de-fragmented frame, use `newframe = frame.copy()`
  dataframe[f"dc_hi_{n}"] = dataframe["high"].rolling(n).max().shift(1)
/freqtrade/user_data/strategies/TrendVolTarget.py:50: PerformanceWarning: DataFrame is highly fragmented.  This is usually the result of calling `frame.insert` many times, which has poor performance.  Consider joining all columns at once using pd.concat(axis=1) instead. To get a de-fragmented frame, use `newframe = frame.copy()`
  dataframe[f"dc_hi_{n}"] = dataframe["high"].rolling(n).max().shift(1)
/freqtrade/user_data/strategies/TrendVolTarget.py:50: PerformanceWarning: DataFrame is highly fragmented.  This is usually the result of calling `frame.insert` many times, which has poor performance.  Consider joining all columns at once using pd.concat(axis=1) instead. To get a de-fragmented frame, use `newframe = frame.copy()`
  dataframe[f"dc_hi_{n}"] = dataframe["high"].rolling(n).max().shift(1)
/freqtrade/user_data/strategies/TrendVolTarget.py:50: PerformanceWarning: DataFrame is highly fragmented.  This is usually the result of calling `frame.insert` many times, which has poor performance.  Consider joining all columns at once using pd.concat(axis=1) instead. To get a de-fragmented frame, use `newframe = frame.copy()`
  dataframe[f"dc_hi_{n}"] = dataframe["high"].rolling(n).max().shift(1)
/freqtrade/user_data/strategies/TrendVolTarget.py:50: PerformanceWarning: DataFrame is highly fragmented.  This is usually the result of calling `frame.insert` many times, which has poor performance.  Consider joining all columns at once using pd.concat(axis=1) instead. To get a de-fragmented frame, use `newframe = frame.copy()`
  dataframe[f"dc_hi_{n}"] = dataframe["high"].rolling(n).max().shift(1)
/freqtrade/user_data/strategies/TrendVolTarget.py:50: PerformanceWarning: DataFrame is highly fragmented.  This is usually the result of calling `frame.insert` many times, which has poor performance.  Consider joining all columns at once using pd.concat(axis=1) instead. To get a de-fragmented frame, use `newframe = frame.copy()`
  dataframe[f"dc_hi_{n}"] = dataframe["high"].rolling(n).max().shift(1)
/freqtrade/user_data/strategies/TrendVolTarget.py:50: PerformanceWarning: DataFrame is highly fragmented.  This is usually the result of calling `frame.insert` many times, which has poor performance.  Consider joining all columns at once using pd.concat(axis=1) instead. To get a de-fragmented frame, use `newframe = frame.copy()`
  dataframe[f"dc_hi_{n}"] = dataframe["high"].rolling(n).max().shift(1)
/freqtrade/user_data/strategies/TrendVolTarget.py:50: PerformanceWarning: DataFrame is highly fragmented.  This is usually the result of calling `frame.insert` many times, which has poor performance.  Consider joining all columns at once using pd.concat(axis=1) instead. To get a de-fragmented frame, use `newframe = frame.copy()`
  dataframe[f"dc_hi_{n}"] = dataframe["high"].rolling(n).max().shift(1)
/freqtrade/user_data/strategies/TrendVolTarget.py:50: PerformanceWarning: DataFrame is highly fragmented.  This is usually the result of calling `frame.insert` many times, which has poor performance.  Consider joining all columns at once using pd.concat(axis=1) instead. To get a de-fragmented frame, use `newframe = frame.copy()`
  dataframe[f"dc_hi_{n}"] = dataframe["high"].rolling(n).max().shift(1)
/freqtrade/user_data/strategies/TrendVolTarget.py:50: PerformanceWarning: DataFrame is highly fragmented.  This is usually the result of calling `frame.insert` many times, which has poor performance.  Consider joining all columns at once using pd.concat(axis=1) instead. To get a de-fragmented frame, use `newframe = frame.copy()`
  dataframe[f"dc_hi_{n}"] = dataframe["high"].rolling(n).max().shift(1)
/freqtrade/user_data/strategies/TrendVolTarget.py:50: PerformanceWarning: DataFrame is highly fragmented.  This is usually the result of calling `frame.insert` many times, which has poor performance.  Consider joining all columns at once using pd.concat(axis=1) instead. To get a de-fragmented frame, use `newframe = frame.copy()`
  dataframe[f"dc_hi_{n}"] = dataframe["high"].rolling(n).max().shift(1)
/freqtrade/user_data/strategies/TrendVolTarget.py:50: PerformanceWarning: DataFrame is highly fragmented.  This is usually the result of calling `frame.insert` many times, which has poor performance.  Consider joining all columns at once using pd.concat(axis=1) instead. To get a de-fragmented frame, use `newframe = frame.copy()`
  dataframe[f"dc_hi_{n}"] = dataframe["high"].rolling(n).max().shift(1)
/freqtrade/user_data/strategies/TrendVolTarget.py:50: PerformanceWarning: DataFrame is highly fragmented.  This is usually the result of calling `frame.insert` many times, which has poor performance.  Consider joining all columns at once using pd.concat(axis=1) instead. To get a de-fragmented frame, use `newframe = frame.copy()`
  dataframe[f"dc_hi_{n}"] = dataframe["high"].rolling(n).max().shift(1)
/freqtrade/user_data/strategies/TrendVolTarget.py:50: PerformanceWarning: DataFrame is highly fragmented.  This is usually the result of calling `frame.insert` many times, which has poor performance.  Consider joining all columns at once using pd.concat(axis=1) instead. To get a de-fragmented frame, use `newframe = frame.copy()`
  dataframe[f"dc_hi_{n}"] = dataframe["high"].rolling(n).max().shift(1)
/freqtrade/user_data/strategies/TrendVolTarget.py:50: PerformanceWarning: DataFrame is highly fragmented.  This is usually the result of calling `frame.insert` many times, which has poor performance.  Consider joining all columns at once using pd.concat(axis=1) instead. To get a de-fragmented frame, use `newframe = frame.copy()`
  dataframe[f"dc_hi_{n}"] = dataframe["high"].rolling(n).max().shift(1)
/freqtrade/user_data/strategies/TrendVolTarget.py:50: PerformanceWarning: DataFrame is highly fragmented.  This is usually the result of calling `frame.insert` many times, which has poor performance.  Consider joining all columns at once using pd.concat(axis=1) instead. To get a de-fragmented frame, use `newframe = frame.copy()`
  dataframe[f"dc_hi_{n}"] = dataframe["high"].rolling(n).max().shift(1)
/freqtrade/user_data/strategies/TrendVolTarget.py:50: PerformanceWarning: DataFrame is highly fragmented.  This is usually the result of calling `frame.insert` many times, which has poor performance.  Consider joining all columns at once using pd.concat(axis=1) instead. To get a de-fragmented frame, use `newframe = frame.copy()`
  dataframe[f"dc_hi_{n}"] = dataframe["high"].rolling(n).max().shift(1)
/freqtrade/user_data/strategies/TrendVolTarget.py:50: PerformanceWarning: DataFrame is highly fragmented.  This is usually the result of calling `frame.insert` many times, which has poor performance.  Consider joining all columns at once using pd.concat(axis=1) instead. To get a de-fragmented frame, use `newframe = frame.copy()`
  dataframe[f"dc_hi_{n}"] = dataframe["high"].rolling(n).max().shift(1)
/freqtrade/user_data/strategies/TrendVolTarget.py:50: PerformanceWarning: DataFrame is highly fragmented.  This is usually the result of calling `frame.insert` many times, which has poor performance.  Consider joining all columns at once using pd.concat(axis=1) instead. To get a de-fragmented frame, use `newframe = frame.copy()`
  dataframe[f"dc_hi_{n}"] = dataframe["high"].rolling(n).max().shift(1)
/freqtrade/user_data/strategies/TrendVolTarget.py:50: PerformanceWarning: DataFrame is highly fragmented.  This is usually the result of calling `frame.insert` many times, which has poor performance.  Consider joining all columns at once using pd.concat(axis=1) instead. To get a de-fragmented frame, use `newframe = frame.copy()`
  dataframe[f"dc_hi_{n}"] = dataframe["high"].rolling(n).max().shift(1)
/freqtrade/user_data/strategies/TrendVolTarget.py:50: PerformanceWarning: DataFrame is highly fragmented.  This is usually the result of calling `frame.insert` many times, which has poor performance.  Consider joining all columns at once using pd.concat(axis=1) instead. To get a de-fragmented frame, use `newframe = frame.copy()`
  dataframe[f"dc_hi_{n}"] = dataframe["high"].rolling(n).max().shift(1)
/freqtrade/user_data/strategies/TrendVolTarget.py:50: PerformanceWarning: DataFrame is highly fragmented.  This is usually the result of calling `frame.insert` many times, which has poor performance.  Consider joining all columns at once using pd.concat(axis=1) instead. To get a de-fragmented frame, use `newframe = frame.copy()`
  dataframe[f"dc_hi_{n}"] = dataframe["high"].rolling(n).max().shift(1)
/freqtrade/user_data/strategies/TrendVolTarget.py:50: PerformanceWarning: DataFrame is highly fragmented.  This is usually the result of calling `frame.insert` many times, which has poor performance.  Consider joining all columns at once using pd.concat(axis=1) instead. To get a de-fragmented frame, use `newframe = frame.copy()`
  dataframe[f"dc_hi_{n}"] = dataframe["high"].rolling(n).max().shift(1)
/freqtrade/user_data/strategies/TrendVolTarget.py:50: PerformanceWarning: DataFrame is highly fragmented.  This is usually the result of calling `frame.insert` many times, which has poor performance.  Consider joining all columns at once using pd.concat(axis=1) instead. To get a de-fragmented frame, use `newframe = frame.copy()`
  dataframe[f"dc_hi_{n}"] = dataframe["high"].rolling(n).max().shift(1)
/freqtrade/user_data/strategies/TrendVolTarget.py:50: PerformanceWarning: DataFrame is highly fragmented.  This is usually the result of calling `frame.insert` many times, which has poor performance.  Consider joining all columns at once using pd.concat(axis=1) instead. To get a de-fragmented frame, use `newframe = frame.copy()`
  dataframe[f"dc_hi_{n}"] = dataframe["high"].rolling(n).max().shift(1)
/freqtrade/user_data/strategies/TrendVolTarget.py:50: PerformanceWarning: DataFrame is highly fragmented.  This is usually the result of calling `frame.insert` many times, which has poor performance.  Consider joining all columns at once using pd.concat(axis=1) instead. To get a de-fragmented frame, use `newframe = frame.copy()`
  dataframe[f"dc_hi_{n}"] = dataframe["high"].rolling(n).max().shift(1)
/freqtrade/user_data/strategies/TrendVolTarget.py:50: PerformanceWarning: DataFrame is highly fragmented.  This is usually the result of calling `frame.insert` many times, which has poor performance.  Consider joining all columns at once using pd.concat(axis=1) instead. To get a de-fragmented frame, use `newframe = frame.copy()`
  dataframe[f"dc_hi_{n}"] = dataframe["high"].rolling(n).max().shift(1)
/freqtrade/user_data/strategies/TrendVolTarget.py:50: PerformanceWarning: DataFrame is highly fragmented.  This is usually the result of calling `frame.insert` many times, which has poor performance.  Consider joining all columns at once using pd.concat(axis=1) instead. To get a de-fragmented frame, use `newframe = frame.copy()`
  dataframe[f"dc_hi_{n}"] = dataframe["high"].rolling(n).max().shift(1)
/freqtrade/user_data/strategies/TrendVolTarget.py:50: PerformanceWarning: DataFrame is highly fragmented.  This is usually the result of calling `frame.insert` many times, which has poor performance.  Consider joining all columns at once using pd.concat(axis=1) instead. To get a de-fragmented frame, use `newframe = frame.copy()`
  dataframe[f"dc_hi_{n}"] = dataframe["high"].rolling(n).max().shift(1)
/freqtrade/user_data/strategies/TrendVolTarget.py:50: PerformanceWarning: DataFrame is highly fragmented.  This is usually the result of calling `frame.insert` many times, which has poor performance.  Consider joining all columns at once using pd.concat(axis=1) instead. To get a de-fragmented frame, use `newframe = frame.copy()`
  dataframe[f"dc_hi_{n}"] = dataframe["high"].rolling(n).max().shift(1)
/freqtrade/user_data/strategies/TrendVolTarget.py:50: PerformanceWarning: DataFrame is highly fragmented.  This is usually the result of calling `frame.insert` many times, which has poor performance.  Consider joining all columns at once using pd.concat(axis=1) instead. To get a de-fragmented frame, use `newframe = frame.copy()`
  dataframe[f"dc_hi_{n}"] = dataframe["high"].rolling(n).max().shift(1)
/freqtrade/user_data/strategies/TrendVolTarget.py:50: PerformanceWarning: DataFrame is highly fragmented.  This is usually the result of calling `frame.insert` many times, which has poor performance.  Consider joining all columns at once using pd.concat(axis=1) instead. To get a de-fragmented frame, use `newframe = frame.copy()`
  dataframe[f"dc_hi_{n}"] = dataframe["high"].rolling(n).max().shift(1)
/freqtrade/user_data/strategies/TrendVolTarget.py:50: PerformanceWarning: DataFrame is highly fragmented.  This is usually the result of calling `frame.insert` many times, which has poor performance.  Consider joining all columns at once using pd.concat(axis=1) instead. To get a de-fragmented frame, use `newframe = frame.copy()`
  dataframe[f"dc_hi_{n}"] = dataframe["high"].rolling(n).max().shift(1)
/freqtrade/user_data/strategies/TrendVolTarget.py:50: PerformanceWarning: DataFrame is highly fragmented.  This is usually the result of calling `frame.insert` many times, which has poor performance.  Consider joining all columns at once using pd.concat(axis=1) instead. To get a de-fragmented frame, use `newframe = frame.copy()`
  dataframe[f"dc_hi_{n}"] = dataframe["high"].rolling(n).max().shift(1)
/freqtrade/user_data/strategies/TrendVolTarget.py:50: PerformanceWarning: DataFrame is highly fragmented.  This is usually the result of calling `frame.insert` many times, which has poor performance.  Consider joining all columns at once using pd.concat(axis=1) instead. To get a de-fragmented frame, use `newframe = frame.copy()`
  dataframe[f"dc_hi_{n}"] = dataframe["high"].rolling(n).max().shift(1)
/freqtrade/user_data/strategies/TrendVolTarget.py:50: PerformanceWarning: DataFrame is highly fragmented.  This is usually the result of calling `frame.insert` many times, which has poor performance.  Consider joining all columns at once using pd.concat(axis=1) instead. To get a de-fragmented frame, use `newframe = frame.copy()`
  dataframe[f"dc_hi_{n}"] = dataframe["high"].rolling(n).max().shift(1)
/freqtrade/user_data/strategies/TrendVolTarget.py:50: PerformanceWarning: DataFrame is highly fragmented.  This is usually the result of calling `frame.insert` many times, which has poor performance.  Consider joining all columns at once using pd.concat(axis=1) instead. To get a de-fragmented frame, use `newframe = frame.copy()`
  dataframe[f"dc_hi_{n}"] = dataframe["high"].rolling(n).max().shift(1)
/freqtrade/user_data/strategies/TrendVolTarget.py:50: PerformanceWarning: DataFrame is highly fragmented.  This is usually the result of calling `frame.insert` many times, which has poor performance.  Consider joining all columns at once using pd.concat(axis=1) instead. To get a de-fragmented frame, use `newframe = frame.copy()`
  dataframe[f"dc_hi_{n}"] = dataframe["high"].rolling(n).max().shift(1)
/freqtrade/user_data/strategies/TrendVolTarget.py:50: PerformanceWarning: DataFrame is highly fragmented.  This is usually the result of calling `frame.insert` many times, which has poor performance.  Consider joining all columns at once using pd.concat(axis=1) instead. To get a de-fragmented frame, use `newframe = frame.copy()`
  dataframe[f"dc_hi_{n}"] = dataframe["high"].rolling(n).max().shift(1)
/freqtrade/user_data/strategies/TrendVolTarget.py:50: PerformanceWarning: DataFrame is highly fragmented.  This is usually the result of calling `frame.insert` many times, which has poor performance.  Consider joining all columns at once using pd.concat(axis=1) instead. To get a de-fragmented frame, use `newframe = frame.copy()`
  dataframe[f"dc_hi_{n}"] = dataframe["high"].rolling(n).max().shift(1)
/freqtrade/user_data/strategies/TrendVolTarget.py:50: PerformanceWarning: DataFrame is highly fragmented.  This is usually the result of calling `frame.insert` many times, which has poor performance.  Consider joining all columns at once using pd.concat(axis=1) instead. To get a de-fragmented frame, use `newframe = frame.copy()`
  dataframe[f"dc_hi_{n}"] = dataframe["high"].rolling(n).max().shift(1)
/freqtrade/user_data/strategies/TrendVolTarget.py:50: PerformanceWarning: DataFrame is highly fragmented.  This is usually the result of calling `frame.insert` many times, which has poor performance.  Consider joining all columns at once using pd.concat(axis=1) instead. To get a de-fragmented frame, use `newframe = frame.copy()`
  dataframe[f"dc_hi_{n}"] = dataframe["high"].rolling(n).max().shift(1)
/freqtrade/user_data/strategies/TrendVolTarget.py:50: PerformanceWarning: DataFrame is highly fragmented.  This is usually the result of calling `frame.insert` many times, which has poor performance.  Consider joining all columns at once using pd.concat(axis=1) instead. To get a de-fragmented frame, use `newframe = frame.copy()`
  dataframe[f"dc_hi_{n}"] = dataframe["high"].rolling(n).max().shift(1)
/freqtrade/user_data/strategies/TrendVolTarget.py:50: PerformanceWarning: DataFrame is highly fragmented.  This is usually the result of calling `frame.insert` many times, which has poor performance.  Consider joining all columns at once using pd.concat(axis=1) instead. To get a de-fragmented frame, use `newframe = frame.copy()`
  dataframe[f"dc_hi_{n}"] = dataframe["high"].rolling(n).max().shift(1)
/freqtrade/user_data/strategies/TrendVolTarget.py:50: PerformanceWarning: DataFrame is highly fragmented.  This is usually the result of calling `frame.insert` many times, which has poor performance.  Consider joining all columns at once using pd.concat(axis=1) instead. To get a de-fragmented frame, use `newframe = frame.copy()`
  dataframe[f"dc_hi_{n}"] = dataframe["high"].rolling(n).max().shift(1)
/freqtrade/user_data/strategies/TrendVolTarget.py:50: PerformanceWarning: DataFrame is highly fragmented.  This is usually the result of calling `frame.insert` many times, which has poor performance.  Consider joining all columns at once using pd.concat(axis=1) instead. To get a de-fragmented frame, use `newframe = frame.copy()`
  dataframe[f"dc_hi_{n}"] = dataframe["high"].rolling(n).max().shift(1)
/freqtrade/user_data/strategies/TrendVolTarget.py:50: PerformanceWarning: DataFrame is highly fragmented.  This is usually the result of calling `frame.insert` many times, which has poor performance.  Consider joining all columns at once using pd.concat(axis=1) instead. To get a de-fragmented frame, use `newframe = frame.copy()`
  dataframe[f"dc_hi_{n}"] = dataframe["high"].rolling(n).max().shift(1)
/freqtrade/user_data/strategies/TrendVolTarget.py:50: PerformanceWarning: DataFrame is highly fragmented.  This is usually the result of calling `frame.insert` many times, which has poor performance.  Consider joining all columns at once using pd.concat(axis=1) instead. To get a de-fragmented frame, use `newframe = frame.copy()`
  dataframe[f"dc_hi_{n}"] = dataframe["high"].rolling(n).max().shift(1)
/freqtrade/user_data/strategies/TrendVolTarget.py:50: PerformanceWarning: DataFrame is highly fragmented.  This is usually the result of calling `frame.insert` many times, which has poor performance.  Consider joining all columns at once using pd.concat(axis=1) instead. To get a de-fragmented frame, use `newframe = frame.copy()`
  dataframe[f"dc_hi_{n}"] = dataframe["high"].rolling(n).max().shift(1)
/freqtrade/user_data/strategies/TrendVolTarget.py:50: PerformanceWarning: DataFrame is highly fragmented.  This is usually the result of calling `frame.insert` many times, which has poor performance.  Consider joining all columns at once using pd.concat(axis=1) instead. To get a de-fragmented frame, use `newframe = frame.copy()`
  dataframe[f"dc_hi_{n}"] = dataframe["high"].rolling(n).max().shift(1)
/freqtrade/user_data/strategies/TrendVolTarget.py:50: PerformanceWarning: DataFrame is highly fragmented.  This is usually the result of calling `frame.insert` many times, which has poor performance.  Consider joining all columns at once using pd.concat(axis=1) instead. To get a de-fragmented frame, use `newframe = frame.copy()`
  dataframe[f"dc_hi_{n}"] = dataframe["high"].rolling(n).max().shift(1)
/freqtrade/user_data/strategies/TrendVolTarget.py:53: PerformanceWarning: DataFrame is highly fragmented.  This is usually the result of calling `frame.insert` many times, which has poor performance.  Consider joining all columns at once using pd.concat(axis=1) instead. To get a de-fragmented frame, use `newframe = frame.copy()`
  dataframe["sma_f"] = ta.SMA(dataframe, timeperiod=60)
/freqtrade/user_data/strategies/TrendVolTarget.py:54: PerformanceWarning: DataFrame is highly fragmented.  This is usually the result of calling `frame.insert` many times, which has poor performance.  Consider joining all columns at once using pd.concat(axis=1) instead. To get a de-fragmented frame, use `newframe = frame.copy()`
  dataframe["sma_s"] = ta.SMA(dataframe, timeperiod=240)
/freqtrade/user_data/strategies/TrendVolTarget.py:56: PerformanceWarning: DataFrame is highly fragmented.  This is usually the result of calling `frame.insert` many times, which has poor performance.  Consider joining all columns at once using pd.concat(axis=1) instead. To get a de-fragmented frame, use `newframe = frame.copy()`
  dataframe["rvol"] = dataframe["close"].pct_change().rolling(90).std() * np.sqrt(6 * 365)
/freqtrade/user_data/strategies/TrendVolTarget.py:50: PerformanceWarning: DataFrame is highly fragmented.  This is usually the result of calling `frame.insert` many times, which has poor performance.  Consider joining all columns at once using pd.concat(axis=1) instead. To get a de-fragmented frame, use `newframe = frame.copy()`
  dataframe[f"dc_hi_{n}"] = dataframe["high"].rolling(n).max().shift(1)
/freqtrade/user_data/strategies/TrendVolTarget.py:50: PerformanceWarning: DataFrame is highly fragmented.  This is usually the result of calling `frame.insert` many times, which has poor performance.  Consider joining all columns at once using pd.concat(axis=1) instead. To get a de-fragmented frame, use `newframe = frame.copy()`
  dataframe[f"dc_hi_{n}"] = dataframe["high"].rolling(n).max().shift(1)
/freqtrade/user_data/strategies/TrendVolTarget.py:50: PerformanceWarning: DataFrame is highly fragmented.  This is usually the result of calling `frame.insert` many times, which has poor performance.  Consider joining all columns at once using pd.concat(axis=1) instead. To get a de-fragmented frame, use `newframe = frame.copy()`
  dataframe[f"dc_hi_{n}"] = dataframe["high"].rolling(n).max().shift(1)
/freqtrade/user_data/strategies/TrendVolTarget.py:50: PerformanceWarning: DataFrame is highly fragmented.  This is usually the result of calling `frame.insert` many times, which has poor performance.  Consider joining all columns at once using pd.concat(axis=1) instead. To get a de-fragmented frame, use `newframe = frame.copy()`
  dataframe[f"dc_hi_{n}"] = dataframe["high"].rolling(n).max().shift(1)
/freqtrade/user_data/strategies/TrendVolTarget.py:50: PerformanceWarning: DataFrame is highly fragmented.  This is usually the result of calling `frame.insert` many times, which has poor performance.  Consider joining all columns at once using pd.concat(axis=1) instead. To get a de-fragmented frame, use `newframe = frame.copy()`
  dataframe[f"dc_hi_{n}"] = dataframe["high"].rolling(n).max().shift(1)
/freqtrade/user_data/strategies/TrendVolTarget.py:50: PerformanceWarning: DataFrame is highly fragmented.  This is usually the result of calling `frame.insert` many times, which has poor performance.  Consider joining all columns at once using pd.concat(axis=1) instead. To get a de-fragmented frame, use `newframe = frame.copy()`
  dataframe[f"dc_hi_{n}"] = dataframe["high"].rolling(n).max().shift(1)
/freqtrade/user_data/strategies/TrendVolTarget.py:50: PerformanceWarning: DataFrame is highly fragmented.  This is usually the result of calling `frame.insert` many times, which has poor performance.  Consider joining all columns at once using pd.concat(axis=1) instead. To get a de-fragmented frame, use `newframe = frame.copy()`
  dataframe[f"dc_hi_{n}"] = dataframe["high"].rolling(n).max().shift(1)
/freqtrade/user_data/strategies/TrendVolTarget.py:50: PerformanceWarning: DataFrame is highly fragmented.  This is usually the result of calling `frame.insert` many times, which has poor performance.  Consider joining all columns at once using pd.concat(axis=1) instead. To get a de-fragmented frame, use `newframe = frame.copy()`
  dataframe[f"dc_hi_{n}"] = dataframe["high"].rolling(n).max().shift(1)
/freqtrade/user_data/strategies/TrendVolTarget.py:50: PerformanceWarning: DataFrame is highly fragmented.  This is usually the result of calling `frame.insert` many times, which has poor performance.  Consider joining all columns at once using pd.concat(axis=1) instead. To get a de-fragmented frame, use `newframe = frame.copy()`
  dataframe[f"dc_hi_{n}"] = dataframe["high"].rolling(n).max().shift(1)
/freqtrade/user_data/strategies/TrendVolTarget.py:50: PerformanceWarning: DataFrame is highly fragmented.  This is usually the result of calling `frame.insert` many times, which has poor performance.  Consider joining all columns at once using pd.concat(axis=1) instead. To get a de-fragmented frame, use `newframe = frame.copy()`
  dataframe[f"dc_hi_{n}"] = dataframe["high"].rolling(n).max().shift(1)
/freqtrade/user_data/strategies/TrendVolTarget.py:50: PerformanceWarning: DataFrame is highly fragmented.  This is usually the result of calling `frame.insert` many times, which has poor performance.  Consider joining all columns at once using pd.concat(axis=1) instead. To get a de-fragmented frame, use `newframe = frame.copy()`
  dataframe[f"dc_hi_{n}"] = dataframe["high"].rolling(n).max().shift(1)
/freqtrade/user_data/strategies/TrendVolTarget.py:50: PerformanceWarning: DataFrame is highly fragmented.  This is usually the result of calling `frame.insert` many times, which has poor performance.  Consider joining all columns at once using pd.concat(axis=1) instead. To get a de-fragmented frame, use `newframe = frame.copy()`
  dataframe[f"dc_hi_{n}"] = dataframe["high"].rolling(n).max().shift(1)
/freqtrade/user_data/strategies/TrendVolTarget.py:50: PerformanceWarning: DataFrame is highly fragmented.  This is usually the result of calling `frame.insert` many times, which has poor performance.  Consider joining all columns at once using pd.concat(axis=1) instead. To get a de-fragmented frame, use `newframe = frame.copy()`
  dataframe[f"dc_hi_{n}"] = dataframe["high"].rolling(n).max().shift(1)
/freqtrade/user_data/strategies/TrendVolTarget.py:50: PerformanceWarning: DataFrame is highly fragmented.  This is usually the result of calling `frame.insert` many times, which has poor performance.  Consider joining all columns at once using pd.concat(axis=1) instead. To get a de-fragmented frame, use `newframe = frame.copy()`
  dataframe[f"dc_hi_{n}"] = dataframe["high"].rolling(n).max().shift(1)
/freqtrade/user_data/strategies/TrendVolTarget.py:50: PerformanceWarning: DataFrame is highly fragmented.  This is usually the result of calling `frame.insert` many times, which has poor performance.  Consider joining all columns at once using pd.concat(axis=1) instead. To get a de-fragmented frame, use `newframe = frame.copy()`
  dataframe[f"dc_hi_{n}"] = dataframe["high"].rolling(n).max().shift(1)
/freqtrade/user_data/strategies/TrendVolTarget.py:50: PerformanceWarning: DataFrame is highly fragmented.  This is usually the result of calling `frame.insert` many times, which has poor performance.  Consider joining all columns at once using pd.concat(axis=1) instead. To get a de-fragmented frame, use `newframe = frame.copy()`
  dataframe[f"dc_hi_{n}"] = dataframe["high"].rolling(n).max().shift(1)
/freqtrade/user_data/strategies/TrendVolTarget.py:50: PerformanceWarning: DataFrame is highly fragmented.  This is usually the result of calling `frame.insert` many times, which has poor performance.  Consider joining all columns at once using pd.concat(axis=1) instead. To get a de-fragmented frame, use `newframe = frame.copy()`
  dataframe[f"dc_hi_{n}"] = dataframe["high"].rolling(n).max().shift(1)
/freqtrade/user_data/strategies/TrendVolTarget.py:50: PerformanceWarning: DataFrame is highly fragmented.  This is usually the result of calling `frame.insert` many times, which has poor performance.  Consider joining all columns at once using pd.concat(axis=1) instead. To get a de-fragmented frame, use `newframe = frame.copy()`
  dataframe[f"dc_hi_{n}"] = dataframe["high"].rolling(n).max().shift(1)
/freqtrade/user_data/strategies/TrendVolTarget.py:50: PerformanceWarning: DataFrame is highly fragmented.  This is usually the result of calling `frame.insert` many times, which has poor performance.  Consider joining all columns at once using pd.concat(axis=1) instead. To get a de-fragmented frame, use `newframe = frame.copy()`
  dataframe[f"dc_hi_{n}"] = dataframe["high"].rolling(n).max().shift(1)
/freqtrade/user_data/strategies/TrendVolTarget.py:50: PerformanceWarning: DataFrame is highly fragmented.  This is usually the result of calling `frame.insert` many times, which has poor performance.  Consider joining all columns at once using pd.concat(axis=1) instead. To get a de-fragmented frame, use `newframe = frame.copy()`
  dataframe[f"dc_hi_{n}"] = dataframe["high"].rolling(n).max().shift(1)
/freqtrade/user_data/strategies/TrendVolTarget.py:50: PerformanceWarning: DataFrame is highly fragmented.  This is usually the result of calling `frame.insert` many times, which has poor performance.  Consider joining all columns at once using pd.concat(axis=1) instead. To get a de-fragmented frame, use `newframe = frame.copy()`
  dataframe[f"dc_hi_{n}"] = dataframe["high"].rolling(n).max().shift(1)
/freqtrade/user_data/strategies/TrendVolTarget.py:50: PerformanceWarning: DataFrame is highly fragmented.  This is usually the result of calling `frame.insert` many times, which has poor performance.  Consider joining all columns at once using pd.concat(axis=1) instead. To get a de-fragmented frame, use `newframe = frame.copy()`
  dataframe[f"dc_hi_{n}"] = dataframe["high"].rolling(n).max().shift(1)
/freqtrade/user_data/strategies/TrendVolTarget.py:50: PerformanceWarning: DataFrame is highly fragmented.  This is usually the result of calling `frame.insert` many times, which has poor performance.  Consider joining all columns at once using pd.concat(axis=1) instead. To get a de-fragmented frame, use `newframe = frame.copy()`
  dataframe[f"dc_hi_{n}"] = dataframe["high"].rolling(n).max().shift(1)
/freqtrade/user_data/strategies/TrendVolTarget.py:50: PerformanceWarning: DataFrame is highly fragmented.  This is usually the result of calling `frame.insert` many times, which has poor performance.  Consider joining all columns at once using pd.concat(axis=1) instead. To get a de-fragmented frame, use `newframe = frame.copy()`
  dataframe[f"dc_hi_{n}"] = dataframe["high"].rolling(n).max().shift(1)
/freqtrade/user_data/strategies/TrendVolTarget.py:50: PerformanceWarning: DataFrame is highly fragmented.  This is usually the result of calling `frame.insert` many times, which has poor performance.  Consider joining all columns at once using pd.concat(axis=1) instead. To get a de-fragmented frame, use `newframe = frame.copy()`
  dataframe[f"dc_hi_{n}"] = dataframe["high"].rolling(n).max().shift(1)
/freqtrade/user_data/strategies/TrendVolTarget.py:50: PerformanceWarning: DataFrame is highly fragmented.  This is usually the result of calling `frame.insert` many times, which has poor performance.  Consider joining all columns at once using pd.concat(axis=1) instead. To get a de-fragmented frame, use `newframe = frame.copy()`
  dataframe[f"dc_hi_{n}"] = dataframe["high"].rolling(n).max().shift(1)
/freqtrade/user_data/strategies/TrendVolTarget.py:50: PerformanceWarning: DataFrame is highly fragmented.  This is usually the result of calling `frame.insert` many times, which has poor performance.  Consider joining all columns at once using pd.concat(axis=1) instead. To get a de-fragmented frame, use `newframe = frame.copy()`
  dataframe[f"dc_hi_{n}"] = dataframe["high"].rolling(n).max().shift(1)
/freqtrade/user_data/strategies/TrendVolTarget.py:50: PerformanceWarning: DataFrame is highly fragmented.  This is usually the result of calling `frame.insert` many times, which has poor performance.  Consider joining all columns at once using pd.concat(axis=1) instead. To get a de-fragmented frame, use `newframe = frame.copy()`
  dataframe[f"dc_hi_{n}"] = dataframe["high"].rolling(n).max().shift(1)
/freqtrade/user_data/strategies/TrendVolTarget.py:50: PerformanceWarning: DataFrame is highly fragmented.  This is usually the result of calling `frame.insert` many times, which has poor performance.  Consider joining all columns at once using pd.concat(axis=1) instead. To get a de-fragmented frame, use `newframe = frame.copy()`
  dataframe[f"dc_hi_{n}"] = dataframe["high"].rolling(n).max().shift(1)
/freqtrade/user_data/strategies/TrendVolTarget.py:50: PerformanceWarning: DataFrame is highly fragmented.  This is usually the result of calling `frame.insert` many times, which has poor performance.  Consider joining all columns at once using pd.concat(axis=1) instead. To get a de-fragmented frame, use `newframe = frame.copy()`
  dataframe[f"dc_hi_{n}"] = dataframe["high"].rolling(n).max().shift(1)
/freqtrade/user_data/strategies/TrendVolTarget.py:50: PerformanceWarning: DataFrame is highly fragmented.  This is usually the result of calling `frame.insert` many times, which has poor performance.  Consider joining all columns at once using pd.concat(axis=1) instead. To get a de-fragmented frame, use `newframe = frame.copy()`
  dataframe[f"dc_hi_{n}"] = dataframe["high"].rolling(n).max().shift(1)
/freqtrade/user_data/strategies/TrendVolTarget.py:50: PerformanceWarning: DataFrame is highly fragmented.  This is usually the result of calling `frame.insert` many times, which has poor performance.  Consider joining all columns at once using pd.concat(axis=1) instead. To get a de-fragmented frame, use `newframe = frame.copy()`
  dataframe[f"dc_hi_{n}"] = dataframe["high"].rolling(n).max().shift(1)
/freqtrade/user_data/strategies/TrendVolTarget.py:50: PerformanceWarning: DataFrame is highly fragmented.  This is usually the result of calling `frame.insert` many times, which has poor performance.  Consider joining all columns at once using pd.concat(axis=1) instead. To get a de-fragmented frame, use `newframe = frame.copy()`
  dataframe[f"dc_hi_{n}"] = dataframe["high"].rolling(n).max().shift(1)
/freqtrade/user_data/strategies/TrendVolTarget.py:50: PerformanceWarning: DataFrame is highly fragmented.  This is usually the result of calling `frame.insert` many times, which has poor performance.  Consider joining all columns at once using pd.concat(axis=1) instead. To get a de-fragmented frame, use `newframe = frame.copy()`
  dataframe[f"dc_hi_{n}"] = dataframe["high"].rolling(n).max().shift(1)
/freqtrade/user_data/strategies/TrendVolTarget.py:50: PerformanceWarning: DataFrame is highly fragmented.  This is usually the result of calling `frame.insert` many times, which has poor performance.  Consider joining all columns at once using pd.concat(axis=1) instead. To get a de-fragmented frame, use `newframe = frame.copy()`
  dataframe[f"dc_hi_{n}"] = dataframe["high"].rolling(n).max().shift(1)
/freqtrade/user_data/strategies/TrendVolTarget.py:50: PerformanceWarning: DataFrame is highly fragmented.  This is usually the result of calling `frame.insert` many times, which has poor performance.  Consider joining all columns at once using pd.concat(axis=1) instead. To get a de-fragmented frame, use `newframe = frame.copy()`
  dataframe[f"dc_hi_{n}"] = dataframe["high"].rolling(n).max().shift(1)
/freqtrade/user_data/strategies/TrendVolTarget.py:50: PerformanceWarning: DataFrame is highly fragmented.  This is usually the result of calling `frame.insert` many times, which has poor performance.  Consider joining all columns at once using pd.concat(axis=1) instead. To get a de-fragmented frame, use `newframe = frame.copy()`
  dataframe[f"dc_hi_{n}"] = dataframe["high"].rolling(n).max().shift(1)
/freqtrade/user_data/strategies/TrendVolTarget.py:50: PerformanceWarning: DataFrame is highly fragmented.  This is usually the result of calling `frame.insert` many times, which has poor performance.  Consider joining all columns at once using pd.concat(axis=1) instead. To get a de-fragmented frame, use `newframe = frame.copy()`
  dataframe[f"dc_hi_{n}"] = dataframe["high"].rolling(n).max().shift(1)
/freqtrade/user_data/strategies/TrendVolTarget.py:50: PerformanceWarning: DataFrame is highly fragmented.  This is usually the result of calling `frame.insert` many times, which has poor performance.  Consider joining all columns at once using pd.concat(axis=1) instead. To get a de-fragmented frame, use `newframe = frame.copy()`
  dataframe[f"dc_hi_{n}"] = dataframe["high"].rolling(n).max().shift(1)
/freqtrade/user_data/strategies/TrendVolTarget.py:50: PerformanceWarning: DataFrame is highly fragmented.  This is usually the result of calling `frame.insert` many times, which has poor performance.  Consider joining all columns at once using pd.concat(axis=1) instead. To get a de-fragmented frame, use `newframe = frame.copy()`
  dataframe[f"dc_hi_{n}"] = dataframe["high"].rolling(n).max().shift(1)
/freqtrade/user_data/strategies/TrendVolTarget.py:50: PerformanceWarning: DataFrame is highly fragmented.  This is usually the result of calling `frame.insert` many times, which has poor performance.  Consider joining all columns at once using pd.concat(axis=1) instead. To get a de-fragmented frame, use `newframe = frame.copy()`
  dataframe[f"dc_hi_{n}"] = dataframe["high"].rolling(n).max().shift(1)
/freqtrade/user_data/strategies/TrendVolTarget.py:50: PerformanceWarning: DataFrame is highly fragmented.  This is usually the result of calling `frame.insert` many times, which has poor performance.  Consider joining all columns at once using pd.concat(axis=1) instead. To get a de-fragmented frame, use `newframe = frame.copy()`
  dataframe[f"dc_hi_{n}"] = dataframe["high"].rolling(n).max().shift(1)
/freqtrade/user_data/strategies/TrendVolTarget.py:50: PerformanceWarning: DataFrame is highly fragmented.  This is usually the result of calling `frame.insert` many times, which has poor performance.  Consider joining all columns at once using pd.concat(axis=1) instead. To get a de-fragmented frame, use `newframe = frame.copy()`
  dataframe[f"dc_hi_{n}"] = dataframe["high"].rolling(n).max().shift(1)
/freqtrade/user_data/strategies/TrendVolTarget.py:50: PerformanceWarning: DataFrame is highly fragmented.  This is usually the result of calling `frame.insert` many times, which has poor performance.  Consider joining all columns at once using pd.concat(axis=1) instead. To get a de-fragmented frame, use `newframe = frame.copy()`
  dataframe[f"dc_hi_{n}"] = dataframe["high"].rolling(n).max().shift(1)
/freqtrade/user_data/strategies/TrendVolTarget.py:50: PerformanceWarning: DataFrame is highly fragmented.  This is usually the result of calling `frame.insert` many times, which has poor performance.  Consider joining all columns at once using pd.concat(axis=1) instead. To get a de-fragmented frame, use `newframe = frame.copy()`
  dataframe[f"dc_hi_{n}"] = dataframe["high"].rolling(n).max().shift(1)
/freqtrade/user_data/strategies/TrendVolTarget.py:50: PerformanceWarning: DataFrame is highly fragmented.  This is usually the result of calling `frame.insert` many times, which has poor performance.  Consider joining all columns at once using pd.concat(axis=1) instead. To get a de-fragmented frame, use `newframe = frame.copy()`
  dataframe[f"dc_hi_{n}"] = dataframe["high"].rolling(n).max().shift(1)
/freqtrade/user_data/strategies/TrendVolTarget.py:50: PerformanceWarning: DataFrame is highly fragmented.  This is usually the result of calling `frame.insert` many times, which has poor performance.  Consider joining all columns at once using pd.concat(axis=1) instead. To get a de-fragmented frame, use `newframe = frame.copy()`
  dataframe[f"dc_hi_{n}"] = dataframe["high"].rolling(n).max().shift(1)
/freqtrade/user_data/strategies/TrendVolTarget.py:50: PerformanceWarning: DataFrame is highly fragmented.  This is usually the result of calling `frame.insert` many times, which has poor performance.  Consider joining all columns at once using pd.concat(axis=1) instead. To get a de-fragmented frame, use `newframe = frame.copy()`
  dataframe[f"dc_hi_{n}"] = dataframe["high"].rolling(n).max().shift(1)
/freqtrade/user_data/strategies/TrendVolTarget.py:50: PerformanceWarning: DataFrame is highly fragmented.  This is usually the result of calling `frame.insert` many times, which has poor performance.  Consider joining all columns at once using pd.concat(axis=1) instead. To get a de-fragmented frame, use `newframe = frame.copy()`
  dataframe[f"dc_hi_{n}"] = dataframe["high"].rolling(n).max().shift(1)
/freqtrade/user_data/strategies/TrendVolTarget.py:50: PerformanceWarning: DataFrame is highly fragmented.  This is usually the result of calling `frame.insert` many times, which has poor performance.  Consider joining all columns at once using pd.concat(axis=1) instead. To get a de-fragmented frame, use `newframe = frame.copy()`
  dataframe[f"dc_hi_{n}"] = dataframe["high"].rolling(n).max().shift(1)
/freqtrade/user_data/strategies/TrendVolTarget.py:50: PerformanceWarning: DataFrame is highly fragmented.  This is usually the result of calling `frame.insert` many times, which has poor performance.  Consider joining all columns at once using pd.concat(axis=1) instead. To get a de-fragmented frame, use `newframe = frame.copy()`
  dataframe[f"dc_hi_{n}"] = dataframe["high"].rolling(n).max().shift(1)
/freqtrade/user_data/strategies/TrendVolTarget.py:50: PerformanceWarning: DataFrame is highly fragmented.  This is usually the result of calling `frame.insert` many times, which has poor performance.  Consider joining all columns at once using pd.concat(axis=1) instead. To get a de-fragmented frame, use `newframe = frame.copy()`
  dataframe[f"dc_hi_{n}"] = dataframe["high"].rolling(n).max().shift(1)
/freqtrade/user_data/strategies/TrendVolTarget.py:50: PerformanceWarning: DataFrame is highly fragmented.  This is usually the result of calling `frame.insert` many times, which has poor performance.  Consider joining all columns at once using pd.concat(axis=1) instead. To get a de-fragmented frame, use `newframe = frame.copy()`
  dataframe[f"dc_hi_{n}"] = dataframe["high"].rolling(n).max().shift(1)
/freqtrade/user_data/strategies/TrendVolTarget.py:50: PerformanceWarning: DataFrame is highly fragmented.  This is usually the result of calling `frame.insert` many times, which has poor performance.  Consider joining all columns at once using pd.concat(axis=1) instead. To get a de-fragmented frame, use `newframe = frame.copy()`
  dataframe[f"dc_hi_{n}"] = dataframe["high"].rolling(n).max().shift(1)
/freqtrade/user_data/strategies/TrendVolTarget.py:50: PerformanceWarning: DataFrame is highly fragmented.  This is usually the result of calling `frame.insert` many times, which has poor performance.  Consider joining all columns at once using pd.concat(axis=1) instead. To get a de-fragmented frame, use `newframe = frame.copy()`
  dataframe[f"dc_hi_{n}"] = dataframe["high"].rolling(n).max().shift(1)
/freqtrade/user_data/strategies/TrendVolTarget.py:50: PerformanceWarning: DataFrame is highly fragmented.  This is usually the result of calling `frame.insert` many times, which has poor performance.  Consider joining all columns at once using pd.concat(axis=1) instead. To get a de-fragmented frame, use `newframe = frame.copy()`
  dataframe[f"dc_hi_{n}"] = dataframe["high"].rolling(n).max().shift(1)
/freqtrade/user_data/strategies/TrendVolTarget.py:50: PerformanceWarning: DataFrame is highly fragmented.  This is usually the result of calling `frame.insert` many times, which has poor performance.  Consider joining all columns at once using pd.concat(axis=1) instead. To get a de-fragmented frame, use `newframe = frame.copy()`
  dataframe[f"dc_hi_{n}"] = dataframe["high"].rolling(n).max().shift(1)
/freqtrade/user_data/strategies/TrendVolTarget.py:50: PerformanceWarning: DataFrame is highly fragmented.  This is usually the result of calling `frame.insert` many times, which has poor performance.  Consider joining all columns at once using pd.concat(axis=1) instead. To get a de-fragmented frame, use `newframe = frame.copy()`
  dataframe[f"dc_hi_{n}"] = dataframe["high"].rolling(n).max().shift(1)
/freqtrade/user_data/strategies/TrendVolTarget.py:50: PerformanceWarning: DataFrame is highly fragmented.  This is usually the result of calling `frame.insert` many times, which has poor performance.  Consider joining all columns at once using pd.concat(axis=1) instead. To get a de-fragmented frame, use `newframe = frame.copy()`
  dataframe[f"dc_hi_{n}"] = dataframe["high"].rolling(n).max().shift(1)
/freqtrade/user_data/strategies/TrendVolTarget.py:50: PerformanceWarning: DataFrame is highly fragmented.  This is usually the result of calling `frame.insert` many times, which has poor performance.  Consider joining all columns at once using pd.concat(axis=1) instead. To get a de-fragmented frame, use `newframe = frame.copy()`
  dataframe[f"dc_hi_{n}"] = dataframe["high"].rolling(n).max().shift(1)
/freqtrade/user_data/strategies/TrendVolTarget.py:50: PerformanceWarning: DataFrame is highly fragmented.  This is usually the result of calling `frame.insert` many times, which has poor performance.  Consider joining all columns at once using pd.concat(axis=1) instead. To get a de-fragmented frame, use `newframe = frame.copy()`
  dataframe[f"dc_hi_{n}"] = dataframe["high"].rolling(n).max().shift(1)
/freqtrade/user_data/strategies/TrendVolTarget.py:50: PerformanceWarning: DataFrame is highly fragmented.  This is usually the result of calling `frame.insert` many times, which has poor performance.  Consider joining all columns at once using pd.concat(axis=1) instead. To get a de-fragmented frame, use `newframe = frame.copy()`
  dataframe[f"dc_hi_{n}"] = dataframe["high"].rolling(n).max().shift(1)
/freqtrade/user_data/strategies/TrendVolTarget.py:50: PerformanceWarning: DataFrame is highly fragmented.  This is usually the result of calling `frame.insert` many times, which has poor performance.  Consider joining all columns at once using pd.concat(axis=1) instead. To get a de-fragmented frame, use `newframe = frame.copy()`
  dataframe[f"dc_hi_{n}"] = dataframe["high"].rolling(n).max().shift(1)
/freqtrade/user_data/strategies/TrendVolTarget.py:50: PerformanceWarning: DataFrame is highly fragmented.  This is usually the result of calling `frame.insert` many times, which has poor performance.  Consider joining all columns at once using pd.concat(axis=1) instead. To get a de-fragmented frame, use `newframe = frame.copy()`
  dataframe[f"dc_hi_{n}"] = dataframe["high"].rolling(n).max().shift(1)
/freqtrade/user_data/strategies/TrendVolTarget.py:50: PerformanceWarning: DataFrame is highly fragmented.  This is usually the result of calling `frame.insert` many times, which has poor performance.  Consider joining all columns at once using pd.concat(axis=1) instead. To get a de-fragmented frame, use `newframe = frame.copy()`
  dataframe[f"dc_hi_{n}"] = dataframe["high"].rolling(n).max().shift(1)
/freqtrade/user_data/strategies/TrendVolTarget.py:50: PerformanceWarning: DataFrame is highly fragmented.  This is usually the result of calling `frame.insert` many times, which has poor performance.  Consider joining all columns at once using pd.concat(axis=1) instead. To get a de-fragmented frame, use `newframe = frame.copy()`
  dataframe[f"dc_hi_{n}"] = dataframe["high"].rolling(n).max().shift(1)
/freqtrade/user_data/strategies/TrendVolTarget.py:50: PerformanceWarning: DataFrame is highly fragmented.  This is usually the result of calling `frame.insert` many times, which has poor performance.  Consider joining all columns at once using pd.concat(axis=1) instead. To get a de-fragmented frame, use `newframe = frame.copy()`
  dataframe[f"dc_hi_{n}"] = dataframe["high"].rolling(n).max().shift(1)
/freqtrade/user_data/strategies/TrendVolTarget.py:50: PerformanceWarning: DataFrame is highly fragmented.  This is usually the result of calling `frame.insert` many times, which has poor performance.  Consider joining all columns at once using pd.concat(axis=1) instead. To get a de-fragmented frame, use `newframe = frame.copy()`
  dataframe[f"dc_hi_{n}"] = dataframe["high"].rolling(n).max().shift(1)
/freqtrade/user_data/strategies/TrendVolTarget.py:50: PerformanceWarning: DataFrame is highly fragmented.  This is usually the result of calling `frame.insert` many times, which has poor performance.  Consider joining all columns at once using pd.concat(axis=1) instead. To get a de-fragmented frame, use `newframe = frame.copy()`
  dataframe[f"dc_hi_{n}"] = dataframe["high"].rolling(n).max().shift(1)
/freqtrade/user_data/strategies/TrendVolTarget.py:50: PerformanceWarning: DataFrame is highly fragmented.  This is usually the result of calling `frame.insert` many times, which has poor performance.  Consider joining all columns at once using pd.concat(axis=1) instead. To get a de-fragmented frame, use `newframe = frame.copy()`
  dataframe[f"dc_hi_{n}"] = dataframe["high"].rolling(n).max().shift(1)
/freqtrade/user_data/strategies/TrendVolTarget.py:50: PerformanceWarning: DataFrame is highly fragmented.  This is usually the result of calling `frame.insert` many times, which has poor performance.  Consider joining all columns at once using pd.concat(axis=1) instead. To get a de-fragmented frame, use `newframe = frame.copy()`
  dataframe[f"dc_hi_{n}"] = dataframe["high"].rolling(n).max().shift(1)
/freqtrade/user_data/strategies/TrendVolTarget.py:50: PerformanceWarning: DataFrame is highly fragmented.  This is usually the result of calling `frame.insert` many times, which has poor performance.  Consider joining all columns at once using pd.concat(axis=1) instead. To get a de-fragmented frame, use `newframe = frame.copy()`
  dataframe[f"dc_hi_{n}"] = dataframe["high"].rolling(n).max().shift(1)
/freqtrade/user_data/strategies/TrendVolTarget.py:50: PerformanceWarning: DataFrame is highly fragmented.  This is usually the result of calling `frame.insert` many times, which has poor performance.  Consider joining all columns at once using pd.concat(axis=1) instead. To get a de-fragmented frame, use `newframe = frame.copy()`
  dataframe[f"dc_hi_{n}"] = dataframe["high"].rolling(n).max().shift(1)
/freqtrade/user_data/strategies/TrendVolTarget.py:50: PerformanceWarning: DataFrame is highly fragmented.  This is usually the result of calling `frame.insert` many times, which has poor performance.  Consider joining all columns at once using pd.concat(axis=1) instead. To get a de-fragmented frame, use `newframe = frame.copy()`
  dataframe[f"dc_hi_{n}"] = dataframe["high"].rolling(n).max().shift(1)
/freqtrade/user_data/strategies/TrendVolTarget.py:50: PerformanceWarning: DataFrame is highly fragmented.  This is usually the result of calling `frame.insert` many times, which has poor performance.  Consider joining all columns at once using pd.concat(axis=1) instead. To get a de-fragmented frame, use `newframe = frame.copy()`
  dataframe[f"dc_hi_{n}"] = dataframe["high"].rolling(n).max().shift(1)
/freqtrade/user_data/strategies/TrendVolTarget.py:50: PerformanceWarning: DataFrame is highly fragmented.  This is usually the result of calling `frame.insert` many times, which has poor performance.  Consider joining all columns at once using pd.concat(axis=1) instead. To get a de-fragmented frame, use `newframe = frame.copy()`
  dataframe[f"dc_hi_{n}"] = dataframe["high"].rolling(n).max().shift(1)
/freqtrade/user_data/strategies/TrendVolTarget.py:50: PerformanceWarning: DataFrame is highly fragmented.  This is usually the result of calling `frame.insert` many times, which has poor performance.  Consider joining all columns at once using pd.concat(axis=1) instead. To get a de-fragmented frame, use `newframe = frame.copy()`
  dataframe[f"dc_hi_{n}"] = dataframe["high"].rolling(n).max().shift(1)
/freqtrade/user_data/strategies/TrendVolTarget.py:50: PerformanceWarning: DataFrame is highly fragmented.  This is usually the result of calling `frame.insert` many times, which has poor performance.  Consider joining all columns at once using pd.concat(axis=1) instead. To get a de-fragmented frame, use `newframe = frame.copy()`
  dataframe[f"dc_hi_{n}"] = dataframe["high"].rolling(n).max().shift(1)
/freqtrade/user_data/strategies/TrendVolTarget.py:50: PerformanceWarning: DataFrame is highly fragmented.  This is usually the result of calling `frame.insert` many times, which has poor performance.  Consider joining all columns at once using pd.concat(axis=1) instead. To get a de-fragmented frame, use `newframe = frame.copy()`
  dataframe[f"dc_hi_{n}"] = dataframe["high"].rolling(n).max().shift(1)
/freqtrade/user_data/strategies/TrendVolTarget.py:50: PerformanceWarning: DataFrame is highly fragmented.  This is usually the result of calling `frame.insert` many times, which has poor performance.  Consider joining all columns at once using pd.concat(axis=1) instead. To get a de-fragmented frame, use `newframe = frame.copy()`
  dataframe[f"dc_hi_{n}"] = dataframe["high"].rolling(n).max().shift(1)
/freqtrade/user_data/strategies/TrendVolTarget.py:50: PerformanceWarning: DataFrame is highly fragmented.  This is usually the result of calling `frame.insert` many times, which has poor performance.  Consider joining all columns at once using pd.concat(axis=1) instead. To get a de-fragmented frame, use `newframe = frame.copy()`
  dataframe[f"dc_hi_{n}"] = dataframe["high"].rolling(n).max().shift(1)
/freqtrade/user_data/strategies/TrendVolTarget.py:50: PerformanceWarning: DataFrame is highly fragmented.  This is usually the result of calling `frame.insert` many times, which has poor performance.  Consider joining all columns at once using pd.concat(axis=1) instead. To get a de-fragmented frame, use `newframe = frame.copy()`
  dataframe[f"dc_hi_{n}"] = dataframe["high"].rolling(n).max().shift(1)
/freqtrade/user_data/strategies/TrendVolTarget.py:50: PerformanceWarning: DataFrame is highly fragmented.  This is usually the result of calling `frame.insert` many times, which has poor performance.  Consider joining all columns at once using pd.concat(axis=1) instead. To get a de-fragmented frame, use `newframe = frame.copy()`
  dataframe[f"dc_hi_{n}"] = dataframe["high"].rolling(n).max().shift(1)
/freqtrade/user_data/strategies/TrendVolTarget.py:50: PerformanceWarning: DataFrame is highly fragmented.  This is usually the result of calling `frame.insert` many times, which has poor performance.  Consider joining all columns at once using pd.concat(axis=1) instead. To get a de-fragmented frame, use `newframe = frame.copy()`
  dataframe[f"dc_hi_{n}"] = dataframe["high"].rolling(n).max().shift(1)
/freqtrade/user_data/strategies/TrendVolTarget.py:53: PerformanceWarning: DataFrame is highly fragmented.  This is usually the result of calling `frame.insert` many times, which has poor performance.  Consider joining all columns at once using pd.concat(axis=1) instead. To get a de-fragmented frame, use `newframe = frame.copy()`
  dataframe["sma_f"] = ta.SMA(dataframe, timeperiod=60)
/freqtrade/user_data/strategies/TrendVolTarget.py:54: PerformanceWarning: DataFrame is highly fragmented.  This is usually the result of calling `frame.insert` many times, which has poor performance.  Consider joining all columns at once using pd.concat(axis=1) instead. To get a de-fragmented frame, use `newframe = frame.copy()`
  dataframe["sma_s"] = ta.SMA(dataframe, timeperiod=240)
/freqtrade/user_data/strategies/TrendVolTarget.py:56: PerformanceWarning: DataFrame is highly fragmented.  This is usually the result of calling `frame.insert` many times, which has poor performance.  Consider joining all columns at once using pd.concat(axis=1) instead. To get a de-fragmented frame, use `newframe = frame.copy()`
  dataframe["rvol"] = dataframe["close"].pct_change().rolling(90).std() * np.sqrt(6 * 365)
/freqtrade/user_data/strategies/TrendVolTarget.py:50: PerformanceWarning: DataFrame is highly fragmented.  This is usually the result of calling `frame.insert` many times, which has poor performance.  Consider joining all columns at once using pd.concat(axis=1) instead. To get a de-fragmented frame, use `newframe = frame.copy()`
  dataframe[f"dc_hi_{n}"] = dataframe["high"].rolling(n).max().shift(1)
/freqtrade/user_data/strategies/TrendVolTarget.py:50: PerformanceWarning: DataFrame is highly fragmented.  This is usually the result of calling `frame.insert` many times, which has poor performance.  Consider joining all columns at once using pd.concat(axis=1) instead. To get a de-fragmented frame, use `newframe = frame.copy()`
  dataframe[f"dc_hi_{n}"] = dataframe["high"].rolling(n).max().shift(1)
/freqtrade/user_data/strategies/TrendVolTarget.py:50: PerformanceWarning: DataFrame is highly fragmented.  This is usually the result of calling `frame.insert` many times, which has poor performance.  Consider joining all columns at once using pd.concat(axis=1) instead. To get a de-fragmented frame, use `newframe = frame.copy()`
  dataframe[f"dc_hi_{n}"] = dataframe["high"].rolling(n).max().shift(1)
/freqtrade/user_data/strategies/TrendVolTarget.py:50: PerformanceWarning: DataFrame is highly fragmented.  This is usually the result of calling `frame.insert` many times, which has poor performance.  Consider joining all columns at once using pd.concat(axis=1) instead. To get a de-fragmented frame, use `newframe = frame.copy()`
  dataframe[f"dc_hi_{n}"] = dataframe["high"].rolling(n).max().shift(1)
/freqtrade/user_data/strategies/TrendVolTarget.py:50: PerformanceWarning: DataFrame is highly fragmented.  This is usually the result of calling `frame.insert` many times, which has poor performance.  Consider joining all columns at once using pd.concat(axis=1) instead. To get a de-fragmented frame, use `newframe = frame.copy()`
  dataframe[f"dc_hi_{n}"] = dataframe["high"].rolling(n).max().shift(1)
/freqtrade/user_data/strategies/TrendVolTarget.py:50: PerformanceWarning: DataFrame is highly fragmented.  This is usually the result of calling `frame.insert` many times, which has poor performance.  Consider joining all columns at once using pd.concat(axis=1) instead. To get a de-fragmented frame, use `newframe = frame.copy()`
  dataframe[f"dc_hi_{n}"] = dataframe["high"].rolling(n).max().shift(1)
/freqtrade/user_data/strategies/TrendVolTarget.py:50: PerformanceWarning: DataFrame is highly fragmented.  This is usually the result of calling `frame.insert` many times, which has poor performance.  Consider joining all columns at once using pd.concat(axis=1) instead. To get a de-fragmented frame, use `newframe = frame.copy()`
  dataframe[f"dc_hi_{n}"] = dataframe["high"].rolling(n).max().shift(1)
/freqtrade/user_data/strategies/TrendVolTarget.py:50: PerformanceWarning: DataFrame is highly fragmented.  This is usually the result of calling `frame.insert` many times, which has poor performance.  Consider joining all columns at once using pd.concat(axis=1) instead. To get a de-fragmented frame, use `newframe = frame.copy()`
  dataframe[f"dc_hi_{n}"] = dataframe["high"].rolling(n).max().shift(1)
/freqtrade/user_data/strategies/TrendVolTarget.py:50: PerformanceWarning: DataFrame is highly fragmented.  This is usually the result of calling `frame.insert` many times, which has poor performance.  Consider joining all columns at once using pd.concat(axis=1) instead. To get a de-fragmented frame, use `newframe = frame.copy()`
  dataframe[f"dc_hi_{n}"] = dataframe["high"].rolling(n).max().shift(1)
/freqtrade/user_data/strategies/TrendVolTarget.py:50: PerformanceWarning: DataFrame is highly fragmented.  This is usually the result of calling `frame.insert` many times, which has poor performance.  Consider joining all columns at once using pd.concat(axis=1) instead. To get a de-fragmented frame, use `newframe = frame.copy()`
  dataframe[f"dc_hi_{n}"] = dataframe["high"].rolling(n).max().shift(1)
/freqtrade/user_data/strategies/TrendVolTarget.py:50: PerformanceWarning: DataFrame is highly fragmented.  This is usually the result of calling `frame.insert` many times, which has poor performance.  Consider joining all columns at once using pd.concat(axis=1) instead. To get a de-fragmented frame, use `newframe = frame.copy()`
  dataframe[f"dc_hi_{n}"] = dataframe["high"].rolling(n).max().shift(1)
/freqtrade/user_data/strategies/TrendVolTarget.py:50: PerformanceWarning: DataFrame is highly fragmented.  This is usually the result of calling `frame.insert` many times, which has poor performance.  Consider joining all columns at once using pd.concat(axis=1) instead. To get a de-fragmented frame, use `newframe = frame.copy()`
  dataframe[f"dc_hi_{n}"] = dataframe["high"].rolling(n).max().shift(1)
/freqtrade/user_data/strategies/TrendVolTarget.py:50: PerformanceWarning: DataFrame is highly fragmented.  This is usually the result of calling `frame.insert` many times, which has poor performance.  Consider joining all columns at once using pd.concat(axis=1) instead. To get a de-fragmented frame, use `newframe = frame.copy()`
  dataframe[f"dc_hi_{n}"] = dataframe["high"].rolling(n).max().shift(1)
/freqtrade/user_data/strategies/TrendVolTarget.py:50: PerformanceWarning: DataFrame is highly fragmented.  This is usually the result of calling `frame.insert` many times, which has poor performance.  Consider joining all columns at once using pd.concat(axis=1) instead. To get a de-fragmented frame, use `newframe = frame.copy()`
  dataframe[f"dc_hi_{n}"] = dataframe["high"].rolling(n).max().shift(1)
/freqtrade/user_data/strategies/TrendVolTarget.py:50: PerformanceWarning: DataFrame is highly fragmented.  This is usually the result of calling `frame.insert` many times, which has poor performance.  Consider joining all columns at once using pd.concat(axis=1) instead. To get a de-fragmented frame, use `newframe = frame.copy()`
  dataframe[f"dc_hi_{n}"] = dataframe["high"].rolling(n).max().shift(1)
/freqtrade/user_data/strategies/TrendVolTarget.py:50: PerformanceWarning: DataFrame is highly fragmented.  This is usually the result of calling `frame.insert` many times, which has poor performance.  Consider joining all columns at once using pd.concat(axis=1) instead. To get a de-fragmented frame, use `newframe = frame.copy()`
  dataframe[f"dc_hi_{n}"] = dataframe["high"].rolling(n).max().shift(1)
/freqtrade/user_data/strategies/TrendVolTarget.py:50: PerformanceWarning: DataFrame is highly fragmented.  This is usually the result of calling `frame.insert` many times, which has poor performance.  Consider joining all columns at once using pd.concat(axis=1) instead. To get a de-fragmented frame, use `newframe = frame.copy()`
  dataframe[f"dc_hi_{n}"] = dataframe["high"].rolling(n).max().shift(1)
/freqtrade/user_data/strategies/TrendVolTarget.py:50: PerformanceWarning: DataFrame is highly fragmented.  This is usually the result of calling `frame.insert` many times, which has poor performance.  Consider joining all columns at once using pd.concat(axis=1) instead. To get a de-fragmented frame, use `newframe = frame.copy()`
  dataframe[f"dc_hi_{n}"] = dataframe["high"].rolling(n).max().shift(1)
/freqtrade/user_data/strategies/TrendVolTarget.py:50: PerformanceWarning: DataFrame is highly fragmented.  This is usually the result of calling `frame.insert` many times, which has poor performance.  Consider joining all columns at once using pd.concat(axis=1) instead. To get a de-fragmented frame, use `newframe = frame.copy()`
  dataframe[f"dc_hi_{n}"] = dataframe["high"].rolling(n).max().shift(1)
/freqtrade/user_data/strategies/TrendVolTarget.py:50: PerformanceWarning: DataFrame is highly fragmented.  This is usually the result of calling `frame.insert` many times, which has poor performance.  Consider joining all columns at once using pd.concat(axis=1) instead. To get a de-fragmented frame, use `newframe = frame.copy()`
  dataframe[f"dc_hi_{n}"] = dataframe["high"].rolling(n).max().shift(1)
/freqtrade/user_data/strategies/TrendVolTarget.py:50: PerformanceWarning: DataFrame is highly fragmented.  This is usually the result of calling `frame.insert` many times, which has poor performance.  Consider joining all columns at once using pd.concat(axis=1) instead. To get a de-fragmented frame, use `newframe = frame.copy()`
  dataframe[f"dc_hi_{n}"] = dataframe["high"].rolling(n).max().shift(1)
/freqtrade/user_data/strategies/TrendVolTarget.py:50: PerformanceWarning: DataFrame is highly fragmented.  This is usually the result of calling `frame.insert` many times, which has poor performance.  Consider joining all columns at once using pd.concat(axis=1) instead. To get a de-fragmented frame, use `newframe = frame.copy()`
  dataframe[f"dc_hi_{n}"] = dataframe["high"].rolling(n).max().shift(1)
/freqtrade/user_data/strategies/TrendVolTarget.py:50: PerformanceWarning: DataFrame is highly fragmented.  This is usually the result of calling `frame.insert` many times, which has poor performance.  Consider joining all columns at once using pd.concat(axis=1) instead. To get a de-fragmented frame, use `newframe = frame.copy()`
  dataframe[f"dc_hi_{n}"] = dataframe["high"].rolling(n).max().shift(1)
/freqtrade/user_data/strategies/TrendVolTarget.py:50: PerformanceWarning: DataFrame is highly fragmented.  This is usually the result of calling `frame.insert` many times, which has poor performance.  Consider joining all columns at once using pd.concat(axis=1) instead. To get a de-fragmented frame, use `newframe = frame.copy()`
  dataframe[f"dc_hi_{n}"] = dataframe["high"].rolling(n).max().shift(1)
/freqtrade/user_data/strategies/TrendVolTarget.py:50: PerformanceWarning: DataFrame is highly fragmented.  This is usually the result of calling `frame.insert` many times, which has poor performance.  Consider joining all columns at once using pd.concat(axis=1) instead. To get a de-fragmented frame, use `newframe = frame.copy()`
  dataframe[f"dc_hi_{n}"] = dataframe["high"].rolling(n).max().shift(1)
/freqtrade/user_data/strategies/TrendVolTarget.py:50: PerformanceWarning: DataFrame is highly fragmented.  This is usually the result of calling `frame.insert` many times, which has poor performance.  Consider joining all columns at once using pd.concat(axis=1) instead. To get a de-fragmented frame, use `newframe = frame.copy()`
  dataframe[f"dc_hi_{n}"] = dataframe["high"].rolling(n).max().shift(1)
/freqtrade/user_data/strategies/TrendVolTarget.py:50: PerformanceWarning: DataFrame is highly fragmented.  This is usually the result of calling `frame.insert` many times, which has poor performance.  Consider joining all columns at once using pd.concat(axis=1) instead. To get a de-fragmented frame, use `newframe = frame.copy()`
  dataframe[f"dc_hi_{n}"] = dataframe["high"].rolling(n).max().shift(1)
/freqtrade/user_data/strategies/TrendVolTarget.py:50: PerformanceWarning: DataFrame is highly fragmented.  This is usually the result of calling `frame.insert` many times, which has poor performance.  Consider joining all columns at once using pd.concat(axis=1) instead. To get a de-fragmented frame, use `newframe = frame.copy()`
  dataframe[f"dc_hi_{n}"] = dataframe["high"].rolling(n).max().shift(1)
/freqtrade/user_data/strategies/TrendVolTarget.py:50: PerformanceWarning: DataFrame is highly fragmented.  This is usually the result of calling `frame.insert` many times, which has poor performance.  Consider joining all columns at once using pd.concat(axis=1) instead. To get a de-fragmented frame, use `newframe = frame.copy()`
  dataframe[f"dc_hi_{n}"] = dataframe["high"].rolling(n).max().shift(1)
/freqtrade/user_data/strategies/TrendVolTarget.py:50: PerformanceWarning: DataFrame is highly fragmented.  This is usually the result of calling `frame.insert` many times, which has poor performance.  Consider joining all columns at once using pd.concat(axis=1) instead. To get a de-fragmented frame, use `newframe = frame.copy()`
  dataframe[f"dc_hi_{n}"] = dataframe["high"].rolling(n).max().shift(1)
/freqtrade/user_data/strategies/TrendVolTarget.py:50: PerformanceWarning: DataFrame is highly fragmented.  This is usually the result of calling `frame.insert` many times, which has poor performance.  Consider joining all columns at once using pd.concat(axis=1) instead. To get a de-fragmented frame, use `newframe = frame.copy()`
  dataframe[f"dc_hi_{n}"] = dataframe["high"].rolling(n).max().shift(1)
/freqtrade/user_data/strategies/TrendVolTarget.py:50: PerformanceWarning: DataFrame is highly fragmented.  This is usually the result of calling `frame.insert` many times, which has poor performance.  Consider joining all columns at once using pd.concat(axis=1) instead. To get a de-fragmented frame, use `newframe = frame.copy()`
  dataframe[f"dc_hi_{n}"] = dataframe["high"].rolling(n).max().shift(1)
/freqtrade/user_data/strategies/TrendVolTarget.py:50: PerformanceWarning: DataFrame is highly fragmented.  This is usually the result of calling `frame.insert` many times, which has poor performance.  Consider joining all columns at once using pd.concat(axis=1) instead. To get a de-fragmented frame, use `newframe = frame.copy()`
  dataframe[f"dc_hi_{n}"] = dataframe["high"].rolling(n).max().shift(1)
/freqtrade/user_data/strategies/TrendVolTarget.py:50: PerformanceWarning: DataFrame is highly fragmented.  This is usually the result of calling `frame.insert` many times, which has poor performance.  Consider joining all columns at once using pd.concat(axis=1) instead. To get a de-fragmented frame, use `newframe = frame.copy()`
  dataframe[f"dc_hi_{n}"] = dataframe["high"].rolling(n).max().shift(1)
/freqtrade/user_data/strategies/TrendVolTarget.py:50: PerformanceWarning: DataFrame is highly fragmented.  This is usually the result of calling `frame.insert` many times, which has poor performance.  Consider joining all columns at once using pd.concat(axis=1) instead. To get a de-fragmented frame, use `newframe = frame.copy()`
  dataframe[f"dc_hi_{n}"] = dataframe["high"].rolling(n).max().shift(1)
/freqtrade/user_data/strategies/TrendVolTarget.py:50: PerformanceWarning: DataFrame is highly fragmented.  This is usually the result of calling `frame.insert` many times, which has poor performance.  Consider joining all columns at once using pd.concat(axis=1) instead. To get a de-fragmented frame, use `newframe = frame.copy()`
  dataframe[f"dc_hi_{n}"] = dataframe["high"].rolling(n).max().shift(1)
/freqtrade/user_data/strategies/TrendVolTarget.py:50: PerformanceWarning: DataFrame is highly fragmented.  This is usually the result of calling `frame.insert` many times, which has poor performance.  Consider joining all columns at once using pd.concat(axis=1) instead. To get a de-fragmented frame, use `newframe = frame.copy()`
  dataframe[f"dc_hi_{n}"] = dataframe["high"].rolling(n).max().shift(1)
/freqtrade/user_data/strategies/TrendVolTarget.py:50: PerformanceWarning: DataFrame is highly fragmented.  This is usually the result of calling `frame.insert` many times, which has poor performance.  Consider joining all columns at once using pd.concat(axis=1) instead. To get a de-fragmented frame, use `newframe = frame.copy()`
  dataframe[f"dc_hi_{n}"] = dataframe["high"].rolling(n).max().shift(1)
/freqtrade/user_data/strategies/TrendVolTarget.py:50: PerformanceWarning: DataFrame is highly fragmented.  This is usually the result of calling `frame.insert` many times, which has poor performance.  Consider joining all columns at once using pd.concat(axis=1) instead. To get a de-fragmented frame, use `newframe = frame.copy()`
  dataframe[f"dc_hi_{n}"] = dataframe["high"].rolling(n).max().shift(1)
/freqtrade/user_data/strategies/TrendVolTarget.py:50: PerformanceWarning: DataFrame is highly fragmented.  This is usually the result of calling `frame.insert` many times, which has poor performance.  Consider joining all columns at once using pd.concat(axis=1) instead. To get a de-fragmented frame, use `newframe = frame.copy()`
  dataframe[f"dc_hi_{n}"] = dataframe["high"].rolling(n).max().shift(1)
/freqtrade/user_data/strategies/TrendVolTarget.py:50: PerformanceWarning: DataFrame is highly fragmented.  This is usually the result of calling `frame.insert` many times, which has poor performance.  Consider joining all columns at once using pd.concat(axis=1) instead. To get a de-fragmented frame, use `newframe = frame.copy()`
  dataframe[f"dc_hi_{n}"] = dataframe["high"].rolling(n).max().shift(1)
/freqtrade/user_data/strategies/TrendVolTarget.py:50: PerformanceWarning: DataFrame is highly fragmented.  This is usually the result of calling `frame.insert` many times, which has poor performance.  Consider joining all columns at once using pd.concat(axis=1) instead. To get a de-fragmented frame, use `newframe = frame.copy()`
  dataframe[f"dc_hi_{n}"] = dataframe["high"].rolling(n).max().shift(1)
/freqtrade/user_data/strategies/TrendVolTarget.py:50: PerformanceWarning: DataFrame is highly fragmented.  This is usually the result of calling `frame.insert` many times, which has poor performance.  Consider joining all columns at once using pd.concat(axis=1) instead. To get a de-fragmented frame, use `newframe = frame.copy()`
  dataframe[f"dc_hi_{n}"] = dataframe["high"].rolling(n).max().shift(1)
/freqtrade/user_data/strategies/TrendVolTarget.py:50: PerformanceWarning: DataFrame is highly fragmented.  This is usually the result of calling `frame.insert` many times, which has poor performance.  Consider joining all columns at once using pd.concat(axis=1) instead. To get a de-fragmented frame, use `newframe = frame.copy()`
  dataframe[f"dc_hi_{n}"] = dataframe["high"].rolling(n).max().shift(1)
/freqtrade/user_data/strategies/TrendVolTarget.py:50: PerformanceWarning: DataFrame is highly fragmented.  This is usually the result of calling `frame.insert` many times, which has poor performance.  Consider joining all columns at once using pd.concat(axis=1) instead. To get a de-fragmented frame, use `newframe = frame.copy()`
  dataframe[f"dc_hi_{n}"] = dataframe["high"].rolling(n).max().shift(1)
/freqtrade/user_data/strategies/TrendVolTarget.py:50: PerformanceWarning: DataFrame is highly fragmented.  This is usually the result of calling `frame.insert` many times, which has poor performance.  Consider joining all columns at once using pd.concat(axis=1) instead. To get a de-fragmented frame, use `newframe = frame.copy()`
  dataframe[f"dc_hi_{n}"] = dataframe["high"].rolling(n).max().shift(1)
/freqtrade/user_data/strategies/TrendVolTarget.py:50: PerformanceWarning: DataFrame is highly fragmented.  This is usually the result of calling `frame.insert` many times, which has poor performance.  Consider joining all columns at once using pd.concat(axis=1) instead. To get a de-fragmented frame, use `newframe = frame.copy()`
  dataframe[f"dc_hi_{n}"] = dataframe["high"].rolling(n).max().shift(1)
/freqtrade/user_data/strategies/TrendVolTarget.py:50: PerformanceWarning: DataFrame is highly fragmented.  This is usually the result of calling `frame.insert` many times, which has poor performance.  Consider joining all columns at once using pd.concat(axis=1) instead. To get a de-fragmented frame, use `newframe = frame.copy()`
  dataframe[f"dc_hi_{n}"] = dataframe["high"].rolling(n).max().shift(1)
/freqtrade/user_data/strategies/TrendVolTarget.py:50: PerformanceWarning: DataFrame is highly fragmented.  This is usually the result of calling `frame.insert` many times, which has poor performance.  Consider joining all columns at once using pd.concat(axis=1) instead. To get a de-fragmented frame, use `newframe = frame.copy()`
  dataframe[f"dc_hi_{n}"] = dataframe["high"].rolling(n).max().shift(1)
/freqtrade/user_data/strategies/TrendVolTarget.py:50: PerformanceWarning: DataFrame is highly fragmented.  This is usually the result of calling `frame.insert` many times, which has poor performance.  Consider joining all columns at once using pd.concat(axis=1) instead. To get a de-fragmented frame, use `newframe = frame.copy()`
  dataframe[f"dc_hi_{n}"] = dataframe["high"].rolling(n).max().shift(1)
/freqtrade/user_data/strategies/TrendVolTarget.py:50: PerformanceWarning: DataFrame is highly fragmented.  This is usually the result of calling `frame.insert` many times, which has poor performance.  Consider joining all columns at once using pd.concat(axis=1) instead. To get a de-fragmented frame, use `newframe = frame.copy()`
  dataframe[f"dc_hi_{n}"] = dataframe["high"].rolling(n).max().shift(1)
/freqtrade/user_data/strategies/TrendVolTarget.py:50: PerformanceWarning: DataFrame is highly fragmented.  This is usually the result of calling `frame.insert` many times, which has poor performance.  Consider joining all columns at once using pd.concat(axis=1) instead. To get a de-fragmented frame, use `newframe = frame.copy()`
  dataframe[f"dc_hi_{n}"] = dataframe["high"].rolling(n).max().shift(1)
/freqtrade/user_data/strategies/TrendVolTarget.py:50: PerformanceWarning: DataFrame is highly fragmented.  This is usually the result of calling `frame.insert` many times, which has poor performance.  Consider joining all columns at once using pd.concat(axis=1) instead. To get a de-fragmented frame, use `newframe = frame.copy()`
  dataframe[f"dc_hi_{n}"] = dataframe["high"].rolling(n).max().shift(1)
/freqtrade/user_data/strategies/TrendVolTarget.py:50: PerformanceWarning: DataFrame is highly fragmented.  This is usually the result of calling `frame.insert` many times, which has poor performance.  Consider joining all columns at once using pd.concat(axis=1) instead. To get a de-fragmented frame, use `newframe = frame.copy()`
  dataframe[f"dc_hi_{n}"] = dataframe["high"].rolling(n).max().shift(1)
/freqtrade/user_data/strategies/TrendVolTarget.py:50: PerformanceWarning: DataFrame is highly fragmented.  This is usually the result of calling `frame.insert` many times, which has poor performance.  Consider joining all columns at once using pd.concat(axis=1) instead. To get a de-fragmented frame, use `newframe = frame.copy()`
  dataframe[f"dc_hi_{n}"] = dataframe["high"].rolling(n).max().shift(1)
/freqtrade/user_data/strategies/TrendVolTarget.py:50: PerformanceWarning: DataFrame is highly fragmented.  This is usually the result of calling `frame.insert` many times, which has poor performance.  Consider joining all columns at once using pd.concat(axis=1) instead. To get a de-fragmented frame, use `newframe = frame.copy()`
  dataframe[f"dc_hi_{n}"] = dataframe["high"].rolling(n).max().shift(1)
/freqtrade/user_data/strategies/TrendVolTarget.py:50: PerformanceWarning: DataFrame is highly fragmented.  This is usually the result of calling `frame.insert` many times, which has poor performance.  Consider joining all columns at once using pd.concat(axis=1) instead. To get a de-fragmented frame, use `newframe = frame.copy()`
  dataframe[f"dc_hi_{n}"] = dataframe["high"].rolling(n).max().shift(1)
/freqtrade/user_data/strategies/TrendVolTarget.py:50: PerformanceWarning: DataFrame is highly fragmented.  This is usually the result of calling `frame.insert` many times, which has poor performance.  Consider joining all columns at once using pd.concat(axis=1) instead. To get a de-fragmented frame, use `newframe = frame.copy()`
  dataframe[f"dc_hi_{n}"] = dataframe["high"].rolling(n).max().shift(1)
/freqtrade/user_data/strategies/TrendVolTarget.py:50: PerformanceWarning: DataFrame is highly fragmented.  This is usually the result of calling `frame.insert` many times, which has poor performance.  Consider joining all columns at once using pd.concat(axis=1) instead. To get a de-fragmented frame, use `newframe = frame.copy()`
  dataframe[f"dc_hi_{n}"] = dataframe["high"].rolling(n).max().shift(1)
/freqtrade/user_data/strategies/TrendVolTarget.py:50: PerformanceWarning: DataFrame is highly fragmented.  This is usually the result of calling `frame.insert` many times, which has poor performance.  Consider joining all columns at once using pd.concat(axis=1) instead. To get a de-fragmented frame, use `newframe = frame.copy()`
  dataframe[f"dc_hi_{n}"] = dataframe["high"].rolling(n).max().shift(1)
/freqtrade/user_data/strategies/TrendVolTarget.py:50: PerformanceWarning: DataFrame is highly fragmented.  This is usually the result of calling `frame.insert` many times, which has poor performance.  Consider joining all columns at once using pd.concat(axis=1) instead. To get a de-fragmented frame, use `newframe = frame.copy()`
  dataframe[f"dc_hi_{n}"] = dataframe["high"].rolling(n).max().shift(1)
/freqtrade/user_data/strategies/TrendVolTarget.py:50: PerformanceWarning: DataFrame is highly fragmented.  This is usually the result of calling `frame.insert` many times, which has poor performance.  Consider joining all columns at once using pd.concat(axis=1) instead. To get a de-fragmented frame, use `newframe = frame.copy()`
  dataframe[f"dc_hi_{n}"] = dataframe["high"].rolling(n).max().shift(1)
/freqtrade/user_data/strategies/TrendVolTarget.py:50: PerformanceWarning: DataFrame is highly fragmented.  This is usually the result of calling `frame.insert` many times, which has poor performance.  Consider joining all columns at once using pd.concat(axis=1) instead. To get a de-fragmented frame, use `newframe = frame.copy()`
  dataframe[f"dc_hi_{n}"] = dataframe["high"].rolling(n).max().shift(1)
/freqtrade/user_data/strategies/TrendVolTarget.py:50: PerformanceWarning: DataFrame is highly fragmented.  This is usually the result of calling `frame.insert` many times, which has poor performance.  Consider joining all columns at once using pd.concat(axis=1) instead. To get a de-fragmented frame, use `newframe = frame.copy()`
  dataframe[f"dc_hi_{n}"] = dataframe["high"].rolling(n).max().shift(1)
/freqtrade/user_data/strategies/TrendVolTarget.py:50: PerformanceWarning: DataFrame is highly fragmented.  This is usually the result of calling `frame.insert` many times, which has poor performance.  Consider joining all columns at once using pd.concat(axis=1) instead. To get a de-fragmented frame, use `newframe = frame.copy()`
  dataframe[f"dc_hi_{n}"] = dataframe["high"].rolling(n).max().shift(1)
/freqtrade/user_data/strategies/TrendVolTarget.py:50: PerformanceWarning: DataFrame is highly fragmented.  This is usually the result of calling `frame.insert` many times, which has poor performance.  Consider joining all columns at once using pd.concat(axis=1) instead. To get a de-fragmented frame, use `newframe = frame.copy()`
  dataframe[f"dc_hi_{n}"] = dataframe["high"].rolling(n).max().shift(1)
/freqtrade/user_data/strategies/TrendVolTarget.py:50: PerformanceWarning: DataFrame is highly fragmented.  This is usually the result of calling `frame.insert` many times, which has poor performance.  Consider joining all columns at once using pd.concat(axis=1) instead. To get a de-fragmented frame, use `newframe = frame.copy()`
  dataframe[f"dc_hi_{n}"] = dataframe["high"].rolling(n).max().shift(1)
/freqtrade/user_data/strategies/TrendVolTarget.py:50: PerformanceWarning: DataFrame is highly fragmented.  This is usually the result of calling `frame.insert` many times, which has poor performance.  Consider joining all columns at once using pd.concat(axis=1) instead. To get a de-fragmented frame, use `newframe = frame.copy()`
  dataframe[f"dc_hi_{n}"] = dataframe["high"].rolling(n).max().shift(1)
/freqtrade/user_data/strategies/TrendVolTarget.py:50: PerformanceWarning: DataFrame is highly fragmented.  This is usually the result of calling `frame.insert` many times, which has poor performance.  Consider joining all columns at once using pd.concat(axis=1) instead. To get a de-fragmented frame, use `newframe = frame.copy()`
  dataframe[f"dc_hi_{n}"] = dataframe["high"].rolling(n).max().shift(1)
/freqtrade/user_data/strategies/TrendVolTarget.py:50: PerformanceWarning: DataFrame is highly fragmented.  This is usually the result of calling `frame.insert` many times, which has poor performance.  Consider joining all columns at once using pd.concat(axis=1) instead. To get a de-fragmented frame, use `newframe = frame.copy()`
  dataframe[f"dc_hi_{n}"] = dataframe["high"].rolling(n).max().shift(1)
/freqtrade/user_data/strategies/TrendVolTarget.py:50: PerformanceWarning: DataFrame is highly fragmented.  This is usually the result of calling `frame.insert` many times, which has poor performance.  Consider joining all columns at once using pd.concat(axis=1) instead. To get a de-fragmented frame, use `newframe = frame.copy()`
  dataframe[f"dc_hi_{n}"] = dataframe["high"].rolling(n).max().shift(1)
/freqtrade/user_data/strategies/TrendVolTarget.py:50: PerformanceWarning: DataFrame is highly fragmented.  This is usually the result of calling `frame.insert` many times, which has poor performance.  Consider joining all columns at once using pd.concat(axis=1) instead. To get a de-fragmented frame, use `newframe = frame.copy()`
  dataframe[f"dc_hi_{n}"] = dataframe["high"].rolling(n).max().shift(1)
/freqtrade/user_data/strategies/TrendVolTarget.py:50: PerformanceWarning: DataFrame is highly fragmented.  This is usually the result of calling `frame.insert` many times, which has poor performance.  Consider joining all columns at once using pd.concat(axis=1) instead. To get a de-fragmented frame, use `newframe = frame.copy()`
  dataframe[f"dc_hi_{n}"] = dataframe["high"].rolling(n).max().shift(1)
/freqtrade/user_data/strategies/TrendVolTarget.py:50: PerformanceWarning: DataFrame is highly fragmented.  This is usually the result of calling `frame.insert` many times, which has poor performance.  Consider joining all columns at once using pd.concat(axis=1) instead. To get a de-fragmented frame, use `newframe = frame.copy()`
  dataframe[f"dc_hi_{n}"] = dataframe["high"].rolling(n).max().shift(1)
/freqtrade/user_data/strategies/TrendVolTarget.py:50: PerformanceWarning: DataFrame is highly fragmented.  This is usually the result of calling `frame.insert` many times, which has poor performance.  Consider joining all columns at once using pd.concat(axis=1) instead. To get a de-fragmented frame, use `newframe = frame.copy()`
  dataframe[f"dc_hi_{n}"] = dataframe["high"].rolling(n).max().shift(1)
/freqtrade/user_data/strategies/TrendVolTarget.py:50: PerformanceWarning: DataFrame is highly fragmented.  This is usually the result of calling `frame.insert` many times, which has poor performance.  Consider joining all columns at once using pd.concat(axis=1) instead. To get a de-fragmented frame, use `newframe = frame.copy()`
  dataframe[f"dc_hi_{n}"] = dataframe["high"].rolling(n).max().shift(1)
/freqtrade/user_data/strategies/TrendVolTarget.py:50: PerformanceWarning: DataFrame is highly fragmented.  This is usually the result of calling `frame.insert` many times, which has poor performance.  Consider joining all columns at once using pd.concat(axis=1) instead. To get a de-fragmented frame, use `newframe = frame.copy()`
  dataframe[f"dc_hi_{n}"] = dataframe["high"].rolling(n).max().shift(1)
/freqtrade/user_data/strategies/TrendVolTarget.py:50: PerformanceWarning: DataFrame is highly fragmented.  This is usually the result of calling `frame.insert` many times, which has poor performance.  Consider joining all columns at once using pd.concat(axis=1) instead. To get a de-fragmented frame, use `newframe = frame.copy()`
  dataframe[f"dc_hi_{n}"] = dataframe["high"].rolling(n).max().shift(1)
/freqtrade/user_data/strategies/TrendVolTarget.py:50: PerformanceWarning: DataFrame is highly fragmented.  This is usually the result of calling `frame.insert` many times, which has poor performance.  Consider joining all columns at once using pd.concat(axis=1) instead. To get a de-fragmented frame, use `newframe = frame.copy()`
  dataframe[f"dc_hi_{n}"] = dataframe["high"].rolling(n).max().shift(1)
/freqtrade/user_data/strategies/TrendVolTarget.py:50: PerformanceWarning: DataFrame is highly fragmented.  This is usually the result of calling `frame.insert` many times, which has poor performance.  Consider joining all columns at once using pd.concat(axis=1) instead. To get a de-fragmented frame, use `newframe = frame.copy()`
  dataframe[f"dc_hi_{n}"] = dataframe["high"].rolling(n).max().shift(1)
/freqtrade/user_data/strategies/TrendVolTarget.py:50: PerformanceWarning: DataFrame is highly fragmented.  This is usually the result of calling `frame.insert` many times, which has poor performance.  Consider joining all columns at once using pd.concat(axis=1) instead. To get a de-fragmented frame, use `newframe = frame.copy()`
  dataframe[f"dc_hi_{n}"] = dataframe["high"].rolling(n).max().shift(1)
/freqtrade/user_data/strategies/TrendVolTarget.py:50: PerformanceWarning: DataFrame is highly fragmented.  This is usually the result of calling `frame.insert` many times, which has poor performance.  Consider joining all columns at once using pd.concat(axis=1) instead. To get a de-fragmented frame, use `newframe = frame.copy()`
  dataframe[f"dc_hi_{n}"] = dataframe["high"].rolling(n).max().shift(1)
/freqtrade/user_data/strategies/TrendVolTarget.py:50: PerformanceWarning: DataFrame is highly fragmented.  This is usually the result of calling `frame.insert` many times, which has poor performance.  Consider joining all columns at once using pd.concat(axis=1) instead. To get a de-fragmented frame, use `newframe = frame.copy()`
  dataframe[f"dc_hi_{n}"] = dataframe["high"].rolling(n).max().shift(1)
/freqtrade/user_data/strategies/TrendVolTarget.py:50: PerformanceWarning: DataFrame is highly fragmented.  This is usually the result of calling `frame.insert` many times, which has poor performance.  Consider joining all columns at once using pd.concat(axis=1) instead. To get a de-fragmented frame, use `newframe = frame.copy()`
  dataframe[f"dc_hi_{n}"] = dataframe["high"].rolling(n).max().shift(1)
/freqtrade/user_data/strategies/TrendVolTarget.py:50: PerformanceWarning: DataFrame is highly fragmented.  This is usually the result of calling `frame.insert` many times, which has poor performance.  Consider joining all columns at once using pd.concat(axis=1) instead. To get a de-fragmented frame, use `newframe = frame.copy()`
  dataframe[f"dc_hi_{n}"] = dataframe["high"].rolling(n).max().shift(1)
/freqtrade/user_data/strategies/TrendVolTarget.py:53: PerformanceWarning: DataFrame is highly fragmented.  This is usually the result of calling `frame.insert` many times, which has poor performance.  Consider joining all columns at once using pd.concat(axis=1) instead. To get a de-fragmented frame, use `newframe = frame.copy()`
  dataframe["sma_f"] = ta.SMA(dataframe, timeperiod=60)
/freqtrade/user_data/strategies/TrendVolTarget.py:54: PerformanceWarning: DataFrame is highly fragmented.  This is usually the result of calling `frame.insert` many times, which has poor performance.  Consider joining all columns at once using pd.concat(axis=1) instead. To get a de-fragmented frame, use `newframe = frame.copy()`
  dataframe["sma_s"] = ta.SMA(dataframe, timeperiod=240)
/freqtrade/user_data/strategies/TrendVolTarget.py:56: PerformanceWarning: DataFrame is highly fragmented.  This is usually the result of calling `frame.insert` many times, which has poor performance.  Consider joining all columns at once using pd.concat(axis=1) instead. To get a de-fragmented frame, use `newframe = frame.copy()`
  dataframe["rvol"] = dataframe["close"].pct_change().rolling(90).std() * np.sqrt(6 * 365)
/freqtrade/user_data/strategies/TrendVolTarget.py:50: PerformanceWarning: DataFrame is highly fragmented.  This is usually the result of calling `frame.insert` many times, which has poor performance.  Consider joining all columns at once using pd.concat(axis=1) instead. To get a de-fragmented frame, use `newframe = frame.copy()`
  dataframe[f"dc_hi_{n}"] = dataframe["high"].rolling(n).max().shift(1)
/freqtrade/user_data/strategies/TrendVolTarget.py:50: PerformanceWarning: DataFrame is highly fragmented.  This is usually the result of calling `frame.insert` many times, which has poor performance.  Consider joining all columns at once using pd.concat(axis=1) instead. To get a de-fragmented frame, use `newframe = frame.copy()`
  dataframe[f"dc_hi_{n}"] = dataframe["high"].rolling(n).max().shift(1)
/freqtrade/user_data/strategies/TrendVolTarget.py:50: PerformanceWarning: DataFrame is highly fragmented.  This is usually the result of calling `frame.insert` many times, which has poor performance.  Consider joining all columns at once using pd.concat(axis=1) instead. To get a de-fragmented frame, use `newframe = frame.copy()`
  dataframe[f"dc_hi_{n}"] = dataframe["high"].rolling(n).max().shift(1)
/freqtrade/user_data/strategies/TrendVolTarget.py:50: PerformanceWarning: DataFrame is highly fragmented.  This is usually the result of calling `frame.insert` many times, which has poor performance.  Consider joining all columns at once using pd.concat(axis=1) instead. To get a de-fragmented frame, use `newframe = frame.copy()`
  dataframe[f"dc_hi_{n}"] = dataframe["high"].rolling(n).max().shift(1)
/freqtrade/user_data/strategies/TrendVolTarget.py:50: PerformanceWarning: DataFrame is highly fragmented.  This is usually the result of calling `frame.insert` many times, which has poor performance.  Consider joining all columns at once using pd.concat(axis=1) instead. To get a de-fragmented frame, use `newframe = frame.copy()`
  dataframe[f"dc_hi_{n}"] = dataframe["high"].rolling(n).max().shift(1)
/freqtrade/user_data/strategies/TrendVolTarget.py:50: PerformanceWarning: DataFrame is highly fragmented.  This is usually the result of calling `frame.insert` many times, which has poor performance.  Consider joining all columns at once using pd.concat(axis=1) instead. To get a de-fragmented frame, use `newframe = frame.copy()`
  dataframe[f"dc_hi_{n}"] = dataframe["high"].rolling(n).max().shift(1)
/freqtrade/user_data/strategies/TrendVolTarget.py:50: PerformanceWarning: DataFrame is highly fragmented.  This is usually the result of calling `frame.insert` many times, which has poor performance.  Consider joining all columns at once using pd.concat(axis=1) instead. To get a de-fragmented frame, use `newframe = frame.copy()`
  dataframe[f"dc_hi_{n}"] = dataframe["high"].rolling(n).max().shift(1)
/freqtrade/user_data/strategies/TrendVolTarget.py:50: PerformanceWarning: DataFrame is highly fragmented.  This is usually the result of calling `frame.insert` many times, which has poor performance.  Consider joining all columns at once using pd.concat(axis=1) instead. To get a de-fragmented frame, use `newframe = frame.copy()`
  dataframe[f"dc_hi_{n}"] = dataframe["high"].rolling(n).max().shift(1)
/freqtrade/user_data/strategies/TrendVolTarget.py:50: PerformanceWarning: DataFrame is highly fragmented.  This is usually the result of calling `frame.insert` many times, which has poor performance.  Consider joining all columns at once using pd.concat(axis=1) instead. To get a de-fragmented frame, use `newframe = frame.copy()`
  dataframe[f"dc_hi_{n}"] = dataframe["high"].rolling(n).max().shift(1)
/freqtrade/user_data/strategies/TrendVolTarget.py:50: PerformanceWarning: DataFrame is highly fragmented.  This is usually the result of calling `frame.insert` many times, which has poor performance.  Consider joining all columns at once using pd.concat(axis=1) instead. To get a de-fragmented frame, use `newframe = frame.copy()`
  dataframe[f"dc_hi_{n}"] = dataframe["high"].rolling(n).max().shift(1)
/freqtrade/user_data/strategies/TrendVolTarget.py:50: PerformanceWarning: DataFrame is highly fragmented.  This is usually the result of calling `frame.insert` many times, which has poor performance.  Consider joining all columns at once using pd.concat(axis=1) instead. To get a de-fragmented frame, use `newframe = frame.copy()`
  dataframe[f"dc_hi_{n}"] = dataframe["high"].rolling(n).max().shift(1)
/freqtrade/user_data/strategies/TrendVolTarget.py:50: PerformanceWarning: DataFrame is highly fragmented.  This is usually the result of calling `frame.insert` many times, which has poor performance.  Consider joining all columns at once using pd.concat(axis=1) instead. To get a de-fragmented frame, use `newframe = frame.copy()`
  dataframe[f"dc_hi_{n}"] = dataframe["high"].rolling(n).max().shift(1)
/freqtrade/user_data/strategies/TrendVolTarget.py:50: PerformanceWarning: DataFrame is highly fragmented.  This is usually the result of calling `frame.insert` many times, which has poor performance.  Consider joining all columns at once using pd.concat(axis=1) instead. To get a de-fragmented frame, use `newframe = frame.copy()`
  dataframe[f"dc_hi_{n}"] = dataframe["high"].rolling(n).max().shift(1)
/freqtrade/user_data/strategies/TrendVolTarget.py:50: PerformanceWarning: DataFrame is highly fragmented.  This is usually the result of calling `frame.insert` many times, which has poor performance.  Consider joining all columns at once using pd.concat(axis=1) instead. To get a de-fragmented frame, use `newframe = frame.copy()`
  dataframe[f"dc_hi_{n}"] = dataframe["high"].rolling(n).max().shift(1)
/freqtrade/user_data/strategies/TrendVolTarget.py:50: PerformanceWarning: DataFrame is highly fragmented.  This is usually the result of calling `frame.insert` many times, which has poor performance.  Consider joining all columns at once using pd.concat(axis=1) instead. To get a de-fragmented frame, use `newframe = frame.copy()`
  dataframe[f"dc_hi_{n}"] = dataframe["high"].rolling(n).max().shift(1)
/freqtrade/user_data/strategies/TrendVolTarget.py:50: PerformanceWarning: DataFrame is highly fragmented.  This is usually the result of calling `frame.insert` many times, which has poor performance.  Consider joining all columns at once using pd.concat(axis=1) instead. To get a de-fragmented frame, use `newframe = frame.copy()`
  dataframe[f"dc_hi_{n}"] = dataframe["high"].rolling(n).max().shift(1)
/freqtrade/user_data/strategies/TrendVolTarget.py:50: PerformanceWarning: DataFrame is highly fragmented.  This is usually the result of calling `frame.insert` many times, which has poor performance.  Consider joining all columns at once using pd.concat(axis=1) instead. To get a de-fragmented frame, use `newframe = frame.copy()`
  dataframe[f"dc_hi_{n}"] = dataframe["high"].rolling(n).max().shift(1)
/freqtrade/user_data/strategies/TrendVolTarget.py:50: PerformanceWarning: DataFrame is highly fragmented.  This is usually the result of calling `frame.insert` many times, which has poor performance.  Consider joining all columns at once using pd.concat(axis=1) instead. To get a de-fragmented frame, use `newframe = frame.copy()`
  dataframe[f"dc_hi_{n}"] = dataframe["high"].rolling(n).max().shift(1)
/freqtrade/user_data/strategies/TrendVolTarget.py:50: PerformanceWarning: DataFrame is highly fragmented.  This is usually the result of calling `frame.insert` many times, which has poor performance.  Consider joining all columns at once using pd.concat(axis=1) instead. To get a de-fragmented frame, use `newframe = frame.copy()`
  dataframe[f"dc_hi_{n}"] = dataframe["high"].rolling(n).max().shift(1)
/freqtrade/user_data/strategies/TrendVolTarget.py:50: PerformanceWarning: DataFrame is highly fragmented.  This is usually the result of calling `frame.insert` many times, which has poor performance.  Consider joining all columns at once using pd.concat(axis=1) instead. To get a de-fragmented frame, use `newframe = frame.copy()`
  dataframe[f"dc_hi_{n}"] = dataframe["high"].rolling(n).max().shift(1)
/freqtrade/user_data/strategies/TrendVolTarget.py:50: PerformanceWarning: DataFrame is highly fragmented.  This is usually the result of calling `frame.insert` many times, which has poor performance.  Consider joining all columns at once using pd.concat(axis=1) instead. To get a de-fragmented frame, use `newframe = frame.copy()`
  dataframe[f"dc_hi_{n}"] = dataframe["high"].rolling(n).max().shift(1)
/freqtrade/user_data/strategies/TrendVolTarget.py:50: PerformanceWarning: DataFrame is highly fragmented.  This is usually the result of calling `frame.insert` many times, which has poor performance.  Consider joining all columns at once using pd.concat(axis=1) instead. To get a de-fragmented frame, use `newframe = frame.copy()`
  dataframe[f"dc_hi_{n}"] = dataframe["high"].rolling(n).max().shift(1)
/freqtrade/user_data/strategies/TrendVolTarget.py:50: PerformanceWarning: DataFrame is highly fragmented.  This is usually the result of calling `frame.insert` many times, which has poor performance.  Consider joining all columns at once using pd.concat(axis=1) instead. To get a de-fragmented frame, use `newframe = frame.copy()`
  dataframe[f"dc_hi_{n}"] = dataframe["high"].rolling(n).max().shift(1)
/freqtrade/user_data/strategies/TrendVolTarget.py:50: PerformanceWarning: DataFrame is highly fragmented.  This is usually the result of calling `frame.insert` many times, which has poor performance.  Consider joining all columns at once using pd.concat(axis=1) instead. To get a de-fragmented frame, use `newframe = frame.copy()`
  dataframe[f"dc_hi_{n}"] = dataframe["high"].rolling(n).max().shift(1)
/freqtrade/user_data/strategies/TrendVolTarget.py:50: PerformanceWarning: DataFrame is highly fragmented.  This is usually the result of calling `frame.insert` many times, which has poor performance.  Consider joining all columns at once using pd.concat(axis=1) instead. To get a de-fragmented frame, use `newframe = frame.copy()`
  dataframe[f"dc_hi_{n}"] = dataframe["high"].rolling(n).max().shift(1)
/freqtrade/user_data/strategies/TrendVolTarget.py:50: PerformanceWarning: DataFrame is highly fragmented.  This is usually the result of calling `frame.insert` many times, which has poor performance.  Consider joining all columns at once using pd.concat(axis=1) instead. To get a de-fragmented frame, use `newframe = frame.copy()`
  dataframe[f"dc_hi_{n}"] = dataframe["high"].rolling(n).max().shift(1)
/freqtrade/user_data/strategies/TrendVolTarget.py:50: PerformanceWarning: DataFrame is highly fragmented.  This is usually the result of calling `frame.insert` many times, which has poor performance.  Consider joining all columns at once using pd.concat(axis=1) instead. To get a de-fragmented frame, use `newframe = frame.copy()`
  dataframe[f"dc_hi_{n}"] = dataframe["high"].rolling(n).max().shift(1)
/freqtrade/user_data/strategies/TrendVolTarget.py:50: PerformanceWarning: DataFrame is highly fragmented.  This is usually the result of calling `frame.insert` many times, which has poor performance.  Consider joining all columns at once using pd.concat(axis=1) instead. To get a de-fragmented frame, use `newframe = frame.copy()`
  dataframe[f"dc_hi_{n}"] = dataframe["high"].rolling(n).max().shift(1)
/freqtrade/user_data/strategies/TrendVolTarget.py:50: PerformanceWarning: DataFrame is highly fragmented.  This is usually the result of calling `frame.insert` many times, which has poor performance.  Consider joining all columns at once using pd.concat(axis=1) instead. To get a de-fragmented frame, use `newframe = frame.copy()`
  dataframe[f"dc_hi_{n}"] = dataframe["high"].rolling(n).max().shift(1)
/freqtrade/user_data/strategies/TrendVolTarget.py:50: PerformanceWarning: DataFrame is highly fragmented.  This is usually the result of calling `frame.insert` many times, which has poor performance.  Consider joining all columns at once using pd.concat(axis=1) instead. To get a de-fragmented frame, use `newframe = frame.copy()`
  dataframe[f"dc_hi_{n}"] = dataframe["high"].rolling(n).max().shift(1)
/freqtrade/user_data/strategies/TrendVolTarget.py:50: PerformanceWarning: DataFrame is highly fragmented.  This is usually the result of calling `frame.insert` many times, which has poor performance.  Consider joining all columns at once using pd.concat(axis=1) instead. To get a de-fragmented frame, use `newframe = frame.copy()`
  dataframe[f"dc_hi_{n}"] = dataframe["high"].rolling(n).max().shift(1)
/freqtrade/user_data/strategies/TrendVolTarget.py:50: PerformanceWarning: DataFrame is highly fragmented.  This is usually the result of calling `frame.insert` many times, which has poor performance.  Consider joining all columns at once using pd.concat(axis=1) instead. To get a de-fragmented frame, use `newframe = frame.copy()`
  dataframe[f"dc_hi_{n}"] = dataframe["high"].rolling(n).max().shift(1)
/freqtrade/user_data/strategies/TrendVolTarget.py:50: PerformanceWarning: DataFrame is highly fragmented.  This is usually the result of calling `frame.insert` many times, which has poor performance.  Consider joining all columns at once using pd.concat(axis=1) instead. To get a de-fragmented frame, use `newframe = frame.copy()`
  dataframe[f"dc_hi_{n}"] = dataframe["high"].rolling(n).max().shift(1)
/freqtrade/user_data/strategies/TrendVolTarget.py:50: PerformanceWarning: DataFrame is highly fragmented.  This is usually the result of calling `frame.insert` many times, which has poor performance.  Consider joining all columns at once using pd.concat(axis=1) instead. To get a de-fragmented frame, use `newframe = frame.copy()`
  dataframe[f"dc_hi_{n}"] = dataframe["high"].rolling(n).max().shift(1)
/freqtrade/user_data/strategies/TrendVolTarget.py:50: PerformanceWarning: DataFrame is highly fragmented.  This is usually the result of calling `frame.insert` many times, which has poor performance.  Consider joining all columns at once using pd.concat(axis=1) instead. To get a de-fragmented frame, use `newframe = frame.copy()`
  dataframe[f"dc_hi_{n}"] = dataframe["high"].rolling(n).max().shift(1)
/freqtrade/user_data/strategies/TrendVolTarget.py:50: PerformanceWarning: DataFrame is highly fragmented.  This is usually the result of calling `frame.insert` many times, which has poor performance.  Consider joining all columns at once using pd.concat(axis=1) instead. To get a de-fragmented frame, use `newframe = frame.copy()`
  dataframe[f"dc_hi_{n}"] = dataframe["high"].rolling(n).max().shift(1)
/freqtrade/user_data/strategies/TrendVolTarget.py:50: PerformanceWarning: DataFrame is highly fragmented.  This is usually the result of calling `frame.insert` many times, which has poor performance.  Consider joining all columns at once using pd.concat(axis=1) instead. To get a de-fragmented frame, use `newframe = frame.copy()`
  dataframe[f"dc_hi_{n}"] = dataframe["high"].rolling(n).max().shift(1)
/freqtrade/user_data/strategies/TrendVolTarget.py:50: PerformanceWarning: DataFrame is highly fragmented.  This is usually the result of calling `frame.insert` many times, which has poor performance.  Consider joining all columns at once using pd.concat(axis=1) instead. To get a de-fragmented frame, use `newframe = frame.copy()`
  dataframe[f"dc_hi_{n}"] = dataframe["high"].rolling(n).max().shift(1)
/freqtrade/user_data/strategies/TrendVolTarget.py:50: PerformanceWarning: DataFrame is highly fragmented.  This is usually the result of calling `frame.insert` many times, which has poor performance.  Consider joining all columns at once using pd.concat(axis=1) instead. To get a de-fragmented frame, use `newframe = frame.copy()`
  dataframe[f"dc_hi_{n}"] = dataframe["high"].rolling(n).max().shift(1)
/freqtrade/user_data/strategies/TrendVolTarget.py:50: PerformanceWarning: DataFrame is highly fragmented.  This is usually the result of calling `frame.insert` many times, which has poor performance.  Consider joining all columns at once using pd.concat(axis=1) instead. To get a de-fragmented frame, use `newframe = frame.copy()`
  dataframe[f"dc_hi_{n}"] = dataframe["high"].rolling(n).max().shift(1)
/freqtrade/user_data/strategies/TrendVolTarget.py:50: PerformanceWarning: DataFrame is highly fragmented.  This is usually the result of calling `frame.insert` many times, which has poor performance.  Consider joining all columns at once using pd.concat(axis=1) instead. To get a de-fragmented frame, use `newframe = frame.copy()`
  dataframe[f"dc_hi_{n}"] = dataframe["high"].rolling(n).max().shift(1)
/freqtrade/user_data/strategies/TrendVolTarget.py:50: PerformanceWarning: DataFrame is highly fragmented.  This is usually the result of calling `frame.insert` many times, which has poor performance.  Consider joining all columns at once using pd.concat(axis=1) instead. To get a de-fragmented frame, use `newframe = frame.copy()`
  dataframe[f"dc_hi_{n}"] = dataframe["high"].rolling(n).max().shift(1)
/freqtrade/user_data/strategies/TrendVolTarget.py:50: PerformanceWarning: DataFrame is highly fragmented.  This is usually the result of calling `frame.insert` many times, which has poor performance.  Consider joining all columns at once using pd.concat(axis=1) instead. To get a de-fragmented frame, use `newframe = frame.copy()`
  dataframe[f"dc_hi_{n}"] = dataframe["high"].rolling(n).max().shift(1)
/freqtrade/user_data/strategies/TrendVolTarget.py:50: PerformanceWarning: DataFrame is highly fragmented.  This is usually the result of calling `frame.insert` many times, which has poor performance.  Consider joining all columns at once using pd.concat(axis=1) instead. To get a de-fragmented frame, use `newframe = frame.copy()`
  dataframe[f"dc_hi_{n}"] = dataframe["high"].rolling(n).max().shift(1)
/freqtrade/user_data/strategies/TrendVolTarget.py:50: PerformanceWarning: DataFrame is highly fragmented.  This is usually the result of calling `frame.insert` many times, which has poor performance.  Consider joining all columns at once using pd.concat(axis=1) instead. To get a de-fragmented frame, use `newframe = frame.copy()`
  dataframe[f"dc_hi_{n}"] = dataframe["high"].rolling(n).max().shift(1)
/freqtrade/user_data/strategies/TrendVolTarget.py:50: PerformanceWarning: DataFrame is highly fragmented.  This is usually the result of calling `frame.insert` many times, which has poor performance.  Consider joining all columns at once using pd.concat(axis=1) instead. To get a de-fragmented frame, use `newframe = frame.copy()`
  dataframe[f"dc_hi_{n}"] = dataframe["high"].rolling(n).max().shift(1)
/freqtrade/user_data/strategies/TrendVolTarget.py:50: PerformanceWarning: DataFrame is highly fragmented.  This is usually the result of calling `frame.insert` many times, which has poor performance.  Consider joining all columns at once using pd.concat(axis=1) instead. To get a de-fragmented frame, use `newframe = frame.copy()`
  dataframe[f"dc_hi_{n}"] = dataframe["high"].rolling(n).max().shift(1)
/freqtrade/user_data/strategies/TrendVolTarget.py:50: PerformanceWarning: DataFrame is highly fragmented.  This is usually the result of calling `frame.insert` many times, which has poor performance.  Consider joining all columns at once using pd.concat(axis=1) instead. To get a de-fragmented frame, use `newframe = frame.copy()`
  dataframe[f"dc_hi_{n}"] = dataframe["high"].rolling(n).max().shift(1)
/freqtrade/user_data/strategies/TrendVolTarget.py:50: PerformanceWarning: DataFrame is highly fragmented.  This is usually the result of calling `frame.insert` many times, which has poor performance.  Consider joining all columns at once using pd.concat(axis=1) instead. To get a de-fragmented frame, use `newframe = frame.copy()`
  dataframe[f"dc_hi_{n}"] = dataframe["high"].rolling(n).max().shift(1)
/freqtrade/user_data/strategies/TrendVolTarget.py:50: PerformanceWarning: DataFrame is highly fragmented.  This is usually the result of calling `frame.insert` many times, which has poor performance.  Consider joining all columns at once using pd.concat(axis=1) instead. To get a de-fragmented frame, use `newframe = frame.copy()`
  dataframe[f"dc_hi_{n}"] = dataframe["high"].rolling(n).max().shift(1)
/freqtrade/user_data/strategies/TrendVolTarget.py:50: PerformanceWarning: DataFrame is highly fragmented.  This is usually the result of calling `frame.insert` many times, which has poor performance.  Consider joining all columns at once using pd.concat(axis=1) instead. To get a de-fragmented frame, use `newframe = frame.copy()`
  dataframe[f"dc_hi_{n}"] = dataframe["high"].rolling(n).max().shift(1)
/freqtrade/user_data/strategies/TrendVolTarget.py:50: PerformanceWarning: DataFrame is highly fragmented.  This is usually the result of calling `frame.insert` many times, which has poor performance.  Consider joining all columns at once using pd.concat(axis=1) instead. To get a de-fragmented frame, use `newframe = frame.copy()`
  dataframe[f"dc_hi_{n}"] = dataframe["high"].rolling(n).max().shift(1)
/freqtrade/user_data/strategies/TrendVolTarget.py:50: PerformanceWarning: DataFrame is highly fragmented.  This is usually the result of calling `frame.insert` many times, which has poor performance.  Consider joining all columns at once using pd.concat(axis=1) instead. To get a de-fragmented frame, use `newframe = frame.copy()`
  dataframe[f"dc_hi_{n}"] = dataframe["high"].rolling(n).max().shift(1)
/freqtrade/user_data/strategies/TrendVolTarget.py:50: PerformanceWarning: DataFrame is highly fragmented.  This is usually the result of calling `frame.insert` many times, which has poor performance.  Consider joining all columns at once using pd.concat(axis=1) instead. To get a de-fragmented frame, use `newframe = frame.copy()`
  dataframe[f"dc_hi_{n}"] = dataframe["high"].rolling(n).max().shift(1)
/freqtrade/user_data/strategies/TrendVolTarget.py:50: PerformanceWarning: DataFrame is highly fragmented.  This is usually the result of calling `frame.insert` many times, which has poor performance.  Consider joining all columns at once using pd.concat(axis=1) instead. To get a de-fragmented frame, use `newframe = frame.copy()`
  dataframe[f"dc_hi_{n}"] = dataframe["high"].rolling(n).max().shift(1)
/freqtrade/user_data/strategies/TrendVolTarget.py:50: PerformanceWarning: DataFrame is highly fragmented.  This is usually the result of calling `frame.insert` many times, which has poor performance.  Consider joining all columns at once using pd.concat(axis=1) instead. To get a de-fragmented frame, use `newframe = frame.copy()`
  dataframe[f"dc_hi_{n}"] = dataframe["high"].rolling(n).max().shift(1)
/freqtrade/user_data/strategies/TrendVolTarget.py:50: PerformanceWarning: DataFrame is highly fragmented.  This is usually the result of calling `frame.insert` many times, which has poor performance.  Consider joining all columns at once using pd.concat(axis=1) instead. To get a de-fragmented frame, use `newframe = frame.copy()`
  dataframe[f"dc_hi_{n}"] = dataframe["high"].rolling(n).max().shift(1)
/freqtrade/user_data/strategies/TrendVolTarget.py:50: PerformanceWarning: DataFrame is highly fragmented.  This is usually the result of calling `frame.insert` many times, which has poor performance.  Consider joining all columns at once using pd.concat(axis=1) instead. To get a de-fragmented frame, use `newframe = frame.copy()`
  dataframe[f"dc_hi_{n}"] = dataframe["high"].rolling(n).max().shift(1)
/freqtrade/user_data/strategies/TrendVolTarget.py:50: PerformanceWarning: DataFrame is highly fragmented.  This is usually the result of calling `frame.insert` many times, which has poor performance.  Consider joining all columns at once using pd.concat(axis=1) instead. To get a de-fragmented frame, use `newframe = frame.copy()`
  dataframe[f"dc_hi_{n}"] = dataframe["high"].rolling(n).max().shift(1)
/freqtrade/user_data/strategies/TrendVolTarget.py:50: PerformanceWarning: DataFrame is highly fragmented.  This is usually the result of calling `frame.insert` many times, which has poor performance.  Consider joining all columns at once using pd.concat(axis=1) instead. To get a de-fragmented frame, use `newframe = frame.copy()`
  dataframe[f"dc_hi_{n}"] = dataframe["high"].rolling(n).max().shift(1)
/freqtrade/user_data/strategies/TrendVolTarget.py:50: PerformanceWarning: DataFrame is highly fragmented.  This is usually the result of calling `frame.insert` many times, which has poor performance.  Consider joining all columns at once using pd.concat(axis=1) instead. To get a de-fragmented frame, use `newframe = frame.copy()`
  dataframe[f"dc_hi_{n}"] = dataframe["high"].rolling(n).max().shift(1)
/freqtrade/user_data/strategies/TrendVolTarget.py:50: PerformanceWarning: DataFrame is highly fragmented.  This is usually the result of calling `frame.insert` many times, which has poor performance.  Consider joining all columns at once using pd.concat(axis=1) instead. To get a de-fragmented frame, use `newframe = frame.copy()`
  dataframe[f"dc_hi_{n}"] = dataframe["high"].rolling(n).max().shift(1)
/freqtrade/user_data/strategies/TrendVolTarget.py:50: PerformanceWarning: DataFrame is highly fragmented.  This is usually the result of calling `frame.insert` many times, which has poor performance.  Consider joining all columns at once using pd.concat(axis=1) instead. To get a de-fragmented frame, use `newframe = frame.copy()`
  dataframe[f"dc_hi_{n}"] = dataframe["high"].rolling(n).max().shift(1)
/freqtrade/user_data/strategies/TrendVolTarget.py:50: PerformanceWarning: DataFrame is highly fragmented.  This is usually the result of calling `frame.insert` many times, which has poor performance.  Consider joining all columns at once using pd.concat(axis=1) instead. To get a de-fragmented frame, use `newframe = frame.copy()`
  dataframe[f"dc_hi_{n}"] = dataframe["high"].rolling(n).max().shift(1)
/freqtrade/user_data/strategies/TrendVolTarget.py:50: PerformanceWarning: DataFrame is highly fragmented.  This is usually the result of calling `frame.insert` many times, which has poor performance.  Consider joining all columns at once using pd.concat(axis=1) instead. To get a de-fragmented frame, use `newframe = frame.copy()`
  dataframe[f"dc_hi_{n}"] = dataframe["high"].rolling(n).max().shift(1)
/freqtrade/user_data/strategies/TrendVolTarget.py:50: PerformanceWarning: DataFrame is highly fragmented.  This is usually the result of calling `frame.insert` many times, which has poor performance.  Consider joining all columns at once using pd.concat(axis=1) instead. To get a de-fragmented frame, use `newframe = frame.copy()`
  dataframe[f"dc_hi_{n}"] = dataframe["high"].rolling(n).max().shift(1)
/freqtrade/user_data/strategies/TrendVolTarget.py:50: PerformanceWarning: DataFrame is highly fragmented.  This is usually the result of calling `frame.insert` many times, which has poor performance.  Consider joining all columns at once using pd.concat(axis=1) instead. To get a de-fragmented frame, use `newframe = frame.copy()`
  dataframe[f"dc_hi_{n}"] = dataframe["high"].rolling(n).max().shift(1)
/freqtrade/user_data/strategies/TrendVolTarget.py:50: PerformanceWarning: DataFrame is highly fragmented.  This is usually the result of calling `frame.insert` many times, which has poor performance.  Consider joining all columns at once using pd.concat(axis=1) instead. To get a de-fragmented frame, use `newframe = frame.copy()`
  dataframe[f"dc_hi_{n}"] = dataframe["high"].rolling(n).max().shift(1)
/freqtrade/user_data/strategies/TrendVolTarget.py:50: PerformanceWarning: DataFrame is highly fragmented.  This is usually the result of calling `frame.insert` many times, which has poor performance.  Consider joining all columns at once using pd.concat(axis=1) instead. To get a de-fragmented frame, use `newframe = frame.copy()`
  dataframe[f"dc_hi_{n}"] = dataframe["high"].rolling(n).max().shift(1)
/freqtrade/user_data/strategies/TrendVolTarget.py:50: PerformanceWarning: DataFrame is highly fragmented.  This is usually the result of calling `frame.insert` many times, which has poor performance.  Consider joining all columns at once using pd.concat(axis=1) instead. To get a de-fragmented frame, use `newframe = frame.copy()`
  dataframe[f"dc_hi_{n}"] = dataframe["high"].rolling(n).max().shift(1)
/freqtrade/user_data/strategies/TrendVolTarget.py:50: PerformanceWarning: DataFrame is highly fragmented.  This is usually the result of calling `frame.insert` many times, which has poor performance.  Consider joining all columns at once using pd.concat(axis=1) instead. To get a de-fragmented frame, use `newframe = frame.copy()`
  dataframe[f"dc_hi_{n}"] = dataframe["high"].rolling(n).max().shift(1)
/freqtrade/user_data/strategies/TrendVolTarget.py:50: PerformanceWarning: DataFrame is highly fragmented.  This is usually the result of calling `frame.insert` many times, which has poor performance.  Consider joining all columns at once using pd.concat(axis=1) instead. To get a de-fragmented frame, use `newframe = frame.copy()`
  dataframe[f"dc_hi_{n}"] = dataframe["high"].rolling(n).max().shift(1)
/freqtrade/user_data/strategies/TrendVolTarget.py:50: PerformanceWarning: DataFrame is highly fragmented.  This is usually the result of calling `frame.insert` many times, which has poor performance.  Consider joining all columns at once using pd.concat(axis=1) instead. To get a de-fragmented frame, use `newframe = frame.copy()`
  dataframe[f"dc_hi_{n}"] = dataframe["high"].rolling(n).max().shift(1)
/freqtrade/user_data/strategies/TrendVolTarget.py:50: PerformanceWarning: DataFrame is highly fragmented.  This is usually the result of calling `frame.insert` many times, which has poor performance.  Consider joining all columns at once using pd.concat(axis=1) instead. To get a de-fragmented frame, use `newframe = frame.copy()`
  dataframe[f"dc_hi_{n}"] = dataframe["high"].rolling(n).max().shift(1)
/freqtrade/user_data/strategies/TrendVolTarget.py:50: PerformanceWarning: DataFrame is highly fragmented.  This is usually the result of calling `frame.insert` many times, which has poor performance.  Consider joining all columns at once using pd.concat(axis=1) instead. To get a de-fragmented frame, use `newframe = frame.copy()`
  dataframe[f"dc_hi_{n}"] = dataframe["high"].rolling(n).max().shift(1)
/freqtrade/user_data/strategies/TrendVolTarget.py:50: PerformanceWarning: DataFrame is highly fragmented.  This is usually the result of calling `frame.insert` many times, which has poor performance.  Consider joining all columns at once using pd.concat(axis=1) instead. To get a de-fragmented frame, use `newframe = frame.copy()`
  dataframe[f"dc_hi_{n}"] = dataframe["high"].rolling(n).max().shift(1)
/freqtrade/user_data/strategies/TrendVolTarget.py:50: PerformanceWarning: DataFrame is highly fragmented.  This is usually the result of calling `frame.insert` many times, which has poor performance.  Consider joining all columns at once using pd.concat(axis=1) instead. To get a de-fragmented frame, use `newframe = frame.copy()`
  dataframe[f"dc_hi_{n}"] = dataframe["high"].rolling(n).max().shift(1)
/freqtrade/user_data/strategies/TrendVolTarget.py:50: PerformanceWarning: DataFrame is highly fragmented.  This is usually the result of calling `frame.insert` many times, which has poor performance.  Consider joining all columns at once using pd.concat(axis=1) instead. To get a de-fragmented frame, use `newframe = frame.copy()`
  dataframe[f"dc_hi_{n}"] = dataframe["high"].rolling(n).max().shift(1)
/freqtrade/user_data/strategies/TrendVolTarget.py:50: PerformanceWarning: DataFrame is highly fragmented.  This is usually the result of calling `frame.insert` many times, which has poor performance.  Consider joining all columns at once using pd.concat(axis=1) instead. To get a de-fragmented frame, use `newframe = frame.copy()`
  dataframe[f"dc_hi_{n}"] = dataframe["high"].rolling(n).max().shift(1)
/freqtrade/user_data/strategies/TrendVolTarget.py:50: PerformanceWarning: DataFrame is highly fragmented.  This is usually the result of calling `frame.insert` many times, which has poor performance.  Consider joining all columns at once using pd.concat(axis=1) instead. To get a de-fragmented frame, use `newframe = frame.copy()`
  dataframe[f"dc_hi_{n}"] = dataframe["high"].rolling(n).max().shift(1)
/freqtrade/user_data/strategies/TrendVolTarget.py:50: PerformanceWarning: DataFrame is highly fragmented.  This is usually the result of calling `frame.insert` many times, which has poor performance.  Consider joining all columns at once using pd.concat(axis=1) instead. To get a de-fragmented frame, use `newframe = frame.copy()`
  dataframe[f"dc_hi_{n}"] = dataframe["high"].rolling(n).max().shift(1)
/freqtrade/user_data/strategies/TrendVolTarget.py:50: PerformanceWarning: DataFrame is highly fragmented.  This is usually the result of calling `frame.insert` many times, which has poor performance.  Consider joining all columns at once using pd.concat(axis=1) instead. To get a de-fragmented frame, use `newframe = frame.copy()`
  dataframe[f"dc_hi_{n}"] = dataframe["high"].rolling(n).max().shift(1)
/freqtrade/user_data/strategies/TrendVolTarget.py:50: PerformanceWarning: DataFrame is highly fragmented.  This is usually the result of calling `frame.insert` many times, which has poor performance.  Consider joining all columns at once using pd.concat(axis=1) instead. To get a de-fragmented frame, use `newframe = frame.copy()`
  dataframe[f"dc_hi_{n}"] = dataframe["high"].rolling(n).max().shift(1)
/freqtrade/user_data/strategies/TrendVolTarget.py:50: PerformanceWarning: DataFrame is highly fragmented.  This is usually the result of calling `frame.insert` many times, which has poor performance.  Consider joining all columns at once using pd.concat(axis=1) instead. To get a de-fragmented frame, use `newframe = frame.copy()`
  dataframe[f"dc_hi_{n}"] = dataframe["high"].rolling(n).max().shift(1)
/freqtrade/user_data/strategies/TrendVolTarget.py:50: PerformanceWarning: DataFrame is highly fragmented.  This is usually the result of calling `frame.insert` many times, which has poor performance.  Consider joining all columns at once using pd.concat(axis=1) instead. To get a de-fragmented frame, use `newframe = frame.copy()`
  dataframe[f"dc_hi_{n}"] = dataframe["high"].rolling(n).max().shift(1)
/freqtrade/user_data/strategies/TrendVolTarget.py:53: PerformanceWarning: DataFrame is highly fragmented.  This is usually the result of calling `frame.insert` many times, which has poor performance.  Consider joining all columns at once using pd.concat(axis=1) instead. To get a de-fragmented frame, use `newframe = frame.copy()`
  dataframe["sma_f"] = ta.SMA(dataframe, timeperiod=60)
/freqtrade/user_data/strategies/TrendVolTarget.py:54: PerformanceWarning: DataFrame is highly fragmented.  This is usually the result of calling `frame.insert` many times, which has poor performance.  Consider joining all columns at once using pd.concat(axis=1) instead. To get a de-fragmented frame, use `newframe = frame.copy()`
  dataframe["sma_s"] = ta.SMA(dataframe, timeperiod=240)
/freqtrade/user_data/strategies/TrendVolTarget.py:56: PerformanceWarning: DataFrame is highly fragmented.  This is usually the result of calling `frame.insert` many times, which has poor performance.  Consider joining all columns at once using pd.concat(axis=1) instead. To get a de-fragmented frame, use `newframe = frame.copy()`
  dataframe["rvol"] = dataframe["close"].pct_change().rolling(90).std() * np.sqrt(6 * 365)
/freqtrade/user_data/strategies/TrendVolTarget.py:50: PerformanceWarning: DataFrame is highly fragmented.  This is usually the result of calling `frame.insert` many times, which has poor performance.  Consider joining all columns at once using pd.concat(axis=1) instead. To get a de-fragmented frame, use `newframe = frame.copy()`
  dataframe[f"dc_hi_{n}"] = dataframe["high"].rolling(n).max().shift(1)
/freqtrade/user_data/strategies/TrendVolTarget.py:50: PerformanceWarning: DataFrame is highly fragmented.  This is usually the result of calling `frame.insert` many times, which has poor performance.  Consider joining all columns at once using pd.concat(axis=1) instead. To get a de-fragmented frame, use `newframe = frame.copy()`
  dataframe[f"dc_hi_{n}"] = dataframe["high"].rolling(n).max().shift(1)
/freqtrade/user_data/strategies/TrendVolTarget.py:50: PerformanceWarning: DataFrame is highly fragmented.  This is usually the result of calling `frame.insert` many times, which has poor performance.  Consider joining all columns at once using pd.concat(axis=1) instead. To get a de-fragmented frame, use `newframe = frame.copy()`
  dataframe[f"dc_hi_{n}"] = dataframe["high"].rolling(n).max().shift(1)
/freqtrade/user_data/strategies/TrendVolTarget.py:50: PerformanceWarning: DataFrame is highly fragmented.  This is usually the result of calling `frame.insert` many times, which has poor performance.  Consider joining all columns at once using pd.concat(axis=1) instead. To get a de-fragmented frame, use `newframe = frame.copy()`
  dataframe[f"dc_hi_{n}"] = dataframe["high"].rolling(n).max().shift(1)
/freqtrade/user_data/strategies/TrendVolTarget.py:50: PerformanceWarning: DataFrame is highly fragmented.  This is usually the result of calling `frame.insert` many times, which has poor performance.  Consider joining all columns at once using pd.concat(axis=1) instead. To get a de-fragmented frame, use `newframe = frame.copy()`
  dataframe[f"dc_hi_{n}"] = dataframe["high"].rolling(n).max().shift(1)
/freqtrade/user_data/strategies/TrendVolTarget.py:50: PerformanceWarning: DataFrame is highly fragmented.  This is usually the result of calling `frame.insert` many times, which has poor performance.  Consider joining all columns at once using pd.concat(axis=1) instead. To get a de-fragmented frame, use `newframe = frame.copy()`
  dataframe[f"dc_hi_{n}"] = dataframe["high"].rolling(n).max().shift(1)
/freqtrade/user_data/strategies/TrendVolTarget.py:50: PerformanceWarning: DataFrame is highly fragmented.  This is usually the result of calling `frame.insert` many times, which has poor performance.  Consider joining all columns at once using pd.concat(axis=1) instead. To get a de-fragmented frame, use `newframe = frame.copy()`
  dataframe[f"dc_hi_{n}"] = dataframe["high"].rolling(n).max().shift(1)
/freqtrade/user_data/strategies/TrendVolTarget.py:50: PerformanceWarning: DataFrame is highly fragmented.  This is usually the result of calling `frame.insert` many times, which has poor performance.  Consider joining all columns at once using pd.concat(axis=1) instead. To get a de-fragmented frame, use `newframe = frame.copy()`
  dataframe[f"dc_hi_{n}"] = dataframe["high"].rolling(n).max().shift(1)
/freqtrade/user_data/strategies/TrendVolTarget.py:50: PerformanceWarning: DataFrame is highly fragmented.  This is usually the result of calling `frame.insert` many times, which has poor performance.  Consider joining all columns at once using pd.concat(axis=1) instead. To get a de-fragmented frame, use `newframe = frame.copy()`
  dataframe[f"dc_hi_{n}"] = dataframe["high"].rolling(n).max().shift(1)
/freqtrade/user_data/strategies/TrendVolTarget.py:50: PerformanceWarning: DataFrame is highly fragmented.  This is usually the result of calling `frame.insert` many times, which has poor performance.  Consider joining all columns at once using pd.concat(axis=1) instead. To get a de-fragmented frame, use `newframe = frame.copy()`
  dataframe[f"dc_hi_{n}"] = dataframe["high"].rolling(n).max().shift(1)
/freqtrade/user_data/strategies/TrendVolTarget.py:50: PerformanceWarning: DataFrame is highly fragmented.  This is usually the result of calling `frame.insert` many times, which has poor performance.  Consider joining all columns at once using pd.concat(axis=1) instead. To get a de-fragmented frame, use `newframe = frame.copy()`
  dataframe[f"dc_hi_{n}"] = dataframe["high"].rolling(n).max().shift(1)
/freqtrade/user_data/strategies/TrendVolTarget.py:50: PerformanceWarning: DataFrame is highly fragmented.  This is usually the result of calling `frame.insert` many times, which has poor performance.  Consider joining all columns at once using pd.concat(axis=1) instead. To get a de-fragmented frame, use `newframe = frame.copy()`
  dataframe[f"dc_hi_{n}"] = dataframe["high"].rolling(n).max().shift(1)
/freqtrade/user_data/strategies/TrendVolTarget.py:50: PerformanceWarning: DataFrame is highly fragmented.  This is usually the result of calling `frame.insert` many times, which has poor performance.  Consider joining all columns at once using pd.concat(axis=1) instead. To get a de-fragmented frame, use `newframe = frame.copy()`
  dataframe[f"dc_hi_{n}"] = dataframe["high"].rolling(n).max().shift(1)
/freqtrade/user_data/strategies/TrendVolTarget.py:50: PerformanceWarning: DataFrame is highly fragmented.  This is usually the result of calling `frame.insert` many times, which has poor performance.  Consider joining all columns at once using pd.concat(axis=1) instead. To get a de-fragmented frame, use `newframe = frame.copy()`
  dataframe[f"dc_hi_{n}"] = dataframe["high"].rolling(n).max().shift(1)
/freqtrade/user_data/strategies/TrendVolTarget.py:50: PerformanceWarning: DataFrame is highly fragmented.  This is usually the result of calling `frame.insert` many times, which has poor performance.  Consider joining all columns at once using pd.concat(axis=1) instead. To get a de-fragmented frame, use `newframe = frame.copy()`
  dataframe[f"dc_hi_{n}"] = dataframe["high"].rolling(n).max().shift(1)
/freqtrade/user_data/strategies/TrendVolTarget.py:50: PerformanceWarning: DataFrame is highly fragmented.  This is usually the result of calling `frame.insert` many times, which has poor performance.  Consider joining all columns at once using pd.concat(axis=1) instead. To get a de-fragmented frame, use `newframe = frame.copy()`
  dataframe[f"dc_hi_{n}"] = dataframe["high"].rolling(n).max().shift(1)
/freqtrade/user_data/strategies/TrendVolTarget.py:50: PerformanceWarning: DataFrame is highly fragmented.  This is usually the result of calling `frame.insert` many times, which has poor performance.  Consider joining all columns at once using pd.concat(axis=1) instead. To get a de-fragmented frame, use `newframe = frame.copy()`
  dataframe[f"dc_hi_{n}"] = dataframe["high"].rolling(n).max().shift(1)
/freqtrade/user_data/strategies/TrendVolTarget.py:50: PerformanceWarning: DataFrame is highly fragmented.  This is usually the result of calling `frame.insert` many times, which has poor performance.  Consider joining all columns at once using pd.concat(axis=1) instead. To get a de-fragmented frame, use `newframe = frame.copy()`
  dataframe[f"dc_hi_{n}"] = dataframe["high"].rolling(n).max().shift(1)
/freqtrade/user_data/strategies/TrendVolTarget.py:50: PerformanceWarning: DataFrame is highly fragmented.  This is usually the result of calling `frame.insert` many times, which has poor performance.  Consider joining all columns at once using pd.concat(axis=1) instead. To get a de-fragmented frame, use `newframe = frame.copy()`
  dataframe[f"dc_hi_{n}"] = dataframe["high"].rolling(n).max().shift(1)
/freqtrade/user_data/strategies/TrendVolTarget.py:50: PerformanceWarning: DataFrame is highly fragmented.  This is usually the result of calling `frame.insert` many times, which has poor performance.  Consider joining all columns at once using pd.concat(axis=1) instead. To get a de-fragmented frame, use `newframe = frame.copy()`
  dataframe[f"dc_hi_{n}"] = dataframe["high"].rolling(n).max().shift(1)
/freqtrade/user_data/strategies/TrendVolTarget.py:50: PerformanceWarning: DataFrame is highly fragmented.  This is usually the result of calling `frame.insert` many times, which has poor performance.  Consider joining all columns at once using pd.concat(axis=1) instead. To get a de-fragmented frame, use `newframe = frame.copy()`
  dataframe[f"dc_hi_{n}"] = dataframe["high"].rolling(n).max().shift(1)
/freqtrade/user_data/strategies/TrendVolTarget.py:50: PerformanceWarning: DataFrame is highly fragmented.  This is usually the result of calling `frame.insert` many times, which has poor performance.  Consider joining all columns at once using pd.concat(axis=1) instead. To get a de-fragmented frame, use `newframe = frame.copy()`
  dataframe[f"dc_hi_{n}"] = dataframe["high"].rolling(n).max().shift(1)
/freqtrade/user_data/strategies/TrendVolTarget.py:50: PerformanceWarning: DataFrame is highly fragmented.  This is usually the result of calling `frame.insert` many times, which has poor performance.  Consider joining all columns at once using pd.concat(axis=1) instead. To get a de-fragmented frame, use `newframe = frame.copy()`
  dataframe[f"dc_hi_{n}"] = dataframe["high"].rolling(n).max().shift(1)
/freqtrade/user_data/strategies/TrendVolTarget.py:50: PerformanceWarning: DataFrame is highly fragmented.  This is usually the result of calling `frame.insert` many times, which has poor performance.  Consider joining all columns at once using pd.concat(axis=1) instead. To get a de-fragmented frame, use `newframe = frame.copy()`
  dataframe[f"dc_hi_{n}"] = dataframe["high"].rolling(n).max().shift(1)
/freqtrade/user_data/strategies/TrendVolTarget.py:50: PerformanceWarning: DataFrame is highly fragmented.  This is usually the result of calling `frame.insert` many times, which has poor performance.  Consider joining all columns at once using pd.concat(axis=1) instead. To get a de-fragmented frame, use `newframe = frame.copy()`
  dataframe[f"dc_hi_{n}"] = dataframe["high"].rolling(n).max().shift(1)
/freqtrade/user_data/strategies/TrendVolTarget.py:50: PerformanceWarning: DataFrame is highly fragmented.  This is usually the result of calling `frame.insert` many times, which has poor performance.  Consider joining all columns at once using pd.concat(axis=1) instead. To get a de-fragmented frame, use `newframe = frame.copy()`
  dataframe[f"dc_hi_{n}"] = dataframe["high"].rolling(n).max().shift(1)
/freqtrade/user_data/strategies/TrendVolTarget.py:50: PerformanceWarning: DataFrame is highly fragmented.  This is usually the result of calling `frame.insert` many times, which has poor performance.  Consider joining all columns at once using pd.concat(axis=1) instead. To get a de-fragmented frame, use `newframe = frame.copy()`
  dataframe[f"dc_hi_{n}"] = dataframe["high"].rolling(n).max().shift(1)
/freqtrade/user_data/strategies/TrendVolTarget.py:50: PerformanceWarning: DataFrame is highly fragmented.  This is usually the result of calling `frame.insert` many times, which has poor performance.  Consider joining all columns at once using pd.concat(axis=1) instead. To get a de-fragmented frame, use `newframe = frame.copy()`
  dataframe[f"dc_hi_{n}"] = dataframe["high"].rolling(n).max().shift(1)
/freqtrade/user_data/strategies/TrendVolTarget.py:50: PerformanceWarning: DataFrame is highly fragmented.  This is usually the result of calling `frame.insert` many times, which has poor performance.  Consider joining all columns at once using pd.concat(axis=1) instead. To get a de-fragmented frame, use `newframe = frame.copy()`
  dataframe[f"dc_hi_{n}"] = dataframe["high"].rolling(n).max().shift(1)
/freqtrade/user_data/strategies/TrendVolTarget.py:50: PerformanceWarning: DataFrame is highly fragmented.  This is usually the result of calling `frame.insert` many times, which has poor performance.  Consider joining all columns at once using pd.concat(axis=1) instead. To get a de-fragmented frame, use `newframe = frame.copy()`
  dataframe[f"dc_hi_{n}"] = dataframe["high"].rolling(n).max().shift(1)
/freqtrade/user_data/strategies/TrendVolTarget.py:50: PerformanceWarning: DataFrame is highly fragmented.  This is usually the result of calling `frame.insert` many times, which has poor performance.  Consider joining all columns at once using pd.concat(axis=1) instead. To get a de-fragmented frame, use `newframe = frame.copy()`
  dataframe[f"dc_hi_{n}"] = dataframe["high"].rolling(n).max().shift(1)
/freqtrade/user_data/strategies/TrendVolTarget.py:50: PerformanceWarning: DataFrame is highly fragmented.  This is usually the result of calling `frame.insert` many times, which has poor performance.  Consider joining all columns at once using pd.concat(axis=1) instead. To get a de-fragmented frame, use `newframe = frame.copy()`
  dataframe[f"dc_hi_{n}"] = dataframe["high"].rolling(n).max().shift(1)
/freqtrade/user_data/strategies/TrendVolTarget.py:50: PerformanceWarning: DataFrame is highly fragmented.  This is usually the result of calling `frame.insert` many times, which has poor performance.  Consider joining all columns at once using pd.concat(axis=1) instead. To get a de-fragmented frame, use `newframe = frame.copy()`
  dataframe[f"dc_hi_{n}"] = dataframe["high"].rolling(n).max().shift(1)
/freqtrade/user_data/strategies/TrendVolTarget.py:50: PerformanceWarning: DataFrame is highly fragmented.  This is usually the result of calling `frame.insert` many times, which has poor performance.  Consider joining all columns at once using pd.concat(axis=1) instead. To get a de-fragmented frame, use `newframe = frame.copy()`
  dataframe[f"dc_hi_{n}"] = dataframe["high"].rolling(n).max().shift(1)
/freqtrade/user_data/strategies/TrendVolTarget.py:50: PerformanceWarning: DataFrame is highly fragmented.  This is usually the result of calling `frame.insert` many times, which has poor performance.  Consider joining all columns at once using pd.concat(axis=1) instead. To get a de-fragmented frame, use `newframe = frame.copy()`
  dataframe[f"dc_hi_{n}"] = dataframe["high"].rolling(n).max().shift(1)
/freqtrade/user_data/strategies/TrendVolTarget.py:50: PerformanceWarning: DataFrame is highly fragmented.  This is usually the result of calling `frame.insert` many times, which has poor performance.  Consider joining all columns at once using pd.concat(axis=1) instead. To get a de-fragmented frame, use `newframe = frame.copy()`
  dataframe[f"dc_hi_{n}"] = dataframe["high"].rolling(n).max().shift(1)
/freqtrade/user_data/strategies/TrendVolTarget.py:50: PerformanceWarning: DataFrame is highly fragmented.  This is usually the result of calling `frame.insert` many times, which has poor performance.  Consider joining all columns at once using pd.concat(axis=1) instead. To get a de-fragmented frame, use `newframe = frame.copy()`
  dataframe[f"dc_hi_{n}"] = dataframe["high"].rolling(n).max().shift(1)
/freqtrade/user_data/strategies/TrendVolTarget.py:50: PerformanceWarning: DataFrame is highly fragmented.  This is usually the result of calling `frame.insert` many times, which has poor performance.  Consider joining all columns at once using pd.concat(axis=1) instead. To get a de-fragmented frame, use `newframe = frame.copy()`
  dataframe[f"dc_hi_{n}"] = dataframe["high"].rolling(n).max().shift(1)
/freqtrade/user_data/strategies/TrendVolTarget.py:50: PerformanceWarning: DataFrame is highly fragmented.  This is usually the result of calling `frame.insert` many times, which has poor performance.  Consider joining all columns at once using pd.concat(axis=1) instead. To get a de-fragmented frame, use `newframe = frame.copy()`
  dataframe[f"dc_hi_{n}"] = dataframe["high"].rolling(n).max().shift(1)
/freqtrade/user_data/strategies/TrendVolTarget.py:50: PerformanceWarning: DataFrame is highly fragmented.  This is usually the result of calling `frame.insert` many times, which has poor performance.  Consider joining all columns at once using pd.concat(axis=1) instead. To get a de-fragmented frame, use `newframe = frame.copy()`
  dataframe[f"dc_hi_{n}"] = dataframe["high"].rolling(n).max().shift(1)
/freqtrade/user_data/strategies/TrendVolTarget.py:50: PerformanceWarning: DataFrame is highly fragmented.  This is usually the result of calling `frame.insert` many times, which has poor performance.  Consider joining all columns at once using pd.concat(axis=1) instead. To get a de-fragmented frame, use `newframe = frame.copy()`
  dataframe[f"dc_hi_{n}"] = dataframe["high"].rolling(n).max().shift(1)
/freqtrade/user_data/strategies/TrendVolTarget.py:50: PerformanceWarning: DataFrame is highly fragmented.  This is usually the result of calling `frame.insert` many times, which has poor performance.  Consider joining all columns at once using pd.concat(axis=1) instead. To get a de-fragmented frame, use `newframe = frame.copy()`
  dataframe[f"dc_hi_{n}"] = dataframe["high"].rolling(n).max().shift(1)
/freqtrade/user_data/strategies/TrendVolTarget.py:50: PerformanceWarning: DataFrame is highly fragmented.  This is usually the result of calling `frame.insert` many times, which has poor performance.  Consider joining all columns at once using pd.concat(axis=1) instead. To get a de-fragmented frame, use `newframe = frame.copy()`
  dataframe[f"dc_hi_{n}"] = dataframe["high"].rolling(n).max().shift(1)
/freqtrade/user_data/strategies/TrendVolTarget.py:50: PerformanceWarning: DataFrame is highly fragmented.  This is usually the result of calling `frame.insert` many times, which has poor performance.  Consider joining all columns at once using pd.concat(axis=1) instead. To get a de-fragmented frame, use `newframe = frame.copy()`
  dataframe[f"dc_hi_{n}"] = dataframe["high"].rolling(n).max().shift(1)
/freqtrade/user_data/strategies/TrendVolTarget.py:50: PerformanceWarning: DataFrame is highly fragmented.  This is usually the result of calling `frame.insert` many times, which has poor performance.  Consider joining all columns at once using pd.concat(axis=1) instead. To get a de-fragmented frame, use `newframe = frame.copy()`
  dataframe[f"dc_hi_{n}"] = dataframe["high"].rolling(n).max().shift(1)
/freqtrade/user_data/strategies/TrendVolTarget.py:50: PerformanceWarning: DataFrame is highly fragmented.  This is usually the result of calling `frame.insert` many times, which has poor performance.  Consider joining all columns at once using pd.concat(axis=1) instead. To get a de-fragmented frame, use `newframe = frame.copy()`
  dataframe[f"dc_hi_{n}"] = dataframe["high"].rolling(n).max().shift(1)
/freqtrade/user_data/strategies/TrendVolTarget.py:50: PerformanceWarning: DataFrame is highly fragmented.  This is usually the result of calling `frame.insert` many times, which has poor performance.  Consider joining all columns at once using pd.concat(axis=1) instead. To get a de-fragmented frame, use `newframe = frame.copy()`
  dataframe[f"dc_hi_{n}"] = dataframe["high"].rolling(n).max().shift(1)
/freqtrade/user_data/strategies/TrendVolTarget.py:50: PerformanceWarning: DataFrame is highly fragmented.  This is usually the result of calling `frame.insert` many times, which has poor performance.  Consider joining all columns at once using pd.concat(axis=1) instead. To get a de-fragmented frame, use `newframe = frame.copy()`
  dataframe[f"dc_hi_{n}"] = dataframe["high"].rolling(n).max().shift(1)
/freqtrade/user_data/strategies/TrendVolTarget.py:50: PerformanceWarning: DataFrame is highly fragmented.  This is usually the result of calling `frame.insert` many times, which has poor performance.  Consider joining all columns at once using pd.concat(axis=1) instead. To get a de-fragmented frame, use `newframe = frame.copy()`
  dataframe[f"dc_hi_{n}"] = dataframe["high"].rolling(n).max().shift(1)
/freqtrade/user_data/strategies/TrendVolTarget.py:50: PerformanceWarning: DataFrame is highly fragmented.  This is usually the result of calling `frame.insert` many times, which has poor performance.  Consider joining all columns at once using pd.concat(axis=1) instead. To get a de-fragmented frame, use `newframe = frame.copy()`
  dataframe[f"dc_hi_{n}"] = dataframe["high"].rolling(n).max().shift(1)
/freqtrade/user_data/strategies/TrendVolTarget.py:50: PerformanceWarning: DataFrame is highly fragmented.  This is usually the result of calling `frame.insert` many times, which has poor performance.  Consider joining all columns at once using pd.concat(axis=1) instead. To get a de-fragmented frame, use `newframe = frame.copy()`
  dataframe[f"dc_hi_{n}"] = dataframe["high"].rolling(n).max().shift(1)
/freqtrade/user_data/strategies/TrendVolTarget.py:50: PerformanceWarning: DataFrame is highly fragmented.  This is usually the result of calling `frame.insert` many times, which has poor performance.  Consider joining all columns at once using pd.concat(axis=1) instead. To get a de-fragmented frame, use `newframe = frame.copy()`
  dataframe[f"dc_hi_{n}"] = dataframe["high"].rolling(n).max().shift(1)
/freqtrade/user_data/strategies/TrendVolTarget.py:50: PerformanceWarning: DataFrame is highly fragmented.  This is usually the result of calling `frame.insert` many times, which has poor performance.  Consider joining all columns at once using pd.concat(axis=1) instead. To get a de-fragmented frame, use `newframe = frame.copy()`
  dataframe[f"dc_hi_{n}"] = dataframe["high"].rolling(n).max().shift(1)
/freqtrade/user_data/strategies/TrendVolTarget.py:50: PerformanceWarning: DataFrame is highly fragmented.  This is usually the result of calling `frame.insert` many times, which has poor performance.  Consider joining all columns at once using pd.concat(axis=1) instead. To get a de-fragmented frame, use `newframe = frame.copy()`
  dataframe[f"dc_hi_{n}"] = dataframe["high"].rolling(n).max().shift(1)
/freqtrade/user_data/strategies/TrendVolTarget.py:50: PerformanceWarning: DataFrame is highly fragmented.  This is usually the result of calling `frame.insert` many times, which has poor performance.  Consider joining all columns at once using pd.concat(axis=1) instead. To get a de-fragmented frame, use `newframe = frame.copy()`
  dataframe[f"dc_hi_{n}"] = dataframe["high"].rolling(n).max().shift(1)
/freqtrade/user_data/strategies/TrendVolTarget.py:50: PerformanceWarning: DataFrame is highly fragmented.  This is usually the result of calling `frame.insert` many times, which has poor performance.  Consider joining all columns at once using pd.concat(axis=1) instead. To get a de-fragmented frame, use `newframe = frame.copy()`
  dataframe[f"dc_hi_{n}"] = dataframe["high"].rolling(n).max().shift(1)
/freqtrade/user_data/strategies/TrendVolTarget.py:50: PerformanceWarning: DataFrame is highly fragmented.  This is usually the result of calling `frame.insert` many times, which has poor performance.  Consider joining all columns at once using pd.concat(axis=1) instead. To get a de-fragmented frame, use `newframe = frame.copy()`
  dataframe[f"dc_hi_{n}"] = dataframe["high"].rolling(n).max().shift(1)
/freqtrade/user_data/strategies/TrendVolTarget.py:50: PerformanceWarning: DataFrame is highly fragmented.  This is usually the result of calling `frame.insert` many times, which has poor performance.  Consider joining all columns at once using pd.concat(axis=1) instead. To get a de-fragmented frame, use `newframe = frame.copy()`
  dataframe[f"dc_hi_{n}"] = dataframe["high"].rolling(n).max().shift(1)
/freqtrade/user_data/strategies/TrendVolTarget.py:50: PerformanceWarning: DataFrame is highly fragmented.  This is usually the result of calling `frame.insert` many times, which has poor performance.  Consider joining all columns at once using pd.concat(axis=1) instead. To get a de-fragmented frame, use `newframe = frame.copy()`
  dataframe[f"dc_hi_{n}"] = dataframe["high"].rolling(n).max().shift(1)
/freqtrade/user_data/strategies/TrendVolTarget.py:50: PerformanceWarning: DataFrame is highly fragmented.  This is usually the result of calling `frame.insert` many times, which has poor performance.  Consider joining all columns at once using pd.concat(axis=1) instead. To get a de-fragmented frame, use `newframe = frame.copy()`
  dataframe[f"dc_hi_{n}"] = dataframe["high"].rolling(n).max().shift(1)
/freqtrade/user_data/strategies/TrendVolTarget.py:50: PerformanceWarning: DataFrame is highly fragmented.  This is usually the result of calling `frame.insert` many times, which has poor performance.  Consider joining all columns at once using pd.concat(axis=1) instead. To get a de-fragmented frame, use `newframe = frame.copy()`
  dataframe[f"dc_hi_{n}"] = dataframe["high"].rolling(n).max().shift(1)
/freqtrade/user_data/strategies/TrendVolTarget.py:50: PerformanceWarning: DataFrame is highly fragmented.  This is usually the result of calling `frame.insert` many times, which has poor performance.  Consider joining all columns at once using pd.concat(axis=1) instead. To get a de-fragmented frame, use `newframe = frame.copy()`
  dataframe[f"dc_hi_{n}"] = dataframe["high"].rolling(n).max().shift(1)
/freqtrade/user_data/strategies/TrendVolTarget.py:50: PerformanceWarning: DataFrame is highly fragmented.  This is usually the result of calling `frame.insert` many times, which has poor performance.  Consider joining all columns at once using pd.concat(axis=1) instead. To get a de-fragmented frame, use `newframe = frame.copy()`
  dataframe[f"dc_hi_{n}"] = dataframe["high"].rolling(n).max().shift(1)
/freqtrade/user_data/strategies/TrendVolTarget.py:50: PerformanceWarning: DataFrame is highly fragmented.  This is usually the result of calling `frame.insert` many times, which has poor performance.  Consider joining all columns at once using pd.concat(axis=1) instead. To get a de-fragmented frame, use `newframe = frame.copy()`
  dataframe[f"dc_hi_{n}"] = dataframe["high"].rolling(n).max().shift(1)
/freqtrade/user_data/strategies/TrendVolTarget.py:50: PerformanceWarning: DataFrame is highly fragmented.  This is usually the result of calling `frame.insert` many times, which has poor performance.  Consider joining all columns at once using pd.concat(axis=1) instead. To get a de-fragmented frame, use `newframe = frame.copy()`
  dataframe[f"dc_hi_{n}"] = dataframe["high"].rolling(n).max().shift(1)
/freqtrade/user_data/strategies/TrendVolTarget.py:50: PerformanceWarning: DataFrame is highly fragmented.  This is usually the result of calling `frame.insert` many times, which has poor performance.  Consider joining all columns at once using pd.concat(axis=1) instead. To get a de-fragmented frame, use `newframe = frame.copy()`
  dataframe[f"dc_hi_{n}"] = dataframe["high"].rolling(n).max().shift(1)
/freqtrade/user_data/strategies/TrendVolTarget.py:50: PerformanceWarning: DataFrame is highly fragmented.  This is usually the result of calling `frame.insert` many times, which has poor performance.  Consider joining all columns at once using pd.concat(axis=1) instead. To get a de-fragmented frame, use `newframe = frame.copy()`
  dataframe[f"dc_hi_{n}"] = dataframe["high"].rolling(n).max().shift(1)
/freqtrade/user_data/strategies/TrendVolTarget.py:50: PerformanceWarning: DataFrame is highly fragmented.  This is usually the result of calling `frame.insert` many times, which has poor performance.  Consider joining all columns at once using pd.concat(axis=1) instead. To get a de-fragmented frame, use `newframe = frame.copy()`
  dataframe[f"dc_hi_{n}"] = dataframe["high"].rolling(n).max().shift(1)
/freqtrade/user_data/strategies/TrendVolTarget.py:50: PerformanceWarning: DataFrame is highly fragmented.  This is usually the result of calling `frame.insert` many times, which has poor performance.  Consider joining all columns at once using pd.concat(axis=1) instead. To get a de-fragmented frame, use `newframe = frame.copy()`
  dataframe[f"dc_hi_{n}"] = dataframe["high"].rolling(n).max().shift(1)
/freqtrade/user_data/strategies/TrendVolTarget.py:50: PerformanceWarning: DataFrame is highly fragmented.  This is usually the result of calling `frame.insert` many times, which has poor performance.  Consider joining all columns at once using pd.concat(axis=1) instead. To get a de-fragmented frame, use `newframe = frame.copy()`
  dataframe[f"dc_hi_{n}"] = dataframe["high"].rolling(n).max().shift(1)
/freqtrade/user_data/strategies/TrendVolTarget.py:50: PerformanceWarning: DataFrame is highly fragmented.  This is usually the result of calling `frame.insert` many times, which has poor performance.  Consider joining all columns at once using pd.concat(axis=1) instead. To get a de-fragmented frame, use `newframe = frame.copy()`
  dataframe[f"dc_hi_{n}"] = dataframe["high"].rolling(n).max().shift(1)
/freqtrade/user_data/strategies/TrendVolTarget.py:50: PerformanceWarning: DataFrame is highly fragmented.  This is usually the result of calling `frame.insert` many times, which has poor performance.  Consider joining all columns at once using pd.concat(axis=1) instead. To get a de-fragmented frame, use `newframe = frame.copy()`
  dataframe[f"dc_hi_{n}"] = dataframe["high"].rolling(n).max().shift(1)
/freqtrade/user_data/strategies/TrendVolTarget.py:50: PerformanceWarning: DataFrame is highly fragmented.  This is usually the result of calling `frame.insert` many times, which has poor performance.  Consider joining all columns at once using pd.concat(axis=1) instead. To get a de-fragmented frame, use `newframe = frame.copy()`
  dataframe[f"dc_hi_{n}"] = dataframe["high"].rolling(n).max().shift(1)
/freqtrade/user_data/strategies/TrendVolTarget.py:50: PerformanceWarning: DataFrame is highly fragmented.  This is usually the result of calling `frame.insert` many times, which has poor performance.  Consider joining all columns at once using pd.concat(axis=1) instead. To get a de-fragmented frame, use `newframe = frame.copy()`
  dataframe[f"dc_hi_{n}"] = dataframe["high"].rolling(n).max().shift(1)
/freqtrade/user_data/strategies/TrendVolTarget.py:50: PerformanceWarning: DataFrame is highly fragmented.  This is usually the result of calling `frame.insert` many times, which has poor performance.  Consider joining all columns at once using pd.concat(axis=1) instead. To get a de-fragmented frame, use `newframe = frame.copy()`
  dataframe[f"dc_hi_{n}"] = dataframe["high"].rolling(n).max().shift(1)
/freqtrade/user_data/strategies/TrendVolTarget.py:50: PerformanceWarning: DataFrame is highly fragmented.  This is usually the result of calling `frame.insert` many times, which has poor performance.  Consider joining all columns at once using pd.concat(axis=1) instead. To get a de-fragmented frame, use `newframe = frame.copy()`
  dataframe[f"dc_hi_{n}"] = dataframe["high"].rolling(n).max().shift(1)
/freqtrade/user_data/strategies/TrendVolTarget.py:50: PerformanceWarning: DataFrame is highly fragmented.  This is usually the result of calling `frame.insert` many times, which has poor performance.  Consider joining all columns at once using pd.concat(axis=1) instead. To get a de-fragmented frame, use `newframe = frame.copy()`
  dataframe[f"dc_hi_{n}"] = dataframe["high"].rolling(n).max().shift(1)
/freqtrade/user_data/strategies/TrendVolTarget.py:50: PerformanceWarning: DataFrame is highly fragmented.  This is usually the result of calling `frame.insert` many times, which has poor performance.  Consider joining all columns at once using pd.concat(axis=1) instead. To get a de-fragmented frame, use `newframe = frame.copy()`
  dataframe[f"dc_hi_{n}"] = dataframe["high"].rolling(n).max().shift(1)
/freqtrade/user_data/strategies/TrendVolTarget.py:50: PerformanceWarning: DataFrame is highly fragmented.  This is usually the result of calling `frame.insert` many times, which has poor performance.  Consider joining all columns at once using pd.concat(axis=1) instead. To get a de-fragmented frame, use `newframe = frame.copy()`
  dataframe[f"dc_hi_{n}"] = dataframe["high"].rolling(n).max().shift(1)
/freqtrade/user_data/strategies/TrendVolTarget.py:50: PerformanceWarning: DataFrame is highly fragmented.  This is usually the result of calling `frame.insert` many times, which has poor performance.  Consider joining all columns at once using pd.concat(axis=1) instead. To get a de-fragmented frame, use `newframe = frame.copy()`
  dataframe[f"dc_hi_{n}"] = dataframe["high"].rolling(n).max().shift(1)
/freqtrade/user_data/strategies/TrendVolTarget.py:50: PerformanceWarning: DataFrame is highly fragmented.  This is usually the result of calling `frame.insert` many times, which has poor performance.  Consider joining all columns at once using pd.concat(axis=1) instead. To get a de-fragmented frame, use `newframe = frame.copy()`
  dataframe[f"dc_hi_{n}"] = dataframe["high"].rolling(n).max().shift(1)
/freqtrade/user_data/strategies/TrendVolTarget.py:50: PerformanceWarning: DataFrame is highly fragmented.  This is usually the result of calling `frame.insert` many times, which has poor performance.  Consider joining all columns at once using pd.concat(axis=1) instead. To get a de-fragmented frame, use `newframe = frame.copy()`
  dataframe[f"dc_hi_{n}"] = dataframe["high"].rolling(n).max().shift(1)
/freqtrade/user_data/strategies/TrendVolTarget.py:50: PerformanceWarning: DataFrame is highly fragmented.  This is usually the result of calling `frame.insert` many times, which has poor performance.  Consider joining all columns at once using pd.concat(axis=1) instead. To get a de-fragmented frame, use `newframe = frame.copy()`
  dataframe[f"dc_hi_{n}"] = dataframe["high"].rolling(n).max().shift(1)
/freqtrade/user_data/strategies/TrendVolTarget.py:50: PerformanceWarning: DataFrame is highly fragmented.  This is usually the result of calling `frame.insert` many times, which has poor performance.  Consider joining all columns at once using pd.concat(axis=1) instead. To get a de-fragmented frame, use `newframe = frame.copy()`
  dataframe[f"dc_hi_{n}"] = dataframe["high"].rolling(n).max().shift(1)
/freqtrade/user_data/strategies/TrendVolTarget.py:53: PerformanceWarning: DataFrame is highly fragmented.  This is usually the result of calling `frame.insert` many times, which has poor performance.  Consider joining all columns at once using pd.concat(axis=1) instead. To get a de-fragmented frame, use `newframe = frame.copy()`
  dataframe["sma_f"] = ta.SMA(dataframe, timeperiod=60)
/freqtrade/user_data/strategies/TrendVolTarget.py:54: PerformanceWarning: DataFrame is highly fragmented.  This is usually the result of calling `frame.insert` many times, which has poor performance.  Consider joining all columns at once using pd.concat(axis=1) instead. To get a de-fragmented frame, use `newframe = frame.copy()`
  dataframe["sma_s"] = ta.SMA(dataframe, timeperiod=240)
/freqtrade/user_data/strategies/TrendVolTarget.py:56: PerformanceWarning: DataFrame is highly fragmented.  This is usually the result of calling `frame.insert` many times, which has poor performance.  Consider joining all columns at once using pd.concat(axis=1) instead. To get a de-fragmented frame, use `newframe = frame.copy()`
  dataframe["rvol"] = dataframe["close"].pct_change().rolling(90).std() * np.sqrt(6 * 365)
/freqtrade/user_data/strategies/TrendVolTarget.py:50: PerformanceWarning: DataFrame is highly fragmented.  This is usually the result of calling `frame.insert` many times, which has poor performance.  Consider joining all columns at once using pd.concat(axis=1) instead. To get a de-fragmented frame, use `newframe = frame.copy()`
  dataframe[f"dc_hi_{n}"] = dataframe["high"].rolling(n).max().shift(1)
/freqtrade/user_data/strategies/TrendVolTarget.py:50: PerformanceWarning: DataFrame is highly fragmented.  This is usually the result of calling `frame.insert` many times, which has poor performance.  Consider joining all columns at once using pd.concat(axis=1) instead. To get a de-fragmented frame, use `newframe = frame.copy()`
  dataframe[f"dc_hi_{n}"] = dataframe["high"].rolling(n).max().shift(1)
/freqtrade/user_data/strategies/TrendVolTarget.py:50: PerformanceWarning: DataFrame is highly fragmented.  This is usually the result of calling `frame.insert` many times, which has poor performance.  Consider joining all columns at once using pd.concat(axis=1) instead. To get a de-fragmented frame, use `newframe = frame.copy()`
  dataframe[f"dc_hi_{n}"] = dataframe["high"].rolling(n).max().shift(1)
/freqtrade/user_data/strategies/TrendVolTarget.py:50: PerformanceWarning: DataFrame is highly fragmented.  This is usually the result of calling `frame.insert` many times, which has poor performance.  Consider joining all columns at once using pd.concat(axis=1) instead. To get a de-fragmented frame, use `newframe = frame.copy()`
  dataframe[f"dc_hi_{n}"] = dataframe["high"].rolling(n).max().shift(1)
/freqtrade/user_data/strategies/TrendVolTarget.py:50: PerformanceWarning: DataFrame is highly fragmented.  This is usually the result of calling `frame.insert` many times, which has poor performance.  Consider joining all columns at once using pd.concat(axis=1) instead. To get a de-fragmented frame, use `newframe = frame.copy()`
  dataframe[f"dc_hi_{n}"] = dataframe["high"].rolling(n).max().shift(1)
/freqtrade/user_data/strategies/TrendVolTarget.py:50: PerformanceWarning: DataFrame is highly fragmented.  This is usually the result of calling `frame.insert` many times, which has poor performance.  Consider joining all columns at once using pd.concat(axis=1) instead. To get a de-fragmented frame, use `newframe = frame.copy()`
  dataframe[f"dc_hi_{n}"] = dataframe["high"].rolling(n).max().shift(1)
/freqtrade/user_data/strategies/TrendVolTarget.py:50: PerformanceWarning: DataFrame is highly fragmented.  This is usually the result of calling `frame.insert` many times, which has poor performance.  Consider joining all columns at once using pd.concat(axis=1) instead. To get a de-fragmented frame, use `newframe = frame.copy()`
  dataframe[f"dc_hi_{n}"] = dataframe["high"].rolling(n).max().shift(1)
/freqtrade/user_data/strategies/TrendVolTarget.py:50: PerformanceWarning: DataFrame is highly fragmented.  This is usually the result of calling `frame.insert` many times, which has poor performance.  Consider joining all columns at once using pd.concat(axis=1) instead. To get a de-fragmented frame, use `newframe = frame.copy()`
  dataframe[f"dc_hi_{n}"] = dataframe["high"].rolling(n).max().shift(1)
/freqtrade/user_data/strategies/TrendVolTarget.py:50: PerformanceWarning: DataFrame is highly fragmented.  This is usually the result of calling `frame.insert` many times, which has poor performance.  Consider joining all columns at once using pd.concat(axis=1) instead. To get a de-fragmented frame, use `newframe = frame.copy()`
  dataframe[f"dc_hi_{n}"] = dataframe["high"].rolling(n).max().shift(1)
/freqtrade/user_data/strategies/TrendVolTarget.py:50: PerformanceWarning: DataFrame is highly fragmented.  This is usually the result of calling `frame.insert` many times, which has poor performance.  Consider joining all columns at once using pd.concat(axis=1) instead. To get a de-fragmented frame, use `newframe = frame.copy()`
  dataframe[f"dc_hi_{n}"] = dataframe["high"].rolling(n).max().shift(1)
/freqtrade/user_data/strategies/TrendVolTarget.py:50: PerformanceWarning: DataFrame is highly fragmented.  This is usually the result of calling `frame.insert` many times, which has poor performance.  Consider joining all columns at once using pd.concat(axis=1) instead. To get a de-fragmented frame, use `newframe = frame.copy()`
  dataframe[f"dc_hi_{n}"] = dataframe["high"].rolling(n).max().shift(1)
/freqtrade/user_data/strategies/TrendVolTarget.py:50: PerformanceWarning: DataFrame is highly fragmented.  This is usually the result of calling `frame.insert` many times, which has poor performance.  Consider joining all columns at once using pd.concat(axis=1) instead. To get a de-fragmented frame, use `newframe = frame.copy()`
  dataframe[f"dc_hi_{n}"] = dataframe["high"].rolling(n).max().shift(1)
/freqtrade/user_data/strategies/TrendVolTarget.py:50: PerformanceWarning: DataFrame is highly fragmented.  This is usually the result of calling `frame.insert` many times, which has poor performance.  Consider joining all columns at once using pd.concat(axis=1) instead. To get a de-fragmented frame, use `newframe = frame.copy()`
  dataframe[f"dc_hi_{n}"] = dataframe["high"].rolling(n).max().shift(1)
/freqtrade/user_data/strategies/TrendVolTarget.py:50: PerformanceWarning: DataFrame is highly fragmented.  This is usually the result of calling `frame.insert` many times, which has poor performance.  Consider joining all columns at once using pd.concat(axis=1) instead. To get a de-fragmented frame, use `newframe = frame.copy()`
  dataframe[f"dc_hi_{n}"] = dataframe["high"].rolling(n).max().shift(1)
/freqtrade/user_data/strategies/TrendVolTarget.py:50: PerformanceWarning: DataFrame is highly fragmented.  This is usually the result of calling `frame.insert` many times, which has poor performance.  Consider joining all columns at once using pd.concat(axis=1) instead. To get a de-fragmented frame, use `newframe = frame.copy()`
  dataframe[f"dc_hi_{n}"] = dataframe["high"].rolling(n).max().shift(1)
/freqtrade/user_data/strategies/TrendVolTarget.py:50: PerformanceWarning: DataFrame is highly fragmented.  This is usually the result of calling `frame.insert` many times, which has poor performance.  Consider joining all columns at once using pd.concat(axis=1) instead. To get a de-fragmented frame, use `newframe = frame.copy()`
  dataframe[f"dc_hi_{n}"] = dataframe["high"].rolling(n).max().shift(1)
/freqtrade/user_data/strategies/TrendVolTarget.py:50: PerformanceWarning: DataFrame is highly fragmented.  This is usually the result of calling `frame.insert` many times, which has poor performance.  Consider joining all columns at once using pd.concat(axis=1) instead. To get a de-fragmented frame, use `newframe = frame.copy()`
  dataframe[f"dc_hi_{n}"] = dataframe["high"].rolling(n).max().shift(1)
/freqtrade/user_data/strategies/TrendVolTarget.py:50: PerformanceWarning: DataFrame is highly fragmented.  This is usually the result of calling `frame.insert` many times, which has poor performance.  Consider joining all columns at once using pd.concat(axis=1) instead. To get a de-fragmented frame, use `newframe = frame.copy()`
  dataframe[f"dc_hi_{n}"] = dataframe["high"].rolling(n).max().shift(1)
/freqtrade/user_data/strategies/TrendVolTarget.py:50: PerformanceWarning: DataFrame is highly fragmented.  This is usually the result of calling `frame.insert` many times, which has poor performance.  Consider joining all columns at once using pd.concat(axis=1) instead. To get a de-fragmented frame, use `newframe = frame.copy()`
  dataframe[f"dc_hi_{n}"] = dataframe["high"].rolling(n).max().shift(1)
/freqtrade/user_data/strategies/TrendVolTarget.py:50: PerformanceWarning: DataFrame is highly fragmented.  This is usually the result of calling `frame.insert` many times, which has poor performance.  Consider joining all columns at once using pd.concat(axis=1) instead. To get a de-fragmented frame, use `newframe = frame.copy()`
  dataframe[f"dc_hi_{n}"] = dataframe["high"].rolling(n).max().shift(1)
/freqtrade/user_data/strategies/TrendVolTarget.py:50: PerformanceWarning: DataFrame is highly fragmented.  This is usually the result of calling `frame.insert` many times, which has poor performance.  Consider joining all columns at once using pd.concat(axis=1) instead. To get a de-fragmented frame, use `newframe = frame.copy()`
  dataframe[f"dc_hi_{n}"] = dataframe["high"].rolling(n).max().shift(1)
/freqtrade/user_data/strategies/TrendVolTarget.py:50: PerformanceWarning: DataFrame is highly fragmented.  This is usually the result of calling `frame.insert` many times, which has poor performance.  Consider joining all columns at once using pd.concat(axis=1) instead. To get a de-fragmented frame, use `newframe = frame.copy()`
  dataframe[f"dc_hi_{n}"] = dataframe["high"].rolling(n).max().shift(1)
/freqtrade/user_data/strategies/TrendVolTarget.py:50: PerformanceWarning: DataFrame is highly fragmented.  This is usually the result of calling `frame.insert` many times, which has poor performance.  Consider joining all columns at once using pd.concat(axis=1) instead. To get a de-fragmented frame, use `newframe = frame.copy()`
  dataframe[f"dc_hi_{n}"] = dataframe["high"].rolling(n).max().shift(1)
/freqtrade/user_data/strategies/TrendVolTarget.py:50: PerformanceWarning: DataFrame is highly fragmented.  This is usually the result of calling `frame.insert` many times, which has poor performance.  Consider joining all columns at once using pd.concat(axis=1) instead. To get a de-fragmented frame, use `newframe = frame.copy()`
  dataframe[f"dc_hi_{n}"] = dataframe["high"].rolling(n).max().shift(1)
/freqtrade/user_data/strategies/TrendVolTarget.py:50: PerformanceWarning: DataFrame is highly fragmented.  This is usually the result of calling `frame.insert` many times, which has poor performance.  Consider joining all columns at once using pd.concat(axis=1) instead. To get a de-fragmented frame, use `newframe = frame.copy()`
  dataframe[f"dc_hi_{n}"] = dataframe["high"].rolling(n).max().shift(1)
/freqtrade/user_data/strategies/TrendVolTarget.py:50: PerformanceWarning: DataFrame is highly fragmented.  This is usually the result of calling `frame.insert` many times, which has poor performance.  Consider joining all columns at once using pd.concat(axis=1) instead. To get a de-fragmented frame, use `newframe = frame.copy()`
  dataframe[f"dc_hi_{n}"] = dataframe["high"].rolling(n).max().shift(1)
/freqtrade/user_data/strategies/TrendVolTarget.py:50: PerformanceWarning: DataFrame is highly fragmented.  This is usually the result of calling `frame.insert` many times, which has poor performance.  Consider joining all columns at once using pd.concat(axis=1) instead. To get a de-fragmented frame, use `newframe = frame.copy()`
  dataframe[f"dc_hi_{n}"] = dataframe["high"].rolling(n).max().shift(1)
/freqtrade/user_data/strategies/TrendVolTarget.py:50: PerformanceWarning: DataFrame is highly fragmented.  This is usually the result of calling `frame.insert` many times, which has poor performance.  Consider joining all columns at once using pd.concat(axis=1) instead. To get a de-fragmented frame, use `newframe = frame.copy()`
  dataframe[f"dc_hi_{n}"] = dataframe["high"].rolling(n).max().shift(1)
/freqtrade/user_data/strategies/TrendVolTarget.py:50: PerformanceWarning: DataFrame is highly fragmented.  This is usually the result of calling `frame.insert` many times, which has poor performance.  Consider joining all columns at once using pd.concat(axis=1) instead. To get a de-fragmented frame, use `newframe = frame.copy()`
  dataframe[f"dc_hi_{n}"] = dataframe["high"].rolling(n).max().shift(1)
/freqtrade/user_data/strategies/TrendVolTarget.py:50: PerformanceWarning: DataFrame is highly fragmented.  This is usually the result of calling `frame.insert` many times, which has poor performance.  Consider joining all columns at once using pd.concat(axis=1) instead. To get a de-fragmented frame, use `newframe = frame.copy()`
  dataframe[f"dc_hi_{n}"] = dataframe["high"].rolling(n).max().shift(1)
/freqtrade/user_data/strategies/TrendVolTarget.py:50: PerformanceWarning: DataFrame is highly fragmented.  This is usually the result of calling `frame.insert` many times, which has poor performance.  Consider joining all columns at once using pd.concat(axis=1) instead. To get a de-fragmented frame, use `newframe = frame.copy()`
  dataframe[f"dc_hi_{n}"] = dataframe["high"].rolling(n).max().shift(1)
/freqtrade/user_data/strategies/TrendVolTarget.py:50: PerformanceWarning: DataFrame is highly fragmented.  This is usually the result of calling `frame.insert` many times, which has poor performance.  Consider joining all columns at once using pd.concat(axis=1) instead. To get a de-fragmented frame, use `newframe = frame.copy()`
  dataframe[f"dc_hi_{n}"] = dataframe["high"].rolling(n).max().shift(1)
/freqtrade/user_data/strategies/TrendVolTarget.py:50: PerformanceWarning: DataFrame is highly fragmented.  This is usually the result of calling `frame.insert` many times, which has poor performance.  Consider joining all columns at once using pd.concat(axis=1) instead. To get a de-fragmented frame, use `newframe = frame.copy()`
  dataframe[f"dc_hi_{n}"] = dataframe["high"].rolling(n).max().shift(1)
/freqtrade/user_data/strategies/TrendVolTarget.py:50: PerformanceWarning: DataFrame is highly fragmented.  This is usually the result of calling `frame.insert` many times, which has poor performance.  Consider joining all columns at once using pd.concat(axis=1) instead. To get a de-fragmented frame, use `newframe = frame.copy()`
  dataframe[f"dc_hi_{n}"] = dataframe["high"].rolling(n).max().shift(1)
/freqtrade/user_data/strategies/TrendVolTarget.py:50: PerformanceWarning: DataFrame is highly fragmented.  This is usually the result of calling `frame.insert` many times, which has poor performance.  Consider joining all columns at once using pd.concat(axis=1) instead. To get a de-fragmented frame, use `newframe = frame.copy()`
  dataframe[f"dc_hi_{n}"] = dataframe["high"].rolling(n).max().shift(1)
/freqtrade/user_data/strategies/TrendVolTarget.py:50: PerformanceWarning: DataFrame is highly fragmented.  This is usually the result of calling `frame.insert` many times, which has poor performance.  Consider joining all columns at once using pd.concat(axis=1) instead. To get a de-fragmented frame, use `newframe = frame.copy()`
  dataframe[f"dc_hi_{n}"] = dataframe["high"].rolling(n).max().shift(1)
/freqtrade/user_data/strategies/TrendVolTarget.py:50: PerformanceWarning: DataFrame is highly fragmented.  This is usually the result of calling `frame.insert` many times, which has poor performance.  Consider joining all columns at once using pd.concat(axis=1) instead. To get a de-fragmented frame, use `newframe = frame.copy()`
  dataframe[f"dc_hi_{n}"] = dataframe["high"].rolling(n).max().shift(1)
/freqtrade/user_data/strategies/TrendVolTarget.py:50: PerformanceWarning: DataFrame is highly fragmented.  This is usually the result of calling `frame.insert` many times, which has poor performance.  Consider joining all columns at once using pd.concat(axis=1) instead. To get a de-fragmented frame, use `newframe = frame.copy()`
  dataframe[f"dc_hi_{n}"] = dataframe["high"].rolling(n).max().shift(1)
/freqtrade/user_data/strategies/TrendVolTarget.py:50: PerformanceWarning: DataFrame is highly fragmented.  This is usually the result of calling `frame.insert` many times, which has poor performance.  Consider joining all columns at once using pd.concat(axis=1) instead. To get a de-fragmented frame, use `newframe = frame.copy()`
  dataframe[f"dc_hi_{n}"] = dataframe["high"].rolling(n).max().shift(1)
/freqtrade/user_data/strategies/TrendVolTarget.py:50: PerformanceWarning: DataFrame is highly fragmented.  This is usually the result of calling `frame.insert` many times, which has poor performance.  Consider joining all columns at once using pd.concat(axis=1) instead. To get a de-fragmented frame, use `newframe = frame.copy()`
  dataframe[f"dc_hi_{n}"] = dataframe["high"].rolling(n).max().shift(1)
/freqtrade/user_data/strategies/TrendVolTarget.py:50: PerformanceWarning: DataFrame is highly fragmented.  This is usually the result of calling `frame.insert` many times, which has poor performance.  Consider joining all columns at once using pd.concat(axis=1) instead. To get a de-fragmented frame, use `newframe = frame.copy()`
  dataframe[f"dc_hi_{n}"] = dataframe["high"].rolling(n).max().shift(1)
/freqtrade/user_data/strategies/TrendVolTarget.py:50: PerformanceWarning: DataFrame is highly fragmented.  This is usually the result of calling `frame.insert` many times, which has poor performance.  Consider joining all columns at once using pd.concat(axis=1) instead. To get a de-fragmented frame, use `newframe = frame.copy()`
  dataframe[f"dc_hi_{n}"] = dataframe["high"].rolling(n).max().shift(1)
/freqtrade/user_data/strategies/TrendVolTarget.py:50: PerformanceWarning: DataFrame is highly fragmented.  This is usually the result of calling `frame.insert` many times, which has poor performance.  Consider joining all columns at once using pd.concat(axis=1) instead. To get a de-fragmented frame, use `newframe = frame.copy()`
  dataframe[f"dc_hi_{n}"] = dataframe["high"].rolling(n).max().shift(1)
/freqtrade/user_data/strategies/TrendVolTarget.py:50: PerformanceWarning: DataFrame is highly fragmented.  This is usually the result of calling `frame.insert` many times, which has poor performance.  Consider joining all columns at once using pd.concat(axis=1) instead. To get a de-fragmented frame, use `newframe = frame.copy()`
  dataframe[f"dc_hi_{n}"] = dataframe["high"].rolling(n).max().shift(1)
/freqtrade/user_data/strategies/TrendVolTarget.py:50: PerformanceWarning: DataFrame is highly fragmented.  This is usually the result of calling `frame.insert` many times, which has poor performance.  Consider joining all columns at once using pd.concat(axis=1) instead. To get a de-fragmented frame, use `newframe = frame.copy()`
  dataframe[f"dc_hi_{n}"] = dataframe["high"].rolling(n).max().shift(1)
/freqtrade/user_data/strategies/TrendVolTarget.py:50: PerformanceWarning: DataFrame is highly fragmented.  This is usually the result of calling `frame.insert` many times, which has poor performance.  Consider joining all columns at once using pd.concat(axis=1) instead. To get a de-fragmented frame, use `newframe = frame.copy()`
  dataframe[f"dc_hi_{n}"] = dataframe["high"].rolling(n).max().shift(1)
/freqtrade/user_data/strategies/TrendVolTarget.py:50: PerformanceWarning: DataFrame is highly fragmented.  This is usually the result of calling `frame.insert` many times, which has poor performance.  Consider joining all columns at once using pd.concat(axis=1) instead. To get a de-fragmented frame, use `newframe = frame.copy()`
  dataframe[f"dc_hi_{n}"] = dataframe["high"].rolling(n).max().shift(1)
/freqtrade/user_data/strategies/TrendVolTarget.py:50: PerformanceWarning: DataFrame is highly fragmented.  This is usually the result of calling `frame.insert` many times, which has poor performance.  Consider joining all columns at once using pd.concat(axis=1) instead. To get a de-fragmented frame, use `newframe = frame.copy()`
  dataframe[f"dc_hi_{n}"] = dataframe["high"].rolling(n).max().shift(1)
/freqtrade/user_data/strategies/TrendVolTarget.py:50: PerformanceWarning: DataFrame is highly fragmented.  This is usually the result of calling `frame.insert` many times, which has poor performance.  Consider joining all columns at once using pd.concat(axis=1) instead. To get a de-fragmented frame, use `newframe = frame.copy()`
  dataframe[f"dc_hi_{n}"] = dataframe["high"].rolling(n).max().shift(1)
/freqtrade/user_data/strategies/TrendVolTarget.py:50: PerformanceWarning: DataFrame is highly fragmented.  This is usually the result of calling `frame.insert` many times, which has poor performance.  Consider joining all columns at once using pd.concat(axis=1) instead. To get a de-fragmented frame, use `newframe = frame.copy()`
  dataframe[f"dc_hi_{n}"] = dataframe["high"].rolling(n).max().shift(1)
/freqtrade/user_data/strategies/TrendVolTarget.py:50: PerformanceWarning: DataFrame is highly fragmented.  This is usually the result of calling `frame.insert` many times, which has poor performance.  Consider joining all columns at once using pd.concat(axis=1) instead. To get a de-fragmented frame, use `newframe = frame.copy()`
  dataframe[f"dc_hi_{n}"] = dataframe["high"].rolling(n).max().shift(1)
/freqtrade/user_data/strategies/TrendVolTarget.py:50: PerformanceWarning: DataFrame is highly fragmented.  This is usually the result of calling `frame.insert` many times, which has poor performance.  Consider joining all columns at once using pd.concat(axis=1) instead. To get a de-fragmented frame, use `newframe = frame.copy()`
  dataframe[f"dc_hi_{n}"] = dataframe["high"].rolling(n).max().shift(1)
/freqtrade/user_data/strategies/TrendVolTarget.py:50: PerformanceWarning: DataFrame is highly fragmented.  This is usually the result of calling `frame.insert` many times, which has poor performance.  Consider joining all columns at once using pd.concat(axis=1) instead. To get a de-fragmented frame, use `newframe = frame.copy()`
  dataframe[f"dc_hi_{n}"] = dataframe["high"].rolling(n).max().shift(1)
/freqtrade/user_data/strategies/TrendVolTarget.py:50: PerformanceWarning: DataFrame is highly fragmented.  This is usually the result of calling `frame.insert` many times, which has poor performance.  Consider joining all columns at once using pd.concat(axis=1) instead. To get a de-fragmented frame, use `newframe = frame.copy()`
  dataframe[f"dc_hi_{n}"] = dataframe["high"].rolling(n).max().shift(1)
/freqtrade/user_data/strategies/TrendVolTarget.py:50: PerformanceWarning: DataFrame is highly fragmented.  This is usually the result of calling `frame.insert` many times, which has poor performance.  Consider joining all columns at once using pd.concat(axis=1) instead. To get a de-fragmented frame, use `newframe = frame.copy()`
  dataframe[f"dc_hi_{n}"] = dataframe["high"].rolling(n).max().shift(1)
/freqtrade/user_data/strategies/TrendVolTarget.py:50: PerformanceWarning: DataFrame is highly fragmented.  This is usually the result of calling `frame.insert` many times, which has poor performance.  Consider joining all columns at once using pd.concat(axis=1) instead. To get a de-fragmented frame, use `newframe = frame.copy()`
  dataframe[f"dc_hi_{n}"] = dataframe["high"].rolling(n).max().shift(1)
/freqtrade/user_data/strategies/TrendVolTarget.py:50: PerformanceWarning: DataFrame is highly fragmented.  This is usually the result of calling `frame.insert` many times, which has poor performance.  Consider joining all columns at once using pd.concat(axis=1) instead. To get a de-fragmented frame, use `newframe = frame.copy()`
  dataframe[f"dc_hi_{n}"] = dataframe["high"].rolling(n).max().shift(1)
/freqtrade/user_data/strategies/TrendVolTarget.py:50: PerformanceWarning: DataFrame is highly fragmented.  This is usually the result of calling `frame.insert` many times, which has poor performance.  Consider joining all columns at once using pd.concat(axis=1) instead. To get a de-fragmented frame, use `newframe = frame.copy()`
  dataframe[f"dc_hi_{n}"] = dataframe["high"].rolling(n).max().shift(1)
/freqtrade/user_data/strategies/TrendVolTarget.py:50: PerformanceWarning: DataFrame is highly fragmented.  This is usually the result of calling `frame.insert` many times, which has poor performance.  Consider joining all columns at once using pd.concat(axis=1) instead. To get a de-fragmented frame, use `newframe = frame.copy()`
  dataframe[f"dc_hi_{n}"] = dataframe["high"].rolling(n).max().shift(1)
/freqtrade/user_data/strategies/TrendVolTarget.py:50: PerformanceWarning: DataFrame is highly fragmented.  This is usually the result of calling `frame.insert` many times, which has poor performance.  Consider joining all columns at once using pd.concat(axis=1) instead. To get a de-fragmented frame, use `newframe = frame.copy()`
  dataframe[f"dc_hi_{n}"] = dataframe["high"].rolling(n).max().shift(1)
/freqtrade/user_data/strategies/TrendVolTarget.py:50: PerformanceWarning: DataFrame is highly fragmented.  This is usually the result of calling `frame.insert` many times, which has poor performance.  Consider joining all columns at once using pd.concat(axis=1) instead. To get a de-fragmented frame, use `newframe = frame.copy()`
  dataframe[f"dc_hi_{n}"] = dataframe["high"].rolling(n).max().shift(1)
/freqtrade/user_data/strategies/TrendVolTarget.py:50: PerformanceWarning: DataFrame is highly fragmented.  This is usually the result of calling `frame.insert` many times, which has poor performance.  Consider joining all columns at once using pd.concat(axis=1) instead. To get a de-fragmented frame, use `newframe = frame.copy()`
  dataframe[f"dc_hi_{n}"] = dataframe["high"].rolling(n).max().shift(1)
/freqtrade/user_data/strategies/TrendVolTarget.py:50: PerformanceWarning: DataFrame is highly fragmented.  This is usually the result of calling `frame.insert` many times, which has poor performance.  Consider joining all columns at once using pd.concat(axis=1) instead. To get a de-fragmented frame, use `newframe = frame.copy()`
  dataframe[f"dc_hi_{n}"] = dataframe["high"].rolling(n).max().shift(1)
/freqtrade/user_data/strategies/TrendVolTarget.py:50: PerformanceWarning: DataFrame is highly fragmented.  This is usually the result of calling `frame.insert` many times, which has poor performance.  Consider joining all columns at once using pd.concat(axis=1) instead. To get a de-fragmented frame, use `newframe = frame.copy()`
  dataframe[f"dc_hi_{n}"] = dataframe["high"].rolling(n).max().shift(1)
/freqtrade/user_data/strategies/TrendVolTarget.py:50: PerformanceWarning: DataFrame is highly fragmented.  This is usually the result of calling `frame.insert` many times, which has poor performance.  Consider joining all columns at once using pd.concat(axis=1) instead. To get a de-fragmented frame, use `newframe = frame.copy()`
  dataframe[f"dc_hi_{n}"] = dataframe["high"].rolling(n).max().shift(1)
/freqtrade/user_data/strategies/TrendVolTarget.py:50: PerformanceWarning: DataFrame is highly fragmented.  This is usually the result of calling `frame.insert` many times, which has poor performance.  Consider joining all columns at once using pd.concat(axis=1) instead. To get a de-fragmented frame, use `newframe = frame.copy()`
  dataframe[f"dc_hi_{n}"] = dataframe["high"].rolling(n).max().shift(1)
/freqtrade/user_data/strategies/TrendVolTarget.py:50: PerformanceWarning: DataFrame is highly fragmented.  This is usually the result of calling `frame.insert` many times, which has poor performance.  Consider joining all columns at once using pd.concat(axis=1) instead. To get a de-fragmented frame, use `newframe = frame.copy()`
  dataframe[f"dc_hi_{n}"] = dataframe["high"].rolling(n).max().shift(1)
/freqtrade/user_data/strategies/TrendVolTarget.py:50: PerformanceWarning: DataFrame is highly fragmented.  This is usually the result of calling `frame.insert` many times, which has poor performance.  Consider joining all columns at once using pd.concat(axis=1) instead. To get a de-fragmented frame, use `newframe = frame.copy()`
  dataframe[f"dc_hi_{n}"] = dataframe["high"].rolling(n).max().shift(1)
/freqtrade/user_data/strategies/TrendVolTarget.py:50: PerformanceWarning: DataFrame is highly fragmented.  This is usually the result of calling `frame.insert` many times, which has poor performance.  Consider joining all columns at once using pd.concat(axis=1) instead. To get a de-fragmented frame, use `newframe = frame.copy()`
  dataframe[f"dc_hi_{n}"] = dataframe["high"].rolling(n).max().shift(1)
/freqtrade/user_data/strategies/TrendVolTarget.py:50: PerformanceWarning: DataFrame is highly fragmented.  This is usually the result of calling `frame.insert` many times, which has poor performance.  Consider joining all columns at once using pd.concat(axis=1) instead. To get a de-fragmented frame, use `newframe = frame.copy()`
  dataframe[f"dc_hi_{n}"] = dataframe["high"].rolling(n).max().shift(1)
/freqtrade/user_data/strategies/TrendVolTarget.py:50: PerformanceWarning: DataFrame is highly fragmented.  This is usually the result of calling `frame.insert` many times, which has poor performance.  Consider joining all columns at once using pd.concat(axis=1) instead. To get a de-fragmented frame, use `newframe = frame.copy()`
  dataframe[f"dc_hi_{n}"] = dataframe["high"].rolling(n).max().shift(1)
/freqtrade/user_data/strategies/TrendVolTarget.py:50: PerformanceWarning: DataFrame is highly fragmented.  This is usually the result of calling `frame.insert` many times, which has poor performance.  Consider joining all columns at once using pd.concat(axis=1) instead. To get a de-fragmented frame, use `newframe = frame.copy()`
  dataframe[f"dc_hi_{n}"] = dataframe["high"].rolling(n).max().shift(1)
/freqtrade/user_data/strategies/TrendVolTarget.py:50: PerformanceWarning: DataFrame is highly fragmented.  This is usually the result of calling `frame.insert` many times, which has poor performance.  Consider joining all columns at once using pd.concat(axis=1) instead. To get a de-fragmented frame, use `newframe = frame.copy()`
  dataframe[f"dc_hi_{n}"] = dataframe["high"].rolling(n).max().shift(1)
/freqtrade/user_data/strategies/TrendVolTarget.py:50: PerformanceWarning: DataFrame is highly fragmented.  This is usually the result of calling `frame.insert` many times, which has poor performance.  Consider joining all columns at once using pd.concat(axis=1) instead. To get a de-fragmented frame, use `newframe = frame.copy()`
  dataframe[f"dc_hi_{n}"] = dataframe["high"].rolling(n).max().shift(1)
/freqtrade/user_data/strategies/TrendVolTarget.py:50: PerformanceWarning: DataFrame is highly fragmented.  This is usually the result of calling `frame.insert` many times, which has poor performance.  Consider joining all columns at once using pd.concat(axis=1) instead. To get a de-fragmented frame, use `newframe = frame.copy()`
  dataframe[f"dc_hi_{n}"] = dataframe["high"].rolling(n).max().shift(1)
/freqtrade/user_data/strategies/TrendVolTarget.py:50: PerformanceWarning: DataFrame is highly fragmented.  This is usually the result of calling `frame.insert` many times, which has poor performance.  Consider joining all columns at once using pd.concat(axis=1) instead. To get a de-fragmented frame, use `newframe = frame.copy()`
  dataframe[f"dc_hi_{n}"] = dataframe["high"].rolling(n).max().shift(1)
/freqtrade/user_data/strategies/TrendVolTarget.py:50: PerformanceWarning: DataFrame is highly fragmented.  This is usually the result of calling `frame.insert` many times, which has poor performance.  Consider joining all columns at once using pd.concat(axis=1) instead. To get a de-fragmented frame, use `newframe = frame.copy()`
  dataframe[f"dc_hi_{n}"] = dataframe["high"].rolling(n).max().shift(1)
/freqtrade/user_data/strategies/TrendVolTarget.py:50: PerformanceWarning: DataFrame is highly fragmented.  This is usually the result of calling `frame.insert` many times, which has poor performance.  Consider joining all columns at once using pd.concat(axis=1) instead. To get a de-fragmented frame, use `newframe = frame.copy()`
  dataframe[f"dc_hi_{n}"] = dataframe["high"].rolling(n).max().shift(1)
/freqtrade/user_data/strategies/TrendVolTarget.py:50: PerformanceWarning: DataFrame is highly fragmented.  This is usually the result of calling `frame.insert` many times, which has poor performance.  Consider joining all columns at once using pd.concat(axis=1) instead. To get a de-fragmented frame, use `newframe = frame.copy()`
  dataframe[f"dc_hi_{n}"] = dataframe["high"].rolling(n).max().shift(1)
/freqtrade/user_data/strategies/TrendVolTarget.py:50: PerformanceWarning: DataFrame is highly fragmented.  This is usually the result of calling `frame.insert` many times, which has poor performance.  Consider joining all columns at once using pd.concat(axis=1) instead. To get a de-fragmented frame, use `newframe = frame.copy()`
  dataframe[f"dc_hi_{n}"] = dataframe["high"].rolling(n).max().shift(1)
/freqtrade/user_data/strategies/TrendVolTarget.py:50: PerformanceWarning: DataFrame is highly fragmented.  This is usually the result of calling `frame.insert` many times, which has poor performance.  Consider joining all columns at once using pd.concat(axis=1) instead. To get a de-fragmented frame, use `newframe = frame.copy()`
  dataframe[f"dc_hi_{n}"] = dataframe["high"].rolling(n).max().shift(1)
/freqtrade/user_data/strategies/TrendVolTarget.py:50: PerformanceWarning: DataFrame is highly fragmented.  This is usually the result of calling `frame.insert` many times, which has poor performance.  Consider joining all columns at once using pd.concat(axis=1) instead. To get a de-fragmented frame, use `newframe = frame.copy()`
  dataframe[f"dc_hi_{n}"] = dataframe["high"].rolling(n).max().shift(1)
/freqtrade/user_data/strategies/TrendVolTarget.py:50: PerformanceWarning: DataFrame is highly fragmented.  This is usually the result of calling `frame.insert` many times, which has poor performance.  Consider joining all columns at once using pd.concat(axis=1) instead. To get a de-fragmented frame, use `newframe = frame.copy()`
  dataframe[f"dc_hi_{n}"] = dataframe["high"].rolling(n).max().shift(1)
/freqtrade/user_data/strategies/TrendVolTarget.py:50: PerformanceWarning: DataFrame is highly fragmented.  This is usually the result of calling `frame.insert` many times, which has poor performance.  Consider joining all columns at once using pd.concat(axis=1) instead. To get a de-fragmented frame, use `newframe = frame.copy()`
  dataframe[f"dc_hi_{n}"] = dataframe["high"].rolling(n).max().shift(1)
/freqtrade/user_data/strategies/TrendVolTarget.py:50: PerformanceWarning: DataFrame is highly fragmented.  This is usually the result of calling `frame.insert` many times, which has poor performance.  Consider joining all columns at once using pd.concat(axis=1) instead. To get a de-fragmented frame, use `newframe = frame.copy()`
  dataframe[f"dc_hi_{n}"] = dataframe["high"].rolling(n).max().shift(1)
/freqtrade/user_data/strategies/TrendVolTarget.py:53: PerformanceWarning: DataFrame is highly fragmented.  This is usually the result of calling `frame.insert` many times, which has poor performance.  Consider joining all columns at once using pd.concat(axis=1) instead. To get a de-fragmented frame, use `newframe = frame.copy()`
  dataframe["sma_f"] = ta.SMA(dataframe, timeperiod=60)
/freqtrade/user_data/strategies/TrendVolTarget.py:54: PerformanceWarning: DataFrame is highly fragmented.  This is usually the result of calling `frame.insert` many times, which has poor performance.  Consider joining all columns at once using pd.concat(axis=1) instead. To get a de-fragmented frame, use `newframe = frame.copy()`
  dataframe["sma_s"] = ta.SMA(dataframe, timeperiod=240)
/freqtrade/user_data/strategies/TrendVolTarget.py:56: PerformanceWarning: DataFrame is highly fragmented.  This is usually the result of calling `frame.insert` many times, which has poor performance.  Consider joining all columns at once using pd.concat(axis=1) instead. To get a de-fragmented frame, use `newframe = frame.copy()`
  dataframe["rvol"] = dataframe["close"].pct_change().rolling(90).std() * np.sqrt(6 * 365)
/freqtrade/user_data/strategies/TrendVolTarget.py:50: PerformanceWarning: DataFrame is highly fragmented.  This is usually the result of calling `frame.insert` many times, which has poor performance.  Consider joining all columns at once using pd.concat(axis=1) instead. To get a de-fragmented frame, use `newframe = frame.copy()`
  dataframe[f"dc_hi_{n}"] = dataframe["high"].rolling(n).max().shift(1)
/freqtrade/user_data/strategies/TrendVolTarget.py:50: PerformanceWarning: DataFrame is highly fragmented.  This is usually the result of calling `frame.insert` many times, which has poor performance.  Consider joining all columns at once using pd.concat(axis=1) instead. To get a de-fragmented frame, use `newframe = frame.copy()`
  dataframe[f"dc_hi_{n}"] = dataframe["high"].rolling(n).max().shift(1)
/freqtrade/user_data/strategies/TrendVolTarget.py:50: PerformanceWarning: DataFrame is highly fragmented.  This is usually the result of calling `frame.insert` many times, which has poor performance.  Consider joining all columns at once using pd.concat(axis=1) instead. To get a de-fragmented frame, use `newframe = frame.copy()`
  dataframe[f"dc_hi_{n}"] = dataframe["high"].rolling(n).max().shift(1)
/freqtrade/user_data/strategies/TrendVolTarget.py:50: PerformanceWarning: DataFrame is highly fragmented.  This is usually the result of calling `frame.insert` many times, which has poor performance.  Consider joining all columns at once using pd.concat(axis=1) instead. To get a de-fragmented frame, use `newframe = frame.copy()`
  dataframe[f"dc_hi_{n}"] = dataframe["high"].rolling(n).max().shift(1)
/freqtrade/user_data/strategies/TrendVolTarget.py:50: PerformanceWarning: DataFrame is highly fragmented.  This is usually the result of calling `frame.insert` many times, which has poor performance.  Consider joining all columns at once using pd.concat(axis=1) instead. To get a de-fragmented frame, use `newframe = frame.copy()`
  dataframe[f"dc_hi_{n}"] = dataframe["high"].rolling(n).max().shift(1)
/freqtrade/user_data/strategies/TrendVolTarget.py:50: PerformanceWarning: DataFrame is highly fragmented.  This is usually the result of calling `frame.insert` many times, which has poor performance.  Consider joining all columns at once using pd.concat(axis=1) instead. To get a de-fragmented frame, use `newframe = frame.copy()`
  dataframe[f"dc_hi_{n}"] = dataframe["high"].rolling(n).max().shift(1)
/freqtrade/user_data/strategies/TrendVolTarget.py:50: PerformanceWarning: DataFrame is highly fragmented.  This is usually the result of calling `frame.insert` many times, which has poor performance.  Consider joining all columns at once using pd.concat(axis=1) instead. To get a de-fragmented frame, use `newframe = frame.copy()`
  dataframe[f"dc_hi_{n}"] = dataframe["high"].rolling(n).max().shift(1)
/freqtrade/user_data/strategies/TrendVolTarget.py:50: PerformanceWarning: DataFrame is highly fragmented.  This is usually the result of calling `frame.insert` many times, which has poor performance.  Consider joining all columns at once using pd.concat(axis=1) instead. To get a de-fragmented frame, use `newframe = frame.copy()`
  dataframe[f"dc_hi_{n}"] = dataframe["high"].rolling(n).max().shift(1)
/freqtrade/user_data/strategies/TrendVolTarget.py:50: PerformanceWarning: DataFrame is highly fragmented.  This is usually the result of calling `frame.insert` many times, which has poor performance.  Consider joining all columns at once using pd.concat(axis=1) instead. To get a de-fragmented frame, use `newframe = frame.copy()`
  dataframe[f"dc_hi_{n}"] = dataframe["high"].rolling(n).max().shift(1)
/freqtrade/user_data/strategies/TrendVolTarget.py:50: PerformanceWarning: DataFrame is highly fragmented.  This is usually the result of calling `frame.insert` many times, which has poor performance.  Consider joining all columns at once using pd.concat(axis=1) instead. To get a de-fragmented frame, use `newframe = frame.copy()`
  dataframe[f"dc_hi_{n}"] = dataframe["high"].rolling(n).max().shift(1)
/freqtrade/user_data/strategies/TrendVolTarget.py:50: PerformanceWarning: DataFrame is highly fragmented.  This is usually the result of calling `frame.insert` many times, which has poor performance.  Consider joining all columns at once using pd.concat(axis=1) instead. To get a de-fragmented frame, use `newframe = frame.copy()`
  dataframe[f"dc_hi_{n}"] = dataframe["high"].rolling(n).max().shift(1)
/freqtrade/user_data/strategies/TrendVolTarget.py:50: PerformanceWarning: DataFrame is highly fragmented.  This is usually the result of calling `frame.insert` many times, which has poor performance.  Consider joining all columns at once using pd.concat(axis=1) instead. To get a de-fragmented frame, use `newframe = frame.copy()`
  dataframe[f"dc_hi_{n}"] = dataframe["high"].rolling(n).max().shift(1)
/freqtrade/user_data/strategies/TrendVolTarget.py:50: PerformanceWarning: DataFrame is highly fragmented.  This is usually the result of calling `frame.insert` many times, which has poor performance.  Consider joining all columns at once using pd.concat(axis=1) instead. To get a de-fragmented frame, use `newframe = frame.copy()`
  dataframe[f"dc_hi_{n}"] = dataframe["high"].rolling(n).max().shift(1)
/freqtrade/user_data/strategies/TrendVolTarget.py:50: PerformanceWarning: DataFrame is highly fragmented.  This is usually the result of calling `frame.insert` many times, which has poor performance.  Consider joining all columns at once using pd.concat(axis=1) instead. To get a de-fragmented frame, use `newframe = frame.copy()`
  dataframe[f"dc_hi_{n}"] = dataframe["high"].rolling(n).max().shift(1)
/freqtrade/user_data/strategies/TrendVolTarget.py:50: PerformanceWarning: DataFrame is highly fragmented.  This is usually the result of calling `frame.insert` many times, which has poor performance.  Consider joining all columns at once using pd.concat(axis=1) instead. To get a de-fragmented frame, use `newframe = frame.copy()`
  dataframe[f"dc_hi_{n}"] = dataframe["high"].rolling(n).max().shift(1)
/freqtrade/user_data/strategies/TrendVolTarget.py:50: PerformanceWarning: DataFrame is highly fragmented.  This is usually the result of calling `frame.insert` many times, which has poor performance.  Consider joining all columns at once using pd.concat(axis=1) instead. To get a de-fragmented frame, use `newframe = frame.copy()`
  dataframe[f"dc_hi_{n}"] = dataframe["high"].rolling(n).max().shift(1)
/freqtrade/user_data/strategies/TrendVolTarget.py:50: PerformanceWarning: DataFrame is highly fragmented.  This is usually the result of calling `frame.insert` many times, which has poor performance.  Consider joining all columns at once using pd.concat(axis=1) instead. To get a de-fragmented frame, use `newframe = frame.copy()`
  dataframe[f"dc_hi_{n}"] = dataframe["high"].rolling(n).max().shift(1)
/freqtrade/user_data/strategies/TrendVolTarget.py:50: PerformanceWarning: DataFrame is highly fragmented.  This is usually the result of calling `frame.insert` many times, which has poor performance.  Consider joining all columns at once using pd.concat(axis=1) instead. To get a de-fragmented frame, use `newframe = frame.copy()`
  dataframe[f"dc_hi_{n}"] = dataframe["high"].rolling(n).max().shift(1)
/freqtrade/user_data/strategies/TrendVolTarget.py:50: PerformanceWarning: DataFrame is highly fragmented.  This is usually the result of calling `frame.insert` many times, which has poor performance.  Consider joining all columns at once using pd.concat(axis=1) instead. To get a de-fragmented frame, use `newframe = frame.copy()`
  dataframe[f"dc_hi_{n}"] = dataframe["high"].rolling(n).max().shift(1)
/freqtrade/user_data/strategies/TrendVolTarget.py:50: PerformanceWarning: DataFrame is highly fragmented.  This is usually the result of calling `frame.insert` many times, which has poor performance.  Consider joining all columns at once using pd.concat(axis=1) instead. To get a de-fragmented frame, use `newframe = frame.copy()`
  dataframe[f"dc_hi_{n}"] = dataframe["high"].rolling(n).max().shift(1)
/freqtrade/user_data/strategies/TrendVolTarget.py:50: PerformanceWarning: DataFrame is highly fragmented.  This is usually the result of calling `frame.insert` many times, which has poor performance.  Consider joining all columns at once using pd.concat(axis=1) instead. To get a de-fragmented frame, use `newframe = frame.copy()`
  dataframe[f"dc_hi_{n}"] = dataframe["high"].rolling(n).max().shift(1)
/freqtrade/user_data/strategies/TrendVolTarget.py:50: PerformanceWarning: DataFrame is highly fragmented.  This is usually the result of calling `frame.insert` many times, which has poor performance.  Consider joining all columns at once using pd.concat(axis=1) instead. To get a de-fragmented frame, use `newframe = frame.copy()`
  dataframe[f"dc_hi_{n}"] = dataframe["high"].rolling(n).max().shift(1)
/freqtrade/user_data/strategies/TrendVolTarget.py:50: PerformanceWarning: DataFrame is highly fragmented.  This is usually the result of calling `frame.insert` many times, which has poor performance.  Consider joining all columns at once using pd.concat(axis=1) instead. To get a de-fragmented frame, use `newframe = frame.copy()`
  dataframe[f"dc_hi_{n}"] = dataframe["high"].rolling(n).max().shift(1)
/freqtrade/user_data/strategies/TrendVolTarget.py:50: PerformanceWarning: DataFrame is highly fragmented.  This is usually the result of calling `frame.insert` many times, which has poor performance.  Consider joining all columns at once using pd.concat(axis=1) instead. To get a de-fragmented frame, use `newframe = frame.copy()`
  dataframe[f"dc_hi_{n}"] = dataframe["high"].rolling(n).max().shift(1)
/freqtrade/user_data/strategies/TrendVolTarget.py:50: PerformanceWarning: DataFrame is highly fragmented.  This is usually the result of calling `frame.insert` many times, which has poor performance.  Consider joining all columns at once using pd.concat(axis=1) instead. To get a de-fragmented frame, use `newframe = frame.copy()`
  dataframe[f"dc_hi_{n}"] = dataframe["high"].rolling(n).max().shift(1)
/freqtrade/user_data/strategies/TrendVolTarget.py:50: PerformanceWarning: DataFrame is highly fragmented.  This is usually the result of calling `frame.insert` many times, which has poor performance.  Consider joining all columns at once using pd.concat(axis=1) instead. To get a de-fragmented frame, use `newframe = frame.copy()`
  dataframe[f"dc_hi_{n}"] = dataframe["high"].rolling(n).max().shift(1)
/freqtrade/user_data/strategies/TrendVolTarget.py:50: PerformanceWarning: DataFrame is highly fragmented.  This is usually the result of calling `frame.insert` many times, which has poor performance.  Consider joining all columns at once using pd.concat(axis=1) instead. To get a de-fragmented frame, use `newframe = frame.copy()`
  dataframe[f"dc_hi_{n}"] = dataframe["high"].rolling(n).max().shift(1)
/freqtrade/user_data/strategies/TrendVolTarget.py:50: PerformanceWarning: DataFrame is highly fragmented.  This is usually the result of calling `frame.insert` many times, which has poor performance.  Consider joining all columns at once using pd.concat(axis=1) instead. To get a de-fragmented frame, use `newframe = frame.copy()`
  dataframe[f"dc_hi_{n}"] = dataframe["high"].rolling(n).max().shift(1)
/freqtrade/user_data/strategies/TrendVolTarget.py:50: PerformanceWarning: DataFrame is highly fragmented.  This is usually the result of calling `frame.insert` many times, which has poor performance.  Consider joining all columns at once using pd.concat(axis=1) instead. To get a de-fragmented frame, use `newframe = frame.copy()`
  dataframe[f"dc_hi_{n}"] = dataframe["high"].rolling(n).max().shift(1)
/freqtrade/user_data/strategies/TrendVolTarget.py:50: PerformanceWarning: DataFrame is highly fragmented.  This is usually the result of calling `frame.insert` many times, which has poor performance.  Consider joining all columns at once using pd.concat(axis=1) instead. To get a de-fragmented frame, use `newframe = frame.copy()`
  dataframe[f"dc_hi_{n}"] = dataframe["high"].rolling(n).max().shift(1)
/freqtrade/user_data/strategies/TrendVolTarget.py:50: PerformanceWarning: DataFrame is highly fragmented.  This is usually the result of calling `frame.insert` many times, which has poor performance.  Consider joining all columns at once using pd.concat(axis=1) instead. To get a de-fragmented frame, use `newframe = frame.copy()`
  dataframe[f"dc_hi_{n}"] = dataframe["high"].rolling(n).max().shift(1)
/freqtrade/user_data/strategies/TrendVolTarget.py:50: PerformanceWarning: DataFrame is highly fragmented.  This is usually the result of calling `frame.insert` many times, which has poor performance.  Consider joining all columns at once using pd.concat(axis=1) instead. To get a de-fragmented frame, use `newframe = frame.copy()`
  dataframe[f"dc_hi_{n}"] = dataframe["high"].rolling(n).max().shift(1)
/freqtrade/user_data/strategies/TrendVolTarget.py:50: PerformanceWarning: DataFrame is highly fragmented.  This is usually the result of calling `frame.insert` many times, which has poor performance.  Consider joining all columns at once using pd.concat(axis=1) instead. To get a de-fragmented frame, use `newframe = frame.copy()`
  dataframe[f"dc_hi_{n}"] = dataframe["high"].rolling(n).max().shift(1)
/freqtrade/user_data/strategies/TrendVolTarget.py:50: PerformanceWarning: DataFrame is highly fragmented.  This is usually the result of calling `frame.insert` many times, which has poor performance.  Consider joining all columns at once using pd.concat(axis=1) instead. To get a de-fragmented frame, use `newframe = frame.copy()`
  dataframe[f"dc_hi_{n}"] = dataframe["high"].rolling(n).max().shift(1)
/freqtrade/user_data/strategies/TrendVolTarget.py:50: PerformanceWarning: DataFrame is highly fragmented.  This is usually the result of calling `frame.insert` many times, which has poor performance.  Consider joining all columns at once using pd.concat(axis=1) instead. To get a de-fragmented frame, use `newframe = frame.copy()`
  dataframe[f"dc_hi_{n}"] = dataframe["high"].rolling(n).max().shift(1)
/freqtrade/user_data/strategies/TrendVolTarget.py:50: PerformanceWarning: DataFrame is highly fragmented.  This is usually the result of calling `frame.insert` many times, which has poor performance.  Consider joining all columns at once using pd.concat(axis=1) instead. To get a de-fragmented frame, use `newframe = frame.copy()`
  dataframe[f"dc_hi_{n}"] = dataframe["high"].rolling(n).max().shift(1)
/freqtrade/user_data/strategies/TrendVolTarget.py:50: PerformanceWarning: DataFrame is highly fragmented.  This is usually the result of calling `frame.insert` many times, which has poor performance.  Consider joining all columns at once using pd.concat(axis=1) instead. To get a de-fragmented frame, use `newframe = frame.copy()`
  dataframe[f"dc_hi_{n}"] = dataframe["high"].rolling(n).max().shift(1)
/freqtrade/user_data/strategies/TrendVolTarget.py:50: PerformanceWarning: DataFrame is highly fragmented.  This is usually the result of calling `frame.insert` many times, which has poor performance.  Consider joining all columns at once using pd.concat(axis=1) instead. To get a de-fragmented frame, use `newframe = frame.copy()`
  dataframe[f"dc_hi_{n}"] = dataframe["high"].rolling(n).max().shift(1)
/freqtrade/user_data/strategies/TrendVolTarget.py:50: PerformanceWarning: DataFrame is highly fragmented.  This is usually the result of calling `frame.insert` many times, which has poor performance.  Consider joining all columns at once using pd.concat(axis=1) instead. To get a de-fragmented frame, use `newframe = frame.copy()`
  dataframe[f"dc_hi_{n}"] = dataframe["high"].rolling(n).max().shift(1)
/freqtrade/user_data/strategies/TrendVolTarget.py:50: PerformanceWarning: DataFrame is highly fragmented.  This is usually the result of calling `frame.insert` many times, which has poor performance.  Consider joining all columns at once using pd.concat(axis=1) instead. To get a de-fragmented frame, use `newframe = frame.copy()`
  dataframe[f"dc_hi_{n}"] = dataframe["high"].rolling(n).max().shift(1)
/freqtrade/user_data/strategies/TrendVolTarget.py:50: PerformanceWarning: DataFrame is highly fragmented.  This is usually the result of calling `frame.insert` many times, which has poor performance.  Consider joining all columns at once using pd.concat(axis=1) instead. To get a de-fragmented frame, use `newframe = frame.copy()`
  dataframe[f"dc_hi_{n}"] = dataframe["high"].rolling(n).max().shift(1)
/freqtrade/user_data/strategies/TrendVolTarget.py:50: PerformanceWarning: DataFrame is highly fragmented.  This is usually the result of calling `frame.insert` many times, which has poor performance.  Consider joining all columns at once using pd.concat(axis=1) instead. To get a de-fragmented frame, use `newframe = frame.copy()`
  dataframe[f"dc_hi_{n}"] = dataframe["high"].rolling(n).max().shift(1)
/freqtrade/user_data/strategies/TrendVolTarget.py:50: PerformanceWarning: DataFrame is highly fragmented.  This is usually the result of calling `frame.insert` many times, which has poor performance.  Consider joining all columns at once using pd.concat(axis=1) instead. To get a de-fragmented frame, use `newframe = frame.copy()`
  dataframe[f"dc_hi_{n}"] = dataframe["high"].rolling(n).max().shift(1)
/freqtrade/user_data/strategies/TrendVolTarget.py:50: PerformanceWarning: DataFrame is highly fragmented.  This is usually the result of calling `frame.insert` many times, which has poor performance.  Consider joining all columns at once using pd.concat(axis=1) instead. To get a de-fragmented frame, use `newframe = frame.copy()`
  dataframe[f"dc_hi_{n}"] = dataframe["high"].rolling(n).max().shift(1)
/freqtrade/user_data/strategies/TrendVolTarget.py:50: PerformanceWarning: DataFrame is highly fragmented.  This is usually the result of calling `frame.insert` many times, which has poor performance.  Consider joining all columns at once using pd.concat(axis=1) instead. To get a de-fragmented frame, use `newframe = frame.copy()`
  dataframe[f"dc_hi_{n}"] = dataframe["high"].rolling(n).max().shift(1)
/freqtrade/user_data/strategies/TrendVolTarget.py:50: PerformanceWarning: DataFrame is highly fragmented.  This is usually the result of calling `frame.insert` many times, which has poor performance.  Consider joining all columns at once using pd.concat(axis=1) instead. To get a de-fragmented frame, use `newframe = frame.copy()`
  dataframe[f"dc_hi_{n}"] = dataframe["high"].rolling(n).max().shift(1)
/freqtrade/user_data/strategies/TrendVolTarget.py:50: PerformanceWarning: DataFrame is highly fragmented.  This is usually the result of calling `frame.insert` many times, which has poor performance.  Consider joining all columns at once using pd.concat(axis=1) instead. To get a de-fragmented frame, use `newframe = frame.copy()`
  dataframe[f"dc_hi_{n}"] = dataframe["high"].rolling(n).max().shift(1)
/freqtrade/user_data/strategies/TrendVolTarget.py:50: PerformanceWarning: DataFrame is highly fragmented.  This is usually the result of calling `frame.insert` many times, which has poor performance.  Consider joining all columns at once using pd.concat(axis=1) instead. To get a de-fragmented frame, use `newframe = frame.copy()`
  dataframe[f"dc_hi_{n}"] = dataframe["high"].rolling(n).max().shift(1)
/freqtrade/user_data/strategies/TrendVolTarget.py:50: PerformanceWarning: DataFrame is highly fragmented.  This is usually the result of calling `frame.insert` many times, which has poor performance.  Consider joining all columns at once using pd.concat(axis=1) instead. To get a de-fragmented frame, use `newframe = frame.copy()`
  dataframe[f"dc_hi_{n}"] = dataframe["high"].rolling(n).max().shift(1)
/freqtrade/user_data/strategies/TrendVolTarget.py:50: PerformanceWarning: DataFrame is highly fragmented.  This is usually the result of calling `frame.insert` many times, which has poor performance.  Consider joining all columns at once using pd.concat(axis=1) instead. To get a de-fragmented frame, use `newframe = frame.copy()`
  dataframe[f"dc_hi_{n}"] = dataframe["high"].rolling(n).max().shift(1)
/freqtrade/user_data/strategies/TrendVolTarget.py:50: PerformanceWarning: DataFrame is highly fragmented.  This is usually the result of calling `frame.insert` many times, which has poor performance.  Consider joining all columns at once using pd.concat(axis=1) instead. To get a de-fragmented frame, use `newframe = frame.copy()`
  dataframe[f"dc_hi_{n}"] = dataframe["high"].rolling(n).max().shift(1)
/freqtrade/user_data/strategies/TrendVolTarget.py:50: PerformanceWarning: DataFrame is highly fragmented.  This is usually the result of calling `frame.insert` many times, which has poor performance.  Consider joining all columns at once using pd.concat(axis=1) instead. To get a de-fragmented frame, use `newframe = frame.copy()`
  dataframe[f"dc_hi_{n}"] = dataframe["high"].rolling(n).max().shift(1)
/freqtrade/user_data/strategies/TrendVolTarget.py:50: PerformanceWarning: DataFrame is highly fragmented.  This is usually the result of calling `frame.insert` many times, which has poor performance.  Consider joining all columns at once using pd.concat(axis=1) instead. To get a de-fragmented frame, use `newframe = frame.copy()`
  dataframe[f"dc_hi_{n}"] = dataframe["high"].rolling(n).max().shift(1)
/freqtrade/user_data/strategies/TrendVolTarget.py:50: PerformanceWarning: DataFrame is highly fragmented.  This is usually the result of calling `frame.insert` many times, which has poor performance.  Consider joining all columns at once using pd.concat(axis=1) instead. To get a de-fragmented frame, use `newframe = frame.copy()`
  dataframe[f"dc_hi_{n}"] = dataframe["high"].rolling(n).max().shift(1)
/freqtrade/user_data/strategies/TrendVolTarget.py:50: PerformanceWarning: DataFrame is highly fragmented.  This is usually the result of calling `frame.insert` many times, which has poor performance.  Consider joining all columns at once using pd.concat(axis=1) instead. To get a de-fragmented frame, use `newframe = frame.copy()`
  dataframe[f"dc_hi_{n}"] = dataframe["high"].rolling(n).max().shift(1)
/freqtrade/user_data/strategies/TrendVolTarget.py:50: PerformanceWarning: DataFrame is highly fragmented.  This is usually the result of calling `frame.insert` many times, which has poor performance.  Consider joining all columns at once using pd.concat(axis=1) instead. To get a de-fragmented frame, use `newframe = frame.copy()`
  dataframe[f"dc_hi_{n}"] = dataframe["high"].rolling(n).max().shift(1)
/freqtrade/user_data/strategies/TrendVolTarget.py:50: PerformanceWarning: DataFrame is highly fragmented.  This is usually the result of calling `frame.insert` many times, which has poor performance.  Consider joining all columns at once using pd.concat(axis=1) instead. To get a de-fragmented frame, use `newframe = frame.copy()`
  dataframe[f"dc_hi_{n}"] = dataframe["high"].rolling(n).max().shift(1)
/freqtrade/user_data/strategies/TrendVolTarget.py:50: PerformanceWarning: DataFrame is highly fragmented.  This is usually the result of calling `frame.insert` many times, which has poor performance.  Consider joining all columns at once using pd.concat(axis=1) instead. To get a de-fragmented frame, use `newframe = frame.copy()`
  dataframe[f"dc_hi_{n}"] = dataframe["high"].rolling(n).max().shift(1)
/freqtrade/user_data/strategies/TrendVolTarget.py:50: PerformanceWarning: DataFrame is highly fragmented.  This is usually the result of calling `frame.insert` many times, which has poor performance.  Consider joining all columns at once using pd.concat(axis=1) instead. To get a de-fragmented frame, use `newframe = frame.copy()`
  dataframe[f"dc_hi_{n}"] = dataframe["high"].rolling(n).max().shift(1)
/freqtrade/user_data/strategies/TrendVolTarget.py:50: PerformanceWarning: DataFrame is highly fragmented.  This is usually the result of calling `frame.insert` many times, which has poor performance.  Consider joining all columns at once using pd.concat(axis=1) instead. To get a de-fragmented frame, use `newframe = frame.copy()`
  dataframe[f"dc_hi_{n}"] = dataframe["high"].rolling(n).max().shift(1)
/freqtrade/user_data/strategies/TrendVolTarget.py:50: PerformanceWarning: DataFrame is highly fragmented.  This is usually the result of calling `frame.insert` many times, which has poor performance.  Consider joining all columns at once using pd.concat(axis=1) instead. To get a de-fragmented frame, use `newframe = frame.copy()`
  dataframe[f"dc_hi_{n}"] = dataframe["high"].rolling(n).max().shift(1)
/freqtrade/user_data/strategies/TrendVolTarget.py:50: PerformanceWarning: DataFrame is highly fragmented.  This is usually the result of calling `frame.insert` many times, which has poor performance.  Consider joining all columns at once using pd.concat(axis=1) instead. To get a de-fragmented frame, use `newframe = frame.copy()`
  dataframe[f"dc_hi_{n}"] = dataframe["high"].rolling(n).max().shift(1)
/freqtrade/user_data/strategies/TrendVolTarget.py:50: PerformanceWarning: DataFrame is highly fragmented.  This is usually the result of calling `frame.insert` many times, which has poor performance.  Consider joining all columns at once using pd.concat(axis=1) instead. To get a de-fragmented frame, use `newframe = frame.copy()`
  dataframe[f"dc_hi_{n}"] = dataframe["high"].rolling(n).max().shift(1)
/freqtrade/user_data/strategies/TrendVolTarget.py:50: PerformanceWarning: DataFrame is highly fragmented.  This is usually the result of calling `frame.insert` many times, which has poor performance.  Consider joining all columns at once using pd.concat(axis=1) instead. To get a de-fragmented frame, use `newframe = frame.copy()`
  dataframe[f"dc_hi_{n}"] = dataframe["high"].rolling(n).max().shift(1)
/freqtrade/user_data/strategies/TrendVolTarget.py:50: PerformanceWarning: DataFrame is highly fragmented.  This is usually the result of calling `frame.insert` many times, which has poor performance.  Consider joining all columns at once using pd.concat(axis=1) instead. To get a de-fragmented frame, use `newframe = frame.copy()`
  dataframe[f"dc_hi_{n}"] = dataframe["high"].rolling(n).max().shift(1)
/freqtrade/user_data/strategies/TrendVolTarget.py:50: PerformanceWarning: DataFrame is highly fragmented.  This is usually the result of calling `frame.insert` many times, which has poor performance.  Consider joining all columns at once using pd.concat(axis=1) instead. To get a de-fragmented frame, use `newframe = frame.copy()`
  dataframe[f"dc_hi_{n}"] = dataframe["high"].rolling(n).max().shift(1)
/freqtrade/user_data/strategies/TrendVolTarget.py:50: PerformanceWarning: DataFrame is highly fragmented.  This is usually the result of calling `frame.insert` many times, which has poor performance.  Consider joining all columns at once using pd.concat(axis=1) instead. To get a de-fragmented frame, use `newframe = frame.copy()`
  dataframe[f"dc_hi_{n}"] = dataframe["high"].rolling(n).max().shift(1)
/freqtrade/user_data/strategies/TrendVolTarget.py:50: PerformanceWarning: DataFrame is highly fragmented.  This is usually the result of calling `frame.insert` many times, which has poor performance.  Consider joining all columns at once using pd.concat(axis=1) instead. To get a de-fragmented frame, use `newframe = frame.copy()`
  dataframe[f"dc_hi_{n}"] = dataframe["high"].rolling(n).max().shift(1)
/freqtrade/user_data/strategies/TrendVolTarget.py:50: PerformanceWarning: DataFrame is highly fragmented.  This is usually the result of calling `frame.insert` many times, which has poor performance.  Consider joining all columns at once using pd.concat(axis=1) instead. To get a de-fragmented frame, use `newframe = frame.copy()`
  dataframe[f"dc_hi_{n}"] = dataframe["high"].rolling(n).max().shift(1)
/freqtrade/user_data/strategies/TrendVolTarget.py:50: PerformanceWarning: DataFrame is highly fragmented.  This is usually the result of calling `frame.insert` many times, which has poor performance.  Consider joining all columns at once using pd.concat(axis=1) instead. To get a de-fragmented frame, use `newframe = frame.copy()`
  dataframe[f"dc_hi_{n}"] = dataframe["high"].rolling(n).max().shift(1)
/freqtrade/user_data/strategies/TrendVolTarget.py:50: PerformanceWarning: DataFrame is highly fragmented.  This is usually the result of calling `frame.insert` many times, which has poor performance.  Consider joining all columns at once using pd.concat(axis=1) instead. To get a de-fragmented frame, use `newframe = frame.copy()`
  dataframe[f"dc_hi_{n}"] = dataframe["high"].rolling(n).max().shift(1)
/freqtrade/user_data/strategies/TrendVolTarget.py:50: PerformanceWarning: DataFrame is highly fragmented.  This is usually the result of calling `frame.insert` many times, which has poor performance.  Consider joining all columns at once using pd.concat(axis=1) instead. To get a de-fragmented frame, use `newframe = frame.copy()`
  dataframe[f"dc_hi_{n}"] = dataframe["high"].rolling(n).max().shift(1)
/freqtrade/user_data/strategies/TrendVolTarget.py:50: PerformanceWarning: DataFrame is highly fragmented.  This is usually the result of calling `frame.insert` many times, which has poor performance.  Consider joining all columns at once using pd.concat(axis=1) instead. To get a de-fragmented frame, use `newframe = frame.copy()`
  dataframe[f"dc_hi_{n}"] = dataframe["high"].rolling(n).max().shift(1)
/freqtrade/user_data/strategies/TrendVolTarget.py:50: PerformanceWarning: DataFrame is highly fragmented.  This is usually the result of calling `frame.insert` many times, which has poor performance.  Consider joining all columns at once using pd.concat(axis=1) instead. To get a de-fragmented frame, use `newframe = frame.copy()`
  dataframe[f"dc_hi_{n}"] = dataframe["high"].rolling(n).max().shift(1)
/freqtrade/user_data/strategies/TrendVolTarget.py:50: PerformanceWarning: DataFrame is highly fragmented.  This is usually the result of calling `frame.insert` many times, which has poor performance.  Consider joining all columns at once using pd.concat(axis=1) instead. To get a de-fragmented frame, use `newframe = frame.copy()`
  dataframe[f"dc_hi_{n}"] = dataframe["high"].rolling(n).max().shift(1)
/freqtrade/user_data/strategies/TrendVolTarget.py:50: PerformanceWarning: DataFrame is highly fragmented.  This is usually the result of calling `frame.insert` many times, which has poor performance.  Consider joining all columns at once using pd.concat(axis=1) instead. To get a de-fragmented frame, use `newframe = frame.copy()`
  dataframe[f"dc_hi_{n}"] = dataframe["high"].rolling(n).max().shift(1)
/freqtrade/user_data/strategies/TrendVolTarget.py:50: PerformanceWarning: DataFrame is highly fragmented.  This is usually the result of calling `frame.insert` many times, which has poor performance.  Consider joining all columns at once using pd.concat(axis=1) instead. To get a de-fragmented frame, use `newframe = frame.copy()`
  dataframe[f"dc_hi_{n}"] = dataframe["high"].rolling(n).max().shift(1)
/freqtrade/user_data/strategies/TrendVolTarget.py:50: PerformanceWarning: DataFrame is highly fragmented.  This is usually the result of calling `frame.insert` many times, which has poor performance.  Consider joining all columns at once using pd.concat(axis=1) instead. To get a de-fragmented frame, use `newframe = frame.copy()`
  dataframe[f"dc_hi_{n}"] = dataframe["high"].rolling(n).max().shift(1)
/freqtrade/user_data/strategies/TrendVolTarget.py:50: PerformanceWarning: DataFrame is highly fragmented.  This is usually the result of calling `frame.insert` many times, which has poor performance.  Consider joining all columns at once using pd.concat(axis=1) instead. To get a de-fragmented frame, use `newframe = frame.copy()`
  dataframe[f"dc_hi_{n}"] = dataframe["high"].rolling(n).max().shift(1)
/freqtrade/user_data/strategies/TrendVolTarget.py:50: PerformanceWarning: DataFrame is highly fragmented.  This is usually the result of calling `frame.insert` many times, which has poor performance.  Consider joining all columns at once using pd.concat(axis=1) instead. To get a de-fragmented frame, use `newframe = frame.copy()`
  dataframe[f"dc_hi_{n}"] = dataframe["high"].rolling(n).max().shift(1)
/freqtrade/user_data/strategies/TrendVolTarget.py:50: PerformanceWarning: DataFrame is highly fragmented.  This is usually the result of calling `frame.insert` many times, which has poor performance.  Consider joining all columns at once using pd.concat(axis=1) instead. To get a de-fragmented frame, use `newframe = frame.copy()`
  dataframe[f"dc_hi_{n}"] = dataframe["high"].rolling(n).max().shift(1)
/freqtrade/user_data/strategies/TrendVolTarget.py:50: PerformanceWarning: DataFrame is highly fragmented.  This is usually the result of calling `frame.insert` many times, which has poor performance.  Consider joining all columns at once using pd.concat(axis=1) instead. To get a de-fragmented frame, use `newframe = frame.copy()`
  dataframe[f"dc_hi_{n}"] = dataframe["high"].rolling(n).max().shift(1)
/freqtrade/user_data/strategies/TrendVolTarget.py:50: PerformanceWarning: DataFrame is highly fragmented.  This is usually the result of calling `frame.insert` many times, which has poor performance.  Consider joining all columns at once using pd.concat(axis=1) instead. To get a de-fragmented frame, use `newframe = frame.copy()`
  dataframe[f"dc_hi_{n}"] = dataframe["high"].rolling(n).max().shift(1)
/freqtrade/user_data/strategies/TrendVolTarget.py:50: PerformanceWarning: DataFrame is highly fragmented.  This is usually the result of calling `frame.insert` many times, which has poor performance.  Consider joining all columns at once using pd.concat(axis=1) instead. To get a de-fragmented frame, use `newframe = frame.copy()`
  dataframe[f"dc_hi_{n}"] = dataframe["high"].rolling(n).max().shift(1)
/freqtrade/user_data/strategies/TrendVolTarget.py:53: PerformanceWarning: DataFrame is highly fragmented.  This is usually the result of calling `frame.insert` many times, which has poor performance.  Consider joining all columns at once using pd.concat(axis=1) instead. To get a de-fragmented frame, use `newframe = frame.copy()`
  dataframe["sma_f"] = ta.SMA(dataframe, timeperiod=60)
/freqtrade/user_data/strategies/TrendVolTarget.py:54: PerformanceWarning: DataFrame is highly fragmented.  This is usually the result of calling `frame.insert` many times, which has poor performance.  Consider joining all columns at once using pd.concat(axis=1) instead. To get a de-fragmented frame, use `newframe = frame.copy()`
  dataframe["sma_s"] = ta.SMA(dataframe, timeperiod=240)
/freqtrade/user_data/strategies/TrendVolTarget.py:56: PerformanceWarning: DataFrame is highly fragmented.  This is usually the result of calling `frame.insert` many times, which has poor performance.  Consider joining all columns at once using pd.concat(axis=1) instead. To get a de-fragmented frame, use `newframe = frame.copy()`
  dataframe["rvol"] = dataframe["close"].pct_change().rolling(90).std() * np.sqrt(6 * 365)
/freqtrade/user_data/strategies/TrendVolTarget.py:50: PerformanceWarning: DataFrame is highly fragmented.  This is usually the result of calling `frame.insert` many times, which has poor performance.  Consider joining all columns at once using pd.concat(axis=1) instead. To get a de-fragmented frame, use `newframe = frame.copy()`
  dataframe[f"dc_hi_{n}"] = dataframe["high"].rolling(n).max().shift(1)
/freqtrade/user_data/strategies/TrendVolTarget.py:50: PerformanceWarning: DataFrame is highly fragmented.  This is usually the result of calling `frame.insert` many times, which has poor performance.  Consider joining all columns at once using pd.concat(axis=1) instead. To get a de-fragmented frame, use `newframe = frame.copy()`
  dataframe[f"dc_hi_{n}"] = dataframe["high"].rolling(n).max().shift(1)
/freqtrade/user_data/strategies/TrendVolTarget.py:50: PerformanceWarning: DataFrame is highly fragmented.  This is usually the result of calling `frame.insert` many times, which has poor performance.  Consider joining all columns at once using pd.concat(axis=1) instead. To get a de-fragmented frame, use `newframe = frame.copy()`
  dataframe[f"dc_hi_{n}"] = dataframe["high"].rolling(n).max().shift(1)
/freqtrade/user_data/strategies/TrendVolTarget.py:50: PerformanceWarning: DataFrame is highly fragmented.  This is usually the result of calling `frame.insert` many times, which has poor performance.  Consider joining all columns at once using pd.concat(axis=1) instead. To get a de-fragmented frame, use `newframe = frame.copy()`
  dataframe[f"dc_hi_{n}"] = dataframe["high"].rolling(n).max().shift(1)
/freqtrade/user_data/strategies/TrendVolTarget.py:50: PerformanceWarning: DataFrame is highly fragmented.  This is usually the result of calling `frame.insert` many times, which has poor performance.  Consider joining all columns at once using pd.concat(axis=1) instead. To get a de-fragmented frame, use `newframe = frame.copy()`
  dataframe[f"dc_hi_{n}"] = dataframe["high"].rolling(n).max().shift(1)
/freqtrade/user_data/strategies/TrendVolTarget.py:50: PerformanceWarning: DataFrame is highly fragmented.  This is usually the result of calling `frame.insert` many times, which has poor performance.  Consider joining all columns at once using pd.concat(axis=1) instead. To get a de-fragmented frame, use `newframe = frame.copy()`
  dataframe[f"dc_hi_{n}"] = dataframe["high"].rolling(n).max().shift(1)
/freqtrade/user_data/strategies/TrendVolTarget.py:50: PerformanceWarning: DataFrame is highly fragmented.  This is usually the result of calling `frame.insert` many times, which has poor performance.  Consider joining all columns at once using pd.concat(axis=1) instead. To get a de-fragmented frame, use `newframe = frame.copy()`
  dataframe[f"dc_hi_{n}"] = dataframe["high"].rolling(n).max().shift(1)
/freqtrade/user_data/strategies/TrendVolTarget.py:50: PerformanceWarning: DataFrame is highly fragmented.  This is usually the result of calling `frame.insert` many times, which has poor performance.  Consider joining all columns at once using pd.concat(axis=1) instead. To get a de-fragmented frame, use `newframe = frame.copy()`
  dataframe[f"dc_hi_{n}"] = dataframe["high"].rolling(n).max().shift(1)
/freqtrade/user_data/strategies/TrendVolTarget.py:50: PerformanceWarning: DataFrame is highly fragmented.  This is usually the result of calling `frame.insert` many times, which has poor performance.  Consider joining all columns at once using pd.concat(axis=1) instead. To get a de-fragmented frame, use `newframe = frame.copy()`
  dataframe[f"dc_hi_{n}"] = dataframe["high"].rolling(n).max().shift(1)
/freqtrade/user_data/strategies/TrendVolTarget.py:50: PerformanceWarning: DataFrame is highly fragmented.  This is usually the result of calling `frame.insert` many times, which has poor performance.  Consider joining all columns at once using pd.concat(axis=1) instead. To get a de-fragmented frame, use `newframe = frame.copy()`
  dataframe[f"dc_hi_{n}"] = dataframe["high"].rolling(n).max().shift(1)
/freqtrade/user_data/strategies/TrendVolTarget.py:50: PerformanceWarning: DataFrame is highly fragmented.  This is usually the result of calling `frame.insert` many times, which has poor performance.  Consider joining all columns at once using pd.concat(axis=1) instead. To get a de-fragmented frame, use `newframe = frame.copy()`
  dataframe[f"dc_hi_{n}"] = dataframe["high"].rolling(n).max().shift(1)
/freqtrade/user_data/strategies/TrendVolTarget.py:50: PerformanceWarning: DataFrame is highly fragmented.  This is usually the result of calling `frame.insert` many times, which has poor performance.  Consider joining all columns at once using pd.concat(axis=1) instead. To get a de-fragmented frame, use `newframe = frame.copy()`
  dataframe[f"dc_hi_{n}"] = dataframe["high"].rolling(n).max().shift(1)
/freqtrade/user_data/strategies/TrendVolTarget.py:50: PerformanceWarning: DataFrame is highly fragmented.  This is usually the result of calling `frame.insert` many times, which has poor performance.  Consider joining all columns at once using pd.concat(axis=1) instead. To get a de-fragmented frame, use `newframe = frame.copy()`
  dataframe[f"dc_hi_{n}"] = dataframe["high"].rolling(n).max().shift(1)
/freqtrade/user_data/strategies/TrendVolTarget.py:50: PerformanceWarning: DataFrame is highly fragmented.  This is usually the result of calling `frame.insert` many times, which has poor performance.  Consider joining all columns at once using pd.concat(axis=1) instead. To get a de-fragmented frame, use `newframe = frame.copy()`
  dataframe[f"dc_hi_{n}"] = dataframe["high"].rolling(n).max().shift(1)
/freqtrade/user_data/strategies/TrendVolTarget.py:50: PerformanceWarning: DataFrame is highly fragmented.  This is usually the result of calling `frame.insert` many times, which has poor performance.  Consider joining all columns at once using pd.concat(axis=1) instead. To get a de-fragmented frame, use `newframe = frame.copy()`
  dataframe[f"dc_hi_{n}"] = dataframe["high"].rolling(n).max().shift(1)
/freqtrade/user_data/strategies/TrendVolTarget.py:50: PerformanceWarning: DataFrame is highly fragmented.  This is usually the result of calling `frame.insert` many times, which has poor performance.  Consider joining all columns at once using pd.concat(axis=1) instead. To get a de-fragmented frame, use `newframe = frame.copy()`
  dataframe[f"dc_hi_{n}"] = dataframe["high"].rolling(n).max().shift(1)
/freqtrade/user_data/strategies/TrendVolTarget.py:50: PerformanceWarning: DataFrame is highly fragmented.  This is usually the result of calling `frame.insert` many times, which has poor performance.  Consider joining all columns at once using pd.concat(axis=1) instead. To get a de-fragmented frame, use `newframe = frame.copy()`
  dataframe[f"dc_hi_{n}"] = dataframe["high"].rolling(n).max().shift(1)
/freqtrade/user_data/strategies/TrendVolTarget.py:50: PerformanceWarning: DataFrame is highly fragmented.  This is usually the result of calling `frame.insert` many times, which has poor performance.  Consider joining all columns at once using pd.concat(axis=1) instead. To get a de-fragmented frame, use `newframe = frame.copy()`
  dataframe[f"dc_hi_{n}"] = dataframe["high"].rolling(n).max().shift(1)
/freqtrade/user_data/strategies/TrendVolTarget.py:50: PerformanceWarning: DataFrame is highly fragmented.  This is usually the result of calling `frame.insert` many times, which has poor performance.  Consider joining all columns at once using pd.concat(axis=1) instead. To get a de-fragmented frame, use `newframe = frame.copy()`
  dataframe[f"dc_hi_{n}"] = dataframe["high"].rolling(n).max().shift(1)
/freqtrade/user_data/strategies/TrendVolTarget.py:50: PerformanceWarning: DataFrame is highly fragmented.  This is usually the result of calling `frame.insert` many times, which has poor performance.  Consider joining all columns at once using pd.concat(axis=1) instead. To get a de-fragmented frame, use `newframe = frame.copy()`
  dataframe[f"dc_hi_{n}"] = dataframe["high"].rolling(n).max().shift(1)
/freqtrade/user_data/strategies/TrendVolTarget.py:50: PerformanceWarning: DataFrame is highly fragmented.  This is usually the result of calling `frame.insert` many times, which has poor performance.  Consider joining all columns at once using pd.concat(axis=1) instead. To get a de-fragmented frame, use `newframe = frame.copy()`
  dataframe[f"dc_hi_{n}"] = dataframe["high"].rolling(n).max().shift(1)
/freqtrade/user_data/strategies/TrendVolTarget.py:50: PerformanceWarning: DataFrame is highly fragmented.  This is usually the result of calling `frame.insert` many times, which has poor performance.  Consider joining all columns at once using pd.concat(axis=1) instead. To get a de-fragmented frame, use `newframe = frame.copy()`
  dataframe[f"dc_hi_{n}"] = dataframe["high"].rolling(n).max().shift(1)
/freqtrade/user_data/strategies/TrendVolTarget.py:50: PerformanceWarning: DataFrame is highly fragmented.  This is usually the result of calling `frame.insert` many times, which has poor performance.  Consider joining all columns at once using pd.concat(axis=1) instead. To get a de-fragmented frame, use `newframe = frame.copy()`
  dataframe[f"dc_hi_{n}"] = dataframe["high"].rolling(n).max().shift(1)
/freqtrade/user_data/strategies/TrendVolTarget.py:50: PerformanceWarning: DataFrame is highly fragmented.  This is usually the result of calling `frame.insert` many times, which has poor performance.  Consider joining all columns at once using pd.concat(axis=1) instead. To get a de-fragmented frame, use `newframe = frame.copy()`
  dataframe[f"dc_hi_{n}"] = dataframe["high"].rolling(n).max().shift(1)
/freqtrade/user_data/strategies/TrendVolTarget.py:50: PerformanceWarning: DataFrame is highly fragmented.  This is usually the result of calling `frame.insert` many times, which has poor performance.  Consider joining all columns at once using pd.concat(axis=1) instead. To get a de-fragmented frame, use `newframe = frame.copy()`
  dataframe[f"dc_hi_{n}"] = dataframe["high"].rolling(n).max().shift(1)
/freqtrade/user_data/strategies/TrendVolTarget.py:50: PerformanceWarning: DataFrame is highly fragmented.  This is usually the result of calling `frame.insert` many times, which has poor performance.  Consider joining all columns at once using pd.concat(axis=1) instead. To get a de-fragmented frame, use `newframe = frame.copy()`
  dataframe[f"dc_hi_{n}"] = dataframe["high"].rolling(n).max().shift(1)
/freqtrade/user_data/strategies/TrendVolTarget.py:50: PerformanceWarning: DataFrame is highly fragmented.  This is usually the result of calling `frame.insert` many times, which has poor performance.  Consider joining all columns at once using pd.concat(axis=1) instead. To get a de-fragmented frame, use `newframe = frame.copy()`
  dataframe[f"dc_hi_{n}"] = dataframe["high"].rolling(n).max().shift(1)
/freqtrade/user_data/strategies/TrendVolTarget.py:50: PerformanceWarning: DataFrame is highly fragmented.  This is usually the result of calling `frame.insert` many times, which has poor performance.  Consider joining all columns at once using pd.concat(axis=1) instead. To get a de-fragmented frame, use `newframe = frame.copy()`
  dataframe[f"dc_hi_{n}"] = dataframe["high"].rolling(n).max().shift(1)
/freqtrade/user_data/strategies/TrendVolTarget.py:50: PerformanceWarning: DataFrame is highly fragmented.  This is usually the result of calling `frame.insert` many times, which has poor performance.  Consider joining all columns at once using pd.concat(axis=1) instead. To get a de-fragmented frame, use `newframe = frame.copy()`
  dataframe[f"dc_hi_{n}"] = dataframe["high"].rolling(n).max().shift(1)
/freqtrade/user_data/strategies/TrendVolTarget.py:50: PerformanceWarning: DataFrame is highly fragmented.  This is usually the result of calling `frame.insert` many times, which has poor performance.  Consider joining all columns at once using pd.concat(axis=1) instead. To get a de-fragmented frame, use `newframe = frame.copy()`
  dataframe[f"dc_hi_{n}"] = dataframe["high"].rolling(n).max().shift(1)
/freqtrade/user_data/strategies/TrendVolTarget.py:50: PerformanceWarning: DataFrame is highly fragmented.  This is usually the result of calling `frame.insert` many times, which has poor performance.  Consider joining all columns at once using pd.concat(axis=1) instead. To get a de-fragmented frame, use `newframe = frame.copy()`
  dataframe[f"dc_hi_{n}"] = dataframe["high"].rolling(n).max().shift(1)
/freqtrade/user_data/strategies/TrendVolTarget.py:50: PerformanceWarning: DataFrame is highly fragmented.  This is usually the result of calling `frame.insert` many times, which has poor performance.  Consider joining all columns at once using pd.concat(axis=1) instead. To get a de-fragmented frame, use `newframe = frame.copy()`
  dataframe[f"dc_hi_{n}"] = dataframe["high"].rolling(n).max().shift(1)
/freqtrade/user_data/strategies/TrendVolTarget.py:50: PerformanceWarning: DataFrame is highly fragmented.  This is usually the result of calling `frame.insert` many times, which has poor performance.  Consider joining all columns at once using pd.concat(axis=1) instead. To get a de-fragmented frame, use `newframe = frame.copy()`
  dataframe[f"dc_hi_{n}"] = dataframe["high"].rolling(n).max().shift(1)
/freqtrade/user_data/strategies/TrendVolTarget.py:50: PerformanceWarning: DataFrame is highly fragmented.  This is usually the result of calling `frame.insert` many times, which has poor performance.  Consider joining all columns at once using pd.concat(axis=1) instead. To get a de-fragmented frame, use `newframe = frame.copy()`
  dataframe[f"dc_hi_{n}"] = dataframe["high"].rolling(n).max().shift(1)
/freqtrade/user_data/strategies/TrendVolTarget.py:50: PerformanceWarning: DataFrame is highly fragmented.  This is usually the result of calling `frame.insert` many times, which has poor performance.  Consider joining all columns at once using pd.concat(axis=1) instead. To get a de-fragmented frame, use `newframe = frame.copy()`
  dataframe[f"dc_hi_{n}"] = dataframe["high"].rolling(n).max().shift(1)
/freqtrade/user_data/strategies/TrendVolTarget.py:50: PerformanceWarning: DataFrame is highly fragmented.  This is usually the result of calling `frame.insert` many times, which has poor performance.  Consider joining all columns at once using pd.concat(axis=1) instead. To get a de-fragmented frame, use `newframe = frame.copy()`
  dataframe[f"dc_hi_{n}"] = dataframe["high"].rolling(n).max().shift(1)
/freqtrade/user_data/strategies/TrendVolTarget.py:50: PerformanceWarning: DataFrame is highly fragmented.  This is usually the result of calling `frame.insert` many times, which has poor performance.  Consider joining all columns at once using pd.concat(axis=1) instead. To get a de-fragmented frame, use `newframe = frame.copy()`
  dataframe[f"dc_hi_{n}"] = dataframe["high"].rolling(n).max().shift(1)
/freqtrade/user_data/strategies/TrendVolTarget.py:50: PerformanceWarning: DataFrame is highly fragmented.  This is usually the result of calling `frame.insert` many times, which has poor performance.  Consider joining all columns at once using pd.concat(axis=1) instead. To get a de-fragmented frame, use `newframe = frame.copy()`
  dataframe[f"dc_hi_{n}"] = dataframe["high"].rolling(n).max().shift(1)
/freqtrade/user_data/strategies/TrendVolTarget.py:50: PerformanceWarning: DataFrame is highly fragmented.  This is usually the result of calling `frame.insert` many times, which has poor performance.  Consider joining all columns at once using pd.concat(axis=1) instead. To get a de-fragmented frame, use `newframe = frame.copy()`
  dataframe[f"dc_hi_{n}"] = dataframe["high"].rolling(n).max().shift(1)
/freqtrade/user_data/strategies/TrendVolTarget.py:50: PerformanceWarning: DataFrame is highly fragmented.  This is usually the result of calling `frame.insert` many times, which has poor performance.  Consider joining all columns at once using pd.concat(axis=1) instead. To get a de-fragmented frame, use `newframe = frame.copy()`
  dataframe[f"dc_hi_{n}"] = dataframe["high"].rolling(n).max().shift(1)
/freqtrade/user_data/strategies/TrendVolTarget.py:50: PerformanceWarning: DataFrame is highly fragmented.  This is usually the result of calling `frame.insert` many times, which has poor performance.  Consider joining all columns at once using pd.concat(axis=1) instead. To get a de-fragmented frame, use `newframe = frame.copy()`
  dataframe[f"dc_hi_{n}"] = dataframe["high"].rolling(n).max().shift(1)
/freqtrade/user_data/strategies/TrendVolTarget.py:50: PerformanceWarning: DataFrame is highly fragmented.  This is usually the result of calling `frame.insert` many times, which has poor performance.  Consider joining all columns at once using pd.concat(axis=1) instead. To get a de-fragmented frame, use `newframe = frame.copy()`
  dataframe[f"dc_hi_{n}"] = dataframe["high"].rolling(n).max().shift(1)
/freqtrade/user_data/strategies/TrendVolTarget.py:50: PerformanceWarning: DataFrame is highly fragmented.  This is usually the result of calling `frame.insert` many times, which has poor performance.  Consider joining all columns at once using pd.concat(axis=1) instead. To get a de-fragmented frame, use `newframe = frame.copy()`
  dataframe[f"dc_hi_{n}"] = dataframe["high"].rolling(n).max().shift(1)
/freqtrade/user_data/strategies/TrendVolTarget.py:50: PerformanceWarning: DataFrame is highly fragmented.  This is usually the result of calling `frame.insert` many times, which has poor performance.  Consider joining all columns at once using pd.concat(axis=1) instead. To get a de-fragmented frame, use `newframe = frame.copy()`
  dataframe[f"dc_hi_{n}"] = dataframe["high"].rolling(n).max().shift(1)
/freqtrade/user_data/strategies/TrendVolTarget.py:50: PerformanceWarning: DataFrame is highly fragmented.  This is usually the result of calling `frame.insert` many times, which has poor performance.  Consider joining all columns at once using pd.concat(axis=1) instead. To get a de-fragmented frame, use `newframe = frame.copy()`
  dataframe[f"dc_hi_{n}"] = dataframe["high"].rolling(n).max().shift(1)
/freqtrade/user_data/strategies/TrendVolTarget.py:50: PerformanceWarning: DataFrame is highly fragmented.  This is usually the result of calling `frame.insert` many times, which has poor performance.  Consider joining all columns at once using pd.concat(axis=1) instead. To get a de-fragmented frame, use `newframe = frame.copy()`
  dataframe[f"dc_hi_{n}"] = dataframe["high"].rolling(n).max().shift(1)
/freqtrade/user_data/strategies/TrendVolTarget.py:50: PerformanceWarning: DataFrame is highly fragmented.  This is usually the result of calling `frame.insert` many times, which has poor performance.  Consider joining all columns at once using pd.concat(axis=1) instead. To get a de-fragmented frame, use `newframe = frame.copy()`
  dataframe[f"dc_hi_{n}"] = dataframe["high"].rolling(n).max().shift(1)
/freqtrade/user_data/strategies/TrendVolTarget.py:50: PerformanceWarning: DataFrame is highly fragmented.  This is usually the result of calling `frame.insert` many times, which has poor performance.  Consider joining all columns at once using pd.concat(axis=1) instead. To get a de-fragmented frame, use `newframe = frame.copy()`
  dataframe[f"dc_hi_{n}"] = dataframe["high"].rolling(n).max().shift(1)
/freqtrade/user_data/strategies/TrendVolTarget.py:50: PerformanceWarning: DataFrame is highly fragmented.  This is usually the result of calling `frame.insert` many times, which has poor performance.  Consider joining all columns at once using pd.concat(axis=1) instead. To get a de-fragmented frame, use `newframe = frame.copy()`
  dataframe[f"dc_hi_{n}"] = dataframe["high"].rolling(n).max().shift(1)
/freqtrade/user_data/strategies/TrendVolTarget.py:50: PerformanceWarning: DataFrame is highly fragmented.  This is usually the result of calling `frame.insert` many times, which has poor performance.  Consider joining all columns at once using pd.concat(axis=1) instead. To get a de-fragmented frame, use `newframe = frame.copy()`
  dataframe[f"dc_hi_{n}"] = dataframe["high"].rolling(n).max().shift(1)
/freqtrade/user_data/strategies/TrendVolTarget.py:50: PerformanceWarning: DataFrame is highly fragmented.  This is usually the result of calling `frame.insert` many times, which has poor performance.  Consider joining all columns at once using pd.concat(axis=1) instead. To get a de-fragmented frame, use `newframe = frame.copy()`
  dataframe[f"dc_hi_{n}"] = dataframe["high"].rolling(n).max().shift(1)
/freqtrade/user_data/strategies/TrendVolTarget.py:50: PerformanceWarning: DataFrame is highly fragmented.  This is usually the result of calling `frame.insert` many times, which has poor performance.  Consider joining all columns at once using pd.concat(axis=1) instead. To get a de-fragmented frame, use `newframe = frame.copy()`
  dataframe[f"dc_hi_{n}"] = dataframe["high"].rolling(n).max().shift(1)
/freqtrade/user_data/strategies/TrendVolTarget.py:50: PerformanceWarning: DataFrame is highly fragmented.  This is usually the result of calling `frame.insert` many times, which has poor performance.  Consider joining all columns at once using pd.concat(axis=1) instead. To get a de-fragmented frame, use `newframe = frame.copy()`
  dataframe[f"dc_hi_{n}"] = dataframe["high"].rolling(n).max().shift(1)
/freqtrade/user_data/strategies/TrendVolTarget.py:50: PerformanceWarning: DataFrame is highly fragmented.  This is usually the result of calling `frame.insert` many times, which has poor performance.  Consider joining all columns at once using pd.concat(axis=1) instead. To get a de-fragmented frame, use `newframe = frame.copy()`
  dataframe[f"dc_hi_{n}"] = dataframe["high"].rolling(n).max().shift(1)
/freqtrade/user_data/strategies/TrendVolTarget.py:50: PerformanceWarning: DataFrame is highly fragmented.  This is usually the result of calling `frame.insert` many times, which has poor performance.  Consider joining all columns at once using pd.concat(axis=1) instead. To get a de-fragmented frame, use `newframe = frame.copy()`
  dataframe[f"dc_hi_{n}"] = dataframe["high"].rolling(n).max().shift(1)
/freqtrade/user_data/strategies/TrendVolTarget.py:50: PerformanceWarning: DataFrame is highly fragmented.  This is usually the result of calling `frame.insert` many times, which has poor performance.  Consider joining all columns at once using pd.concat(axis=1) instead. To get a de-fragmented frame, use `newframe = frame.copy()`
  dataframe[f"dc_hi_{n}"] = dataframe["high"].rolling(n).max().shift(1)
/freqtrade/user_data/strategies/TrendVolTarget.py:50: PerformanceWarning: DataFrame is highly fragmented.  This is usually the result of calling `frame.insert` many times, which has poor performance.  Consider joining all columns at once using pd.concat(axis=1) instead. To get a de-fragmented frame, use `newframe = frame.copy()`
  dataframe[f"dc_hi_{n}"] = dataframe["high"].rolling(n).max().shift(1)
/freqtrade/user_data/strategies/TrendVolTarget.py:50: PerformanceWarning: DataFrame is highly fragmented.  This is usually the result of calling `frame.insert` many times, which has poor performance.  Consider joining all columns at once using pd.concat(axis=1) instead. To get a de-fragmented frame, use `newframe = frame.copy()`
  dataframe[f"dc_hi_{n}"] = dataframe["high"].rolling(n).max().shift(1)
/freqtrade/user_data/strategies/TrendVolTarget.py:50: PerformanceWarning: DataFrame is highly fragmented.  This is usually the result of calling `frame.insert` many times, which has poor performance.  Consider joining all columns at once using pd.concat(axis=1) instead. To get a de-fragmented frame, use `newframe = frame.copy()`
  dataframe[f"dc_hi_{n}"] = dataframe["high"].rolling(n).max().shift(1)
/freqtrade/user_data/strategies/TrendVolTarget.py:50: PerformanceWarning: DataFrame is highly fragmented.  This is usually the result of calling `frame.insert` many times, which has poor performance.  Consider joining all columns at once using pd.concat(axis=1) instead. To get a de-fragmented frame, use `newframe = frame.copy()`
  dataframe[f"dc_hi_{n}"] = dataframe["high"].rolling(n).max().shift(1)
/freqtrade/user_data/strategies/TrendVolTarget.py:50: PerformanceWarning: DataFrame is highly fragmented.  This is usually the result of calling `frame.insert` many times, which has poor performance.  Consider joining all columns at once using pd.concat(axis=1) instead. To get a de-fragmented frame, use `newframe = frame.copy()`
  dataframe[f"dc_hi_{n}"] = dataframe["high"].rolling(n).max().shift(1)
/freqtrade/user_data/strategies/TrendVolTarget.py:50: PerformanceWarning: DataFrame is highly fragmented.  This is usually the result of calling `frame.insert` many times, which has poor performance.  Consider joining all columns at once using pd.concat(axis=1) instead. To get a de-fragmented frame, use `newframe = frame.copy()`
  dataframe[f"dc_hi_{n}"] = dataframe["high"].rolling(n).max().shift(1)
/freqtrade/user_data/strategies/TrendVolTarget.py:50: PerformanceWarning: DataFrame is highly fragmented.  This is usually the result of calling `frame.insert` many times, which has poor performance.  Consider joining all columns at once using pd.concat(axis=1) instead. To get a de-fragmented frame, use `newframe = frame.copy()`
  dataframe[f"dc_hi_{n}"] = dataframe["high"].rolling(n).max().shift(1)
/freqtrade/user_data/strategies/TrendVolTarget.py:50: PerformanceWarning: DataFrame is highly fragmented.  This is usually the result of calling `frame.insert` many times, which has poor performance.  Consider joining all columns at once using pd.concat(axis=1) instead. To get a de-fragmented frame, use `newframe = frame.copy()`
  dataframe[f"dc_hi_{n}"] = dataframe["high"].rolling(n).max().shift(1)
/freqtrade/user_data/strategies/TrendVolTarget.py:50: PerformanceWarning: DataFrame is highly fragmented.  This is usually the result of calling `frame.insert` many times, which has poor performance.  Consider joining all columns at once using pd.concat(axis=1) instead. To get a de-fragmented frame, use `newframe = frame.copy()`
  dataframe[f"dc_hi_{n}"] = dataframe["high"].rolling(n).max().shift(1)
/freqtrade/user_data/strategies/TrendVolTarget.py:50: PerformanceWarning: DataFrame is highly fragmented.  This is usually the result of calling `frame.insert` many times, which has poor performance.  Consider joining all columns at once using pd.concat(axis=1) instead. To get a de-fragmented frame, use `newframe = frame.copy()`
  dataframe[f"dc_hi_{n}"] = dataframe["high"].rolling(n).max().shift(1)
/freqtrade/user_data/strategies/TrendVolTarget.py:50: PerformanceWarning: DataFrame is highly fragmented.  This is usually the result of calling `frame.insert` many times, which has poor performance.  Consider joining all columns at once using pd.concat(axis=1) instead. To get a de-fragmented frame, use `newframe = frame.copy()`
  dataframe[f"dc_hi_{n}"] = dataframe["high"].rolling(n).max().shift(1)
/freqtrade/user_data/strategies/TrendVolTarget.py:50: PerformanceWarning: DataFrame is highly fragmented.  This is usually the result of calling `frame.insert` many times, which has poor performance.  Consider joining all columns at once using pd.concat(axis=1) instead. To get a de-fragmented frame, use `newframe = frame.copy()`
  dataframe[f"dc_hi_{n}"] = dataframe["high"].rolling(n).max().shift(1)
/freqtrade/user_data/strategies/TrendVolTarget.py:50: PerformanceWarning: DataFrame is highly fragmented.  This is usually the result of calling `frame.insert` many times, which has poor performance.  Consider joining all columns at once using pd.concat(axis=1) instead. To get a de-fragmented frame, use `newframe = frame.copy()`
  dataframe[f"dc_hi_{n}"] = dataframe["high"].rolling(n).max().shift(1)
/freqtrade/user_data/strategies/TrendVolTarget.py:50: PerformanceWarning: DataFrame is highly fragmented.  This is usually the result of calling `frame.insert` many times, which has poor performance.  Consider joining all columns at once using pd.concat(axis=1) instead. To get a de-fragmented frame, use `newframe = frame.copy()`
  dataframe[f"dc_hi_{n}"] = dataframe["high"].rolling(n).max().shift(1)
/freqtrade/user_data/strategies/TrendVolTarget.py:50: PerformanceWarning: DataFrame is highly fragmented.  This is usually the result of calling `frame.insert` many times, which has poor performance.  Consider joining all columns at once using pd.concat(axis=1) instead. To get a de-fragmented frame, use `newframe = frame.copy()`
  dataframe[f"dc_hi_{n}"] = dataframe["high"].rolling(n).max().shift(1)
/freqtrade/user_data/strategies/TrendVolTarget.py:50: PerformanceWarning: DataFrame is highly fragmented.  This is usually the result of calling `frame.insert` many times, which has poor performance.  Consider joining all columns at once using pd.concat(axis=1) instead. To get a de-fragmented frame, use `newframe = frame.copy()`
  dataframe[f"dc_hi_{n}"] = dataframe["high"].rolling(n).max().shift(1)
/freqtrade/user_data/strategies/TrendVolTarget.py:50: PerformanceWarning: DataFrame is highly fragmented.  This is usually the result of calling `frame.insert` many times, which has poor performance.  Consider joining all columns at once using pd.concat(axis=1) instead. To get a de-fragmented frame, use `newframe = frame.copy()`
  dataframe[f"dc_hi_{n}"] = dataframe["high"].rolling(n).max().shift(1)
/freqtrade/user_data/strategies/TrendVolTarget.py:50: PerformanceWarning: DataFrame is highly fragmented.  This is usually the result of calling `frame.insert` many times, which has poor performance.  Consider joining all columns at once using pd.concat(axis=1) instead. To get a de-fragmented frame, use `newframe = frame.copy()`
  dataframe[f"dc_hi_{n}"] = dataframe["high"].rolling(n).max().shift(1)
/freqtrade/user_data/strategies/TrendVolTarget.py:50: PerformanceWarning: DataFrame is highly fragmented.  This is usually the result of calling `frame.insert` many times, which has poor performance.  Consider joining all columns at once using pd.concat(axis=1) instead. To get a de-fragmented frame, use `newframe = frame.copy()`
  dataframe[f"dc_hi_{n}"] = dataframe["high"].rolling(n).max().shift(1)
/freqtrade/user_data/strategies/TrendVolTarget.py:50: PerformanceWarning: DataFrame is highly fragmented.  This is usually the result of calling `frame.insert` many times, which has poor performance.  Consider joining all columns at once using pd.concat(axis=1) instead. To get a de-fragmented frame, use `newframe = frame.copy()`
  dataframe[f"dc_hi_{n}"] = dataframe["high"].rolling(n).max().shift(1)
/freqtrade/user_data/strategies/TrendVolTarget.py:50: PerformanceWarning: DataFrame is highly fragmented.  This is usually the result of calling `frame.insert` many times, which has poor performance.  Consider joining all columns at once using pd.concat(axis=1) instead. To get a de-fragmented frame, use `newframe = frame.copy()`
  dataframe[f"dc_hi_{n}"] = dataframe["high"].rolling(n).max().shift(1)
/freqtrade/user_data/strategies/TrendVolTarget.py:50: PerformanceWarning: DataFrame is highly fragmented.  This is usually the result of calling `frame.insert` many times, which has poor performance.  Consider joining all columns at once using pd.concat(axis=1) instead. To get a de-fragmented frame, use `newframe = frame.copy()`
  dataframe[f"dc_hi_{n}"] = dataframe["high"].rolling(n).max().shift(1)
/freqtrade/user_data/strategies/TrendVolTarget.py:50: PerformanceWarning: DataFrame is highly fragmented.  This is usually the result of calling `frame.insert` many times, which has poor performance.  Consider joining all columns at once using pd.concat(axis=1) instead. To get a de-fragmented frame, use `newframe = frame.copy()`
  dataframe[f"dc_hi_{n}"] = dataframe["high"].rolling(n).max().shift(1)
/freqtrade/user_data/strategies/TrendVolTarget.py:50: PerformanceWarning: DataFrame is highly fragmented.  This is usually the result of calling `frame.insert` many times, which has poor performance.  Consider joining all columns at once using pd.concat(axis=1) instead. To get a de-fragmented frame, use `newframe = frame.copy()`
  dataframe[f"dc_hi_{n}"] = dataframe["high"].rolling(n).max().shift(1)
/freqtrade/user_data/strategies/TrendVolTarget.py:50: PerformanceWarning: DataFrame is highly fragmented.  This is usually the result of calling `frame.insert` many times, which has poor performance.  Consider joining all columns at once using pd.concat(axis=1) instead. To get a de-fragmented frame, use `newframe = frame.copy()`
  dataframe[f"dc_hi_{n}"] = dataframe["high"].rolling(n).max().shift(1)
/freqtrade/user_data/strategies/TrendVolTarget.py:50: PerformanceWarning: DataFrame is highly fragmented.  This is usually the result of calling `frame.insert` many times, which has poor performance.  Consider joining all columns at once using pd.concat(axis=1) instead. To get a de-fragmented frame, use `newframe = frame.copy()`
  dataframe[f"dc_hi_{n}"] = dataframe["high"].rolling(n).max().shift(1)
/freqtrade/user_data/strategies/TrendVolTarget.py:50: PerformanceWarning: DataFrame is highly fragmented.  This is usually the result of calling `frame.insert` many times, which has poor performance.  Consider joining all columns at once using pd.concat(axis=1) instead. To get a de-fragmented frame, use `newframe = frame.copy()`
  dataframe[f"dc_hi_{n}"] = dataframe["high"].rolling(n).max().shift(1)
/freqtrade/user_data/strategies/TrendVolTarget.py:50: PerformanceWarning: DataFrame is highly fragmented.  This is usually the result of calling `frame.insert` many times, which has poor performance.  Consider joining all columns at once using pd.concat(axis=1) instead. To get a de-fragmented frame, use `newframe = frame.copy()`
  dataframe[f"dc_hi_{n}"] = dataframe["high"].rolling(n).max().shift(1)
/freqtrade/user_data/strategies/TrendVolTarget.py:53: PerformanceWarning: DataFrame is highly fragmented.  This is usually the result of calling `frame.insert` many times, which has poor performance.  Consider joining all columns at once using pd.concat(axis=1) instead. To get a de-fragmented frame, use `newframe = frame.copy()`
  dataframe["sma_f"] = ta.SMA(dataframe, timeperiod=60)
/freqtrade/user_data/strategies/TrendVolTarget.py:54: PerformanceWarning: DataFrame is highly fragmented.  This is usually the result of calling `frame.insert` many times, which has poor performance.  Consider joining all columns at once using pd.concat(axis=1) instead. To get a de-fragmented frame, use `newframe = frame.copy()`
  dataframe["sma_s"] = ta.SMA(dataframe, timeperiod=240)
/freqtrade/user_data/strategies/TrendVolTarget.py:56: PerformanceWarning: DataFrame is highly fragmented.  This is usually the result of calling `frame.insert` many times, which has poor performance.  Consider joining all columns at once using pd.concat(axis=1) instead. To get a de-fragmented frame, use `newframe = frame.copy()`
  dataframe["rvol"] = dataframe["close"].pct_change().rolling(90).std() * np.sqrt(6 * 365)
/freqtrade/user_data/strategies/TrendVolTarget.py:50: PerformanceWarning: DataFrame is highly fragmented.  This is usually the result of calling `frame.insert` many times, which has poor performance.  Consider joining all columns at once using pd.concat(axis=1) instead. To get a de-fragmented frame, use `newframe = frame.copy()`
  dataframe[f"dc_hi_{n}"] = dataframe["high"].rolling(n).max().shift(1)
/freqtrade/user_data/strategies/TrendVolTarget.py:50: PerformanceWarning: DataFrame is highly fragmented.  This is usually the result of calling `frame.insert` many times, which has poor performance.  Consider joining all columns at once using pd.concat(axis=1) instead. To get a de-fragmented frame, use `newframe = frame.copy()`
  dataframe[f"dc_hi_{n}"] = dataframe["high"].rolling(n).max().shift(1)
/freqtrade/user_data/strategies/TrendVolTarget.py:50: PerformanceWarning: DataFrame is highly fragmented.  This is usually the result of calling `frame.insert` many times, which has poor performance.  Consider joining all columns at once using pd.concat(axis=1) instead. To get a de-fragmented frame, use `newframe = frame.copy()`
  dataframe[f"dc_hi_{n}"] = dataframe["high"].rolling(n).max().shift(1)
/freqtrade/user_data/strategies/TrendVolTarget.py:50: PerformanceWarning: DataFrame is highly fragmented.  This is usually the result of calling `frame.insert` many times, which has poor performance.  Consider joining all columns at once using pd.concat(axis=1) instead. To get a de-fragmented frame, use `newframe = frame.copy()`
  dataframe[f"dc_hi_{n}"] = dataframe["high"].rolling(n).max().shift(1)
/freqtrade/user_data/strategies/TrendVolTarget.py:50: PerformanceWarning: DataFrame is highly fragmented.  This is usually the result of calling `frame.insert` many times, which has poor performance.  Consider joining all columns at once using pd.concat(axis=1) instead. To get a de-fragmented frame, use `newframe = frame.copy()`
  dataframe[f"dc_hi_{n}"] = dataframe["high"].rolling(n).max().shift(1)
/freqtrade/user_data/strategies/TrendVolTarget.py:50: PerformanceWarning: DataFrame is highly fragmented.  This is usually the result of calling `frame.insert` many times, which has poor performance.  Consider joining all columns at once using pd.concat(axis=1) instead. To get a de-fragmented frame, use `newframe = frame.copy()`
  dataframe[f"dc_hi_{n}"] = dataframe["high"].rolling(n).max().shift(1)
/freqtrade/user_data/strategies/TrendVolTarget.py:50: PerformanceWarning: DataFrame is highly fragmented.  This is usually the result of calling `frame.insert` many times, which has poor performance.  Consider joining all columns at once using pd.concat(axis=1) instead. To get a de-fragmented frame, use `newframe = frame.copy()`
  dataframe[f"dc_hi_{n}"] = dataframe["high"].rolling(n).max().shift(1)
/freqtrade/user_data/strategies/TrendVolTarget.py:50: PerformanceWarning: DataFrame is highly fragmented.  This is usually the result of calling `frame.insert` many times, which has poor performance.  Consider joining all columns at once using pd.concat(axis=1) instead. To get a de-fragmented frame, use `newframe = frame.copy()`
  dataframe[f"dc_hi_{n}"] = dataframe["high"].rolling(n).max().shift(1)
/freqtrade/user_data/strategies/TrendVolTarget.py:50: PerformanceWarning: DataFrame is highly fragmented.  This is usually the result of calling `frame.insert` many times, which has poor performance.  Consider joining all columns at once using pd.concat(axis=1) instead. To get a de-fragmented frame, use `newframe = frame.copy()`
  dataframe[f"dc_hi_{n}"] = dataframe["high"].rolling(n).max().shift(1)
/freqtrade/user_data/strategies/TrendVolTarget.py:50: PerformanceWarning: DataFrame is highly fragmented.  This is usually the result of calling `frame.insert` many times, which has poor performance.  Consider joining all columns at once using pd.concat(axis=1) instead. To get a de-fragmented frame, use `newframe = frame.copy()`
  dataframe[f"dc_hi_{n}"] = dataframe["high"].rolling(n).max().shift(1)
/freqtrade/user_data/strategies/TrendVolTarget.py:50: PerformanceWarning: DataFrame is highly fragmented.  This is usually the result of calling `frame.insert` many times, which has poor performance.  Consider joining all columns at once using pd.concat(axis=1) instead. To get a de-fragmented frame, use `newframe = frame.copy()`
  dataframe[f"dc_hi_{n}"] = dataframe["high"].rolling(n).max().shift(1)
/freqtrade/user_data/strategies/TrendVolTarget.py:50: PerformanceWarning: DataFrame is highly fragmented.  This is usually the result of calling `frame.insert` many times, which has poor performance.  Consider joining all columns at once using pd.concat(axis=1) instead. To get a de-fragmented frame, use `newframe = frame.copy()`
  dataframe[f"dc_hi_{n}"] = dataframe["high"].rolling(n).max().shift(1)
/freqtrade/user_data/strategies/TrendVolTarget.py:50: PerformanceWarning: DataFrame is highly fragmented.  This is usually the result of calling `frame.insert` many times, which has poor performance.  Consider joining all columns at once using pd.concat(axis=1) instead. To get a de-fragmented frame, use `newframe = frame.copy()`
  dataframe[f"dc_hi_{n}"] = dataframe["high"].rolling(n).max().shift(1)
/freqtrade/user_data/strategies/TrendVolTarget.py:50: PerformanceWarning: DataFrame is highly fragmented.  This is usually the result of calling `frame.insert` many times, which has poor performance.  Consider joining all columns at once using pd.concat(axis=1) instead. To get a de-fragmented frame, use `newframe = frame.copy()`
  dataframe[f"dc_hi_{n}"] = dataframe["high"].rolling(n).max().shift(1)
/freqtrade/user_data/strategies/TrendVolTarget.py:50: PerformanceWarning: DataFrame is highly fragmented.  This is usually the result of calling `frame.insert` many times, which has poor performance.  Consider joining all columns at once using pd.concat(axis=1) instead. To get a de-fragmented frame, use `newframe = frame.copy()`
  dataframe[f"dc_hi_{n}"] = dataframe["high"].rolling(n).max().shift(1)
/freqtrade/user_data/strategies/TrendVolTarget.py:50: PerformanceWarning: DataFrame is highly fragmented.  This is usually the result of calling `frame.insert` many times, which has poor performance.  Consider joining all columns at once using pd.concat(axis=1) instead. To get a de-fragmented frame, use `newframe = frame.copy()`
  dataframe[f"dc_hi_{n}"] = dataframe["high"].rolling(n).max().shift(1)
/freqtrade/user_data/strategies/TrendVolTarget.py:50: PerformanceWarning: DataFrame is highly fragmented.  This is usually the result of calling `frame.insert` many times, which has poor performance.  Consider joining all columns at once using pd.concat(axis=1) instead. To get a de-fragmented frame, use `newframe = frame.copy()`
  dataframe[f"dc_hi_{n}"] = dataframe["high"].rolling(n).max().shift(1)
/freqtrade/user_data/strategies/TrendVolTarget.py:50: PerformanceWarning: DataFrame is highly fragmented.  This is usually the result of calling `frame.insert` many times, which has poor performance.  Consider joining all columns at once using pd.concat(axis=1) instead. To get a de-fragmented frame, use `newframe = frame.copy()`
  dataframe[f"dc_hi_{n}"] = dataframe["high"].rolling(n).max().shift(1)
/freqtrade/user_data/strategies/TrendVolTarget.py:50: PerformanceWarning: DataFrame is highly fragmented.  This is usually the result of calling `frame.insert` many times, which has poor performance.  Consider joining all columns at once using pd.concat(axis=1) instead. To get a de-fragmented frame, use `newframe = frame.copy()`
  dataframe[f"dc_hi_{n}"] = dataframe["high"].rolling(n).max().shift(1)
/freqtrade/user_data/strategies/TrendVolTarget.py:50: PerformanceWarning: DataFrame is highly fragmented.  This is usually the result of calling `frame.insert` many times, which has poor performance.  Consider joining all columns at once using pd.concat(axis=1) instead. To get a de-fragmented frame, use `newframe = frame.copy()`
  dataframe[f"dc_hi_{n}"] = dataframe["high"].rolling(n).max().shift(1)
/freqtrade/user_data/strategies/TrendVolTarget.py:50: PerformanceWarning: DataFrame is highly fragmented.  This is usually the result of calling `frame.insert` many times, which has poor performance.  Consider joining all columns at once using pd.concat(axis=1) instead. To get a de-fragmented frame, use `newframe = frame.copy()`
  dataframe[f"dc_hi_{n}"] = dataframe["high"].rolling(n).max().shift(1)
/freqtrade/user_data/strategies/TrendVolTarget.py:50: PerformanceWarning: DataFrame is highly fragmented.  This is usually the result of calling `frame.insert` many times, which has poor performance.  Consider joining all columns at once using pd.concat(axis=1) instead. To get a de-fragmented frame, use `newframe = frame.copy()`
  dataframe[f"dc_hi_{n}"] = dataframe["high"].rolling(n).max().shift(1)
/freqtrade/user_data/strategies/TrendVolTarget.py:50: PerformanceWarning: DataFrame is highly fragmented.  This is usually the result of calling `frame.insert` many times, which has poor performance.  Consider joining all columns at once using pd.concat(axis=1) instead. To get a de-fragmented frame, use `newframe = frame.copy()`
  dataframe[f"dc_hi_{n}"] = dataframe["high"].rolling(n).max().shift(1)
/freqtrade/user_data/strategies/TrendVolTarget.py:50: PerformanceWarning: DataFrame is highly fragmented.  This is usually the result of calling `frame.insert` many times, which has poor performance.  Consider joining all columns at once using pd.concat(axis=1) instead. To get a de-fragmented frame, use `newframe = frame.copy()`
  dataframe[f"dc_hi_{n}"] = dataframe["high"].rolling(n).max().shift(1)
/freqtrade/user_data/strategies/TrendVolTarget.py:50: PerformanceWarning: DataFrame is highly fragmented.  This is usually the result of calling `frame.insert` many times, which has poor performance.  Consider joining all columns at once using pd.concat(axis=1) instead. To get a de-fragmented frame, use `newframe = frame.copy()`
  dataframe[f"dc_hi_{n}"] = dataframe["high"].rolling(n).max().shift(1)
/freqtrade/user_data/strategies/TrendVolTarget.py:50: PerformanceWarning: DataFrame is highly fragmented.  This is usually the result of calling `frame.insert` many times, which has poor performance.  Consider joining all columns at once using pd.concat(axis=1) instead. To get a de-fragmented frame, use `newframe = frame.copy()`
  dataframe[f"dc_hi_{n}"] = dataframe["high"].rolling(n).max().shift(1)
/freqtrade/user_data/strategies/TrendVolTarget.py:50: PerformanceWarning: DataFrame is highly fragmented.  This is usually the result of calling `frame.insert` many times, which has poor performance.  Consider joining all columns at once using pd.concat(axis=1) instead. To get a de-fragmented frame, use `newframe = frame.copy()`
  dataframe[f"dc_hi_{n}"] = dataframe["high"].rolling(n).max().shift(1)
/freqtrade/user_data/strategies/TrendVolTarget.py:50: PerformanceWarning: DataFrame is highly fragmented.  This is usually the result of calling `frame.insert` many times, which has poor performance.  Consider joining all columns at once using pd.concat(axis=1) instead. To get a de-fragmented frame, use `newframe = frame.copy()`
  dataframe[f"dc_hi_{n}"] = dataframe["high"].rolling(n).max().shift(1)
/freqtrade/user_data/strategies/TrendVolTarget.py:50: PerformanceWarning: DataFrame is highly fragmented.  This is usually the result of calling `frame.insert` many times, which has poor performance.  Consider joining all columns at once using pd.concat(axis=1) instead. To get a de-fragmented frame, use `newframe = frame.copy()`
  dataframe[f"dc_hi_{n}"] = dataframe["high"].rolling(n).max().shift(1)
/freqtrade/user_data/strategies/TrendVolTarget.py:50: PerformanceWarning: DataFrame is highly fragmented.  This is usually the result of calling `frame.insert` many times, which has poor performance.  Consider joining all columns at once using pd.concat(axis=1) instead. To get a de-fragmented frame, use `newframe = frame.copy()`
  dataframe[f"dc_hi_{n}"] = dataframe["high"].rolling(n).max().shift(1)
/freqtrade/user_data/strategies/TrendVolTarget.py:50: PerformanceWarning: DataFrame is highly fragmented.  This is usually the result of calling `frame.insert` many times, which has poor performance.  Consider joining all columns at once using pd.concat(axis=1) instead. To get a de-fragmented frame, use `newframe = frame.copy()`
  dataframe[f"dc_hi_{n}"] = dataframe["high"].rolling(n).max().shift(1)
/freqtrade/user_data/strategies/TrendVolTarget.py:50: PerformanceWarning: DataFrame is highly fragmented.  This is usually the result of calling `frame.insert` many times, which has poor performance.  Consider joining all columns at once using pd.concat(axis=1) instead. To get a de-fragmented frame, use `newframe = frame.copy()`
  dataframe[f"dc_hi_{n}"] = dataframe["high"].rolling(n).max().shift(1)
/freqtrade/user_data/strategies/TrendVolTarget.py:50: PerformanceWarning: DataFrame is highly fragmented.  This is usually the result of calling `frame.insert` many times, which has poor performance.  Consider joining all columns at once using pd.concat(axis=1) instead. To get a de-fragmented frame, use `newframe = frame.copy()`
  dataframe[f"dc_hi_{n}"] = dataframe["high"].rolling(n).max().shift(1)
/freqtrade/user_data/strategies/TrendVolTarget.py:50: PerformanceWarning: DataFrame is highly fragmented.  This is usually the result of calling `frame.insert` many times, which has poor performance.  Consider joining all columns at once using pd.concat(axis=1) instead. To get a de-fragmented frame, use `newframe = frame.copy()`
  dataframe[f"dc_hi_{n}"] = dataframe["high"].rolling(n).max().shift(1)
/freqtrade/user_data/strategies/TrendVolTarget.py:50: PerformanceWarning: DataFrame is highly fragmented.  This is usually the result of calling `frame.insert` many times, which has poor performance.  Consider joining all columns at once using pd.concat(axis=1) instead. To get a de-fragmented frame, use `newframe = frame.copy()`
  dataframe[f"dc_hi_{n}"] = dataframe["high"].rolling(n).max().shift(1)
/freqtrade/user_data/strategies/TrendVolTarget.py:50: PerformanceWarning: DataFrame is highly fragmented.  This is usually the result of calling `frame.insert` many times, which has poor performance.  Consider joining all columns at once using pd.concat(axis=1) instead. To get a de-fragmented frame, use `newframe = frame.copy()`
  dataframe[f"dc_hi_{n}"] = dataframe["high"].rolling(n).max().shift(1)
/freqtrade/user_data/strategies/TrendVolTarget.py:50: PerformanceWarning: DataFrame is highly fragmented.  This is usually the result of calling `frame.insert` many times, which has poor performance.  Consider joining all columns at once using pd.concat(axis=1) instead. To get a de-fragmented frame, use `newframe = frame.copy()`
  dataframe[f"dc_hi_{n}"] = dataframe["high"].rolling(n).max().shift(1)
/freqtrade/user_data/strategies/TrendVolTarget.py:50: PerformanceWarning: DataFrame is highly fragmented.  This is usually the result of calling `frame.insert` many times, which has poor performance.  Consider joining all columns at once using pd.concat(axis=1) instead. To get a de-fragmented frame, use `newframe = frame.copy()`
  dataframe[f"dc_hi_{n}"] = dataframe["high"].rolling(n).max().shift(1)
/freqtrade/user_data/strategies/TrendVolTarget.py:50: PerformanceWarning: DataFrame is highly fragmented.  This is usually the result of calling `frame.insert` many times, which has poor performance.  Consider joining all columns at once using pd.concat(axis=1) instead. To get a de-fragmented frame, use `newframe = frame.copy()`
  dataframe[f"dc_hi_{n}"] = dataframe["high"].rolling(n).max().shift(1)
/freqtrade/user_data/strategies/TrendVolTarget.py:50: PerformanceWarning: DataFrame is highly fragmented.  This is usually the result of calling `frame.insert` many times, which has poor performance.  Consider joining all columns at once using pd.concat(axis=1) instead. To get a de-fragmented frame, use `newframe = frame.copy()`
  dataframe[f"dc_hi_{n}"] = dataframe["high"].rolling(n).max().shift(1)
/freqtrade/user_data/strategies/TrendVolTarget.py:50: PerformanceWarning: DataFrame is highly fragmented.  This is usually the result of calling `frame.insert` many times, which has poor performance.  Consider joining all columns at once using pd.concat(axis=1) instead. To get a de-fragmented frame, use `newframe = frame.copy()`
  dataframe[f"dc_hi_{n}"] = dataframe["high"].rolling(n).max().shift(1)
/freqtrade/user_data/strategies/TrendVolTarget.py:50: PerformanceWarning: DataFrame is highly fragmented.  This is usually the result of calling `frame.insert` many times, which has poor performance.  Consider joining all columns at once using pd.concat(axis=1) instead. To get a de-fragmented frame, use `newframe = frame.copy()`
  dataframe[f"dc_hi_{n}"] = dataframe["high"].rolling(n).max().shift(1)
/freqtrade/user_data/strategies/TrendVolTarget.py:50: PerformanceWarning: DataFrame is highly fragmented.  This is usually the result of calling `frame.insert` many times, which has poor performance.  Consider joining all columns at once using pd.concat(axis=1) instead. To get a de-fragmented frame, use `newframe = frame.copy()`
  dataframe[f"dc_hi_{n}"] = dataframe["high"].rolling(n).max().shift(1)
/freqtrade/user_data/strategies/TrendVolTarget.py:50: PerformanceWarning: DataFrame is highly fragmented.  This is usually the result of calling `frame.insert` many times, which has poor performance.  Consider joining all columns at once using pd.concat(axis=1) instead. To get a de-fragmented frame, use `newframe = frame.copy()`
  dataframe[f"dc_hi_{n}"] = dataframe["high"].rolling(n).max().shift(1)
/freqtrade/user_data/strategies/TrendVolTarget.py:50: PerformanceWarning: DataFrame is highly fragmented.  This is usually the result of calling `frame.insert` many times, which has poor performance.  Consider joining all columns at once using pd.concat(axis=1) instead. To get a de-fragmented frame, use `newframe = frame.copy()`
  dataframe[f"dc_hi_{n}"] = dataframe["high"].rolling(n).max().shift(1)
/freqtrade/user_data/strategies/TrendVolTarget.py:50: PerformanceWarning: DataFrame is highly fragmented.  This is usually the result of calling `frame.insert` many times, which has poor performance.  Consider joining all columns at once using pd.concat(axis=1) instead. To get a de-fragmented frame, use `newframe = frame.copy()`
  dataframe[f"dc_hi_{n}"] = dataframe["high"].rolling(n).max().shift(1)
/freqtrade/user_data/strategies/TrendVolTarget.py:50: PerformanceWarning: DataFrame is highly fragmented.  This is usually the result of calling `frame.insert` many times, which has poor performance.  Consider joining all columns at once using pd.concat(axis=1) instead. To get a de-fragmented frame, use `newframe = frame.copy()`
  dataframe[f"dc_hi_{n}"] = dataframe["high"].rolling(n).max().shift(1)
/freqtrade/user_data/strategies/TrendVolTarget.py:50: PerformanceWarning: DataFrame is highly fragmented.  This is usually the result of calling `frame.insert` many times, which has poor performance.  Consider joining all columns at once using pd.concat(axis=1) instead. To get a de-fragmented frame, use `newframe = frame.copy()`
  dataframe[f"dc_hi_{n}"] = dataframe["high"].rolling(n).max().shift(1)
/freqtrade/user_data/strategies/TrendVolTarget.py:50: PerformanceWarning: DataFrame is highly fragmented.  This is usually the result of calling `frame.insert` many times, which has poor performance.  Consider joining all columns at once using pd.concat(axis=1) instead. To get a de-fragmented frame, use `newframe = frame.copy()`
  dataframe[f"dc_hi_{n}"] = dataframe["high"].rolling(n).max().shift(1)
/freqtrade/user_data/strategies/TrendVolTarget.py:50: PerformanceWarning: DataFrame is highly fragmented.  This is usually the result of calling `frame.insert` many times, which has poor performance.  Consider joining all columns at once using pd.concat(axis=1) instead. To get a de-fragmented frame, use `newframe = frame.copy()`
  dataframe[f"dc_hi_{n}"] = dataframe["high"].rolling(n).max().shift(1)
/freqtrade/user_data/strategies/TrendVolTarget.py:50: PerformanceWarning: DataFrame is highly fragmented.  This is usually the result of calling `frame.insert` many times, which has poor performance.  Consider joining all columns at once using pd.concat(axis=1) instead. To get a de-fragmented frame, use `newframe = frame.copy()`
  dataframe[f"dc_hi_{n}"] = dataframe["high"].rolling(n).max().shift(1)
/freqtrade/user_data/strategies/TrendVolTarget.py:50: PerformanceWarning: DataFrame is highly fragmented.  This is usually the result of calling `frame.insert` many times, which has poor performance.  Consider joining all columns at once using pd.concat(axis=1) instead. To get a de-fragmented frame, use `newframe = frame.copy()`
  dataframe[f"dc_hi_{n}"] = dataframe["high"].rolling(n).max().shift(1)
/freqtrade/user_data/strategies/TrendVolTarget.py:50: PerformanceWarning: DataFrame is highly fragmented.  This is usually the result of calling `frame.insert` many times, which has poor performance.  Consider joining all columns at once using pd.concat(axis=1) instead. To get a de-fragmented frame, use `newframe = frame.copy()`
  dataframe[f"dc_hi_{n}"] = dataframe["high"].rolling(n).max().shift(1)
/freqtrade/user_data/strategies/TrendVolTarget.py:50: PerformanceWarning: DataFrame is highly fragmented.  This is usually the result of calling `frame.insert` many times, which has poor performance.  Consider joining all columns at once using pd.concat(axis=1) instead. To get a de-fragmented frame, use `newframe = frame.copy()`
  dataframe[f"dc_hi_{n}"] = dataframe["high"].rolling(n).max().shift(1)
/freqtrade/user_data/strategies/TrendVolTarget.py:50: PerformanceWarning: DataFrame is highly fragmented.  This is usually the result of calling `frame.insert` many times, which has poor performance.  Consider joining all columns at once using pd.concat(axis=1) instead. To get a de-fragmented frame, use `newframe = frame.copy()`
  dataframe[f"dc_hi_{n}"] = dataframe["high"].rolling(n).max().shift(1)
/freqtrade/user_data/strategies/TrendVolTarget.py:50: PerformanceWarning: DataFrame is highly fragmented.  This is usually the result of calling `frame.insert` many times, which has poor performance.  Consider joining all columns at once using pd.concat(axis=1) instead. To get a de-fragmented frame, use `newframe = frame.copy()`
  dataframe[f"dc_hi_{n}"] = dataframe["high"].rolling(n).max().shift(1)
/freqtrade/user_data/strategies/TrendVolTarget.py:50: PerformanceWarning: DataFrame is highly fragmented.  This is usually the result of calling `frame.insert` many times, which has poor performance.  Consider joining all columns at once using pd.concat(axis=1) instead. To get a de-fragmented frame, use `newframe = frame.copy()`
  dataframe[f"dc_hi_{n}"] = dataframe["high"].rolling(n).max().shift(1)
/freqtrade/user_data/strategies/TrendVolTarget.py:50: PerformanceWarning: DataFrame is highly fragmented.  This is usually the result of calling `frame.insert` many times, which has poor performance.  Consider joining all columns at once using pd.concat(axis=1) instead. To get a de-fragmented frame, use `newframe = frame.copy()`
  dataframe[f"dc_hi_{n}"] = dataframe["high"].rolling(n).max().shift(1)
/freqtrade/user_data/strategies/TrendVolTarget.py:50: PerformanceWarning: DataFrame is highly fragmented.  This is usually the result of calling `frame.insert` many times, which has poor performance.  Consider joining all columns at once using pd.concat(axis=1) instead. To get a de-fragmented frame, use `newframe = frame.copy()`
  dataframe[f"dc_hi_{n}"] = dataframe["high"].rolling(n).max().shift(1)
/freqtrade/user_data/strategies/TrendVolTarget.py:50: PerformanceWarning: DataFrame is highly fragmented.  This is usually the result of calling `frame.insert` many times, which has poor performance.  Consider joining all columns at once using pd.concat(axis=1) instead. To get a de-fragmented frame, use `newframe = frame.copy()`
  dataframe[f"dc_hi_{n}"] = dataframe["high"].rolling(n).max().shift(1)
/freqtrade/user_data/strategies/TrendVolTarget.py:50: PerformanceWarning: DataFrame is highly fragmented.  This is usually the result of calling `frame.insert` many times, which has poor performance.  Consider joining all columns at once using pd.concat(axis=1) instead. To get a de-fragmented frame, use `newframe = frame.copy()`
  dataframe[f"dc_hi_{n}"] = dataframe["high"].rolling(n).max().shift(1)
/freqtrade/user_data/strategies/TrendVolTarget.py:50: PerformanceWarning: DataFrame is highly fragmented.  This is usually the result of calling `frame.insert` many times, which has poor performance.  Consider joining all columns at once using pd.concat(axis=1) instead. To get a de-fragmented frame, use `newframe = frame.copy()`
  dataframe[f"dc_hi_{n}"] = dataframe["high"].rolling(n).max().shift(1)
/freqtrade/user_data/strategies/TrendVolTarget.py:50: PerformanceWarning: DataFrame is highly fragmented.  This is usually the result of calling `frame.insert` many times, which has poor performance.  Consider joining all columns at once using pd.concat(axis=1) instead. To get a de-fragmented frame, use `newframe = frame.copy()`
  dataframe[f"dc_hi_{n}"] = dataframe["high"].rolling(n).max().shift(1)
/freqtrade/user_data/strategies/TrendVolTarget.py:50: PerformanceWarning: DataFrame is highly fragmented.  This is usually the result of calling `frame.insert` many times, which has poor performance.  Consider joining all columns at once using pd.concat(axis=1) instead. To get a de-fragmented frame, use `newframe = frame.copy()`
  dataframe[f"dc_hi_{n}"] = dataframe["high"].rolling(n).max().shift(1)
/freqtrade/user_data/strategies/TrendVolTarget.py:50: PerformanceWarning: DataFrame is highly fragmented.  This is usually the result of calling `frame.insert` many times, which has poor performance.  Consider joining all columns at once using pd.concat(axis=1) instead. To get a de-fragmented frame, use `newframe = frame.copy()`
  dataframe[f"dc_hi_{n}"] = dataframe["high"].rolling(n).max().shift(1)
/freqtrade/user_data/strategies/TrendVolTarget.py:50: PerformanceWarning: DataFrame is highly fragmented.  This is usually the result of calling `frame.insert` many times, which has poor performance.  Consider joining all columns at once using pd.concat(axis=1) instead. To get a de-fragmented frame, use `newframe = frame.copy()`
  dataframe[f"dc_hi_{n}"] = dataframe["high"].rolling(n).max().shift(1)
/freqtrade/user_data/strategies/TrendVolTarget.py:50: PerformanceWarning: DataFrame is highly fragmented.  This is usually the result of calling `frame.insert` many times, which has poor performance.  Consider joining all columns at once using pd.concat(axis=1) instead. To get a de-fragmented frame, use `newframe = frame.copy()`
  dataframe[f"dc_hi_{n}"] = dataframe["high"].rolling(n).max().shift(1)
/freqtrade/user_data/strategies/TrendVolTarget.py:50: PerformanceWarning: DataFrame is highly fragmented.  This is usually the result of calling `frame.insert` many times, which has poor performance.  Consider joining all columns at once using pd.concat(axis=1) instead. To get a de-fragmented frame, use `newframe = frame.copy()`
  dataframe[f"dc_hi_{n}"] = dataframe["high"].rolling(n).max().shift(1)
/freqtrade/user_data/strategies/TrendVolTarget.py:50: PerformanceWarning: DataFrame is highly fragmented.  This is usually the result of calling `frame.insert` many times, which has poor performance.  Consider joining all columns at once using pd.concat(axis=1) instead. To get a de-fragmented frame, use `newframe = frame.copy()`
  dataframe[f"dc_hi_{n}"] = dataframe["high"].rolling(n).max().shift(1)
/freqtrade/user_data/strategies/TrendVolTarget.py:50: PerformanceWarning: DataFrame is highly fragmented.  This is usually the result of calling `frame.insert` many times, which has poor performance.  Consider joining all columns at once using pd.concat(axis=1) instead. To get a de-fragmented frame, use `newframe = frame.copy()`
  dataframe[f"dc_hi_{n}"] = dataframe["high"].rolling(n).max().shift(1)
/freqtrade/user_data/strategies/TrendVolTarget.py:50: PerformanceWarning: DataFrame is highly fragmented.  This is usually the result of calling `frame.insert` many times, which has poor performance.  Consider joining all columns at once using pd.concat(axis=1) instead. To get a de-fragmented frame, use `newframe = frame.copy()`
  dataframe[f"dc_hi_{n}"] = dataframe["high"].rolling(n).max().shift(1)
/freqtrade/user_data/strategies/TrendVolTarget.py:50: PerformanceWarning: DataFrame is highly fragmented.  This is usually the result of calling `frame.insert` many times, which has poor performance.  Consider joining all columns at once using pd.concat(axis=1) instead. To get a de-fragmented frame, use `newframe = frame.copy()`
  dataframe[f"dc_hi_{n}"] = dataframe["high"].rolling(n).max().shift(1)
/freqtrade/user_data/strategies/TrendVolTarget.py:50: PerformanceWarning: DataFrame is highly fragmented.  This is usually the result of calling `frame.insert` many times, which has poor performance.  Consider joining all columns at once using pd.concat(axis=1) instead. To get a de-fragmented frame, use `newframe = frame.copy()`
  dataframe[f"dc_hi_{n}"] = dataframe["high"].rolling(n).max().shift(1)
/freqtrade/user_data/strategies/TrendVolTarget.py:50: PerformanceWarning: DataFrame is highly fragmented.  This is usually the result of calling `frame.insert` many times, which has poor performance.  Consider joining all columns at once using pd.concat(axis=1) instead. To get a de-fragmented frame, use `newframe = frame.copy()`
  dataframe[f"dc_hi_{n}"] = dataframe["high"].rolling(n).max().shift(1)
/freqtrade/user_data/strategies/TrendVolTarget.py:50: PerformanceWarning: DataFrame is highly fragmented.  This is usually the result of calling `frame.insert` many times, which has poor performance.  Consider joining all columns at once using pd.concat(axis=1) instead. To get a de-fragmented frame, use `newframe = frame.copy()`
  dataframe[f"dc_hi_{n}"] = dataframe["high"].rolling(n).max().shift(1)
/freqtrade/user_data/strategies/TrendVolTarget.py:50: PerformanceWarning: DataFrame is highly fragmented.  This is usually the result of calling `frame.insert` many times, which has poor performance.  Consider joining all columns at once using pd.concat(axis=1) instead. To get a de-fragmented frame, use `newframe = frame.copy()`
  dataframe[f"dc_hi_{n}"] = dataframe["high"].rolling(n).max().shift(1)
/freqtrade/user_data/strategies/TrendVolTarget.py:50: PerformanceWarning: DataFrame is highly fragmented.  This is usually the result of calling `frame.insert` many times, which has poor performance.  Consider joining all columns at once using pd.concat(axis=1) instead. To get a de-fragmented frame, use `newframe = frame.copy()`
  dataframe[f"dc_hi_{n}"] = dataframe["high"].rolling(n).max().shift(1)
/freqtrade/user_data/strategies/TrendVolTarget.py:50: PerformanceWarning: DataFrame is highly fragmented.  This is usually the result of calling `frame.insert` many times, which has poor performance.  Consider joining all columns at once using pd.concat(axis=1) instead. To get a de-fragmented frame, use `newframe = frame.copy()`
  dataframe[f"dc_hi_{n}"] = dataframe["high"].rolling(n).max().shift(1)
/freqtrade/user_data/strategies/TrendVolTarget.py:50: PerformanceWarning: DataFrame is highly fragmented.  This is usually the result of calling `frame.insert` many times, which has poor performance.  Consider joining all columns at once using pd.concat(axis=1) instead. To get a de-fragmented frame, use `newframe = frame.copy()`
  dataframe[f"dc_hi_{n}"] = dataframe["high"].rolling(n).max().shift(1)
/freqtrade/user_data/strategies/TrendVolTarget.py:50: PerformanceWarning: DataFrame is highly fragmented.  This is usually the result of calling `frame.insert` many times, which has poor performance.  Consider joining all columns at once using pd.concat(axis=1) instead. To get a de-fragmented frame, use `newframe = frame.copy()`
  dataframe[f"dc_hi_{n}"] = dataframe["high"].rolling(n).max().shift(1)
/freqtrade/user_data/strategies/TrendVolTarget.py:50: PerformanceWarning: DataFrame is highly fragmented.  This is usually the result of calling `frame.insert` many times, which has poor performance.  Consider joining all columns at once using pd.concat(axis=1) instead. To get a de-fragmented frame, use `newframe = frame.copy()`
  dataframe[f"dc_hi_{n}"] = dataframe["high"].rolling(n).max().shift(1)
/freqtrade/user_data/strategies/TrendVolTarget.py:50: PerformanceWarning: DataFrame is highly fragmented.  This is usually the result of calling `frame.insert` many times, which has poor performance.  Consider joining all columns at once using pd.concat(axis=1) instead. To get a de-fragmented frame, use `newframe = frame.copy()`
  dataframe[f"dc_hi_{n}"] = dataframe["high"].rolling(n).max().shift(1)
/freqtrade/user_data/strategies/TrendVolTarget.py:50: PerformanceWarning: DataFrame is highly fragmented.  This is usually the result of calling `frame.insert` many times, which has poor performance.  Consider joining all columns at once using pd.concat(axis=1) instead. To get a de-fragmented frame, use `newframe = frame.copy()`
  dataframe[f"dc_hi_{n}"] = dataframe["high"].rolling(n).max().shift(1)
/freqtrade/user_data/strategies/TrendVolTarget.py:50: PerformanceWarning: DataFrame is highly fragmented.  This is usually the result of calling `frame.insert` many times, which has poor performance.  Consider joining all columns at once using pd.concat(axis=1) instead. To get a de-fragmented frame, use `newframe = frame.copy()`
  dataframe[f"dc_hi_{n}"] = dataframe["high"].rolling(n).max().shift(1)
/freqtrade/user_data/strategies/TrendVolTarget.py:50: PerformanceWarning: DataFrame is highly fragmented.  This is usually the result of calling `frame.insert` many times, which has poor performance.  Consider joining all columns at once using pd.concat(axis=1) instead. To get a de-fragmented frame, use `newframe = frame.copy()`
  dataframe[f"dc_hi_{n}"] = dataframe["high"].rolling(n).max().shift(1)
/freqtrade/user_data/strategies/TrendVolTarget.py:53: PerformanceWarning: DataFrame is highly fragmented.  This is usually the result of calling `frame.insert` many times, which has poor performance.  Consider joining all columns at once using pd.concat(axis=1) instead. To get a de-fragmented frame, use `newframe = frame.copy()`
  dataframe["sma_f"] = ta.SMA(dataframe, timeperiod=60)
/freqtrade/user_data/strategies/TrendVolTarget.py:54: PerformanceWarning: DataFrame is highly fragmented.  This is usually the result of calling `frame.insert` many times, which has poor performance.  Consider joining all columns at once using pd.concat(axis=1) instead. To get a de-fragmented frame, use `newframe = frame.copy()`
  dataframe["sma_s"] = ta.SMA(dataframe, timeperiod=240)
/freqtrade/user_data/strategies/TrendVolTarget.py:56: PerformanceWarning: DataFrame is highly fragmented.  This is usually the result of calling `frame.insert` many times, which has poor performance.  Consider joining all columns at once using pd.concat(axis=1) instead. To get a de-fragmented frame, use `newframe = frame.copy()`
  dataframe["rvol"] = dataframe["close"].pct_change().rolling(90).std() * np.sqrt(6 * 365)
/freqtrade/user_data/strategies/TrendVolTarget.py:50: PerformanceWarning: DataFrame is highly fragmented.  This is usually the result of calling `frame.insert` many times, which has poor performance.  Consider joining all columns at once using pd.concat(axis=1) instead. To get a de-fragmented frame, use `newframe = frame.copy()`
  dataframe[f"dc_hi_{n}"] = dataframe["high"].rolling(n).max().shift(1)
/freqtrade/user_data/strategies/TrendVolTarget.py:50: PerformanceWarning: DataFrame is highly fragmented.  This is usually the result of calling `frame.insert` many times, which has poor performance.  Consider joining all columns at once using pd.concat(axis=1) instead. To get a de-fragmented frame, use `newframe = frame.copy()`
  dataframe[f"dc_hi_{n}"] = dataframe["high"].rolling(n).max().shift(1)
/freqtrade/user_data/strategies/TrendVolTarget.py:50: PerformanceWarning: DataFrame is highly fragmented.  This is usually the result of calling `frame.insert` many times, which has poor performance.  Consider joining all columns at once using pd.concat(axis=1) instead. To get a de-fragmented frame, use `newframe = frame.copy()`
  dataframe[f"dc_hi_{n}"] = dataframe["high"].rolling(n).max().shift(1)
/freqtrade/user_data/strategies/TrendVolTarget.py:50: PerformanceWarning: DataFrame is highly fragmented.  This is usually the result of calling `frame.insert` many times, which has poor performance.  Consider joining all columns at once using pd.concat(axis=1) instead. To get a de-fragmented frame, use `newframe = frame.copy()`
  dataframe[f"dc_hi_{n}"] = dataframe["high"].rolling(n).max().shift(1)
/freqtrade/user_data/strategies/TrendVolTarget.py:50: PerformanceWarning: DataFrame is highly fragmented.  This is usually the result of calling `frame.insert` many times, which has poor performance.  Consider joining all columns at once using pd.concat(axis=1) instead. To get a de-fragmented frame, use `newframe = frame.copy()`
  dataframe[f"dc_hi_{n}"] = dataframe["high"].rolling(n).max().shift(1)
/freqtrade/user_data/strategies/TrendVolTarget.py:50: PerformanceWarning: DataFrame is highly fragmented.  This is usually the result of calling `frame.insert` many times, which has poor performance.  Consider joining all columns at once using pd.concat(axis=1) instead. To get a de-fragmented frame, use `newframe = frame.copy()`
  dataframe[f"dc_hi_{n}"] = dataframe["high"].rolling(n).max().shift(1)
/freqtrade/user_data/strategies/TrendVolTarget.py:50: PerformanceWarning: DataFrame is highly fragmented.  This is usually the result of calling `frame.insert` many times, which has poor performance.  Consider joining all columns at once using pd.concat(axis=1) instead. To get a de-fragmented frame, use `newframe = frame.copy()`
  dataframe[f"dc_hi_{n}"] = dataframe["high"].rolling(n).max().shift(1)
/freqtrade/user_data/strategies/TrendVolTarget.py:50: PerformanceWarning: DataFrame is highly fragmented.  This is usually the result of calling `frame.insert` many times, which has poor performance.  Consider joining all columns at once using pd.concat(axis=1) instead. To get a de-fragmented frame, use `newframe = frame.copy()`
  dataframe[f"dc_hi_{n}"] = dataframe["high"].rolling(n).max().shift(1)
/freqtrade/user_data/strategies/TrendVolTarget.py:50: PerformanceWarning: DataFrame is highly fragmented.  This is usually the result of calling `frame.insert` many times, which has poor performance.  Consider joining all columns at once using pd.concat(axis=1) instead. To get a de-fragmented frame, use `newframe = frame.copy()`
  dataframe[f"dc_hi_{n}"] = dataframe["high"].rolling(n).max().shift(1)
/freqtrade/user_data/strategies/TrendVolTarget.py:50: PerformanceWarning: DataFrame is highly fragmented.  This is usually the result of calling `frame.insert` many times, which has poor performance.  Consider joining all columns at once using pd.concat(axis=1) instead. To get a de-fragmented frame, use `newframe = frame.copy()`
  dataframe[f"dc_hi_{n}"] = dataframe["high"].rolling(n).max().shift(1)
/freqtrade/user_data/strategies/TrendVolTarget.py:50: PerformanceWarning: DataFrame is highly fragmented.  This is usually the result of calling `frame.insert` many times, which has poor performance.  Consider joining all columns at once using pd.concat(axis=1) instead. To get a de-fragmented frame, use `newframe = frame.copy()`
  dataframe[f"dc_hi_{n}"] = dataframe["high"].rolling(n).max().shift(1)
/freqtrade/user_data/strategies/TrendVolTarget.py:50: PerformanceWarning: DataFrame is highly fragmented.  This is usually the result of calling `frame.insert` many times, which has poor performance.  Consider joining all columns at once using pd.concat(axis=1) instead. To get a de-fragmented frame, use `newframe = frame.copy()`
  dataframe[f"dc_hi_{n}"] = dataframe["high"].rolling(n).max().shift(1)
/freqtrade/user_data/strategies/TrendVolTarget.py:50: PerformanceWarning: DataFrame is highly fragmented.  This is usually the result of calling `frame.insert` many times, which has poor performance.  Consider joining all columns at once using pd.concat(axis=1) instead. To get a de-fragmented frame, use `newframe = frame.copy()`
  dataframe[f"dc_hi_{n}"] = dataframe["high"].rolling(n).max().shift(1)
/freqtrade/user_data/strategies/TrendVolTarget.py:50: PerformanceWarning: DataFrame is highly fragmented.  This is usually the result of calling `frame.insert` many times, which has poor performance.  Consider joining all columns at once using pd.concat(axis=1) instead. To get a de-fragmented frame, use `newframe = frame.copy()`
  dataframe[f"dc_hi_{n}"] = dataframe["high"].rolling(n).max().shift(1)
/freqtrade/user_data/strategies/TrendVolTarget.py:50: PerformanceWarning: DataFrame is highly fragmented.  This is usually the result of calling `frame.insert` many times, which has poor performance.  Consider joining all columns at once using pd.concat(axis=1) instead. To get a de-fragmented frame, use `newframe = frame.copy()`
  dataframe[f"dc_hi_{n}"] = dataframe["high"].rolling(n).max().shift(1)
/freqtrade/user_data/strategies/TrendVolTarget.py:50: PerformanceWarning: DataFrame is highly fragmented.  This is usually the result of calling `frame.insert` many times, which has poor performance.  Consider joining all columns at once using pd.concat(axis=1) instead. To get a de-fragmented frame, use `newframe = frame.copy()`
  dataframe[f"dc_hi_{n}"] = dataframe["high"].rolling(n).max().shift(1)
/freqtrade/user_data/strategies/TrendVolTarget.py:50: PerformanceWarning: DataFrame is highly fragmented.  This is usually the result of calling `frame.insert` many times, which has poor performance.  Consider joining all columns at once using pd.concat(axis=1) instead. To get a de-fragmented frame, use `newframe = frame.copy()`
  dataframe[f"dc_hi_{n}"] = dataframe["high"].rolling(n).max().shift(1)
/freqtrade/user_data/strategies/TrendVolTarget.py:50: PerformanceWarning: DataFrame is highly fragmented.  This is usually the result of calling `frame.insert` many times, which has poor performance.  Consider joining all columns at once using pd.concat(axis=1) instead. To get a de-fragmented frame, use `newframe = frame.copy()`
  dataframe[f"dc_hi_{n}"] = dataframe["high"].rolling(n).max().shift(1)
/freqtrade/user_data/strategies/TrendVolTarget.py:50: PerformanceWarning: DataFrame is highly fragmented.  This is usually the result of calling `frame.insert` many times, which has poor performance.  Consider joining all columns at once using pd.concat(axis=1) instead. To get a de-fragmented frame, use `newframe = frame.copy()`
  dataframe[f"dc_hi_{n}"] = dataframe["high"].rolling(n).max().shift(1)
/freqtrade/user_data/strategies/TrendVolTarget.py:50: PerformanceWarning: DataFrame is highly fragmented.  This is usually the result of calling `frame.insert` many times, which has poor performance.  Consider joining all columns at once using pd.concat(axis=1) instead. To get a de-fragmented frame, use `newframe = frame.copy()`
  dataframe[f"dc_hi_{n}"] = dataframe["high"].rolling(n).max().shift(1)
/freqtrade/user_data/strategies/TrendVolTarget.py:50: PerformanceWarning: DataFrame is highly fragmented.  This is usually the result of calling `frame.insert` many times, which has poor performance.  Consider joining all columns at once using pd.concat(axis=1) instead. To get a de-fragmented frame, use `newframe = frame.copy()`
  dataframe[f"dc_hi_{n}"] = dataframe["high"].rolling(n).max().shift(1)
/freqtrade/user_data/strategies/TrendVolTarget.py:50: PerformanceWarning: DataFrame is highly fragmented.  This is usually the result of calling `frame.insert` many times, which has poor performance.  Consider joining all columns at once using pd.concat(axis=1) instead. To get a de-fragmented frame, use `newframe = frame.copy()`
  dataframe[f"dc_hi_{n}"] = dataframe["high"].rolling(n).max().shift(1)
/freqtrade/user_data/strategies/TrendVolTarget.py:50: PerformanceWarning: DataFrame is highly fragmented.  This is usually the result of calling `frame.insert` many times, which has poor performance.  Consider joining all columns at once using pd.concat(axis=1) instead. To get a de-fragmented frame, use `newframe = frame.copy()`
  dataframe[f"dc_hi_{n}"] = dataframe["high"].rolling(n).max().shift(1)
/freqtrade/user_data/strategies/TrendVolTarget.py:50: PerformanceWarning: DataFrame is highly fragmented.  This is usually the result of calling `frame.insert` many times, which has poor performance.  Consider joining all columns at once using pd.concat(axis=1) instead. To get a de-fragmented frame, use `newframe = frame.copy()`
  dataframe[f"dc_hi_{n}"] = dataframe["high"].rolling(n).max().shift(1)
/freqtrade/user_data/strategies/TrendVolTarget.py:50: PerformanceWarning: DataFrame is highly fragmented.  This is usually the result of calling `frame.insert` many times, which has poor performance.  Consider joining all columns at once using pd.concat(axis=1) instead. To get a de-fragmented frame, use `newframe = frame.copy()`
  dataframe[f"dc_hi_{n}"] = dataframe["high"].rolling(n).max().shift(1)
/freqtrade/user_data/strategies/TrendVolTarget.py:50: PerformanceWarning: DataFrame is highly fragmented.  This is usually the result of calling `frame.insert` many times, which has poor performance.  Consider joining all columns at once using pd.concat(axis=1) instead. To get a de-fragmented frame, use `newframe = frame.copy()`
  dataframe[f"dc_hi_{n}"] = dataframe["high"].rolling(n).max().shift(1)
/freqtrade/user_data/strategies/TrendVolTarget.py:50: PerformanceWarning: DataFrame is highly fragmented.  This is usually the result of calling `frame.insert` many times, which has poor performance.  Consider joining all columns at once using pd.concat(axis=1) instead. To get a de-fragmented frame, use `newframe = frame.copy()`
  dataframe[f"dc_hi_{n}"] = dataframe["high"].rolling(n).max().shift(1)
/freqtrade/user_data/strategies/TrendVolTarget.py:50: PerformanceWarning: DataFrame is highly fragmented.  This is usually the result of calling `frame.insert` many times, which has poor performance.  Consider joining all columns at once using pd.concat(axis=1) instead. To get a de-fragmented frame, use `newframe = frame.copy()`
  dataframe[f"dc_hi_{n}"] = dataframe["high"].rolling(n).max().shift(1)
/freqtrade/user_data/strategies/TrendVolTarget.py:50: PerformanceWarning: DataFrame is highly fragmented.  This is usually the result of calling `frame.insert` many times, which has poor performance.  Consider joining all columns at once using pd.concat(axis=1) instead. To get a de-fragmented frame, use `newframe = frame.copy()`
  dataframe[f"dc_hi_{n}"] = dataframe["high"].rolling(n).max().shift(1)
/freqtrade/user_data/strategies/TrendVolTarget.py:50: PerformanceWarning: DataFrame is highly fragmented.  This is usually the result of calling `frame.insert` many times, which has poor performance.  Consider joining all columns at once using pd.concat(axis=1) instead. To get a de-fragmented frame, use `newframe = frame.copy()`
  dataframe[f"dc_hi_{n}"] = dataframe["high"].rolling(n).max().shift(1)
/freqtrade/user_data/strategies/TrendVolTarget.py:50: PerformanceWarning: DataFrame is highly fragmented.  This is usually the result of calling `frame.insert` many times, which has poor performance.  Consider joining all columns at once using pd.concat(axis=1) instead. To get a de-fragmented frame, use `newframe = frame.copy()`
  dataframe[f"dc_hi_{n}"] = dataframe["high"].rolling(n).max().shift(1)
/freqtrade/user_data/strategies/TrendVolTarget.py:50: PerformanceWarning: DataFrame is highly fragmented.  This is usually the result of calling `frame.insert` many times, which has poor performance.  Consider joining all columns at once using pd.concat(axis=1) instead. To get a de-fragmented frame, use `newframe = frame.copy()`
  dataframe[f"dc_hi_{n}"] = dataframe["high"].rolling(n).max().shift(1)
/freqtrade/user_data/strategies/TrendVolTarget.py:50: PerformanceWarning: DataFrame is highly fragmented.  This is usually the result of calling `frame.insert` many times, which has poor performance.  Consider joining all columns at once using pd.concat(axis=1) instead. To get a de-fragmented frame, use `newframe = frame.copy()`
  dataframe[f"dc_hi_{n}"] = dataframe["high"].rolling(n).max().shift(1)
/freqtrade/user_data/strategies/TrendVolTarget.py:50: PerformanceWarning: DataFrame is highly fragmented.  This is usually the result of calling `frame.insert` many times, which has poor performance.  Consider joining all columns at once using pd.concat(axis=1) instead. To get a de-fragmented frame, use `newframe = frame.copy()`
  dataframe[f"dc_hi_{n}"] = dataframe["high"].rolling(n).max().shift(1)
/freqtrade/user_data/strategies/TrendVolTarget.py:50: PerformanceWarning: DataFrame is highly fragmented.  This is usually the result of calling `frame.insert` many times, which has poor performance.  Consider joining all columns at once using pd.concat(axis=1) instead. To get a de-fragmented frame, use `newframe = frame.copy()`
  dataframe[f"dc_hi_{n}"] = dataframe["high"].rolling(n).max().shift(1)
/freqtrade/user_data/strategies/TrendVolTarget.py:50: PerformanceWarning: DataFrame is highly fragmented.  This is usually the result of calling `frame.insert` many times, which has poor performance.  Consider joining all columns at once using pd.concat(axis=1) instead. To get a de-fragmented frame, use `newframe = frame.copy()`
  dataframe[f"dc_hi_{n}"] = dataframe["high"].rolling(n).max().shift(1)
/freqtrade/user_data/strategies/TrendVolTarget.py:50: PerformanceWarning: DataFrame is highly fragmented.  This is usually the result of calling `frame.insert` many times, which has poor performance.  Consider joining all columns at once using pd.concat(axis=1) instead. To get a de-fragmented frame, use `newframe = frame.copy()`
  dataframe[f"dc_hi_{n}"] = dataframe["high"].rolling(n).max().shift(1)
/freqtrade/user_data/strategies/TrendVolTarget.py:50: PerformanceWarning: DataFrame is highly fragmented.  This is usually the result of calling `frame.insert` many times, which has poor performance.  Consider joining all columns at once using pd.concat(axis=1) instead. To get a de-fragmented frame, use `newframe = frame.copy()`
  dataframe[f"dc_hi_{n}"] = dataframe["high"].rolling(n).max().shift(1)
/freqtrade/user_data/strategies/TrendVolTarget.py:50: PerformanceWarning: DataFrame is highly fragmented.  This is usually the result of calling `frame.insert` many times, which has poor performance.  Consider joining all columns at once using pd.concat(axis=1) instead. To get a de-fragmented frame, use `newframe = frame.copy()`
  dataframe[f"dc_hi_{n}"] = dataframe["high"].rolling(n).max().shift(1)
/freqtrade/user_data/strategies/TrendVolTarget.py:50: PerformanceWarning: DataFrame is highly fragmented.  This is usually the result of calling `frame.insert` many times, which has poor performance.  Consider joining all columns at once using pd.concat(axis=1) instead. To get a de-fragmented frame, use `newframe = frame.copy()`
  dataframe[f"dc_hi_{n}"] = dataframe["high"].rolling(n).max().shift(1)
/freqtrade/user_data/strategies/TrendVolTarget.py:50: PerformanceWarning: DataFrame is highly fragmented.  This is usually the result of calling `frame.insert` many times, which has poor performance.  Consider joining all columns at once using pd.concat(axis=1) instead. To get a de-fragmented frame, use `newframe = frame.copy()`
  dataframe[f"dc_hi_{n}"] = dataframe["high"].rolling(n).max().shift(1)
/freqtrade/user_data/strategies/TrendVolTarget.py:50: PerformanceWarning: DataFrame is highly fragmented.  This is usually the result of calling `frame.insert` many times, which has poor performance.  Consider joining all columns at once using pd.concat(axis=1) instead. To get a de-fragmented frame, use `newframe = frame.copy()`
  dataframe[f"dc_hi_{n}"] = dataframe["high"].rolling(n).max().shift(1)
/freqtrade/user_data/strategies/TrendVolTarget.py:50: PerformanceWarning: DataFrame is highly fragmented.  This is usually the result of calling `frame.insert` many times, which has poor performance.  Consider joining all columns at once using pd.concat(axis=1) instead. To get a de-fragmented frame, use `newframe = frame.copy()`
  dataframe[f"dc_hi_{n}"] = dataframe["high"].rolling(n).max().shift(1)
/freqtrade/user_data/strategies/TrendVolTarget.py:50: PerformanceWarning: DataFrame is highly fragmented.  This is usually the result of calling `frame.insert` many times, which has poor performance.  Consider joining all columns at once using pd.concat(axis=1) instead. To get a de-fragmented frame, use `newframe = frame.copy()`
  dataframe[f"dc_hi_{n}"] = dataframe["high"].rolling(n).max().shift(1)
/freqtrade/user_data/strategies/TrendVolTarget.py:50: PerformanceWarning: DataFrame is highly fragmented.  This is usually the result of calling `frame.insert` many times, which has poor performance.  Consider joining all columns at once using pd.concat(axis=1) instead. To get a de-fragmented frame, use `newframe = frame.copy()`
  dataframe[f"dc_hi_{n}"] = dataframe["high"].rolling(n).max().shift(1)
/freqtrade/user_data/strategies/TrendVolTarget.py:50: PerformanceWarning: DataFrame is highly fragmented.  This is usually the result of calling `frame.insert` many times, which has poor performance.  Consider joining all columns at once using pd.concat(axis=1) instead. To get a de-fragmented frame, use `newframe = frame.copy()`
  dataframe[f"dc_hi_{n}"] = dataframe["high"].rolling(n).max().shift(1)
/freqtrade/user_data/strategies/TrendVolTarget.py:50: PerformanceWarning: DataFrame is highly fragmented.  This is usually the result of calling `frame.insert` many times, which has poor performance.  Consider joining all columns at once using pd.concat(axis=1) instead. To get a de-fragmented frame, use `newframe = frame.copy()`
  dataframe[f"dc_hi_{n}"] = dataframe["high"].rolling(n).max().shift(1)
/freqtrade/user_data/strategies/TrendVolTarget.py:50: PerformanceWarning: DataFrame is highly fragmented.  This is usually the result of calling `frame.insert` many times, which has poor performance.  Consider joining all columns at once using pd.concat(axis=1) instead. To get a de-fragmented frame, use `newframe = frame.copy()`
  dataframe[f"dc_hi_{n}"] = dataframe["high"].rolling(n).max().shift(1)
/freqtrade/user_data/strategies/TrendVolTarget.py:50: PerformanceWarning: DataFrame is highly fragmented.  This is usually the result of calling `frame.insert` many times, which has poor performance.  Consider joining all columns at once using pd.concat(axis=1) instead. To get a de-fragmented frame, use `newframe = frame.copy()`
  dataframe[f"dc_hi_{n}"] = dataframe["high"].rolling(n).max().shift(1)
/freqtrade/user_data/strategies/TrendVolTarget.py:50: PerformanceWarning: DataFrame is highly fragmented.  This is usually the result of calling `frame.insert` many times, which has poor performance.  Consider joining all columns at once using pd.concat(axis=1) instead. To get a de-fragmented frame, use `newframe = frame.copy()`
  dataframe[f"dc_hi_{n}"] = dataframe["high"].rolling(n).max().shift(1)
/freqtrade/user_data/strategies/TrendVolTarget.py:50: PerformanceWarning: DataFrame is highly fragmented.  This is usually the result of calling `frame.insert` many times, which has poor performance.  Consider joining all columns at once using pd.concat(axis=1) instead. To get a de-fragmented frame, use `newframe = frame.copy()`
  dataframe[f"dc_hi_{n}"] = dataframe["high"].rolling(n).max().shift(1)
/freqtrade/user_data/strategies/TrendVolTarget.py:50: PerformanceWarning: DataFrame is highly fragmented.  This is usually the result of calling `frame.insert` many times, which has poor performance.  Consider joining all columns at once using pd.concat(axis=1) instead. To get a de-fragmented frame, use `newframe = frame.copy()`
  dataframe[f"dc_hi_{n}"] = dataframe["high"].rolling(n).max().shift(1)
/freqtrade/user_data/strategies/TrendVolTarget.py:50: PerformanceWarning: DataFrame is highly fragmented.  This is usually the result of calling `frame.insert` many times, which has poor performance.  Consider joining all columns at once using pd.concat(axis=1) instead. To get a de-fragmented frame, use `newframe = frame.copy()`
  dataframe[f"dc_hi_{n}"] = dataframe["high"].rolling(n).max().shift(1)
/freqtrade/user_data/strategies/TrendVolTarget.py:50: PerformanceWarning: DataFrame is highly fragmented.  This is usually the result of calling `frame.insert` many times, which has poor performance.  Consider joining all columns at once using pd.concat(axis=1) instead. To get a de-fragmented frame, use `newframe = frame.copy()`
  dataframe[f"dc_hi_{n}"] = dataframe["high"].rolling(n).max().shift(1)
/freqtrade/user_data/strategies/TrendVolTarget.py:50: PerformanceWarning: DataFrame is highly fragmented.  This is usually the result of calling `frame.insert` many times, which has poor performance.  Consider joining all columns at once using pd.concat(axis=1) instead. To get a de-fragmented frame, use `newframe = frame.copy()`
  dataframe[f"dc_hi_{n}"] = dataframe["high"].rolling(n).max().shift(1)
/freqtrade/user_data/strategies/TrendVolTarget.py:50: PerformanceWarning: DataFrame is highly fragmented.  This is usually the result of calling `frame.insert` many times, which has poor performance.  Consider joining all columns at once using pd.concat(axis=1) instead. To get a de-fragmented frame, use `newframe = frame.copy()`
  dataframe[f"dc_hi_{n}"] = dataframe["high"].rolling(n).max().shift(1)
/freqtrade/user_data/strategies/TrendVolTarget.py:50: PerformanceWarning: DataFrame is highly fragmented.  This is usually the result of calling `frame.insert` many times, which has poor performance.  Consider joining all columns at once using pd.concat(axis=1) instead. To get a de-fragmented frame, use `newframe = frame.copy()`
  dataframe[f"dc_hi_{n}"] = dataframe["high"].rolling(n).max().shift(1)
/freqtrade/user_data/strategies/TrendVolTarget.py:50: PerformanceWarning: DataFrame is highly fragmented.  This is usually the result of calling `frame.insert` many times, which has poor performance.  Consider joining all columns at once using pd.concat(axis=1) instead. To get a de-fragmented frame, use `newframe = frame.copy()`
  dataframe[f"dc_hi_{n}"] = dataframe["high"].rolling(n).max().shift(1)
/freqtrade/user_data/strategies/TrendVolTarget.py:50: PerformanceWarning: DataFrame is highly fragmented.  This is usually the result of calling `frame.insert` many times, which has poor performance.  Consider joining all columns at once using pd.concat(axis=1) instead. To get a de-fragmented frame, use `newframe = frame.copy()`
  dataframe[f"dc_hi_{n}"] = dataframe["high"].rolling(n).max().shift(1)
/freqtrade/user_data/strategies/TrendVolTarget.py:50: PerformanceWarning: DataFrame is highly fragmented.  This is usually the result of calling `frame.insert` many times, which has poor performance.  Consider joining all columns at once using pd.concat(axis=1) instead. To get a de-fragmented frame, use `newframe = frame.copy()`
  dataframe[f"dc_hi_{n}"] = dataframe["high"].rolling(n).max().shift(1)
/freqtrade/user_data/strategies/TrendVolTarget.py:50: PerformanceWarning: DataFrame is highly fragmented.  This is usually the result of calling `frame.insert` many times, which has poor performance.  Consider joining all columns at once using pd.concat(axis=1) instead. To get a de-fragmented frame, use `newframe = frame.copy()`
  dataframe[f"dc_hi_{n}"] = dataframe["high"].rolling(n).max().shift(1)
/freqtrade/user_data/strategies/TrendVolTarget.py:50: PerformanceWarning: DataFrame is highly fragmented.  This is usually the result of calling `frame.insert` many times, which has poor performance.  Consider joining all columns at once using pd.concat(axis=1) instead. To get a de-fragmented frame, use `newframe = frame.copy()`
  dataframe[f"dc_hi_{n}"] = dataframe["high"].rolling(n).max().shift(1)
/freqtrade/user_data/strategies/TrendVolTarget.py:50: PerformanceWarning: DataFrame is highly fragmented.  This is usually the result of calling `frame.insert` many times, which has poor performance.  Consider joining all columns at once using pd.concat(axis=1) instead. To get a de-fragmented frame, use `newframe = frame.copy()`
  dataframe[f"dc_hi_{n}"] = dataframe["high"].rolling(n).max().shift(1)
/freqtrade/user_data/strategies/TrendVolTarget.py:50: PerformanceWarning: DataFrame is highly fragmented.  This is usually the result of calling `frame.insert` many times, which has poor performance.  Consider joining all columns at once using pd.concat(axis=1) instead. To get a de-fragmented frame, use `newframe = frame.copy()`
  dataframe[f"dc_hi_{n}"] = dataframe["high"].rolling(n).max().shift(1)
/freqtrade/user_data/strategies/TrendVolTarget.py:50: PerformanceWarning: DataFrame is highly fragmented.  This is usually the result of calling `frame.insert` many times, which has poor performance.  Consider joining all columns at once using pd.concat(axis=1) instead. To get a de-fragmented frame, use `newframe = frame.copy()`
  dataframe[f"dc_hi_{n}"] = dataframe["high"].rolling(n).max().shift(1)
/freqtrade/user_data/strategies/TrendVolTarget.py:50: PerformanceWarning: DataFrame is highly fragmented.  This is usually the result of calling `frame.insert` many times, which has poor performance.  Consider joining all columns at once using pd.concat(axis=1) instead. To get a de-fragmented frame, use `newframe = frame.copy()`
  dataframe[f"dc_hi_{n}"] = dataframe["high"].rolling(n).max().shift(1)
/freqtrade/user_data/strategies/TrendVolTarget.py:50: PerformanceWarning: DataFrame is highly fragmented.  This is usually the result of calling `frame.insert` many times, which has poor performance.  Consider joining all columns at once using pd.concat(axis=1) instead. To get a de-fragmented frame, use `newframe = frame.copy()`
  dataframe[f"dc_hi_{n}"] = dataframe["high"].rolling(n).max().shift(1)
/freqtrade/user_data/strategies/TrendVolTarget.py:50: PerformanceWarning: DataFrame is highly fragmented.  This is usually the result of calling `frame.insert` many times, which has poor performance.  Consider joining all columns at once using pd.concat(axis=1) instead. To get a de-fragmented frame, use `newframe = frame.copy()`
  dataframe[f"dc_hi_{n}"] = dataframe["high"].rolling(n).max().shift(1)
/freqtrade/user_data/strategies/TrendVolTarget.py:50: PerformanceWarning: DataFrame is highly fragmented.  This is usually the result of calling `frame.insert` many times, which has poor performance.  Consider joining all columns at once using pd.concat(axis=1) instead. To get a de-fragmented frame, use `newframe = frame.copy()`
  dataframe[f"dc_hi_{n}"] = dataframe["high"].rolling(n).max().shift(1)
/freqtrade/user_data/strategies/TrendVolTarget.py:50: PerformanceWarning: DataFrame is highly fragmented.  This is usually the result of calling `frame.insert` many times, which has poor performance.  Consider joining all columns at once using pd.concat(axis=1) instead. To get a de-fragmented frame, use `newframe = frame.copy()`
  dataframe[f"dc_hi_{n}"] = dataframe["high"].rolling(n).max().shift(1)
/freqtrade/user_data/strategies/TrendVolTarget.py:50: PerformanceWarning: DataFrame is highly fragmented.  This is usually the result of calling `frame.insert` many times, which has poor performance.  Consider joining all columns at once using pd.concat(axis=1) instead. To get a de-fragmented frame, use `newframe = frame.copy()`
  dataframe[f"dc_hi_{n}"] = dataframe["high"].rolling(n).max().shift(1)
/freqtrade/user_data/strategies/TrendVolTarget.py:50: PerformanceWarning: DataFrame is highly fragmented.  This is usually the result of calling `frame.insert` many times, which has poor performance.  Consider joining all columns at once using pd.concat(axis=1) instead. To get a de-fragmented frame, use `newframe = frame.copy()`
  dataframe[f"dc_hi_{n}"] = dataframe["high"].rolling(n).max().shift(1)
/freqtrade/user_data/strategies/TrendVolTarget.py:50: PerformanceWarning: DataFrame is highly fragmented.  This is usually the result of calling `frame.insert` many times, which has poor performance.  Consider joining all columns at once using pd.concat(axis=1) instead. To get a de-fragmented frame, use `newframe = frame.copy()`
  dataframe[f"dc_hi_{n}"] = dataframe["high"].rolling(n).max().shift(1)
/freqtrade/user_data/strategies/TrendVolTarget.py:50: PerformanceWarning: DataFrame is highly fragmented.  This is usually the result of calling `frame.insert` many times, which has poor performance.  Consider joining all columns at once using pd.concat(axis=1) instead. To get a de-fragmented frame, use `newframe = frame.copy()`
  dataframe[f"dc_hi_{n}"] = dataframe["high"].rolling(n).max().shift(1)
/freqtrade/user_data/strategies/TrendVolTarget.py:50: PerformanceWarning: DataFrame is highly fragmented.  This is usually the result of calling `frame.insert` many times, which has poor performance.  Consider joining all columns at once using pd.concat(axis=1) instead. To get a de-fragmented frame, use `newframe = frame.copy()`
  dataframe[f"dc_hi_{n}"] = dataframe["high"].rolling(n).max().shift(1)
/freqtrade/user_data/strategies/TrendVolTarget.py:50: PerformanceWarning: DataFrame is highly fragmented.  This is usually the result of calling `frame.insert` many times, which has poor performance.  Consider joining all columns at once using pd.concat(axis=1) instead. To get a de-fragmented frame, use `newframe = frame.copy()`
  dataframe[f"dc_hi_{n}"] = dataframe["high"].rolling(n).max().shift(1)
/freqtrade/user_data/strategies/TrendVolTarget.py:50: PerformanceWarning: DataFrame is highly fragmented.  This is usually the result of calling `frame.insert` many times, which has poor performance.  Consider joining all columns at once using pd.concat(axis=1) instead. To get a de-fragmented frame, use `newframe = frame.copy()`
  dataframe[f"dc_hi_{n}"] = dataframe["high"].rolling(n).max().shift(1)
/freqtrade/user_data/strategies/TrendVolTarget.py:50: PerformanceWarning: DataFrame is highly fragmented.  This is usually the result of calling `frame.insert` many times, which has poor performance.  Consider joining all columns at once using pd.concat(axis=1) instead. To get a de-fragmented frame, use `newframe = frame.copy()`
  dataframe[f"dc_hi_{n}"] = dataframe["high"].rolling(n).max().shift(1)
/freqtrade/user_data/strategies/TrendVolTarget.py:50: PerformanceWarning: DataFrame is highly fragmented.  This is usually the result of calling `frame.insert` many times, which has poor performance.  Consider joining all columns at once using pd.concat(axis=1) instead. To get a de-fragmented frame, use `newframe = frame.copy()`
  dataframe[f"dc_hi_{n}"] = dataframe["high"].rolling(n).max().shift(1)
/freqtrade/user_data/strategies/TrendVolTarget.py:50: PerformanceWarning: DataFrame is highly fragmented.  This is usually the result of calling `frame.insert` many times, which has poor performance.  Consider joining all columns at once using pd.concat(axis=1) instead. To get a de-fragmented frame, use `newframe = frame.copy()`
  dataframe[f"dc_hi_{n}"] = dataframe["high"].rolling(n).max().shift(1)
/freqtrade/user_data/strategies/TrendVolTarget.py:50: PerformanceWarning: DataFrame is highly fragmented.  This is usually the result of calling `frame.insert` many times, which has poor performance.  Consider joining all columns at once using pd.concat(axis=1) instead. To get a de-fragmented frame, use `newframe = frame.copy()`
  dataframe[f"dc_hi_{n}"] = dataframe["high"].rolling(n).max().shift(1)
/freqtrade/user_data/strategies/TrendVolTarget.py:50: PerformanceWarning: DataFrame is highly fragmented.  This is usually the result of calling `frame.insert` many times, which has poor performance.  Consider joining all columns at once using pd.concat(axis=1) instead. To get a de-fragmented frame, use `newframe = frame.copy()`
  dataframe[f"dc_hi_{n}"] = dataframe["high"].rolling(n).max().shift(1)
/freqtrade/user_data/strategies/TrendVolTarget.py:50: PerformanceWarning: DataFrame is highly fragmented.  This is usually the result of calling `frame.insert` many times, which has poor performance.  Consider joining all columns at once using pd.concat(axis=1) instead. To get a de-fragmented frame, use `newframe = frame.copy()`
  dataframe[f"dc_hi_{n}"] = dataframe["high"].rolling(n).max().shift(1)
/freqtrade/user_data/strategies/TrendVolTarget.py:50: PerformanceWarning: DataFrame is highly fragmented.  This is usually the result of calling `frame.insert` many times, which has poor performance.  Consider joining all columns at once using pd.concat(axis=1) instead. To get a de-fragmented frame, use `newframe = frame.copy()`
  dataframe[f"dc_hi_{n}"] = dataframe["high"].rolling(n).max().shift(1)
/freqtrade/user_data/strategies/TrendVolTarget.py:50: PerformanceWarning: DataFrame is highly fragmented.  This is usually the result of calling `frame.insert` many times, which has poor performance.  Consider joining all columns at once using pd.concat(axis=1) instead. To get a de-fragmented frame, use `newframe = frame.copy()`
  dataframe[f"dc_hi_{n}"] = dataframe["high"].rolling(n).max().shift(1)
/freqtrade/user_data/strategies/TrendVolTarget.py:53: PerformanceWarning: DataFrame is highly fragmented.  This is usually the result of calling `frame.insert` many times, which has poor performance.  Consider joining all columns at once using pd.concat(axis=1) instead. To get a de-fragmented frame, use `newframe = frame.copy()`
  dataframe["sma_f"] = ta.SMA(dataframe, timeperiod=60)
/freqtrade/user_data/strategies/TrendVolTarget.py:54: PerformanceWarning: DataFrame is highly fragmented.  This is usually the result of calling `frame.insert` many times, which has poor performance.  Consider joining all columns at once using pd.concat(axis=1) instead. To get a de-fragmented frame, use `newframe = frame.copy()`
  dataframe["sma_s"] = ta.SMA(dataframe, timeperiod=240)
/freqtrade/user_data/strategies/TrendVolTarget.py:56: PerformanceWarning: DataFrame is highly fragmented.  This is usually the result of calling `frame.insert` many times, which has poor performance.  Consider joining all columns at once using pd.concat(axis=1) instead. To get a de-fragmented frame, use `newframe = frame.copy()`
  dataframe["rvol"] = dataframe["close"].pct_change().rolling(90).std() * np.sqrt(6 * 365)
/freqtrade/user_data/strategies/TrendVolTarget.py:50: PerformanceWarning: DataFrame is highly fragmented.  This is usually the result of calling `frame.insert` many times, which has poor performance.  Consider joining all columns at once using pd.concat(axis=1) instead. To get a de-fragmented frame, use `newframe = frame.copy()`
  dataframe[f"dc_hi_{n}"] = dataframe["high"].rolling(n).max().shift(1)
/freqtrade/user_data/strategies/TrendVolTarget.py:50: PerformanceWarning: DataFrame is highly fragmented.  This is usually the result of calling `frame.insert` many times, which has poor performance.  Consider joining all columns at once using pd.concat(axis=1) instead. To get a de-fragmented frame, use `newframe = frame.copy()`
  dataframe[f"dc_hi_{n}"] = dataframe["high"].rolling(n).max().shift(1)
/freqtrade/user_data/strategies/TrendVolTarget.py:50: PerformanceWarning: DataFrame is highly fragmented.  This is usually the result of calling `frame.insert` many times, which has poor performance.  Consider joining all columns at once using pd.concat(axis=1) instead. To get a de-fragmented frame, use `newframe = frame.copy()`
  dataframe[f"dc_hi_{n}"] = dataframe["high"].rolling(n).max().shift(1)
/freqtrade/user_data/strategies/TrendVolTarget.py:50: PerformanceWarning: DataFrame is highly fragmented.  This is usually the result of calling `frame.insert` many times, which has poor performance.  Consider joining all columns at once using pd.concat(axis=1) instead. To get a de-fragmented frame, use `newframe = frame.copy()`
  dataframe[f"dc_hi_{n}"] = dataframe["high"].rolling(n).max().shift(1)
/freqtrade/user_data/strategies/TrendVolTarget.py:50: PerformanceWarning: DataFrame is highly fragmented.  This is usually the result of calling `frame.insert` many times, which has poor performance.  Consider joining all columns at once using pd.concat(axis=1) instead. To get a de-fragmented frame, use `newframe = frame.copy()`
  dataframe[f"dc_hi_{n}"] = dataframe["high"].rolling(n).max().shift(1)
/freqtrade/user_data/strategies/TrendVolTarget.py:50: PerformanceWarning: DataFrame is highly fragmented.  This is usually the result of calling `frame.insert` many times, which has poor performance.  Consider joining all columns at once using pd.concat(axis=1) instead. To get a de-fragmented frame, use `newframe = frame.copy()`
  dataframe[f"dc_hi_{n}"] = dataframe["high"].rolling(n).max().shift(1)
/freqtrade/user_data/strategies/TrendVolTarget.py:50: PerformanceWarning: DataFrame is highly fragmented.  This is usually the result of calling `frame.insert` many times, which has poor performance.  Consider joining all columns at once using pd.concat(axis=1) instead. To get a de-fragmented frame, use `newframe = frame.copy()`
  dataframe[f"dc_hi_{n}"] = dataframe["high"].rolling(n).max().shift(1)
/freqtrade/user_data/strategies/TrendVolTarget.py:50: PerformanceWarning: DataFrame is highly fragmented.  This is usually the result of calling `frame.insert` many times, which has poor performance.  Consider joining all columns at once using pd.concat(axis=1) instead. To get a de-fragmented frame, use `newframe = frame.copy()`
  dataframe[f"dc_hi_{n}"] = dataframe["high"].rolling(n).max().shift(1)
/freqtrade/user_data/strategies/TrendVolTarget.py:50: PerformanceWarning: DataFrame is highly fragmented.  This is usually the result of calling `frame.insert` many times, which has poor performance.  Consider joining all columns at once using pd.concat(axis=1) instead. To get a de-fragmented frame, use `newframe = frame.copy()`
  dataframe[f"dc_hi_{n}"] = dataframe["high"].rolling(n).max().shift(1)
/freqtrade/user_data/strategies/TrendVolTarget.py:50: PerformanceWarning: DataFrame is highly fragmented.  This is usually the result of calling `frame.insert` many times, which has poor performance.  Consider joining all columns at once using pd.concat(axis=1) instead. To get a de-fragmented frame, use `newframe = frame.copy()`
  dataframe[f"dc_hi_{n}"] = dataframe["high"].rolling(n).max().shift(1)
/freqtrade/user_data/strategies/TrendVolTarget.py:50: PerformanceWarning: DataFrame is highly fragmented.  This is usually the result of calling `frame.insert` many times, which has poor performance.  Consider joining all columns at once using pd.concat(axis=1) instead. To get a de-fragmented frame, use `newframe = frame.copy()`
  dataframe[f"dc_hi_{n}"] = dataframe["high"].rolling(n).max().shift(1)
/freqtrade/user_data/strategies/TrendVolTarget.py:50: PerformanceWarning: DataFrame is highly fragmented.  This is usually the result of calling `frame.insert` many times, which has poor performance.  Consider joining all columns at once using pd.concat(axis=1) instead. To get a de-fragmented frame, use `newframe = frame.copy()`
  dataframe[f"dc_hi_{n}"] = dataframe["high"].rolling(n).max().shift(1)
/freqtrade/user_data/strategies/TrendVolTarget.py:50: PerformanceWarning: DataFrame is highly fragmented.  This is usually the result of calling `frame.insert` many times, which has poor performance.  Consider joining all columns at once using pd.concat(axis=1) instead. To get a de-fragmented frame, use `newframe = frame.copy()`
  dataframe[f"dc_hi_{n}"] = dataframe["high"].rolling(n).max().shift(1)
/freqtrade/user_data/strategies/TrendVolTarget.py:50: PerformanceWarning: DataFrame is highly fragmented.  This is usually the result of calling `frame.insert` many times, which has poor performance.  Consider joining all columns at once using pd.concat(axis=1) instead. To get a de-fragmented frame, use `newframe = frame.copy()`
  dataframe[f"dc_hi_{n}"] = dataframe["high"].rolling(n).max().shift(1)
/freqtrade/user_data/strategies/TrendVolTarget.py:50: PerformanceWarning: DataFrame is highly fragmented.  This is usually the result of calling `frame.insert` many times, which has poor performance.  Consider joining all columns at once using pd.concat(axis=1) instead. To get a de-fragmented frame, use `newframe = frame.copy()`
  dataframe[f"dc_hi_{n}"] = dataframe["high"].rolling(n).max().shift(1)
/freqtrade/user_data/strategies/TrendVolTarget.py:50: PerformanceWarning: DataFrame is highly fragmented.  This is usually the result of calling `frame.insert` many times, which has poor performance.  Consider joining all columns at once using pd.concat(axis=1) instead. To get a de-fragmented frame, use `newframe = frame.copy()`
  dataframe[f"dc_hi_{n}"] = dataframe["high"].rolling(n).max().shift(1)
/freqtrade/user_data/strategies/TrendVolTarget.py:50: PerformanceWarning: DataFrame is highly fragmented.  This is usually the result of calling `frame.insert` many times, which has poor performance.  Consider joining all columns at once using pd.concat(axis=1) instead. To get a de-fragmented frame, use `newframe = frame.copy()`
  dataframe[f"dc_hi_{n}"] = dataframe["high"].rolling(n).max().shift(1)
/freqtrade/user_data/strategies/TrendVolTarget.py:50: PerformanceWarning: DataFrame is highly fragmented.  This is usually the result of calling `frame.insert` many times, which has poor performance.  Consider joining all columns at once using pd.concat(axis=1) instead. To get a de-fragmented frame, use `newframe = frame.copy()`
  dataframe[f"dc_hi_{n}"] = dataframe["high"].rolling(n).max().shift(1)
/freqtrade/user_data/strategies/TrendVolTarget.py:50: PerformanceWarning: DataFrame is highly fragmented.  This is usually the result of calling `frame.insert` many times, which has poor performance.  Consider joining all columns at once using pd.concat(axis=1) instead. To get a de-fragmented frame, use `newframe = frame.copy()`
  dataframe[f"dc_hi_{n}"] = dataframe["high"].rolling(n).max().shift(1)
/freqtrade/user_data/strategies/TrendVolTarget.py:50: PerformanceWarning: DataFrame is highly fragmented.  This is usually the result of calling `frame.insert` many times, which has poor performance.  Consider joining all columns at once using pd.concat(axis=1) instead. To get a de-fragmented frame, use `newframe = frame.copy()`
  dataframe[f"dc_hi_{n}"] = dataframe["high"].rolling(n).max().shift(1)
/freqtrade/user_data/strategies/TrendVolTarget.py:50: PerformanceWarning: DataFrame is highly fragmented.  This is usually the result of calling `frame.insert` many times, which has poor performance.  Consider joining all columns at once using pd.concat(axis=1) instead. To get a de-fragmented frame, use `newframe = frame.copy()`
  dataframe[f"dc_hi_{n}"] = dataframe["high"].rolling(n).max().shift(1)
/freqtrade/user_data/strategies/TrendVolTarget.py:50: PerformanceWarning: DataFrame is highly fragmented.  This is usually the result of calling `frame.insert` many times, which has poor performance.  Consider joining all columns at once using pd.concat(axis=1) instead. To get a de-fragmented frame, use `newframe = frame.copy()`
  dataframe[f"dc_hi_{n}"] = dataframe["high"].rolling(n).max().shift(1)
/freqtrade/user_data/strategies/TrendVolTarget.py:50: PerformanceWarning: DataFrame is highly fragmented.  This is usually the result of calling `frame.insert` many times, which has poor performance.  Consider joining all columns at once using pd.concat(axis=1) instead. To get a de-fragmented frame, use `newframe = frame.copy()`
  dataframe[f"dc_hi_{n}"] = dataframe["high"].rolling(n).max().shift(1)
/freqtrade/user_data/strategies/TrendVolTarget.py:50: PerformanceWarning: DataFrame is highly fragmented.  This is usually the result of calling `frame.insert` many times, which has poor performance.  Consider joining all columns at once using pd.concat(axis=1) instead. To get a de-fragmented frame, use `newframe = frame.copy()`
  dataframe[f"dc_hi_{n}"] = dataframe["high"].rolling(n).max().shift(1)
/freqtrade/user_data/strategies/TrendVolTarget.py:50: PerformanceWarning: DataFrame is highly fragmented.  This is usually the result of calling `frame.insert` many times, which has poor performance.  Consider joining all columns at once using pd.concat(axis=1) instead. To get a de-fragmented frame, use `newframe = frame.copy()`
  dataframe[f"dc_hi_{n}"] = dataframe["high"].rolling(n).max().shift(1)
/freqtrade/user_data/strategies/TrendVolTarget.py:50: PerformanceWarning: DataFrame is highly fragmented.  This is usually the result of calling `frame.insert` many times, which has poor performance.  Consider joining all columns at once using pd.concat(axis=1) instead. To get a de-fragmented frame, use `newframe = frame.copy()`
  dataframe[f"dc_hi_{n}"] = dataframe["high"].rolling(n).max().shift(1)
/freqtrade/user_data/strategies/TrendVolTarget.py:50: PerformanceWarning: DataFrame is highly fragmented.  This is usually the result of calling `frame.insert` many times, which has poor performance.  Consider joining all columns at once using pd.concat(axis=1) instead. To get a de-fragmented frame, use `newframe = frame.copy()`
  dataframe[f"dc_hi_{n}"] = dataframe["high"].rolling(n).max().shift(1)
/freqtrade/user_data/strategies/TrendVolTarget.py:50: PerformanceWarning: DataFrame is highly fragmented.  This is usually the result of calling `frame.insert` many times, which has poor performance.  Consider joining all columns at once using pd.concat(axis=1) instead. To get a de-fragmented frame, use `newframe = frame.copy()`
  dataframe[f"dc_hi_{n}"] = dataframe["high"].rolling(n).max().shift(1)
/freqtrade/user_data/strategies/TrendVolTarget.py:50: PerformanceWarning: DataFrame is highly fragmented.  This is usually the result of calling `frame.insert` many times, which has poor performance.  Consider joining all columns at once using pd.concat(axis=1) instead. To get a de-fragmented frame, use `newframe = frame.copy()`
  dataframe[f"dc_hi_{n}"] = dataframe["high"].rolling(n).max().shift(1)
/freqtrade/user_data/strategies/TrendVolTarget.py:50: PerformanceWarning: DataFrame is highly fragmented.  This is usually the result of calling `frame.insert` many times, which has poor performance.  Consider joining all columns at once using pd.concat(axis=1) instead. To get a de-fragmented frame, use `newframe = frame.copy()`
  dataframe[f"dc_hi_{n}"] = dataframe["high"].rolling(n).max().shift(1)
/freqtrade/user_data/strategies/TrendVolTarget.py:50: PerformanceWarning: DataFrame is highly fragmented.  This is usually the result of calling `frame.insert` many times, which has poor performance.  Consider joining all columns at once using pd.concat(axis=1) instead. To get a de-fragmented frame, use `newframe = frame.copy()`
  dataframe[f"dc_hi_{n}"] = dataframe["high"].rolling(n).max().shift(1)
/freqtrade/user_data/strategies/TrendVolTarget.py:50: PerformanceWarning: DataFrame is highly fragmented.  This is usually the result of calling `frame.insert` many times, which has poor performance.  Consider joining all columns at once using pd.concat(axis=1) instead. To get a de-fragmented frame, use `newframe = frame.copy()`
  dataframe[f"dc_hi_{n}"] = dataframe["high"].rolling(n).max().shift(1)
/freqtrade/user_data/strategies/TrendVolTarget.py:50: PerformanceWarning: DataFrame is highly fragmented.  This is usually the result of calling `frame.insert` many times, which has poor performance.  Consider joining all columns at once using pd.concat(axis=1) instead. To get a de-fragmented frame, use `newframe = frame.copy()`
  dataframe[f"dc_hi_{n}"] = dataframe["high"].rolling(n).max().shift(1)
/freqtrade/user_data/strategies/TrendVolTarget.py:50: PerformanceWarning: DataFrame is highly fragmented.  This is usually the result of calling `frame.insert` many times, which has poor performance.  Consider joining all columns at once using pd.concat(axis=1) instead. To get a de-fragmented frame, use `newframe = frame.copy()`
  dataframe[f"dc_hi_{n}"] = dataframe["high"].rolling(n).max().shift(1)
/freqtrade/user_data/strategies/TrendVolTarget.py:50: PerformanceWarning: DataFrame is highly fragmented.  This is usually the result of calling `frame.insert` many times, which has poor performance.  Consider joining all columns at once using pd.concat(axis=1) instead. To get a de-fragmented frame, use `newframe = frame.copy()`
  dataframe[f"dc_hi_{n}"] = dataframe["high"].rolling(n).max().shift(1)
/freqtrade/user_data/strategies/TrendVolTarget.py:50: PerformanceWarning: DataFrame is highly fragmented.  This is usually the result of calling `frame.insert` many times, which has poor performance.  Consider joining all columns at once using pd.concat(axis=1) instead. To get a de-fragmented frame, use `newframe = frame.copy()`
  dataframe[f"dc_hi_{n}"] = dataframe["high"].rolling(n).max().shift(1)
/freqtrade/user_data/strategies/TrendVolTarget.py:50: PerformanceWarning: DataFrame is highly fragmented.  This is usually the result of calling `frame.insert` many times, which has poor performance.  Consider joining all columns at once using pd.concat(axis=1) instead. To get a de-fragmented frame, use `newframe = frame.copy()`
  dataframe[f"dc_hi_{n}"] = dataframe["high"].rolling(n).max().shift(1)
/freqtrade/user_data/strategies/TrendVolTarget.py:50: PerformanceWarning: DataFrame is highly fragmented.  This is usually the result of calling `frame.insert` many times, which has poor performance.  Consider joining all columns at once using pd.concat(axis=1) instead. To get a de-fragmented frame, use `newframe = frame.copy()`
  dataframe[f"dc_hi_{n}"] = dataframe["high"].rolling(n).max().shift(1)
/freqtrade/user_data/strategies/TrendVolTarget.py:50: PerformanceWarning: DataFrame is highly fragmented.  This is usually the result of calling `frame.insert` many times, which has poor performance.  Consider joining all columns at once using pd.concat(axis=1) instead. To get a de-fragmented frame, use `newframe = frame.copy()`
  dataframe[f"dc_hi_{n}"] = dataframe["high"].rolling(n).max().shift(1)
/freqtrade/user_data/strategies/TrendVolTarget.py:50: PerformanceWarning: DataFrame is highly fragmented.  This is usually the result of calling `frame.insert` many times, which has poor performance.  Consider joining all columns at once using pd.concat(axis=1) instead. To get a de-fragmented frame, use `newframe = frame.copy()`
  dataframe[f"dc_hi_{n}"] = dataframe["high"].rolling(n).max().shift(1)
/freqtrade/user_data/strategies/TrendVolTarget.py:50: PerformanceWarning: DataFrame is highly fragmented.  This is usually the result of calling `frame.insert` many times, which has poor performance.  Consider joining all columns at once using pd.concat(axis=1) instead. To get a de-fragmented frame, use `newframe = frame.copy()`
  dataframe[f"dc_hi_{n}"] = dataframe["high"].rolling(n).max().shift(1)
/freqtrade/user_data/strategies/TrendVolTarget.py:50: PerformanceWarning: DataFrame is highly fragmented.  This is usually the result of calling `frame.insert` many times, which has poor performance.  Consider joining all columns at once using pd.concat(axis=1) instead. To get a de-fragmented frame, use `newframe = frame.copy()`
  dataframe[f"dc_hi_{n}"] = dataframe["high"].rolling(n).max().shift(1)
/freqtrade/user_data/strategies/TrendVolTarget.py:50: PerformanceWarning: DataFrame is highly fragmented.  This is usually the result of calling `frame.insert` many times, which has poor performance.  Consider joining all columns at once using pd.concat(axis=1) instead. To get a de-fragmented frame, use `newframe = frame.copy()`
  dataframe[f"dc_hi_{n}"] = dataframe["high"].rolling(n).max().shift(1)
/freqtrade/user_data/strategies/TrendVolTarget.py:50: PerformanceWarning: DataFrame is highly fragmented.  This is usually the result of calling `frame.insert` many times, which has poor performance.  Consider joining all columns at once using pd.concat(axis=1) instead. To get a de-fragmented frame, use `newframe = frame.copy()`
  dataframe[f"dc_hi_{n}"] = dataframe["high"].rolling(n).max().shift(1)
/freqtrade/user_data/strategies/TrendVolTarget.py:50: PerformanceWarning: DataFrame is highly fragmented.  This is usually the result of calling `frame.insert` many times, which has poor performance.  Consider joining all columns at once using pd.concat(axis=1) instead. To get a de-fragmented frame, use `newframe = frame.copy()`
  dataframe[f"dc_hi_{n}"] = dataframe["high"].rolling(n).max().shift(1)
/freqtrade/user_data/strategies/TrendVolTarget.py:50: PerformanceWarning: DataFrame is highly fragmented.  This is usually the result of calling `frame.insert` many times, which has poor performance.  Consider joining all columns at once using pd.concat(axis=1) instead. To get a de-fragmented frame, use `newframe = frame.copy()`
  dataframe[f"dc_hi_{n}"] = dataframe["high"].rolling(n).max().shift(1)
/freqtrade/user_data/strategies/TrendVolTarget.py:50: PerformanceWarning: DataFrame is highly fragmented.  This is usually the result of calling `frame.insert` many times, which has poor performance.  Consider joining all columns at once using pd.concat(axis=1) instead. To get a de-fragmented frame, use `newframe = frame.copy()`
  dataframe[f"dc_hi_{n}"] = dataframe["high"].rolling(n).max().shift(1)
/freqtrade/user_data/strategies/TrendVolTarget.py:50: PerformanceWarning: DataFrame is highly fragmented.  This is usually the result of calling `frame.insert` many times, which has poor performance.  Consider joining all columns at once using pd.concat(axis=1) instead. To get a de-fragmented frame, use `newframe = frame.copy()`
  dataframe[f"dc_hi_{n}"] = dataframe["high"].rolling(n).max().shift(1)
/freqtrade/user_data/strategies/TrendVolTarget.py:50: PerformanceWarning: DataFrame is highly fragmented.  This is usually the result of calling `frame.insert` many times, which has poor performance.  Consider joining all columns at once using pd.concat(axis=1) instead. To get a de-fragmented frame, use `newframe = frame.copy()`
  dataframe[f"dc_hi_{n}"] = dataframe["high"].rolling(n).max().shift(1)
/freqtrade/user_data/strategies/TrendVolTarget.py:50: PerformanceWarning: DataFrame is highly fragmented.  This is usually the result of calling `frame.insert` many times, which has poor performance.  Consider joining all columns at once using pd.concat(axis=1) instead. To get a de-fragmented frame, use `newframe = frame.copy()`
  dataframe[f"dc_hi_{n}"] = dataframe["high"].rolling(n).max().shift(1)
/freqtrade/user_data/strategies/TrendVolTarget.py:50: PerformanceWarning: DataFrame is highly fragmented.  This is usually the result of calling `frame.insert` many times, which has poor performance.  Consider joining all columns at once using pd.concat(axis=1) instead. To get a de-fragmented frame, use `newframe = frame.copy()`
  dataframe[f"dc_hi_{n}"] = dataframe["high"].rolling(n).max().shift(1)
/freqtrade/user_data/strategies/TrendVolTarget.py:50: PerformanceWarning: DataFrame is highly fragmented.  This is usually the result of calling `frame.insert` many times, which has poor performance.  Consider joining all columns at once using pd.concat(axis=1) instead. To get a de-fragmented frame, use `newframe = frame.copy()`
  dataframe[f"dc_hi_{n}"] = dataframe["high"].rolling(n).max().shift(1)
/freqtrade/user_data/strategies/TrendVolTarget.py:50: PerformanceWarning: DataFrame is highly fragmented.  This is usually the result of calling `frame.insert` many times, which has poor performance.  Consider joining all columns at once using pd.concat(axis=1) instead. To get a de-fragmented frame, use `newframe = frame.copy()`
  dataframe[f"dc_hi_{n}"] = dataframe["high"].rolling(n).max().shift(1)
/freqtrade/user_data/strategies/TrendVolTarget.py:50: PerformanceWarning: DataFrame is highly fragmented.  This is usually the result of calling `frame.insert` many times, which has poor performance.  Consider joining all columns at once using pd.concat(axis=1) instead. To get a de-fragmented frame, use `newframe = frame.copy()`
  dataframe[f"dc_hi_{n}"] = dataframe["high"].rolling(n).max().shift(1)
/freqtrade/user_data/strategies/TrendVolTarget.py:50: PerformanceWarning: DataFrame is highly fragmented.  This is usually the result of calling `frame.insert` many times, which has poor performance.  Consider joining all columns at once using pd.concat(axis=1) instead. To get a de-fragmented frame, use `newframe = frame.copy()`
  dataframe[f"dc_hi_{n}"] = dataframe["high"].rolling(n).max().shift(1)
/freqtrade/user_data/strategies/TrendVolTarget.py:50: PerformanceWarning: DataFrame is highly fragmented.  This is usually the result of calling `frame.insert` many times, which has poor performance.  Consider joining all columns at once using pd.concat(axis=1) instead. To get a de-fragmented frame, use `newframe = frame.copy()`
  dataframe[f"dc_hi_{n}"] = dataframe["high"].rolling(n).max().shift(1)
/freqtrade/user_data/strategies/TrendVolTarget.py:50: PerformanceWarning: DataFrame is highly fragmented.  This is usually the result of calling `frame.insert` many times, which has poor performance.  Consider joining all columns at once using pd.concat(axis=1) instead. To get a de-fragmented frame, use `newframe = frame.copy()`
  dataframe[f"dc_hi_{n}"] = dataframe["high"].rolling(n).max().shift(1)
/freqtrade/user_data/strategies/TrendVolTarget.py:50: PerformanceWarning: DataFrame is highly fragmented.  This is usually the result of calling `frame.insert` many times, which has poor performance.  Consider joining all columns at once using pd.concat(axis=1) instead. To get a de-fragmented frame, use `newframe = frame.copy()`
  dataframe[f"dc_hi_{n}"] = dataframe["high"].rolling(n).max().shift(1)
/freqtrade/user_data/strategies/TrendVolTarget.py:50: PerformanceWarning: DataFrame is highly fragmented.  This is usually the result of calling `frame.insert` many times, which has poor performance.  Consider joining all columns at once using pd.concat(axis=1) instead. To get a de-fragmented frame, use `newframe = frame.copy()`
  dataframe[f"dc_hi_{n}"] = dataframe["high"].rolling(n).max().shift(1)
/freqtrade/user_data/strategies/TrendVolTarget.py:50: PerformanceWarning: DataFrame is highly fragmented.  This is usually the result of calling `frame.insert` many times, which has poor performance.  Consider joining all columns at once using pd.concat(axis=1) instead. To get a de-fragmented frame, use `newframe = frame.copy()`
  dataframe[f"dc_hi_{n}"] = dataframe["high"].rolling(n).max().shift(1)
/freqtrade/user_data/strategies/TrendVolTarget.py:50: PerformanceWarning: DataFrame is highly fragmented.  This is usually the result of calling `frame.insert` many times, which has poor performance.  Consider joining all columns at once using pd.concat(axis=1) instead. To get a de-fragmented frame, use `newframe = frame.copy()`
  dataframe[f"dc_hi_{n}"] = dataframe["high"].rolling(n).max().shift(1)
/freqtrade/user_data/strategies/TrendVolTarget.py:50: PerformanceWarning: DataFrame is highly fragmented.  This is usually the result of calling `frame.insert` many times, which has poor performance.  Consider joining all columns at once using pd.concat(axis=1) instead. To get a de-fragmented frame, use `newframe = frame.copy()`
  dataframe[f"dc_hi_{n}"] = dataframe["high"].rolling(n).max().shift(1)
/freqtrade/user_data/strategies/TrendVolTarget.py:50: PerformanceWarning: DataFrame is highly fragmented.  This is usually the result of calling `frame.insert` many times, which has poor performance.  Consider joining all columns at once using pd.concat(axis=1) instead. To get a de-fragmented frame, use `newframe = frame.copy()`
  dataframe[f"dc_hi_{n}"] = dataframe["high"].rolling(n).max().shift(1)
/freqtrade/user_data/strategies/TrendVolTarget.py:50: PerformanceWarning: DataFrame is highly fragmented.  This is usually the result of calling `frame.insert` many times, which has poor performance.  Consider joining all columns at once using pd.concat(axis=1) instead. To get a de-fragmented frame, use `newframe = frame.copy()`
  dataframe[f"dc_hi_{n}"] = dataframe["high"].rolling(n).max().shift(1)
/freqtrade/user_data/strategies/TrendVolTarget.py:50: PerformanceWarning: DataFrame is highly fragmented.  This is usually the result of calling `frame.insert` many times, which has poor performance.  Consider joining all columns at once using pd.concat(axis=1) instead. To get a de-fragmented frame, use `newframe = frame.copy()`
  dataframe[f"dc_hi_{n}"] = dataframe["high"].rolling(n).max().shift(1)
/freqtrade/user_data/strategies/TrendVolTarget.py:50: PerformanceWarning: DataFrame is highly fragmented.  This is usually the result of calling `frame.insert` many times, which has poor performance.  Consider joining all columns at once using pd.concat(axis=1) instead. To get a de-fragmented frame, use `newframe = frame.copy()`
  dataframe[f"dc_hi_{n}"] = dataframe["high"].rolling(n).max().shift(1)
/freqtrade/user_data/strategies/TrendVolTarget.py:50: PerformanceWarning: DataFrame is highly fragmented.  This is usually the result of calling `frame.insert` many times, which has poor performance.  Consider joining all columns at once using pd.concat(axis=1) instead. To get a de-fragmented frame, use `newframe = frame.copy()`
  dataframe[f"dc_hi_{n}"] = dataframe["high"].rolling(n).max().shift(1)
/freqtrade/user_data/strategies/TrendVolTarget.py:50: PerformanceWarning: DataFrame is highly fragmented.  This is usually the result of calling `frame.insert` many times, which has poor performance.  Consider joining all columns at once using pd.concat(axis=1) instead. To get a de-fragmented frame, use `newframe = frame.copy()`
  dataframe[f"dc_hi_{n}"] = dataframe["high"].rolling(n).max().shift(1)
/freqtrade/user_data/strategies/TrendVolTarget.py:50: PerformanceWarning: DataFrame is highly fragmented.  This is usually the result of calling `frame.insert` many times, which has poor performance.  Consider joining all columns at once using pd.concat(axis=1) instead. To get a de-fragmented frame, use `newframe = frame.copy()`
  dataframe[f"dc_hi_{n}"] = dataframe["high"].rolling(n).max().shift(1)
/freqtrade/user_data/strategies/TrendVolTarget.py:50: PerformanceWarning: DataFrame is highly fragmented.  This is usually the result of calling `frame.insert` many times, which has poor performance.  Consider joining all columns at once using pd.concat(axis=1) instead. To get a de-fragmented frame, use `newframe = frame.copy()`
  dataframe[f"dc_hi_{n}"] = dataframe["high"].rolling(n).max().shift(1)
/freqtrade/user_data/strategies/TrendVolTarget.py:50: PerformanceWarning: DataFrame is highly fragmented.  This is usually the result of calling `frame.insert` many times, which has poor performance.  Consider joining all columns at once using pd.concat(axis=1) instead. To get a de-fragmented frame, use `newframe = frame.copy()`
  dataframe[f"dc_hi_{n}"] = dataframe["high"].rolling(n).max().shift(1)
/freqtrade/user_data/strategies/TrendVolTarget.py:50: PerformanceWarning: DataFrame is highly fragmented.  This is usually the result of calling `frame.insert` many times, which has poor performance.  Consider joining all columns at once using pd.concat(axis=1) instead. To get a de-fragmented frame, use `newframe = frame.copy()`
  dataframe[f"dc_hi_{n}"] = dataframe["high"].rolling(n).max().shift(1)
/freqtrade/user_data/strategies/TrendVolTarget.py:50: PerformanceWarning: DataFrame is highly fragmented.  This is usually the result of calling `frame.insert` many times, which has poor performance.  Consider joining all columns at once using pd.concat(axis=1) instead. To get a de-fragmented frame, use `newframe = frame.copy()`
  dataframe[f"dc_hi_{n}"] = dataframe["high"].rolling(n).max().shift(1)
/freqtrade/user_data/strategies/TrendVolTarget.py:50: PerformanceWarning: DataFrame is highly fragmented.  This is usually the result of calling `frame.insert` many times, which has poor performance.  Consider joining all columns at once using pd.concat(axis=1) instead. To get a de-fragmented frame, use `newframe = frame.copy()`
  dataframe[f"dc_hi_{n}"] = dataframe["high"].rolling(n).max().shift(1)
/freqtrade/user_data/strategies/TrendVolTarget.py:50: PerformanceWarning: DataFrame is highly fragmented.  This is usually the result of calling `frame.insert` many times, which has poor performance.  Consider joining all columns at once using pd.concat(axis=1) instead. To get a de-fragmented frame, use `newframe = frame.copy()`
  dataframe[f"dc_hi_{n}"] = dataframe["high"].rolling(n).max().shift(1)
/freqtrade/user_data/strategies/TrendVolTarget.py:50: PerformanceWarning: DataFrame is highly fragmented.  This is usually the result of calling `frame.insert` many times, which has poor performance.  Consider joining all columns at once using pd.concat(axis=1) instead. To get a de-fragmented frame, use `newframe = frame.copy()`
  dataframe[f"dc_hi_{n}"] = dataframe["high"].rolling(n).max().shift(1)
/freqtrade/user_data/strategies/TrendVolTarget.py:50: PerformanceWarning: DataFrame is highly fragmented.  This is usually the result of calling `frame.insert` many times, which has poor performance.  Consider joining all columns at once using pd.concat(axis=1) instead. To get a de-fragmented frame, use `newframe = frame.copy()`
  dataframe[f"dc_hi_{n}"] = dataframe["high"].rolling(n).max().shift(1)
/freqtrade/user_data/strategies/TrendVolTarget.py:50: PerformanceWarning: DataFrame is highly fragmented.  This is usually the result of calling `frame.insert` many times, which has poor performance.  Consider joining all columns at once using pd.concat(axis=1) instead. To get a de-fragmented frame, use `newframe = frame.copy()`
  dataframe[f"dc_hi_{n}"] = dataframe["high"].rolling(n).max().shift(1)
/freqtrade/user_data/strategies/TrendVolTarget.py:50: PerformanceWarning: DataFrame is highly fragmented.  This is usually the result of calling `frame.insert` many times, which has poor performance.  Consider joining all columns at once using pd.concat(axis=1) instead. To get a de-fragmented frame, use `newframe = frame.copy()`
  dataframe[f"dc_hi_{n}"] = dataframe["high"].rolling(n).max().shift(1)
/freqtrade/user_data/strategies/TrendVolTarget.py:50: PerformanceWarning: DataFrame is highly fragmented.  This is usually the result of calling `frame.insert` many times, which has poor performance.  Consider joining all columns at once using pd.concat(axis=1) instead. To get a de-fragmented frame, use `newframe = frame.copy()`
  dataframe[f"dc_hi_{n}"] = dataframe["high"].rolling(n).max().shift(1)
/freqtrade/user_data/strategies/TrendVolTarget.py:50: PerformanceWarning: DataFrame is highly fragmented.  This is usually the result of calling `frame.insert` many times, which has poor performance.  Consider joining all columns at once using pd.concat(axis=1) instead. To get a de-fragmented frame, use `newframe = frame.copy()`
  dataframe[f"dc_hi_{n}"] = dataframe["high"].rolling(n).max().shift(1)
/freqtrade/user_data/strategies/TrendVolTarget.py:50: PerformanceWarning: DataFrame is highly fragmented.  This is usually the result of calling `frame.insert` many times, which has poor performance.  Consider joining all columns at once using pd.concat(axis=1) instead. To get a de-fragmented frame, use `newframe = frame.copy()`
  dataframe[f"dc_hi_{n}"] = dataframe["high"].rolling(n).max().shift(1)
/freqtrade/user_data/strategies/TrendVolTarget.py:50: PerformanceWarning: DataFrame is highly fragmented.  This is usually the result of calling `frame.insert` many times, which has poor performance.  Consider joining all columns at once using pd.concat(axis=1) instead. To get a de-fragmented frame, use `newframe = frame.copy()`
  dataframe[f"dc_hi_{n}"] = dataframe["high"].rolling(n).max().shift(1)
/freqtrade/user_data/strategies/TrendVolTarget.py:50: PerformanceWarning: DataFrame is highly fragmented.  This is usually the result of calling `frame.insert` many times, which has poor performance.  Consider joining all columns at once using pd.concat(axis=1) instead. To get a de-fragmented frame, use `newframe = frame.copy()`
  dataframe[f"dc_hi_{n}"] = dataframe["high"].rolling(n).max().shift(1)
/freqtrade/user_data/strategies/TrendVolTarget.py:53: PerformanceWarning: DataFrame is highly fragmented.  This is usually the result of calling `frame.insert` many times, which has poor performance.  Consider joining all columns at once using pd.concat(axis=1) instead. To get a de-fragmented frame, use `newframe = frame.copy()`
  dataframe["sma_f"] = ta.SMA(dataframe, timeperiod=60)
/freqtrade/user_data/strategies/TrendVolTarget.py:54: PerformanceWarning: DataFrame is highly fragmented.  This is usually the result of calling `frame.insert` many times, which has poor performance.  Consider joining all columns at once using pd.concat(axis=1) instead. To get a de-fragmented frame, use `newframe = frame.copy()`
  dataframe["sma_s"] = ta.SMA(dataframe, timeperiod=240)
/freqtrade/user_data/strategies/TrendVolTarget.py:56: PerformanceWarning: DataFrame is highly fragmented.  This is usually the result of calling `frame.insert` many times, which has poor performance.  Consider joining all columns at once using pd.concat(axis=1) instead. To get a de-fragmented frame, use `newframe = frame.copy()`
  dataframe["rvol"] = dataframe["close"].pct_change().rolling(90).std() * np.sqrt(6 * 365)
/freqtrade/user_data/strategies/TrendVolTarget.py:50: PerformanceWarning: DataFrame is highly fragmented.  This is usually the result of calling `frame.insert` many times, which has poor performance.  Consider joining all columns at once using pd.concat(axis=1) instead. To get a de-fragmented frame, use `newframe = frame.copy()`
  dataframe[f"dc_hi_{n}"] = dataframe["high"].rolling(n).max().shift(1)
/freqtrade/user_data/strategies/TrendVolTarget.py:50: PerformanceWarning: DataFrame is highly fragmented.  This is usually the result of calling `frame.insert` many times, which has poor performance.  Consider joining all columns at once using pd.concat(axis=1) instead. To get a de-fragmented frame, use `newframe = frame.copy()`
  dataframe[f"dc_hi_{n}"] = dataframe["high"].rolling(n).max().shift(1)
/freqtrade/user_data/strategies/TrendVolTarget.py:50: PerformanceWarning: DataFrame is highly fragmented.  This is usually the result of calling `frame.insert` many times, which has poor performance.  Consider joining all columns at once using pd.concat(axis=1) instead. To get a de-fragmented frame, use `newframe = frame.copy()`
  dataframe[f"dc_hi_{n}"] = dataframe["high"].rolling(n).max().shift(1)
/freqtrade/user_data/strategies/TrendVolTarget.py:50: PerformanceWarning: DataFrame is highly fragmented.  This is usually the result of calling `frame.insert` many times, which has poor performance.  Consider joining all columns at once using pd.concat(axis=1) instead. To get a de-fragmented frame, use `newframe = frame.copy()`
  dataframe[f"dc_hi_{n}"] = dataframe["high"].rolling(n).max().shift(1)
/freqtrade/user_data/strategies/TrendVolTarget.py:50: PerformanceWarning: DataFrame is highly fragmented.  This is usually the result of calling `frame.insert` many times, which has poor performance.  Consider joining all columns at once using pd.concat(axis=1) instead. To get a de-fragmented frame, use `newframe = frame.copy()`
  dataframe[f"dc_hi_{n}"] = dataframe["high"].rolling(n).max().shift(1)
/freqtrade/user_data/strategies/TrendVolTarget.py:50: PerformanceWarning: DataFrame is highly fragmented.  This is usually the result of calling `frame.insert` many times, which has poor performance.  Consider joining all columns at once using pd.concat(axis=1) instead. To get a de-fragmented frame, use `newframe = frame.copy()`
  dataframe[f"dc_hi_{n}"] = dataframe["high"].rolling(n).max().shift(1)
/freqtrade/user_data/strategies/TrendVolTarget.py:50: PerformanceWarning: DataFrame is highly fragmented.  This is usually the result of calling `frame.insert` many times, which has poor performance.  Consider joining all columns at once using pd.concat(axis=1) instead. To get a de-fragmented frame, use `newframe = frame.copy()`
  dataframe[f"dc_hi_{n}"] = dataframe["high"].rolling(n).max().shift(1)
/freqtrade/user_data/strategies/TrendVolTarget.py:50: PerformanceWarning: DataFrame is highly fragmented.  This is usually the result of calling `frame.insert` many times, which has poor performance.  Consider joining all columns at once using pd.concat(axis=1) instead. To get a de-fragmented frame, use `newframe = frame.copy()`
  dataframe[f"dc_hi_{n}"] = dataframe["high"].rolling(n).max().shift(1)
/freqtrade/user_data/strategies/TrendVolTarget.py:50: PerformanceWarning: DataFrame is highly fragmented.  This is usually the result of calling `frame.insert` many times, which has poor performance.  Consider joining all columns at once using pd.concat(axis=1) instead. To get a de-fragmented frame, use `newframe = frame.copy()`
  dataframe[f"dc_hi_{n}"] = dataframe["high"].rolling(n).max().shift(1)
/freqtrade/user_data/strategies/TrendVolTarget.py:50: PerformanceWarning: DataFrame is highly fragmented.  This is usually the result of calling `frame.insert` many times, which has poor performance.  Consider joining all columns at once using pd.concat(axis=1) instead. To get a de-fragmented frame, use `newframe = frame.copy()`
  dataframe[f"dc_hi_{n}"] = dataframe["high"].rolling(n).max().shift(1)
/freqtrade/user_data/strategies/TrendVolTarget.py:50: PerformanceWarning: DataFrame is highly fragmented.  This is usually the result of calling `frame.insert` many times, which has poor performance.  Consider joining all columns at once using pd.concat(axis=1) instead. To get a de-fragmented frame, use `newframe = frame.copy()`
  dataframe[f"dc_hi_{n}"] = dataframe["high"].rolling(n).max().shift(1)
/freqtrade/user_data/strategies/TrendVolTarget.py:50: PerformanceWarning: DataFrame is highly fragmented.  This is usually the result of calling `frame.insert` many times, which has poor performance.  Consider joining all columns at once using pd.concat(axis=1) instead. To get a de-fragmented frame, use `newframe = frame.copy()`
  dataframe[f"dc_hi_{n}"] = dataframe["high"].rolling(n).max().shift(1)
/freqtrade/user_data/strategies/TrendVolTarget.py:50: PerformanceWarning: DataFrame is highly fragmented.  This is usually the result of calling `frame.insert` many times, which has poor performance.  Consider joining all columns at once using pd.concat(axis=1) instead. To get a de-fragmented frame, use `newframe = frame.copy()`
  dataframe[f"dc_hi_{n}"] = dataframe["high"].rolling(n).max().shift(1)
/freqtrade/user_data/strategies/TrendVolTarget.py:50: PerformanceWarning: DataFrame is highly fragmented.  This is usually the result of calling `frame.insert` many times, which has poor performance.  Consider joining all columns at once using pd.concat(axis=1) instead. To get a de-fragmented frame, use `newframe = frame.copy()`
  dataframe[f"dc_hi_{n}"] = dataframe["high"].rolling(n).max().shift(1)
/freqtrade/user_data/strategies/TrendVolTarget.py:50: PerformanceWarning: DataFrame is highly fragmented.  This is usually the result of calling `frame.insert` many times, which has poor performance.  Consider joining all columns at once using pd.concat(axis=1) instead. To get a de-fragmented frame, use `newframe = frame.copy()`
  dataframe[f"dc_hi_{n}"] = dataframe["high"].rolling(n).max().shift(1)
/freqtrade/user_data/strategies/TrendVolTarget.py:50: PerformanceWarning: DataFrame is highly fragmented.  This is usually the result of calling `frame.insert` many times, which has poor performance.  Consider joining all columns at once using pd.concat(axis=1) instead. To get a de-fragmented frame, use `newframe = frame.copy()`
  dataframe[f"dc_hi_{n}"] = dataframe["high"].rolling(n).max().shift(1)
/freqtrade/user_data/strategies/TrendVolTarget.py:50: PerformanceWarning: DataFrame is highly fragmented.  This is usually the result of calling `frame.insert` many times, which has poor performance.  Consider joining all columns at once using pd.concat(axis=1) instead. To get a de-fragmented frame, use `newframe = frame.copy()`
  dataframe[f"dc_hi_{n}"] = dataframe["high"].rolling(n).max().shift(1)
/freqtrade/user_data/strategies/TrendVolTarget.py:50: PerformanceWarning: DataFrame is highly fragmented.  This is usually the result of calling `frame.insert` many times, which has poor performance.  Consider joining all columns at once using pd.concat(axis=1) instead. To get a de-fragmented frame, use `newframe = frame.copy()`
  dataframe[f"dc_hi_{n}"] = dataframe["high"].rolling(n).max().shift(1)
/freqtrade/user_data/strategies/TrendVolTarget.py:50: PerformanceWarning: DataFrame is highly fragmented.  This is usually the result of calling `frame.insert` many times, which has poor performance.  Consider joining all columns at once using pd.concat(axis=1) instead. To get a de-fragmented frame, use `newframe = frame.copy()`
  dataframe[f"dc_hi_{n}"] = dataframe["high"].rolling(n).max().shift(1)
/freqtrade/user_data/strategies/TrendVolTarget.py:50: PerformanceWarning: DataFrame is highly fragmented.  This is usually the result of calling `frame.insert` many times, which has poor performance.  Consider joining all columns at once using pd.concat(axis=1) instead. To get a de-fragmented frame, use `newframe = frame.copy()`
  dataframe[f"dc_hi_{n}"] = dataframe["high"].rolling(n).max().shift(1)
/freqtrade/user_data/strategies/TrendVolTarget.py:50: PerformanceWarning: DataFrame is highly fragmented.  This is usually the result of calling `frame.insert` many times, which has poor performance.  Consider joining all columns at once using pd.concat(axis=1) instead. To get a de-fragmented frame, use `newframe = frame.copy()`
  dataframe[f"dc_hi_{n}"] = dataframe["high"].rolling(n).max().shift(1)
/freqtrade/user_data/strategies/TrendVolTarget.py:50: PerformanceWarning: DataFrame is highly fragmented.  This is usually the result of calling `frame.insert` many times, which has poor performance.  Consider joining all columns at once using pd.concat(axis=1) instead. To get a de-fragmented frame, use `newframe = frame.copy()`
  dataframe[f"dc_hi_{n}"] = dataframe["high"].rolling(n).max().shift(1)
/freqtrade/user_data/strategies/TrendVolTarget.py:50: PerformanceWarning: DataFrame is highly fragmented.  This is usually the result of calling `frame.insert` many times, which has poor performance.  Consider joining all columns at once using pd.concat(axis=1) instead. To get a de-fragmented frame, use `newframe = frame.copy()`
  dataframe[f"dc_hi_{n}"] = dataframe["high"].rolling(n).max().shift(1)
/freqtrade/user_data/strategies/TrendVolTarget.py:50: PerformanceWarning: DataFrame is highly fragmented.  This is usually the result of calling `frame.insert` many times, which has poor performance.  Consider joining all columns at once using pd.concat(axis=1) instead. To get a de-fragmented frame, use `newframe = frame.copy()`
  dataframe[f"dc_hi_{n}"] = dataframe["high"].rolling(n).max().shift(1)
/freqtrade/user_data/strategies/TrendVolTarget.py:50: PerformanceWarning: DataFrame is highly fragmented.  This is usually the result of calling `frame.insert` many times, which has poor performance.  Consider joining all columns at once using pd.concat(axis=1) instead. To get a de-fragmented frame, use `newframe = frame.copy()`
  dataframe[f"dc_hi_{n}"] = dataframe["high"].rolling(n).max().shift(1)
/freqtrade/user_data/strategies/TrendVolTarget.py:50: PerformanceWarning: DataFrame is highly fragmented.  This is usually the result of calling `frame.insert` many times, which has poor performance.  Consider joining all columns at once using pd.concat(axis=1) instead. To get a de-fragmented frame, use `newframe = frame.copy()`
  dataframe[f"dc_hi_{n}"] = dataframe["high"].rolling(n).max().shift(1)
/freqtrade/user_data/strategies/TrendVolTarget.py:50: PerformanceWarning: DataFrame is highly fragmented.  This is usually the result of calling `frame.insert` many times, which has poor performance.  Consider joining all columns at once using pd.concat(axis=1) instead. To get a de-fragmented frame, use `newframe = frame.copy()`
  dataframe[f"dc_hi_{n}"] = dataframe["high"].rolling(n).max().shift(1)
/freqtrade/user_data/strategies/TrendVolTarget.py:50: PerformanceWarning: DataFrame is highly fragmented.  This is usually the result of calling `frame.insert` many times, which has poor performance.  Consider joining all columns at once using pd.concat(axis=1) instead. To get a de-fragmented frame, use `newframe = frame.copy()`
  dataframe[f"dc_hi_{n}"] = dataframe["high"].rolling(n).max().shift(1)
/freqtrade/user_data/strategies/TrendVolTarget.py:50: PerformanceWarning: DataFrame is highly fragmented.  This is usually the result of calling `frame.insert` many times, which has poor performance.  Consider joining all columns at once using pd.concat(axis=1) instead. To get a de-fragmented frame, use `newframe = frame.copy()`
  dataframe[f"dc_hi_{n}"] = dataframe["high"].rolling(n).max().shift(1)
/freqtrade/user_data/strategies/TrendVolTarget.py:50: PerformanceWarning: DataFrame is highly fragmented.  This is usually the result of calling `frame.insert` many times, which has poor performance.  Consider joining all columns at once using pd.concat(axis=1) instead. To get a de-fragmented frame, use `newframe = frame.copy()`
  dataframe[f"dc_hi_{n}"] = dataframe["high"].rolling(n).max().shift(1)
/freqtrade/user_data/strategies/TrendVolTarget.py:50: PerformanceWarning: DataFrame is highly fragmented.  This is usually the result of calling `frame.insert` many times, which has poor performance.  Consider joining all columns at once using pd.concat(axis=1) instead. To get a de-fragmented frame, use `newframe = frame.copy()`
  dataframe[f"dc_hi_{n}"] = dataframe["high"].rolling(n).max().shift(1)
/freqtrade/user_data/strategies/TrendVolTarget.py:50: PerformanceWarning: DataFrame is highly fragmented.  This is usually the result of calling `frame.insert` many times, which has poor performance.  Consider joining all columns at once using pd.concat(axis=1) instead. To get a de-fragmented frame, use `newframe = frame.copy()`
  dataframe[f"dc_hi_{n}"] = dataframe["high"].rolling(n).max().shift(1)
/freqtrade/user_data/strategies/TrendVolTarget.py:50: PerformanceWarning: DataFrame is highly fragmented.  This is usually the result of calling `frame.insert` many times, which has poor performance.  Consider joining all columns at once using pd.concat(axis=1) instead. To get a de-fragmented frame, use `newframe = frame.copy()`
  dataframe[f"dc_hi_{n}"] = dataframe["high"].rolling(n).max().shift(1)
/freqtrade/user_data/strategies/TrendVolTarget.py:50: PerformanceWarning: DataFrame is highly fragmented.  This is usually the result of calling `frame.insert` many times, which has poor performance.  Consider joining all columns at once using pd.concat(axis=1) instead. To get a de-fragmented frame, use `newframe = frame.copy()`
  dataframe[f"dc_hi_{n}"] = dataframe["high"].rolling(n).max().shift(1)
/freqtrade/user_data/strategies/TrendVolTarget.py:50: PerformanceWarning: DataFrame is highly fragmented.  This is usually the result of calling `frame.insert` many times, which has poor performance.  Consider joining all columns at once using pd.concat(axis=1) instead. To get a de-fragmented frame, use `newframe = frame.copy()`
  dataframe[f"dc_hi_{n}"] = dataframe["high"].rolling(n).max().shift(1)
/freqtrade/user_data/strategies/TrendVolTarget.py:50: PerformanceWarning: DataFrame is highly fragmented.  This is usually the result of calling `frame.insert` many times, which has poor performance.  Consider joining all columns at once using pd.concat(axis=1) instead. To get a de-fragmented frame, use `newframe = frame.copy()`
  dataframe[f"dc_hi_{n}"] = dataframe["high"].rolling(n).max().shift(1)
/freqtrade/user_data/strategies/TrendVolTarget.py:50: PerformanceWarning: DataFrame is highly fragmented.  This is usually the result of calling `frame.insert` many times, which has poor performance.  Consider joining all columns at once using pd.concat(axis=1) instead. To get a de-fragmented frame, use `newframe = frame.copy()`
  dataframe[f"dc_hi_{n}"] = dataframe["high"].rolling(n).max().shift(1)
/freqtrade/user_data/strategies/TrendVolTarget.py:50: PerformanceWarning: DataFrame is highly fragmented.  This is usually the result of calling `frame.insert` many times, which has poor performance.  Consider joining all columns at once using pd.concat(axis=1) instead. To get a de-fragmented frame, use `newframe = frame.copy()`
  dataframe[f"dc_hi_{n}"] = dataframe["high"].rolling(n).max().shift(1)
/freqtrade/user_data/strategies/TrendVolTarget.py:50: PerformanceWarning: DataFrame is highly fragmented.  This is usually the result of calling `frame.insert` many times, which has poor performance.  Consider joining all columns at once using pd.concat(axis=1) instead. To get a de-fragmented frame, use `newframe = frame.copy()`
  dataframe[f"dc_hi_{n}"] = dataframe["high"].rolling(n).max().shift(1)
/freqtrade/user_data/strategies/TrendVolTarget.py:50: PerformanceWarning: DataFrame is highly fragmented.  This is usually the result of calling `frame.insert` many times, which has poor performance.  Consider joining all columns at once using pd.concat(axis=1) instead. To get a de-fragmented frame, use `newframe = frame.copy()`
  dataframe[f"dc_hi_{n}"] = dataframe["high"].rolling(n).max().shift(1)
/freqtrade/user_data/strategies/TrendVolTarget.py:50: PerformanceWarning: DataFrame is highly fragmented.  This is usually the result of calling `frame.insert` many times, which has poor performance.  Consider joining all columns at once using pd.concat(axis=1) instead. To get a de-fragmented frame, use `newframe = frame.copy()`
  dataframe[f"dc_hi_{n}"] = dataframe["high"].rolling(n).max().shift(1)
/freqtrade/user_data/strategies/TrendVolTarget.py:50: PerformanceWarning: DataFrame is highly fragmented.  This is usually the result of calling `frame.insert` many times, which has poor performance.  Consider joining all columns at once using pd.concat(axis=1) instead. To get a de-fragmented frame, use `newframe = frame.copy()`
  dataframe[f"dc_hi_{n}"] = dataframe["high"].rolling(n).max().shift(1)
/freqtrade/user_data/strategies/TrendVolTarget.py:50: PerformanceWarning: DataFrame is highly fragmented.  This is usually the result of calling `frame.insert` many times, which has poor performance.  Consider joining all columns at once using pd.concat(axis=1) instead. To get a de-fragmented frame, use `newframe = frame.copy()`
  dataframe[f"dc_hi_{n}"] = dataframe["high"].rolling(n).max().shift(1)
/freqtrade/user_data/strategies/TrendVolTarget.py:50: PerformanceWarning: DataFrame is highly fragmented.  This is usually the result of calling `frame.insert` many times, which has poor performance.  Consider joining all columns at once using pd.concat(axis=1) instead. To get a de-fragmented frame, use `newframe = frame.copy()`
  dataframe[f"dc_hi_{n}"] = dataframe["high"].rolling(n).max().shift(1)
/freqtrade/user_data/strategies/TrendVolTarget.py:50: PerformanceWarning: DataFrame is highly fragmented.  This is usually the result of calling `frame.insert` many times, which has poor performance.  Consider joining all columns at once using pd.concat(axis=1) instead. To get a de-fragmented frame, use `newframe = frame.copy()`
  dataframe[f"dc_hi_{n}"] = dataframe["high"].rolling(n).max().shift(1)
/freqtrade/user_data/strategies/TrendVolTarget.py:50: PerformanceWarning: DataFrame is highly fragmented.  This is usually the result of calling `frame.insert` many times, which has poor performance.  Consider joining all columns at once using pd.concat(axis=1) instead. To get a de-fragmented frame, use `newframe = frame.copy()`
  dataframe[f"dc_hi_{n}"] = dataframe["high"].rolling(n).max().shift(1)
/freqtrade/user_data/strategies/TrendVolTarget.py:50: PerformanceWarning: DataFrame is highly fragmented.  This is usually the result of calling `frame.insert` many times, which has poor performance.  Consider joining all columns at once using pd.concat(axis=1) instead. To get a de-fragmented frame, use `newframe = frame.copy()`
  dataframe[f"dc_hi_{n}"] = dataframe["high"].rolling(n).max().shift(1)
/freqtrade/user_data/strategies/TrendVolTarget.py:50: PerformanceWarning: DataFrame is highly fragmented.  This is usually the result of calling `frame.insert` many times, which has poor performance.  Consider joining all columns at once using pd.concat(axis=1) instead. To get a de-fragmented frame, use `newframe = frame.copy()`
  dataframe[f"dc_hi_{n}"] = dataframe["high"].rolling(n).max().shift(1)
/freqtrade/user_data/strategies/TrendVolTarget.py:50: PerformanceWarning: DataFrame is highly fragmented.  This is usually the result of calling `frame.insert` many times, which has poor performance.  Consider joining all columns at once using pd.concat(axis=1) instead. To get a de-fragmented frame, use `newframe = frame.copy()`
  dataframe[f"dc_hi_{n}"] = dataframe["high"].rolling(n).max().shift(1)
/freqtrade/user_data/strategies/TrendVolTarget.py:50: PerformanceWarning: DataFrame is highly fragmented.  This is usually the result of calling `frame.insert` many times, which has poor performance.  Consider joining all columns at once using pd.concat(axis=1) instead. To get a de-fragmented frame, use `newframe = frame.copy()`
  dataframe[f"dc_hi_{n}"] = dataframe["high"].rolling(n).max().shift(1)
/freqtrade/user_data/strategies/TrendVolTarget.py:50: PerformanceWarning: DataFrame is highly fragmented.  This is usually the result of calling `frame.insert` many times, which has poor performance.  Consider joining all columns at once using pd.concat(axis=1) instead. To get a de-fragmented frame, use `newframe = frame.copy()`
  dataframe[f"dc_hi_{n}"] = dataframe["high"].rolling(n).max().shift(1)
/freqtrade/user_data/strategies/TrendVolTarget.py:50: PerformanceWarning: DataFrame is highly fragmented.  This is usually the result of calling `frame.insert` many times, which has poor performance.  Consider joining all columns at once using pd.concat(axis=1) instead. To get a de-fragmented frame, use `newframe = frame.copy()`
  dataframe[f"dc_hi_{n}"] = dataframe["high"].rolling(n).max().shift(1)
/freqtrade/user_data/strategies/TrendVolTarget.py:50: PerformanceWarning: DataFrame is highly fragmented.  This is usually the result of calling `frame.insert` many times, which has poor performance.  Consider joining all columns at once using pd.concat(axis=1) instead. To get a de-fragmented frame, use `newframe = frame.copy()`
  dataframe[f"dc_hi_{n}"] = dataframe["high"].rolling(n).max().shift(1)
/freqtrade/user_data/strategies/TrendVolTarget.py:50: PerformanceWarning: DataFrame is highly fragmented.  This is usually the result of calling `frame.insert` many times, which has poor performance.  Consider joining all columns at once using pd.concat(axis=1) instead. To get a de-fragmented frame, use `newframe = frame.copy()`
  dataframe[f"dc_hi_{n}"] = dataframe["high"].rolling(n).max().shift(1)
/freqtrade/user_data/strategies/TrendVolTarget.py:50: PerformanceWarning: DataFrame is highly fragmented.  This is usually the result of calling `frame.insert` many times, which has poor performance.  Consider joining all columns at once using pd.concat(axis=1) instead. To get a de-fragmented frame, use `newframe = frame.copy()`
  dataframe[f"dc_hi_{n}"] = dataframe["high"].rolling(n).max().shift(1)
/freqtrade/user_data/strategies/TrendVolTarget.py:50: PerformanceWarning: DataFrame is highly fragmented.  This is usually the result of calling `frame.insert` many times, which has poor performance.  Consider joining all columns at once using pd.concat(axis=1) instead. To get a de-fragmented frame, use `newframe = frame.copy()`
  dataframe[f"dc_hi_{n}"] = dataframe["high"].rolling(n).max().shift(1)
/freqtrade/user_data/strategies/TrendVolTarget.py:50: PerformanceWarning: DataFrame is highly fragmented.  This is usually the result of calling `frame.insert` many times, which has poor performance.  Consider joining all columns at once using pd.concat(axis=1) instead. To get a de-fragmented frame, use `newframe = frame.copy()`
  dataframe[f"dc_hi_{n}"] = dataframe["high"].rolling(n).max().shift(1)
/freqtrade/user_data/strategies/TrendVolTarget.py:50: PerformanceWarning: DataFrame is highly fragmented.  This is usually the result of calling `frame.insert` many times, which has poor performance.  Consider joining all columns at once using pd.concat(axis=1) instead. To get a de-fragmented frame, use `newframe = frame.copy()`
  dataframe[f"dc_hi_{n}"] = dataframe["high"].rolling(n).max().shift(1)
/freqtrade/user_data/strategies/TrendVolTarget.py:50: PerformanceWarning: DataFrame is highly fragmented.  This is usually the result of calling `frame.insert` many times, which has poor performance.  Consider joining all columns at once using pd.concat(axis=1) instead. To get a de-fragmented frame, use `newframe = frame.copy()`
  dataframe[f"dc_hi_{n}"] = dataframe["high"].rolling(n).max().shift(1)
/freqtrade/user_data/strategies/TrendVolTarget.py:50: PerformanceWarning: DataFrame is highly fragmented.  This is usually the result of calling `frame.insert` many times, which has poor performance.  Consider joining all columns at once using pd.concat(axis=1) instead. To get a de-fragmented frame, use `newframe = frame.copy()`
  dataframe[f"dc_hi_{n}"] = dataframe["high"].rolling(n).max().shift(1)
/freqtrade/user_data/strategies/TrendVolTarget.py:50: PerformanceWarning: DataFrame is highly fragmented.  This is usually the result of calling `frame.insert` many times, which has poor performance.  Consider joining all columns at once using pd.concat(axis=1) instead. To get a de-fragmented frame, use `newframe = frame.copy()`
  dataframe[f"dc_hi_{n}"] = dataframe["high"].rolling(n).max().shift(1)
/freqtrade/user_data/strategies/TrendVolTarget.py:50: PerformanceWarning: DataFrame is highly fragmented.  This is usually the result of calling `frame.insert` many times, which has poor performance.  Consider joining all columns at once using pd.concat(axis=1) instead. To get a de-fragmented frame, use `newframe = frame.copy()`
  dataframe[f"dc_hi_{n}"] = dataframe["high"].rolling(n).max().shift(1)
/freqtrade/user_data/strategies/TrendVolTarget.py:50: PerformanceWarning: DataFrame is highly fragmented.  This is usually the result of calling `frame.insert` many times, which has poor performance.  Consider joining all columns at once using pd.concat(axis=1) instead. To get a de-fragmented frame, use `newframe = frame.copy()`
  dataframe[f"dc_hi_{n}"] = dataframe["high"].rolling(n).max().shift(1)
/freqtrade/user_data/strategies/TrendVolTarget.py:50: PerformanceWarning: DataFrame is highly fragmented.  This is usually the result of calling `frame.insert` many times, which has poor performance.  Consider joining all columns at once using pd.concat(axis=1) instead. To get a de-fragmented frame, use `newframe = frame.copy()`
  dataframe[f"dc_hi_{n}"] = dataframe["high"].rolling(n).max().shift(1)
/freqtrade/user_data/strategies/TrendVolTarget.py:50: PerformanceWarning: DataFrame is highly fragmented.  This is usually the result of calling `frame.insert` many times, which has poor performance.  Consider joining all columns at once using pd.concat(axis=1) instead. To get a de-fragmented frame, use `newframe = frame.copy()`
  dataframe[f"dc_hi_{n}"] = dataframe["high"].rolling(n).max().shift(1)
/freqtrade/user_data/strategies/TrendVolTarget.py:50: PerformanceWarning: DataFrame is highly fragmented.  This is usually the result of calling `frame.insert` many times, which has poor performance.  Consider joining all columns at once using pd.concat(axis=1) instead. To get a de-fragmented frame, use `newframe = frame.copy()`
  dataframe[f"dc_hi_{n}"] = dataframe["high"].rolling(n).max().shift(1)
/freqtrade/user_data/strategies/TrendVolTarget.py:50: PerformanceWarning: DataFrame is highly fragmented.  This is usually the result of calling `frame.insert` many times, which has poor performance.  Consider joining all columns at once using pd.concat(axis=1) instead. To get a de-fragmented frame, use `newframe = frame.copy()`
  dataframe[f"dc_hi_{n}"] = dataframe["high"].rolling(n).max().shift(1)
/freqtrade/user_data/strategies/TrendVolTarget.py:50: PerformanceWarning: DataFrame is highly fragmented.  This is usually the result of calling `frame.insert` many times, which has poor performance.  Consider joining all columns at once using pd.concat(axis=1) instead. To get a de-fragmented frame, use `newframe = frame.copy()`
  dataframe[f"dc_hi_{n}"] = dataframe["high"].rolling(n).max().shift(1)
/freqtrade/user_data/strategies/TrendVolTarget.py:50: PerformanceWarning: DataFrame is highly fragmented.  This is usually the result of calling `frame.insert` many times, which has poor performance.  Consider joining all columns at once using pd.concat(axis=1) instead. To get a de-fragmented frame, use `newframe = frame.copy()`
  dataframe[f"dc_hi_{n}"] = dataframe["high"].rolling(n).max().shift(1)
/freqtrade/user_data/strategies/TrendVolTarget.py:50: PerformanceWarning: DataFrame is highly fragmented.  This is usually the result of calling `frame.insert` many times, which has poor performance.  Consider joining all columns at once using pd.concat(axis=1) instead. To get a de-fragmented frame, use `newframe = frame.copy()`
  dataframe[f"dc_hi_{n}"] = dataframe["high"].rolling(n).max().shift(1)
/freqtrade/user_data/strategies/TrendVolTarget.py:50: PerformanceWarning: DataFrame is highly fragmented.  This is usually the result of calling `frame.insert` many times, which has poor performance.  Consider joining all columns at once using pd.concat(axis=1) instead. To get a de-fragmented frame, use `newframe = frame.copy()`
  dataframe[f"dc_hi_{n}"] = dataframe["high"].rolling(n).max().shift(1)
/freqtrade/user_data/strategies/TrendVolTarget.py:50: PerformanceWarning: DataFrame is highly fragmented.  This is usually the result of calling `frame.insert` many times, which has poor performance.  Consider joining all columns at once using pd.concat(axis=1) instead. To get a de-fragmented frame, use `newframe = frame.copy()`
  dataframe[f"dc_hi_{n}"] = dataframe["high"].rolling(n).max().shift(1)
/freqtrade/user_data/strategies/TrendVolTarget.py:50: PerformanceWarning: DataFrame is highly fragmented.  This is usually the result of calling `frame.insert` many times, which has poor performance.  Consider joining all columns at once using pd.concat(axis=1) instead. To get a de-fragmented frame, use `newframe = frame.copy()`
  dataframe[f"dc_hi_{n}"] = dataframe["high"].rolling(n).max().shift(1)
/freqtrade/user_data/strategies/TrendVolTarget.py:50: PerformanceWarning: DataFrame is highly fragmented.  This is usually the result of calling `frame.insert` many times, which has poor performance.  Consider joining all columns at once using pd.concat(axis=1) instead. To get a de-fragmented frame, use `newframe = frame.copy()`
  dataframe[f"dc_hi_{n}"] = dataframe["high"].rolling(n).max().shift(1)
/freqtrade/user_data/strategies/TrendVolTarget.py:50: PerformanceWarning: DataFrame is highly fragmented.  This is usually the result of calling `frame.insert` many times, which has poor performance.  Consider joining all columns at once using pd.concat(axis=1) instead. To get a de-fragmented frame, use `newframe = frame.copy()`
  dataframe[f"dc_hi_{n}"] = dataframe["high"].rolling(n).max().shift(1)
/freqtrade/user_data/strategies/TrendVolTarget.py:50: PerformanceWarning: DataFrame is highly fragmented.  This is usually the result of calling `frame.insert` many times, which has poor performance.  Consider joining all columns at once using pd.concat(axis=1) instead. To get a de-fragmented frame, use `newframe = frame.copy()`
  dataframe[f"dc_hi_{n}"] = dataframe["high"].rolling(n).max().shift(1)
/freqtrade/user_data/strategies/TrendVolTarget.py:50: PerformanceWarning: DataFrame is highly fragmented.  This is usually the result of calling `frame.insert` many times, which has poor performance.  Consider joining all columns at once using pd.concat(axis=1) instead. To get a de-fragmented frame, use `newframe = frame.copy()`
  dataframe[f"dc_hi_{n}"] = dataframe["high"].rolling(n).max().shift(1)
/freqtrade/user_data/strategies/TrendVolTarget.py:50: PerformanceWarning: DataFrame is highly fragmented.  This is usually the result of calling `frame.insert` many times, which has poor performance.  Consider joining all columns at once using pd.concat(axis=1) instead. To get a de-fragmented frame, use `newframe = frame.copy()`
  dataframe[f"dc_hi_{n}"] = dataframe["high"].rolling(n).max().shift(1)
/freqtrade/user_data/strategies/TrendVolTarget.py:50: PerformanceWarning: DataFrame is highly fragmented.  This is usually the result of calling `frame.insert` many times, which has poor performance.  Consider joining all columns at once using pd.concat(axis=1) instead. To get a de-fragmented frame, use `newframe = frame.copy()`
  dataframe[f"dc_hi_{n}"] = dataframe["high"].rolling(n).max().shift(1)
/freqtrade/user_data/strategies/TrendVolTarget.py:50: PerformanceWarning: DataFrame is highly fragmented.  This is usually the result of calling `frame.insert` many times, which has poor performance.  Consider joining all columns at once using pd.concat(axis=1) instead. To get a de-fragmented frame, use `newframe = frame.copy()`
  dataframe[f"dc_hi_{n}"] = dataframe["high"].rolling(n).max().shift(1)
/freqtrade/user_data/strategies/TrendVolTarget.py:50: PerformanceWarning: DataFrame is highly fragmented.  This is usually the result of calling `frame.insert` many times, which has poor performance.  Consider joining all columns at once using pd.concat(axis=1) instead. To get a de-fragmented frame, use `newframe = frame.copy()`
  dataframe[f"dc_hi_{n}"] = dataframe["high"].rolling(n).max().shift(1)
/freqtrade/user_data/strategies/TrendVolTarget.py:50: PerformanceWarning: DataFrame is highly fragmented.  This is usually the result of calling `frame.insert` many times, which has poor performance.  Consider joining all columns at once using pd.concat(axis=1) instead. To get a de-fragmented frame, use `newframe = frame.copy()`
  dataframe[f"dc_hi_{n}"] = dataframe["high"].rolling(n).max().shift(1)
/freqtrade/user_data/strategies/TrendVolTarget.py:50: PerformanceWarning: DataFrame is highly fragmented.  This is usually the result of calling `frame.insert` many times, which has poor performance.  Consider joining all columns at once using pd.concat(axis=1) instead. To get a de-fragmented frame, use `newframe = frame.copy()`
  dataframe[f"dc_hi_{n}"] = dataframe["high"].rolling(n).max().shift(1)
/freqtrade/user_data/strategies/TrendVolTarget.py:50: PerformanceWarning: DataFrame is highly fragmented.  This is usually the result of calling `frame.insert` many times, which has poor performance.  Consider joining all columns at once using pd.concat(axis=1) instead. To get a de-fragmented frame, use `newframe = frame.copy()`
  dataframe[f"dc_hi_{n}"] = dataframe["high"].rolling(n).max().shift(1)
/freqtrade/user_data/strategies/TrendVolTarget.py:50: PerformanceWarning: DataFrame is highly fragmented.  This is usually the result of calling `frame.insert` many times, which has poor performance.  Consider joining all columns at once using pd.concat(axis=1) instead. To get a de-fragmented frame, use `newframe = frame.copy()`
  dataframe[f"dc_hi_{n}"] = dataframe["high"].rolling(n).max().shift(1)
/freqtrade/user_data/strategies/TrendVolTarget.py:53: PerformanceWarning: DataFrame is highly fragmented.  This is usually the result of calling `frame.insert` many times, which has poor performance.  Consider joining all columns at once using pd.concat(axis=1) instead. To get a de-fragmented frame, use `newframe = frame.copy()`
  dataframe["sma_f"] = ta.SMA(dataframe, timeperiod=60)
/freqtrade/user_data/strategies/TrendVolTarget.py:54: PerformanceWarning: DataFrame is highly fragmented.  This is usually the result of calling `frame.insert` many times, which has poor performance.  Consider joining all columns at once using pd.concat(axis=1) instead. To get a de-fragmented frame, use `newframe = frame.copy()`
  dataframe["sma_s"] = ta.SMA(dataframe, timeperiod=240)
/freqtrade/user_data/strategies/TrendVolTarget.py:56: PerformanceWarning: DataFrame is highly fragmented.  This is usually the result of calling `frame.insert` many times, which has poor performance.  Consider joining all columns at once using pd.concat(axis=1) instead. To get a de-fragmented frame, use `newframe = frame.copy()`
  dataframe["rvol"] = dataframe["close"].pct_change().rolling(90).std() * np.sqrt(6 * 365)
/freqtrade/user_data/strategies/TrendVolTarget.py:50: PerformanceWarning: DataFrame is highly fragmented.  This is usually the result of calling `frame.insert` many times, which has poor performance.  Consider joining all columns at once using pd.concat(axis=1) instead. To get a de-fragmented frame, use `newframe = frame.copy()`
  dataframe[f"dc_hi_{n}"] = dataframe["high"].rolling(n).max().shift(1)
/freqtrade/user_data/strategies/TrendVolTarget.py:50: PerformanceWarning: DataFrame is highly fragmented.  This is usually the result of calling `frame.insert` many times, which has poor performance.  Consider joining all columns at once using pd.concat(axis=1) instead. To get a de-fragmented frame, use `newframe = frame.copy()`
  dataframe[f"dc_hi_{n}"] = dataframe["high"].rolling(n).max().shift(1)
/freqtrade/user_data/strategies/TrendVolTarget.py:50: PerformanceWarning: DataFrame is highly fragmented.  This is usually the result of calling `frame.insert` many times, which has poor performance.  Consider joining all columns at once using pd.concat(axis=1) instead. To get a de-fragmented frame, use `newframe = frame.copy()`
  dataframe[f"dc_hi_{n}"] = dataframe["high"].rolling(n).max().shift(1)
/freqtrade/user_data/strategies/TrendVolTarget.py:50: PerformanceWarning: DataFrame is highly fragmented.  This is usually the result of calling `frame.insert` many times, which has poor performance.  Consider joining all columns at once using pd.concat(axis=1) instead. To get a de-fragmented frame, use `newframe = frame.copy()`
  dataframe[f"dc_hi_{n}"] = dataframe["high"].rolling(n).max().shift(1)
/freqtrade/user_data/strategies/TrendVolTarget.py:50: PerformanceWarning: DataFrame is highly fragmented.  This is usually the result of calling `frame.insert` many times, which has poor performance.  Consider joining all columns at once using pd.concat(axis=1) instead. To get a de-fragmented frame, use `newframe = frame.copy()`
  dataframe[f"dc_hi_{n}"] = dataframe["high"].rolling(n).max().shift(1)
/freqtrade/user_data/strategies/TrendVolTarget.py:50: PerformanceWarning: DataFrame is highly fragmented.  This is usually the result of calling `frame.insert` many times, which has poor performance.  Consider joining all columns at once using pd.concat(axis=1) instead. To get a de-fragmented frame, use `newframe = frame.copy()`
  dataframe[f"dc_hi_{n}"] = dataframe["high"].rolling(n).max().shift(1)
/freqtrade/user_data/strategies/TrendVolTarget.py:50: PerformanceWarning: DataFrame is highly fragmented.  This is usually the result of calling `frame.insert` many times, which has poor performance.  Consider joining all columns at once using pd.concat(axis=1) instead. To get a de-fragmented frame, use `newframe = frame.copy()`
  dataframe[f"dc_hi_{n}"] = dataframe["high"].rolling(n).max().shift(1)
/freqtrade/user_data/strategies/TrendVolTarget.py:50: PerformanceWarning: DataFrame is highly fragmented.  This is usually the result of calling `frame.insert` many times, which has poor performance.  Consider joining all columns at once using pd.concat(axis=1) instead. To get a de-fragmented frame, use `newframe = frame.copy()`
  dataframe[f"dc_hi_{n}"] = dataframe["high"].rolling(n).max().shift(1)
/freqtrade/user_data/strategies/TrendVolTarget.py:50: PerformanceWarning: DataFrame is highly fragmented.  This is usually the result of calling `frame.insert` many times, which has poor performance.  Consider joining all columns at once using pd.concat(axis=1) instead. To get a de-fragmented frame, use `newframe = frame.copy()`
  dataframe[f"dc_hi_{n}"] = dataframe["high"].rolling(n).max().shift(1)
/freqtrade/user_data/strategies/TrendVolTarget.py:50: PerformanceWarning: DataFrame is highly fragmented.  This is usually the result of calling `frame.insert` many times, which has poor performance.  Consider joining all columns at once using pd.concat(axis=1) instead. To get a de-fragmented frame, use `newframe = frame.copy()`
  dataframe[f"dc_hi_{n}"] = dataframe["high"].rolling(n).max().shift(1)
/freqtrade/user_data/strategies/TrendVolTarget.py:50: PerformanceWarning: DataFrame is highly fragmented.  This is usually the result of calling `frame.insert` many times, which has poor performance.  Consider joining all columns at once using pd.concat(axis=1) instead. To get a de-fragmented frame, use `newframe = frame.copy()`
  dataframe[f"dc_hi_{n}"] = dataframe["high"].rolling(n).max().shift(1)
/freqtrade/user_data/strategies/TrendVolTarget.py:50: PerformanceWarning: DataFrame is highly fragmented.  This is usually the result of calling `frame.insert` many times, which has poor performance.  Consider joining all columns at once using pd.concat(axis=1) instead. To get a de-fragmented frame, use `newframe = frame.copy()`
  dataframe[f"dc_hi_{n}"] = dataframe["high"].rolling(n).max().shift(1)
/freqtrade/user_data/strategies/TrendVolTarget.py:50: PerformanceWarning: DataFrame is highly fragmented.  This is usually the result of calling `frame.insert` many times, which has poor performance.  Consider joining all columns at once using pd.concat(axis=1) instead. To get a de-fragmented frame, use `newframe = frame.copy()`
  dataframe[f"dc_hi_{n}"] = dataframe["high"].rolling(n).max().shift(1)
/freqtrade/user_data/strategies/TrendVolTarget.py:50: PerformanceWarning: DataFrame is highly fragmented.  This is usually the result of calling `frame.insert` many times, which has poor performance.  Consider joining all columns at once using pd.concat(axis=1) instead. To get a de-fragmented frame, use `newframe = frame.copy()`
  dataframe[f"dc_hi_{n}"] = dataframe["high"].rolling(n).max().shift(1)
/freqtrade/user_data/strategies/TrendVolTarget.py:50: PerformanceWarning: DataFrame is highly fragmented.  This is usually the result of calling `frame.insert` many times, which has poor performance.  Consider joining all columns at once using pd.concat(axis=1) instead. To get a de-fragmented frame, use `newframe = frame.copy()`
  dataframe[f"dc_hi_{n}"] = dataframe["high"].rolling(n).max().shift(1)
/freqtrade/user_data/strategies/TrendVolTarget.py:50: PerformanceWarning: DataFrame is highly fragmented.  This is usually the result of calling `frame.insert` many times, which has poor performance.  Consider joining all columns at once using pd.concat(axis=1) instead. To get a de-fragmented frame, use `newframe = frame.copy()`
  dataframe[f"dc_hi_{n}"] = dataframe["high"].rolling(n).max().shift(1)
/freqtrade/user_data/strategies/TrendVolTarget.py:50: PerformanceWarning: DataFrame is highly fragmented.  This is usually the result of calling `frame.insert` many times, which has poor performance.  Consider joining all columns at once using pd.concat(axis=1) instead. To get a de-fragmented frame, use `newframe = frame.copy()`
  dataframe[f"dc_hi_{n}"] = dataframe["high"].rolling(n).max().shift(1)
/freqtrade/user_data/strategies/TrendVolTarget.py:50: PerformanceWarning: DataFrame is highly fragmented.  This is usually the result of calling `frame.insert` many times, which has poor performance.  Consider joining all columns at once using pd.concat(axis=1) instead. To get a de-fragmented frame, use `newframe = frame.copy()`
  dataframe[f"dc_hi_{n}"] = dataframe["high"].rolling(n).max().shift(1)
/freqtrade/user_data/strategies/TrendVolTarget.py:50: PerformanceWarning: DataFrame is highly fragmented.  This is usually the result of calling `frame.insert` many times, which has poor performance.  Consider joining all columns at once using pd.concat(axis=1) instead. To get a de-fragmented frame, use `newframe = frame.copy()`
  dataframe[f"dc_hi_{n}"] = dataframe["high"].rolling(n).max().shift(1)
/freqtrade/user_data/strategies/TrendVolTarget.py:50: PerformanceWarning: DataFrame is highly fragmented.  This is usually the result of calling `frame.insert` many times, which has poor performance.  Consider joining all columns at once using pd.concat(axis=1) instead. To get a de-fragmented frame, use `newframe = frame.copy()`
  dataframe[f"dc_hi_{n}"] = dataframe["high"].rolling(n).max().shift(1)
/freqtrade/user_data/strategies/TrendVolTarget.py:50: PerformanceWarning: DataFrame is highly fragmented.  This is usually the result of calling `frame.insert` many times, which has poor performance.  Consider joining all columns at once using pd.concat(axis=1) instead. To get a de-fragmented frame, use `newframe = frame.copy()`
  dataframe[f"dc_hi_{n}"] = dataframe["high"].rolling(n).max().shift(1)
/freqtrade/user_data/strategies/TrendVolTarget.py:50: PerformanceWarning: DataFrame is highly fragmented.  This is usually the result of calling `frame.insert` many times, which has poor performance.  Consider joining all columns at once using pd.concat(axis=1) instead. To get a de-fragmented frame, use `newframe = frame.copy()`
  dataframe[f"dc_hi_{n}"] = dataframe["high"].rolling(n).max().shift(1)
/freqtrade/user_data/strategies/TrendVolTarget.py:50: PerformanceWarning: DataFrame is highly fragmented.  This is usually the result of calling `frame.insert` many times, which has poor performance.  Consider joining all columns at once using pd.concat(axis=1) instead. To get a de-fragmented frame, use `newframe = frame.copy()`
  dataframe[f"dc_hi_{n}"] = dataframe["high"].rolling(n).max().shift(1)
/freqtrade/user_data/strategies/TrendVolTarget.py:50: PerformanceWarning: DataFrame is highly fragmented.  This is usually the result of calling `frame.insert` many times, which has poor performance.  Consider joining all columns at once using pd.concat(axis=1) instead. To get a de-fragmented frame, use `newframe = frame.copy()`
  dataframe[f"dc_hi_{n}"] = dataframe["high"].rolling(n).max().shift(1)
/freqtrade/user_data/strategies/TrendVolTarget.py:50: PerformanceWarning: DataFrame is highly fragmented.  This is usually the result of calling `frame.insert` many times, which has poor performance.  Consider joining all columns at once using pd.concat(axis=1) instead. To get a de-fragmented frame, use `newframe = frame.copy()`
  dataframe[f"dc_hi_{n}"] = dataframe["high"].rolling(n).max().shift(1)
/freqtrade/user_data/strategies/TrendVolTarget.py:50: PerformanceWarning: DataFrame is highly fragmented.  This is usually the result of calling `frame.insert` many times, which has poor performance.  Consider joining all columns at once using pd.concat(axis=1) instead. To get a de-fragmented frame, use `newframe = frame.copy()`
  dataframe[f"dc_hi_{n}"] = dataframe["high"].rolling(n).max().shift(1)
/freqtrade/user_data/strategies/TrendVolTarget.py:50: PerformanceWarning: DataFrame is highly fragmented.  This is usually the result of calling `frame.insert` many times, which has poor performance.  Consider joining all columns at once using pd.concat(axis=1) instead. To get a de-fragmented frame, use `newframe = frame.copy()`
  dataframe[f"dc_hi_{n}"] = dataframe["high"].rolling(n).max().shift(1)
/freqtrade/user_data/strategies/TrendVolTarget.py:50: PerformanceWarning: DataFrame is highly fragmented.  This is usually the result of calling `frame.insert` many times, which has poor performance.  Consider joining all columns at once using pd.concat(axis=1) instead. To get a de-fragmented frame, use `newframe = frame.copy()`
  dataframe[f"dc_hi_{n}"] = dataframe["high"].rolling(n).max().shift(1)
/freqtrade/user_data/strategies/TrendVolTarget.py:50: PerformanceWarning: DataFrame is highly fragmented.  This is usually the result of calling `frame.insert` many times, which has poor performance.  Consider joining all columns at once using pd.concat(axis=1) instead. To get a de-fragmented frame, use `newframe = frame.copy()`
  dataframe[f"dc_hi_{n}"] = dataframe["high"].rolling(n).max().shift(1)
/freqtrade/user_data/strategies/TrendVolTarget.py:50: PerformanceWarning: DataFrame is highly fragmented.  This is usually the result of calling `frame.insert` many times, which has poor performance.  Consider joining all columns at once using pd.concat(axis=1) instead. To get a de-fragmented frame, use `newframe = frame.copy()`
  dataframe[f"dc_hi_{n}"] = dataframe["high"].rolling(n).max().shift(1)
/freqtrade/user_data/strategies/TrendVolTarget.py:50: PerformanceWarning: DataFrame is highly fragmented.  This is usually the result of calling `frame.insert` many times, which has poor performance.  Consider joining all columns at once using pd.concat(axis=1) instead. To get a de-fragmented frame, use `newframe = frame.copy()`
  dataframe[f"dc_hi_{n}"] = dataframe["high"].rolling(n).max().shift(1)
/freqtrade/user_data/strategies/TrendVolTarget.py:50: PerformanceWarning: DataFrame is highly fragmented.  This is usually the result of calling `frame.insert` many times, which has poor performance.  Consider joining all columns at once using pd.concat(axis=1) instead. To get a de-fragmented frame, use `newframe = frame.copy()`
  dataframe[f"dc_hi_{n}"] = dataframe["high"].rolling(n).max().shift(1)
/freqtrade/user_data/strategies/TrendVolTarget.py:50: PerformanceWarning: DataFrame is highly fragmented.  This is usually the result of calling `frame.insert` many times, which has poor performance.  Consider joining all columns at once using pd.concat(axis=1) instead. To get a de-fragmented frame, use `newframe = frame.copy()`
  dataframe[f"dc_hi_{n}"] = dataframe["high"].rolling(n).max().shift(1)
/freqtrade/user_data/strategies/TrendVolTarget.py:50: PerformanceWarning: DataFrame is highly fragmented.  This is usually the result of calling `frame.insert` many times, which has poor performance.  Consider joining all columns at once using pd.concat(axis=1) instead. To get a de-fragmented frame, use `newframe = frame.copy()`
  dataframe[f"dc_hi_{n}"] = dataframe["high"].rolling(n).max().shift(1)
/freqtrade/user_data/strategies/TrendVolTarget.py:50: PerformanceWarning: DataFrame is highly fragmented.  This is usually the result of calling `frame.insert` many times, which has poor performance.  Consider joining all columns at once using pd.concat(axis=1) instead. To get a de-fragmented frame, use `newframe = frame.copy()`
  dataframe[f"dc_hi_{n}"] = dataframe["high"].rolling(n).max().shift(1)
/freqtrade/user_data/strategies/TrendVolTarget.py:50: PerformanceWarning: DataFrame is highly fragmented.  This is usually the result of calling `frame.insert` many times, which has poor performance.  Consider joining all columns at once using pd.concat(axis=1) instead. To get a de-fragmented frame, use `newframe = frame.copy()`
  dataframe[f"dc_hi_{n}"] = dataframe["high"].rolling(n).max().shift(1)
/freqtrade/user_data/strategies/TrendVolTarget.py:50: PerformanceWarning: DataFrame is highly fragmented.  This is usually the result of calling `frame.insert` many times, which has poor performance.  Consider joining all columns at once using pd.concat(axis=1) instead. To get a de-fragmented frame, use `newframe = frame.copy()`
  dataframe[f"dc_hi_{n}"] = dataframe["high"].rolling(n).max().shift(1)
/freqtrade/user_data/strategies/TrendVolTarget.py:50: PerformanceWarning: DataFrame is highly fragmented.  This is usually the result of calling `frame.insert` many times, which has poor performance.  Consider joining all columns at once using pd.concat(axis=1) instead. To get a de-fragmented frame, use `newframe = frame.copy()`
  dataframe[f"dc_hi_{n}"] = dataframe["high"].rolling(n).max().shift(1)
/freqtrade/user_data/strategies/TrendVolTarget.py:50: PerformanceWarning: DataFrame is highly fragmented.  This is usually the result of calling `frame.insert` many times, which has poor performance.  Consider joining all columns at once using pd.concat(axis=1) instead. To get a de-fragmented frame, use `newframe = frame.copy()`
  dataframe[f"dc_hi_{n}"] = dataframe["high"].rolling(n).max().shift(1)
/freqtrade/user_data/strategies/TrendVolTarget.py:50: PerformanceWarning: DataFrame is highly fragmented.  This is usually the result of calling `frame.insert` many times, which has poor performance.  Consider joining all columns at once using pd.concat(axis=1) instead. To get a de-fragmented frame, use `newframe = frame.copy()`
  dataframe[f"dc_hi_{n}"] = dataframe["high"].rolling(n).max().shift(1)
/freqtrade/user_data/strategies/TrendVolTarget.py:50: PerformanceWarning: DataFrame is highly fragmented.  This is usually the result of calling `frame.insert` many times, which has poor performance.  Consider joining all columns at once using pd.concat(axis=1) instead. To get a de-fragmented frame, use `newframe = frame.copy()`
  dataframe[f"dc_hi_{n}"] = dataframe["high"].rolling(n).max().shift(1)
/freqtrade/user_data/strategies/TrendVolTarget.py:50: PerformanceWarning: DataFrame is highly fragmented.  This is usually the result of calling `frame.insert` many times, which has poor performance.  Consider joining all columns at once using pd.concat(axis=1) instead. To get a de-fragmented frame, use `newframe = frame.copy()`
  dataframe[f"dc_hi_{n}"] = dataframe["high"].rolling(n).max().shift(1)
/freqtrade/user_data/strategies/TrendVolTarget.py:50: PerformanceWarning: DataFrame is highly fragmented.  This is usually the result of calling `frame.insert` many times, which has poor performance.  Consider joining all columns at once using pd.concat(axis=1) instead. To get a de-fragmented frame, use `newframe = frame.copy()`
  dataframe[f"dc_hi_{n}"] = dataframe["high"].rolling(n).max().shift(1)
/freqtrade/user_data/strategies/TrendVolTarget.py:50: PerformanceWarning: DataFrame is highly fragmented.  This is usually the result of calling `frame.insert` many times, which has poor performance.  Consider joining all columns at once using pd.concat(axis=1) instead. To get a de-fragmented frame, use `newframe = frame.copy()`
  dataframe[f"dc_hi_{n}"] = dataframe["high"].rolling(n).max().shift(1)
/freqtrade/user_data/strategies/TrendVolTarget.py:50: PerformanceWarning: DataFrame is highly fragmented.  This is usually the result of calling `frame.insert` many times, which has poor performance.  Consider joining all columns at once using pd.concat(axis=1) instead. To get a de-fragmented frame, use `newframe = frame.copy()`
  dataframe[f"dc_hi_{n}"] = dataframe["high"].rolling(n).max().shift(1)
/freqtrade/user_data/strategies/TrendVolTarget.py:50: PerformanceWarning: DataFrame is highly fragmented.  This is usually the result of calling `frame.insert` many times, which has poor performance.  Consider joining all columns at once using pd.concat(axis=1) instead. To get a de-fragmented frame, use `newframe = frame.copy()`
  dataframe[f"dc_hi_{n}"] = dataframe["high"].rolling(n).max().shift(1)
/freqtrade/user_data/strategies/TrendVolTarget.py:50: PerformanceWarning: DataFrame is highly fragmented.  This is usually the result of calling `frame.insert` many times, which has poor performance.  Consider joining all columns at once using pd.concat(axis=1) instead. To get a de-fragmented frame, use `newframe = frame.copy()`
  dataframe[f"dc_hi_{n}"] = dataframe["high"].rolling(n).max().shift(1)
/freqtrade/user_data/strategies/TrendVolTarget.py:50: PerformanceWarning: DataFrame is highly fragmented.  This is usually the result of calling `frame.insert` many times, which has poor performance.  Consider joining all columns at once using pd.concat(axis=1) instead. To get a de-fragmented frame, use `newframe = frame.copy()`
  dataframe[f"dc_hi_{n}"] = dataframe["high"].rolling(n).max().shift(1)
/freqtrade/user_data/strategies/TrendVolTarget.py:50: PerformanceWarning: DataFrame is highly fragmented.  This is usually the result of calling `frame.insert` many times, which has poor performance.  Consider joining all columns at once using pd.concat(axis=1) instead. To get a de-fragmented frame, use `newframe = frame.copy()`
  dataframe[f"dc_hi_{n}"] = dataframe["high"].rolling(n).max().shift(1)
/freqtrade/user_data/strategies/TrendVolTarget.py:50: PerformanceWarning: DataFrame is highly fragmented.  This is usually the result of calling `frame.insert` many times, which has poor performance.  Consider joining all columns at once using pd.concat(axis=1) instead. To get a de-fragmented frame, use `newframe = frame.copy()`
  dataframe[f"dc_hi_{n}"] = dataframe["high"].rolling(n).max().shift(1)
/freqtrade/user_data/strategies/TrendVolTarget.py:50: PerformanceWarning: DataFrame is highly fragmented.  This is usually the result of calling `frame.insert` many times, which has poor performance.  Consider joining all columns at once using pd.concat(axis=1) instead. To get a de-fragmented frame, use `newframe = frame.copy()`
  dataframe[f"dc_hi_{n}"] = dataframe["high"].rolling(n).max().shift(1)
/freqtrade/user_data/strategies/TrendVolTarget.py:50: PerformanceWarning: DataFrame is highly fragmented.  This is usually the result of calling `frame.insert` many times, which has poor performance.  Consider joining all columns at once using pd.concat(axis=1) instead. To get a de-fragmented frame, use `newframe = frame.copy()`
  dataframe[f"dc_hi_{n}"] = dataframe["high"].rolling(n).max().shift(1)
/freqtrade/user_data/strategies/TrendVolTarget.py:50: PerformanceWarning: DataFrame is highly fragmented.  This is usually the result of calling `frame.insert` many times, which has poor performance.  Consider joining all columns at once using pd.concat(axis=1) instead. To get a de-fragmented frame, use `newframe = frame.copy()`
  dataframe[f"dc_hi_{n}"] = dataframe["high"].rolling(n).max().shift(1)
/freqtrade/user_data/strategies/TrendVolTarget.py:50: PerformanceWarning: DataFrame is highly fragmented.  This is usually the result of calling `frame.insert` many times, which has poor performance.  Consider joining all columns at once using pd.concat(axis=1) instead. To get a de-fragmented frame, use `newframe = frame.copy()`
  dataframe[f"dc_hi_{n}"] = dataframe["high"].rolling(n).max().shift(1)
/freqtrade/user_data/strategies/TrendVolTarget.py:50: PerformanceWarning: DataFrame is highly fragmented.  This is usually the result of calling `frame.insert` many times, which has poor performance.  Consider joining all columns at once using pd.concat(axis=1) instead. To get a de-fragmented frame, use `newframe = frame.copy()`
  dataframe[f"dc_hi_{n}"] = dataframe["high"].rolling(n).max().shift(1)
/freqtrade/user_data/strategies/TrendVolTarget.py:50: PerformanceWarning: DataFrame is highly fragmented.  This is usually the result of calling `frame.insert` many times, which has poor performance.  Consider joining all columns at once using pd.concat(axis=1) instead. To get a de-fragmented frame, use `newframe = frame.copy()`
  dataframe[f"dc_hi_{n}"] = dataframe["high"].rolling(n).max().shift(1)
/freqtrade/user_data/strategies/TrendVolTarget.py:50: PerformanceWarning: DataFrame is highly fragmented.  This is usually the result of calling `frame.insert` many times, which has poor performance.  Consider joining all columns at once using pd.concat(axis=1) instead. To get a de-fragmented frame, use `newframe = frame.copy()`
  dataframe[f"dc_hi_{n}"] = dataframe["high"].rolling(n).max().shift(1)
/freqtrade/user_data/strategies/TrendVolTarget.py:50: PerformanceWarning: DataFrame is highly fragmented.  This is usually the result of calling `frame.insert` many times, which has poor performance.  Consider joining all columns at once using pd.concat(axis=1) instead. To get a de-fragmented frame, use `newframe = frame.copy()`
  dataframe[f"dc_hi_{n}"] = dataframe["high"].rolling(n).max().shift(1)
/freqtrade/user_data/strategies/TrendVolTarget.py:50: PerformanceWarning: DataFrame is highly fragmented.  This is usually the result of calling `frame.insert` many times, which has poor performance.  Consider joining all columns at once using pd.concat(axis=1) instead. To get a de-fragmented frame, use `newframe = frame.copy()`
  dataframe[f"dc_hi_{n}"] = dataframe["high"].rolling(n).max().shift(1)
/freqtrade/user_data/strategies/TrendVolTarget.py:50: PerformanceWarning: DataFrame is highly fragmented.  This is usually the result of calling `frame.insert` many times, which has poor performance.  Consider joining all columns at once using pd.concat(axis=1) instead. To get a de-fragmented frame, use `newframe = frame.copy()`
  dataframe[f"dc_hi_{n}"] = dataframe["high"].rolling(n).max().shift(1)
/freqtrade/user_data/strategies/TrendVolTarget.py:50: PerformanceWarning: DataFrame is highly fragmented.  This is usually the result of calling `frame.insert` many times, which has poor performance.  Consider joining all columns at once using pd.concat(axis=1) instead. To get a de-fragmented frame, use `newframe = frame.copy()`
  dataframe[f"dc_hi_{n}"] = dataframe["high"].rolling(n).max().shift(1)
/freqtrade/user_data/strategies/TrendVolTarget.py:50: PerformanceWarning: DataFrame is highly fragmented.  This is usually the result of calling `frame.insert` many times, which has poor performance.  Consider joining all columns at once using pd.concat(axis=1) instead. To get a de-fragmented frame, use `newframe = frame.copy()`
  dataframe[f"dc_hi_{n}"] = dataframe["high"].rolling(n).max().shift(1)
/freqtrade/user_data/strategies/TrendVolTarget.py:50: PerformanceWarning: DataFrame is highly fragmented.  This is usually the result of calling `frame.insert` many times, which has poor performance.  Consider joining all columns at once using pd.concat(axis=1) instead. To get a de-fragmented frame, use `newframe = frame.copy()`
  dataframe[f"dc_hi_{n}"] = dataframe["high"].rolling(n).max().shift(1)
/freqtrade/user_data/strategies/TrendVolTarget.py:50: PerformanceWarning: DataFrame is highly fragmented.  This is usually the result of calling `frame.insert` many times, which has poor performance.  Consider joining all columns at once using pd.concat(axis=1) instead. To get a de-fragmented frame, use `newframe = frame.copy()`
  dataframe[f"dc_hi_{n}"] = dataframe["high"].rolling(n).max().shift(1)
/freqtrade/user_data/strategies/TrendVolTarget.py:50: PerformanceWarning: DataFrame is highly fragmented.  This is usually the result of calling `frame.insert` many times, which has poor performance.  Consider joining all columns at once using pd.concat(axis=1) instead. To get a de-fragmented frame, use `newframe = frame.copy()`
  dataframe[f"dc_hi_{n}"] = dataframe["high"].rolling(n).max().shift(1)
/freqtrade/user_data/strategies/TrendVolTarget.py:50: PerformanceWarning: DataFrame is highly fragmented.  This is usually the result of calling `frame.insert` many times, which has poor performance.  Consider joining all columns at once using pd.concat(axis=1) instead. To get a de-fragmented frame, use `newframe = frame.copy()`
  dataframe[f"dc_hi_{n}"] = dataframe["high"].rolling(n).max().shift(1)
/freqtrade/user_data/strategies/TrendVolTarget.py:50: PerformanceWarning: DataFrame is highly fragmented.  This is usually the result of calling `frame.insert` many times, which has poor performance.  Consider joining all columns at once using pd.concat(axis=1) instead. To get a de-fragmented frame, use `newframe = frame.copy()`
  dataframe[f"dc_hi_{n}"] = dataframe["high"].rolling(n).max().shift(1)
/freqtrade/user_data/strategies/TrendVolTarget.py:50: PerformanceWarning: DataFrame is highly fragmented.  This is usually the result of calling `frame.insert` many times, which has poor performance.  Consider joining all columns at once using pd.concat(axis=1) instead. To get a de-fragmented frame, use `newframe = frame.copy()`
  dataframe[f"dc_hi_{n}"] = dataframe["high"].rolling(n).max().shift(1)
/freqtrade/user_data/strategies/TrendVolTarget.py:50: PerformanceWarning: DataFrame is highly fragmented.  This is usually the result of calling `frame.insert` many times, which has poor performance.  Consider joining all columns at once using pd.concat(axis=1) instead. To get a de-fragmented frame, use `newframe = frame.copy()`
  dataframe[f"dc_hi_{n}"] = dataframe["high"].rolling(n).max().shift(1)
/freqtrade/user_data/strategies/TrendVolTarget.py:50: PerformanceWarning: DataFrame is highly fragmented.  This is usually the result of calling `frame.insert` many times, which has poor performance.  Consider joining all columns at once using pd.concat(axis=1) instead. To get a de-fragmented frame, use `newframe = frame.copy()`
  dataframe[f"dc_hi_{n}"] = dataframe["high"].rolling(n).max().shift(1)
/freqtrade/user_data/strategies/TrendVolTarget.py:50: PerformanceWarning: DataFrame is highly fragmented.  This is usually the result of calling `frame.insert` many times, which has poor performance.  Consider joining all columns at once using pd.concat(axis=1) instead. To get a de-fragmented frame, use `newframe = frame.copy()`
  dataframe[f"dc_hi_{n}"] = dataframe["high"].rolling(n).max().shift(1)
/freqtrade/user_data/strategies/TrendVolTarget.py:50: PerformanceWarning: DataFrame is highly fragmented.  This is usually the result of calling `frame.insert` many times, which has poor performance.  Consider joining all columns at once using pd.concat(axis=1) instead. To get a de-fragmented frame, use `newframe = frame.copy()`
  dataframe[f"dc_hi_{n}"] = dataframe["high"].rolling(n).max().shift(1)
/freqtrade/user_data/strategies/TrendVolTarget.py:50: PerformanceWarning: DataFrame is highly fragmented.  This is usually the result of calling `frame.insert` many times, which has poor performance.  Consider joining all columns at once using pd.concat(axis=1) instead. To get a de-fragmented frame, use `newframe = frame.copy()`
  dataframe[f"dc_hi_{n}"] = dataframe["high"].rolling(n).max().shift(1)
/freqtrade/user_data/strategies/TrendVolTarget.py:50: PerformanceWarning: DataFrame is highly fragmented.  This is usually the result of calling `frame.insert` many times, which has poor performance.  Consider joining all columns at once using pd.concat(axis=1) instead. To get a de-fragmented frame, use `newframe = frame.copy()`
  dataframe[f"dc_hi_{n}"] = dataframe["high"].rolling(n).max().shift(1)
/freqtrade/user_data/strategies/TrendVolTarget.py:50: PerformanceWarning: DataFrame is highly fragmented.  This is usually the result of calling `frame.insert` many times, which has poor performance.  Consider joining all columns at once using pd.concat(axis=1) instead. To get a de-fragmented frame, use `newframe = frame.copy()`
  dataframe[f"dc_hi_{n}"] = dataframe["high"].rolling(n).max().shift(1)
/freqtrade/user_data/strategies/TrendVolTarget.py:50: PerformanceWarning: DataFrame is highly fragmented.  This is usually the result of calling `frame.insert` many times, which has poor performance.  Consider joining all columns at once using pd.concat(axis=1) instead. To get a de-fragmented frame, use `newframe = frame.copy()`
  dataframe[f"dc_hi_{n}"] = dataframe["high"].rolling(n).max().shift(1)
/freqtrade/user_data/strategies/TrendVolTarget.py:50: PerformanceWarning: DataFrame is highly fragmented.  This is usually the result of calling `frame.insert` many times, which has poor performance.  Consider joining all columns at once using pd.concat(axis=1) instead. To get a de-fragmented frame, use `newframe = frame.copy()`
  dataframe[f"dc_hi_{n}"] = dataframe["high"].rolling(n).max().shift(1)
/freqtrade/user_data/strategies/TrendVolTarget.py:50: PerformanceWarning: DataFrame is highly fragmented.  This is usually the result of calling `frame.insert` many times, which has poor performance.  Consider joining all columns at once using pd.concat(axis=1) instead. To get a de-fragmented frame, use `newframe = frame.copy()`
  dataframe[f"dc_hi_{n}"] = dataframe["high"].rolling(n).max().shift(1)
/freqtrade/user_data/strategies/TrendVolTarget.py:50: PerformanceWarning: DataFrame is highly fragmented.  This is usually the result of calling `frame.insert` many times, which has poor performance.  Consider joining all columns at once using pd.concat(axis=1) instead. To get a de-fragmented frame, use `newframe = frame.copy()`
  dataframe[f"dc_hi_{n}"] = dataframe["high"].rolling(n).max().shift(1)
/freqtrade/user_data/strategies/TrendVolTarget.py:50: PerformanceWarning: DataFrame is highly fragmented.  This is usually the result of calling `frame.insert` many times, which has poor performance.  Consider joining all columns at once using pd.concat(axis=1) instead. To get a de-fragmented frame, use `newframe = frame.copy()`
  dataframe[f"dc_hi_{n}"] = dataframe["high"].rolling(n).max().shift(1)
/freqtrade/user_data/strategies/TrendVolTarget.py:50: PerformanceWarning: DataFrame is highly fragmented.  This is usually the result of calling `frame.insert` many times, which has poor performance.  Consider joining all columns at once using pd.concat(axis=1) instead. To get a de-fragmented frame, use `newframe = frame.copy()`
  dataframe[f"dc_hi_{n}"] = dataframe["high"].rolling(n).max().shift(1)
/freqtrade/user_data/strategies/TrendVolTarget.py:50: PerformanceWarning: DataFrame is highly fragmented.  This is usually the result of calling `frame.insert` many times, which has poor performance.  Consider joining all columns at once using pd.concat(axis=1) instead. To get a de-fragmented frame, use `newframe = frame.copy()`
  dataframe[f"dc_hi_{n}"] = dataframe["high"].rolling(n).max().shift(1)
/freqtrade/user_data/strategies/TrendVolTarget.py:50: PerformanceWarning: DataFrame is highly fragmented.  This is usually the result of calling `frame.insert` many times, which has poor performance.  Consider joining all columns at once using pd.concat(axis=1) instead. To get a de-fragmented frame, use `newframe = frame.copy()`
  dataframe[f"dc_hi_{n}"] = dataframe["high"].rolling(n).max().shift(1)
/freqtrade/user_data/strategies/TrendVolTarget.py:50: PerformanceWarning: DataFrame is highly fragmented.  This is usually the result of calling `frame.insert` many times, which has poor performance.  Consider joining all columns at once using pd.concat(axis=1) instead. To get a de-fragmented frame, use `newframe = frame.copy()`
  dataframe[f"dc_hi_{n}"] = dataframe["high"].rolling(n).max().shift(1)
/freqtrade/user_data/strategies/TrendVolTarget.py:53: PerformanceWarning: DataFrame is highly fragmented.  This is usually the result of calling `frame.insert` many times, which has poor performance.  Consider joining all columns at once using pd.concat(axis=1) instead. To get a de-fragmented frame, use `newframe = frame.copy()`
  dataframe["sma_f"] = ta.SMA(dataframe, timeperiod=60)
/freqtrade/user_data/strategies/TrendVolTarget.py:54: PerformanceWarning: DataFrame is highly fragmented.  This is usually the result of calling `frame.insert` many times, which has poor performance.  Consider joining all columns at once using pd.concat(axis=1) instead. To get a de-fragmented frame, use `newframe = frame.copy()`
  dataframe["sma_s"] = ta.SMA(dataframe, timeperiod=240)
/freqtrade/user_data/strategies/TrendVolTarget.py:56: PerformanceWarning: DataFrame is highly fragmented.  This is usually the result of calling `frame.insert` many times, which has poor performance.  Consider joining all columns at once using pd.concat(axis=1) instead. To get a de-fragmented frame, use `newframe = frame.copy()`
  dataframe["rvol"] = dataframe["close"].pct_change().rolling(90).std() * np.sqrt(6 * 365)
/freqtrade/user_data/strategies/TrendVolTarget.py:50: PerformanceWarning: DataFrame is highly fragmented.  This is usually the result of calling `frame.insert` many times, which has poor performance.  Consider joining all columns at once using pd.concat(axis=1) instead. To get a de-fragmented frame, use `newframe = frame.copy()`
  dataframe[f"dc_hi_{n}"] = dataframe["high"].rolling(n).max().shift(1)
/freqtrade/user_data/strategies/TrendVolTarget.py:50: PerformanceWarning: DataFrame is highly fragmented.  This is usually the result of calling `frame.insert` many times, which has poor performance.  Consider joining all columns at once using pd.concat(axis=1) instead. To get a de-fragmented frame, use `newframe = frame.copy()`
  dataframe[f"dc_hi_{n}"] = dataframe["high"].rolling(n).max().shift(1)
/freqtrade/user_data/strategies/TrendVolTarget.py:50: PerformanceWarning: DataFrame is highly fragmented.  This is usually the result of calling `frame.insert` many times, which has poor performance.  Consider joining all columns at once using pd.concat(axis=1) instead. To get a de-fragmented frame, use `newframe = frame.copy()`
  dataframe[f"dc_hi_{n}"] = dataframe["high"].rolling(n).max().shift(1)
/freqtrade/user_data/strategies/TrendVolTarget.py:50: PerformanceWarning: DataFrame is highly fragmented.  This is usually the result of calling `frame.insert` many times, which has poor performance.  Consider joining all columns at once using pd.concat(axis=1) instead. To get a de-fragmented frame, use `newframe = frame.copy()`
  dataframe[f"dc_hi_{n}"] = dataframe["high"].rolling(n).max().shift(1)
/freqtrade/user_data/strategies/TrendVolTarget.py:50: PerformanceWarning: DataFrame is highly fragmented.  This is usually the result of calling `frame.insert` many times, which has poor performance.  Consider joining all columns at once using pd.concat(axis=1) instead. To get a de-fragmented frame, use `newframe = frame.copy()`
  dataframe[f"dc_hi_{n}"] = dataframe["high"].rolling(n).max().shift(1)
/freqtrade/user_data/strategies/TrendVolTarget.py:50: PerformanceWarning: DataFrame is highly fragmented.  This is usually the result of calling `frame.insert` many times, which has poor performance.  Consider joining all columns at once using pd.concat(axis=1) instead. To get a de-fragmented frame, use `newframe = frame.copy()`
  dataframe[f"dc_hi_{n}"] = dataframe["high"].rolling(n).max().shift(1)
/freqtrade/user_data/strategies/TrendVolTarget.py:50: PerformanceWarning: DataFrame is highly fragmented.  This is usually the result of calling `frame.insert` many times, which has poor performance.  Consider joining all columns at once using pd.concat(axis=1) instead. To get a de-fragmented frame, use `newframe = frame.copy()`
  dataframe[f"dc_hi_{n}"] = dataframe["high"].rolling(n).max().shift(1)
/freqtrade/user_data/strategies/TrendVolTarget.py:50: PerformanceWarning: DataFrame is highly fragmented.  This is usually the result of calling `frame.insert` many times, which has poor performance.  Consider joining all columns at once using pd.concat(axis=1) instead. To get a de-fragmented frame, use `newframe = frame.copy()`
  dataframe[f"dc_hi_{n}"] = dataframe["high"].rolling(n).max().shift(1)
/freqtrade/user_data/strategies/TrendVolTarget.py:50: PerformanceWarning: DataFrame is highly fragmented.  This is usually the result of calling `frame.insert` many times, which has poor performance.  Consider joining all columns at once using pd.concat(axis=1) instead. To get a de-fragmented frame, use `newframe = frame.copy()`
  dataframe[f"dc_hi_{n}"] = dataframe["high"].rolling(n).max().shift(1)
/freqtrade/user_data/strategies/TrendVolTarget.py:50: PerformanceWarning: DataFrame is highly fragmented.  This is usually the result of calling `frame.insert` many times, which has poor performance.  Consider joining all columns at once using pd.concat(axis=1) instead. To get a de-fragmented frame, use `newframe = frame.copy()`
  dataframe[f"dc_hi_{n}"] = dataframe["high"].rolling(n).max().shift(1)
/freqtrade/user_data/strategies/TrendVolTarget.py:50: PerformanceWarning: DataFrame is highly fragmented.  This is usually the result of calling `frame.insert` many times, which has poor performance.  Consider joining all columns at once using pd.concat(axis=1) instead. To get a de-fragmented frame, use `newframe = frame.copy()`
  dataframe[f"dc_hi_{n}"] = dataframe["high"].rolling(n).max().shift(1)
/freqtrade/user_data/strategies/TrendVolTarget.py:50: PerformanceWarning: DataFrame is highly fragmented.  This is usually the result of calling `frame.insert` many times, which has poor performance.  Consider joining all columns at once using pd.concat(axis=1) instead. To get a de-fragmented frame, use `newframe = frame.copy()`
  dataframe[f"dc_hi_{n}"] = dataframe["high"].rolling(n).max().shift(1)
/freqtrade/user_data/strategies/TrendVolTarget.py:50: PerformanceWarning: DataFrame is highly fragmented.  This is usually the result of calling `frame.insert` many times, which has poor performance.  Consider joining all columns at once using pd.concat(axis=1) instead. To get a de-fragmented frame, use `newframe = frame.copy()`
  dataframe[f"dc_hi_{n}"] = dataframe["high"].rolling(n).max().shift(1)
/freqtrade/user_data/strategies/TrendVolTarget.py:50: PerformanceWarning: DataFrame is highly fragmented.  This is usually the result of calling `frame.insert` many times, which has poor performance.  Consider joining all columns at once using pd.concat(axis=1) instead. To get a de-fragmented frame, use `newframe = frame.copy()`
  dataframe[f"dc_hi_{n}"] = dataframe["high"].rolling(n).max().shift(1)
/freqtrade/user_data/strategies/TrendVolTarget.py:50: PerformanceWarning: DataFrame is highly fragmented.  This is usually the result of calling `frame.insert` many times, which has poor performance.  Consider joining all columns at once using pd.concat(axis=1) instead. To get a de-fragmented frame, use `newframe = frame.copy()`
  dataframe[f"dc_hi_{n}"] = dataframe["high"].rolling(n).max().shift(1)
/freqtrade/user_data/strategies/TrendVolTarget.py:50: PerformanceWarning: DataFrame is highly fragmented.  This is usually the result of calling `frame.insert` many times, which has poor performance.  Consider joining all columns at once using pd.concat(axis=1) instead. To get a de-fragmented frame, use `newframe = frame.copy()`
  dataframe[f"dc_hi_{n}"] = dataframe["high"].rolling(n).max().shift(1)
/freqtrade/user_data/strategies/TrendVolTarget.py:50: PerformanceWarning: DataFrame is highly fragmented.  This is usually the result of calling `frame.insert` many times, which has poor performance.  Consider joining all columns at once using pd.concat(axis=1) instead. To get a de-fragmented frame, use `newframe = frame.copy()`
  dataframe[f"dc_hi_{n}"] = dataframe["high"].rolling(n).max().shift(1)
/freqtrade/user_data/strategies/TrendVolTarget.py:50: PerformanceWarning: DataFrame is highly fragmented.  This is usually the result of calling `frame.insert` many times, which has poor performance.  Consider joining all columns at once using pd.concat(axis=1) instead. To get a de-fragmented frame, use `newframe = frame.copy()`
  dataframe[f"dc_hi_{n}"] = dataframe["high"].rolling(n).max().shift(1)
/freqtrade/user_data/strategies/TrendVolTarget.py:50: PerformanceWarning: DataFrame is highly fragmented.  This is usually the result of calling `frame.insert` many times, which has poor performance.  Consider joining all columns at once using pd.concat(axis=1) instead. To get a de-fragmented frame, use `newframe = frame.copy()`
  dataframe[f"dc_hi_{n}"] = dataframe["high"].rolling(n).max().shift(1)
/freqtrade/user_data/strategies/TrendVolTarget.py:50: PerformanceWarning: DataFrame is highly fragmented.  This is usually the result of calling `frame.insert` many times, which has poor performance.  Consider joining all columns at once using pd.concat(axis=1) instead. To get a de-fragmented frame, use `newframe = frame.copy()`
  dataframe[f"dc_hi_{n}"] = dataframe["high"].rolling(n).max().shift(1)
/freqtrade/user_data/strategies/TrendVolTarget.py:50: PerformanceWarning: DataFrame is highly fragmented.  This is usually the result of calling `frame.insert` many times, which has poor performance.  Consider joining all columns at once using pd.concat(axis=1) instead. To get a de-fragmented frame, use `newframe = frame.copy()`
  dataframe[f"dc_hi_{n}"] = dataframe["high"].rolling(n).max().shift(1)
/freqtrade/user_data/strategies/TrendVolTarget.py:50: PerformanceWarning: DataFrame is highly fragmented.  This is usually the result of calling `frame.insert` many times, which has poor performance.  Consider joining all columns at once using pd.concat(axis=1) instead. To get a de-fragmented frame, use `newframe = frame.copy()`
  dataframe[f"dc_hi_{n}"] = dataframe["high"].rolling(n).max().shift(1)
/freqtrade/user_data/strategies/TrendVolTarget.py:50: PerformanceWarning: DataFrame is highly fragmented.  This is usually the result of calling `frame.insert` many times, which has poor performance.  Consider joining all columns at once using pd.concat(axis=1) instead. To get a de-fragmented frame, use `newframe = frame.copy()`
  dataframe[f"dc_hi_{n}"] = dataframe["high"].rolling(n).max().shift(1)
/freqtrade/user_data/strategies/TrendVolTarget.py:50: PerformanceWarning: DataFrame is highly fragmented.  This is usually the result of calling `frame.insert` many times, which has poor performance.  Consider joining all columns at once using pd.concat(axis=1) instead. To get a de-fragmented frame, use `newframe = frame.copy()`
  dataframe[f"dc_hi_{n}"] = dataframe["high"].rolling(n).max().shift(1)
/freqtrade/user_data/strategies/TrendVolTarget.py:50: PerformanceWarning: DataFrame is highly fragmented.  This is usually the result of calling `frame.insert` many times, which has poor performance.  Consider joining all columns at once using pd.concat(axis=1) instead. To get a de-fragmented frame, use `newframe = frame.copy()`
  dataframe[f"dc_hi_{n}"] = dataframe["high"].rolling(n).max().shift(1)
/freqtrade/user_data/strategies/TrendVolTarget.py:50: PerformanceWarning: DataFrame is highly fragmented.  This is usually the result of calling `frame.insert` many times, which has poor performance.  Consider joining all columns at once using pd.concat(axis=1) instead. To get a de-fragmented frame, use `newframe = frame.copy()`
  dataframe[f"dc_hi_{n}"] = dataframe["high"].rolling(n).max().shift(1)
/freqtrade/user_data/strategies/TrendVolTarget.py:50: PerformanceWarning: DataFrame is highly fragmented.  This is usually the result of calling `frame.insert` many times, which has poor performance.  Consider joining all columns at once using pd.concat(axis=1) instead. To get a de-fragmented frame, use `newframe = frame.copy()`
  dataframe[f"dc_hi_{n}"] = dataframe["high"].rolling(n).max().shift(1)
/freqtrade/user_data/strategies/TrendVolTarget.py:50: PerformanceWarning: DataFrame is highly fragmented.  This is usually the result of calling `frame.insert` many times, which has poor performance.  Consider joining all columns at once using pd.concat(axis=1) instead. To get a de-fragmented frame, use `newframe = frame.copy()`
  dataframe[f"dc_hi_{n}"] = dataframe["high"].rolling(n).max().shift(1)
/freqtrade/user_data/strategies/TrendVolTarget.py:50: PerformanceWarning: DataFrame is highly fragmented.  This is usually the result of calling `frame.insert` many times, which has poor performance.  Consider joining all columns at once using pd.concat(axis=1) instead. To get a de-fragmented frame, use `newframe = frame.copy()`
  dataframe[f"dc_hi_{n}"] = dataframe["high"].rolling(n).max().shift(1)
/freqtrade/user_data/strategies/TrendVolTarget.py:50: PerformanceWarning: DataFrame is highly fragmented.  This is usually the result of calling `frame.insert` many times, which has poor performance.  Consider joining all columns at once using pd.concat(axis=1) instead. To get a de-fragmented frame, use `newframe = frame.copy()`
  dataframe[f"dc_hi_{n}"] = dataframe["high"].rolling(n).max().shift(1)
/freqtrade/user_data/strategies/TrendVolTarget.py:50: PerformanceWarning: DataFrame is highly fragmented.  This is usually the result of calling `frame.insert` many times, which has poor performance.  Consider joining all columns at once using pd.concat(axis=1) instead. To get a de-fragmented frame, use `newframe = frame.copy()`
  dataframe[f"dc_hi_{n}"] = dataframe["high"].rolling(n).max().shift(1)
/freqtrade/user_data/strategies/TrendVolTarget.py:50: PerformanceWarning: DataFrame is highly fragmented.  This is usually the result of calling `frame.insert` many times, which has poor performance.  Consider joining all columns at once using pd.concat(axis=1) instead. To get a de-fragmented frame, use `newframe = frame.copy()`
  dataframe[f"dc_hi_{n}"] = dataframe["high"].rolling(n).max().shift(1)
/freqtrade/user_data/strategies/TrendVolTarget.py:50: PerformanceWarning: DataFrame is highly fragmented.  This is usually the result of calling `frame.insert` many times, which has poor performance.  Consider joining all columns at once using pd.concat(axis=1) instead. To get a de-fragmented frame, use `newframe = frame.copy()`
  dataframe[f"dc_hi_{n}"] = dataframe["high"].rolling(n).max().shift(1)
/freqtrade/user_data/strategies/TrendVolTarget.py:50: PerformanceWarning: DataFrame is highly fragmented.  This is usually the result of calling `frame.insert` many times, which has poor performance.  Consider joining all columns at once using pd.concat(axis=1) instead. To get a de-fragmented frame, use `newframe = frame.copy()`
  dataframe[f"dc_hi_{n}"] = dataframe["high"].rolling(n).max().shift(1)
/freqtrade/user_data/strategies/TrendVolTarget.py:50: PerformanceWarning: DataFrame is highly fragmented.  This is usually the result of calling `frame.insert` many times, which has poor performance.  Consider joining all columns at once using pd.concat(axis=1) instead. To get a de-fragmented frame, use `newframe = frame.copy()`
  dataframe[f"dc_hi_{n}"] = dataframe["high"].rolling(n).max().shift(1)
/freqtrade/user_data/strategies/TrendVolTarget.py:50: PerformanceWarning: DataFrame is highly fragmented.  This is usually the result of calling `frame.insert` many times, which has poor performance.  Consider joining all columns at once using pd.concat(axis=1) instead. To get a de-fragmented frame, use `newframe = frame.copy()`
  dataframe[f"dc_hi_{n}"] = dataframe["high"].rolling(n).max().shift(1)
/freqtrade/user_data/strategies/TrendVolTarget.py:50: PerformanceWarning: DataFrame is highly fragmented.  This is usually the result of calling `frame.insert` many times, which has poor performance.  Consider joining all columns at once using pd.concat(axis=1) instead. To get a de-fragmented frame, use `newframe = frame.copy()`
  dataframe[f"dc_hi_{n}"] = dataframe["high"].rolling(n).max().shift(1)
/freqtrade/user_data/strategies/TrendVolTarget.py:50: PerformanceWarning: DataFrame is highly fragmented.  This is usually the result of calling `frame.insert` many times, which has poor performance.  Consider joining all columns at once using pd.concat(axis=1) instead. To get a de-fragmented frame, use `newframe = frame.copy()`
  dataframe[f"dc_hi_{n}"] = dataframe["high"].rolling(n).max().shift(1)
/freqtrade/user_data/strategies/TrendVolTarget.py:50: PerformanceWarning: DataFrame is highly fragmented.  This is usually the result of calling `frame.insert` many times, which has poor performance.  Consider joining all columns at once using pd.concat(axis=1) instead. To get a de-fragmented frame, use `newframe = frame.copy()`
  dataframe[f"dc_hi_{n}"] = dataframe["high"].rolling(n).max().shift(1)
/freqtrade/user_data/strategies/TrendVolTarget.py:50: PerformanceWarning: DataFrame is highly fragmented.  This is usually the result of calling `frame.insert` many times, which has poor performance.  Consider joining all columns at once using pd.concat(axis=1) instead. To get a de-fragmented frame, use `newframe = frame.copy()`
  dataframe[f"dc_hi_{n}"] = dataframe["high"].rolling(n).max().shift(1)
/freqtrade/user_data/strategies/TrendVolTarget.py:50: PerformanceWarning: DataFrame is highly fragmented.  This is usually the result of calling `frame.insert` many times, which has poor performance.  Consider joining all columns at once using pd.concat(axis=1) instead. To get a de-fragmented frame, use `newframe = frame.copy()`
  dataframe[f"dc_hi_{n}"] = dataframe["high"].rolling(n).max().shift(1)
/freqtrade/user_data/strategies/TrendVolTarget.py:50: PerformanceWarning: DataFrame is highly fragmented.  This is usually the result of calling `frame.insert` many times, which has poor performance.  Consider joining all columns at once using pd.concat(axis=1) instead. To get a de-fragmented frame, use `newframe = frame.copy()`
  dataframe[f"dc_hi_{n}"] = dataframe["high"].rolling(n).max().shift(1)
/freqtrade/user_data/strategies/TrendVolTarget.py:50: PerformanceWarning: DataFrame is highly fragmented.  This is usually the result of calling `frame.insert` many times, which has poor performance.  Consider joining all columns at once using pd.concat(axis=1) instead. To get a de-fragmented frame, use `newframe = frame.copy()`
  dataframe[f"dc_hi_{n}"] = dataframe["high"].rolling(n).max().shift(1)
/freqtrade/user_data/strategies/TrendVolTarget.py:50: PerformanceWarning: DataFrame is highly fragmented.  This is usually the result of calling `frame.insert` many times, which has poor performance.  Consider joining all columns at once using pd.concat(axis=1) instead. To get a de-fragmented frame, use `newframe = frame.copy()`
  dataframe[f"dc_hi_{n}"] = dataframe["high"].rolling(n).max().shift(1)
/freqtrade/user_data/strategies/TrendVolTarget.py:50: PerformanceWarning: DataFrame is highly fragmented.  This is usually the result of calling `frame.insert` many times, which has poor performance.  Consider joining all columns at once using pd.concat(axis=1) instead. To get a de-fragmented frame, use `newframe = frame.copy()`
  dataframe[f"dc_hi_{n}"] = dataframe["high"].rolling(n).max().shift(1)
/freqtrade/user_data/strategies/TrendVolTarget.py:50: PerformanceWarning: DataFrame is highly fragmented.  This is usually the result of calling `frame.insert` many times, which has poor performance.  Consider joining all columns at once using pd.concat(axis=1) instead. To get a de-fragmented frame, use `newframe = frame.copy()`
  dataframe[f"dc_hi_{n}"] = dataframe["high"].rolling(n).max().shift(1)
/freqtrade/user_data/strategies/TrendVolTarget.py:50: PerformanceWarning: DataFrame is highly fragmented.  This is usually the result of calling `frame.insert` many times, which has poor performance.  Consider joining all columns at once using pd.concat(axis=1) instead. To get a de-fragmented frame, use `newframe = frame.copy()`
  dataframe[f"dc_hi_{n}"] = dataframe["high"].rolling(n).max().shift(1)
/freqtrade/user_data/strategies/TrendVolTarget.py:50: PerformanceWarning: DataFrame is highly fragmented.  This is usually the result of calling `frame.insert` many times, which has poor performance.  Consider joining all columns at once using pd.concat(axis=1) instead. To get a de-fragmented frame, use `newframe = frame.copy()`
  dataframe[f"dc_hi_{n}"] = dataframe["high"].rolling(n).max().shift(1)
/freqtrade/user_data/strategies/TrendVolTarget.py:50: PerformanceWarning: DataFrame is highly fragmented.  This is usually the result of calling `frame.insert` many times, which has poor performance.  Consider joining all columns at once using pd.concat(axis=1) instead. To get a de-fragmented frame, use `newframe = frame.copy()`
  dataframe[f"dc_hi_{n}"] = dataframe["high"].rolling(n).max().shift(1)
/freqtrade/user_data/strategies/TrendVolTarget.py:50: PerformanceWarning: DataFrame is highly fragmented.  This is usually the result of calling `frame.insert` many times, which has poor performance.  Consider joining all columns at once using pd.concat(axis=1) instead. To get a de-fragmented frame, use `newframe = frame.copy()`
  dataframe[f"dc_hi_{n}"] = dataframe["high"].rolling(n).max().shift(1)
/freqtrade/user_data/strategies/TrendVolTarget.py:50: PerformanceWarning: DataFrame is highly fragmented.  This is usually the result of calling `frame.insert` many times, which has poor performance.  Consider joining all columns at once using pd.concat(axis=1) instead. To get a de-fragmented frame, use `newframe = frame.copy()`
  dataframe[f"dc_hi_{n}"] = dataframe["high"].rolling(n).max().shift(1)
/freqtrade/user_data/strategies/TrendVolTarget.py:50: PerformanceWarning: DataFrame is highly fragmented.  This is usually the result of calling `frame.insert` many times, which has poor performance.  Consider joining all columns at once using pd.concat(axis=1) instead. To get a de-fragmented frame, use `newframe = frame.copy()`
  dataframe[f"dc_hi_{n}"] = dataframe["high"].rolling(n).max().shift(1)
/freqtrade/user_data/strategies/TrendVolTarget.py:50: PerformanceWarning: DataFrame is highly fragmented.  This is usually the result of calling `frame.insert` many times, which has poor performance.  Consider joining all columns at once using pd.concat(axis=1) instead. To get a de-fragmented frame, use `newframe = frame.copy()`
  dataframe[f"dc_hi_{n}"] = dataframe["high"].rolling(n).max().shift(1)
/freqtrade/user_data/strategies/TrendVolTarget.py:50: PerformanceWarning: DataFrame is highly fragmented.  This is usually the result of calling `frame.insert` many times, which has poor performance.  Consider joining all columns at once using pd.concat(axis=1) instead. To get a de-fragmented frame, use `newframe = frame.copy()`
  dataframe[f"dc_hi_{n}"] = dataframe["high"].rolling(n).max().shift(1)
/freqtrade/user_data/strategies/TrendVolTarget.py:50: PerformanceWarning: DataFrame is highly fragmented.  This is usually the result of calling `frame.insert` many times, which has poor performance.  Consider joining all columns at once using pd.concat(axis=1) instead. To get a de-fragmented frame, use `newframe = frame.copy()`
  dataframe[f"dc_hi_{n}"] = dataframe["high"].rolling(n).max().shift(1)
/freqtrade/user_data/strategies/TrendVolTarget.py:50: PerformanceWarning: DataFrame is highly fragmented.  This is usually the result of calling `frame.insert` many times, which has poor performance.  Consider joining all columns at once using pd.concat(axis=1) instead. To get a de-fragmented frame, use `newframe = frame.copy()`
  dataframe[f"dc_hi_{n}"] = dataframe["high"].rolling(n).max().shift(1)
/freqtrade/user_data/strategies/TrendVolTarget.py:50: PerformanceWarning: DataFrame is highly fragmented.  This is usually the result of calling `frame.insert` many times, which has poor performance.  Consider joining all columns at once using pd.concat(axis=1) instead. To get a de-fragmented frame, use `newframe = frame.copy()`
  dataframe[f"dc_hi_{n}"] = dataframe["high"].rolling(n).max().shift(1)
/freqtrade/user_data/strategies/TrendVolTarget.py:50: PerformanceWarning: DataFrame is highly fragmented.  This is usually the result of calling `frame.insert` many times, which has poor performance.  Consider joining all columns at once using pd.concat(axis=1) instead. To get a de-fragmented frame, use `newframe = frame.copy()`
  dataframe[f"dc_hi_{n}"] = dataframe["high"].rolling(n).max().shift(1)
/freqtrade/user_data/strategies/TrendVolTarget.py:50: PerformanceWarning: DataFrame is highly fragmented.  This is usually the result of calling `frame.insert` many times, which has poor performance.  Consider joining all columns at once using pd.concat(axis=1) instead. To get a de-fragmented frame, use `newframe = frame.copy()`
  dataframe[f"dc_hi_{n}"] = dataframe["high"].rolling(n).max().shift(1)
/freqtrade/user_data/strategies/TrendVolTarget.py:50: PerformanceWarning: DataFrame is highly fragmented.  This is usually the result of calling `frame.insert` many times, which has poor performance.  Consider joining all columns at once using pd.concat(axis=1) instead. To get a de-fragmented frame, use `newframe = frame.copy()`
  dataframe[f"dc_hi_{n}"] = dataframe["high"].rolling(n).max().shift(1)
/freqtrade/user_data/strategies/TrendVolTarget.py:50: PerformanceWarning: DataFrame is highly fragmented.  This is usually the result of calling `frame.insert` many times, which has poor performance.  Consider joining all columns at once using pd.concat(axis=1) instead. To get a de-fragmented frame, use `newframe = frame.copy()`
  dataframe[f"dc_hi_{n}"] = dataframe["high"].rolling(n).max().shift(1)
/freqtrade/user_data/strategies/TrendVolTarget.py:50: PerformanceWarning: DataFrame is highly fragmented.  This is usually the result of calling `frame.insert` many times, which has poor performance.  Consider joining all columns at once using pd.concat(axis=1) instead. To get a de-fragmented frame, use `newframe = frame.copy()`
  dataframe[f"dc_hi_{n}"] = dataframe["high"].rolling(n).max().shift(1)
/freqtrade/user_data/strategies/TrendVolTarget.py:50: PerformanceWarning: DataFrame is highly fragmented.  This is usually the result of calling `frame.insert` many times, which has poor performance.  Consider joining all columns at once using pd.concat(axis=1) instead. To get a de-fragmented frame, use `newframe = frame.copy()`
  dataframe[f"dc_hi_{n}"] = dataframe["high"].rolling(n).max().shift(1)
/freqtrade/user_data/strategies/TrendVolTarget.py:50: PerformanceWarning: DataFrame is highly fragmented.  This is usually the result of calling `frame.insert` many times, which has poor performance.  Consider joining all columns at once using pd.concat(axis=1) instead. To get a de-fragmented frame, use `newframe = frame.copy()`
  dataframe[f"dc_hi_{n}"] = dataframe["high"].rolling(n).max().shift(1)
/freqtrade/user_data/strategies/TrendVolTarget.py:50: PerformanceWarning: DataFrame is highly fragmented.  This is usually the result of calling `frame.insert` many times, which has poor performance.  Consider joining all columns at once using pd.concat(axis=1) instead. To get a de-fragmented frame, use `newframe = frame.copy()`
  dataframe[f"dc_hi_{n}"] = dataframe["high"].rolling(n).max().shift(1)
/freqtrade/user_data/strategies/TrendVolTarget.py:50: PerformanceWarning: DataFrame is highly fragmented.  This is usually the result of calling `frame.insert` many times, which has poor performance.  Consider joining all columns at once using pd.concat(axis=1) instead. To get a de-fragmented frame, use `newframe = frame.copy()`
  dataframe[f"dc_hi_{n}"] = dataframe["high"].rolling(n).max().shift(1)
/freqtrade/user_data/strategies/TrendVolTarget.py:50: PerformanceWarning: DataFrame is highly fragmented.  This is usually the result of calling `frame.insert` many times, which has poor performance.  Consider joining all columns at once using pd.concat(axis=1) instead. To get a de-fragmented frame, use `newframe = frame.copy()`
  dataframe[f"dc_hi_{n}"] = dataframe["high"].rolling(n).max().shift(1)
/freqtrade/user_data/strategies/TrendVolTarget.py:50: PerformanceWarning: DataFrame is highly fragmented.  This is usually the result of calling `frame.insert` many times, which has poor performance.  Consider joining all columns at once using pd.concat(axis=1) instead. To get a de-fragmented frame, use `newframe = frame.copy()`
  dataframe[f"dc_hi_{n}"] = dataframe["high"].rolling(n).max().shift(1)
/freqtrade/user_data/strategies/TrendVolTarget.py:50: PerformanceWarning: DataFrame is highly fragmented.  This is usually the result of calling `frame.insert` many times, which has poor performance.  Consider joining all columns at once using pd.concat(axis=1) instead. To get a de-fragmented frame, use `newframe = frame.copy()`
  dataframe[f"dc_hi_{n}"] = dataframe["high"].rolling(n).max().shift(1)
/freqtrade/user_data/strategies/TrendVolTarget.py:50: PerformanceWarning: DataFrame is highly fragmented.  This is usually the result of calling `frame.insert` many times, which has poor performance.  Consider joining all columns at once using pd.concat(axis=1) instead. To get a de-fragmented frame, use `newframe = frame.copy()`
  dataframe[f"dc_hi_{n}"] = dataframe["high"].rolling(n).max().shift(1)
/freqtrade/user_data/strategies/TrendVolTarget.py:50: PerformanceWarning: DataFrame is highly fragmented.  This is usually the result of calling `frame.insert` many times, which has poor performance.  Consider joining all columns at once using pd.concat(axis=1) instead. To get a de-fragmented frame, use `newframe = frame.copy()`
  dataframe[f"dc_hi_{n}"] = dataframe["high"].rolling(n).max().shift(1)
/freqtrade/user_data/strategies/TrendVolTarget.py:50: PerformanceWarning: DataFrame is highly fragmented.  This is usually the result of calling `frame.insert` many times, which has poor performance.  Consider joining all columns at once using pd.concat(axis=1) instead. To get a de-fragmented frame, use `newframe = frame.copy()`
  dataframe[f"dc_hi_{n}"] = dataframe["high"].rolling(n).max().shift(1)
/freqtrade/user_data/strategies/TrendVolTarget.py:50: PerformanceWarning: DataFrame is highly fragmented.  This is usually the result of calling `frame.insert` many times, which has poor performance.  Consider joining all columns at once using pd.concat(axis=1) instead. To get a de-fragmented frame, use `newframe = frame.copy()`
  dataframe[f"dc_hi_{n}"] = dataframe["high"].rolling(n).max().shift(1)
/freqtrade/user_data/strategies/TrendVolTarget.py:50: PerformanceWarning: DataFrame is highly fragmented.  This is usually the result of calling `frame.insert` many times, which has poor performance.  Consider joining all columns at once using pd.concat(axis=1) instead. To get a de-fragmented frame, use `newframe = frame.copy()`
  dataframe[f"dc_hi_{n}"] = dataframe["high"].rolling(n).max().shift(1)
/freqtrade/user_data/strategies/TrendVolTarget.py:50: PerformanceWarning: DataFrame is highly fragmented.  This is usually the result of calling `frame.insert` many times, which has poor performance.  Consider joining all columns at once using pd.concat(axis=1) instead. To get a de-fragmented frame, use `newframe = frame.copy()`
  dataframe[f"dc_hi_{n}"] = dataframe["high"].rolling(n).max().shift(1)
/freqtrade/user_data/strategies/TrendVolTarget.py:50: PerformanceWarning: DataFrame is highly fragmented.  This is usually the result of calling `frame.insert` many times, which has poor performance.  Consider joining all columns at once using pd.concat(axis=1) instead. To get a de-fragmented frame, use `newframe = frame.copy()`
  dataframe[f"dc_hi_{n}"] = dataframe["high"].rolling(n).max().shift(1)
/freqtrade/user_data/strategies/TrendVolTarget.py:50: PerformanceWarning: DataFrame is highly fragmented.  This is usually the result of calling `frame.insert` many times, which has poor performance.  Consider joining all columns at once using pd.concat(axis=1) instead. To get a de-fragmented frame, use `newframe = frame.copy()`
  dataframe[f"dc_hi_{n}"] = dataframe["high"].rolling(n).max().shift(1)
/freqtrade/user_data/strategies/TrendVolTarget.py:50: PerformanceWarning: DataFrame is highly fragmented.  This is usually the result of calling `frame.insert` many times, which has poor performance.  Consider joining all columns at once using pd.concat(axis=1) instead. To get a de-fragmented frame, use `newframe = frame.copy()`
  dataframe[f"dc_hi_{n}"] = dataframe["high"].rolling(n).max().shift(1)
/freqtrade/user_data/strategies/TrendVolTarget.py:50: PerformanceWarning: DataFrame is highly fragmented.  This is usually the result of calling `frame.insert` many times, which has poor performance.  Consider joining all columns at once using pd.concat(axis=1) instead. To get a de-fragmented frame, use `newframe = frame.copy()`
  dataframe[f"dc_hi_{n}"] = dataframe["high"].rolling(n).max().shift(1)
/freqtrade/user_data/strategies/TrendVolTarget.py:50: PerformanceWarning: DataFrame is highly fragmented.  This is usually the result of calling `frame.insert` many times, which has poor performance.  Consider joining all columns at once using pd.concat(axis=1) instead. To get a de-fragmented frame, use `newframe = frame.copy()`
  dataframe[f"dc_hi_{n}"] = dataframe["high"].rolling(n).max().shift(1)
/freqtrade/user_data/strategies/TrendVolTarget.py:50: PerformanceWarning: DataFrame is highly fragmented.  This is usually the result of calling `frame.insert` many times, which has poor performance.  Consider joining all columns at once using pd.concat(axis=1) instead. To get a de-fragmented frame, use `newframe = frame.copy()`
  dataframe[f"dc_hi_{n}"] = dataframe["high"].rolling(n).max().shift(1)
/freqtrade/user_data/strategies/TrendVolTarget.py:50: PerformanceWarning: DataFrame is highly fragmented.  This is usually the result of calling `frame.insert` many times, which has poor performance.  Consider joining all columns at once using pd.concat(axis=1) instead. To get a de-fragmented frame, use `newframe = frame.copy()`
  dataframe[f"dc_hi_{n}"] = dataframe["high"].rolling(n).max().shift(1)
/freqtrade/user_data/strategies/TrendVolTarget.py:50: PerformanceWarning: DataFrame is highly fragmented.  This is usually the result of calling `frame.insert` many times, which has poor performance.  Consider joining all columns at once using pd.concat(axis=1) instead. To get a de-fragmented frame, use `newframe = frame.copy()`
  dataframe[f"dc_hi_{n}"] = dataframe["high"].rolling(n).max().shift(1)
/freqtrade/user_data/strategies/TrendVolTarget.py:50: PerformanceWarning: DataFrame is highly fragmented.  This is usually the result of calling `frame.insert` many times, which has poor performance.  Consider joining all columns at once using pd.concat(axis=1) instead. To get a de-fragmented frame, use `newframe = frame.copy()`
  dataframe[f"dc_hi_{n}"] = dataframe["high"].rolling(n).max().shift(1)
/freqtrade/user_data/strategies/TrendVolTarget.py:53: PerformanceWarning: DataFrame is highly fragmented.  This is usually the result of calling `frame.insert` many times, which has poor performance.  Consider joining all columns at once using pd.concat(axis=1) instead. To get a de-fragmented frame, use `newframe = frame.copy()`
  dataframe["sma_f"] = ta.SMA(dataframe, timeperiod=60)
/freqtrade/user_data/strategies/TrendVolTarget.py:54: PerformanceWarning: DataFrame is highly fragmented.  This is usually the result of calling `frame.insert` many times, which has poor performance.  Consider joining all columns at once using pd.concat(axis=1) instead. To get a de-fragmented frame, use `newframe = frame.copy()`
  dataframe["sma_s"] = ta.SMA(dataframe, timeperiod=240)
/freqtrade/user_data/strategies/TrendVolTarget.py:56: PerformanceWarning: DataFrame is highly fragmented.  This is usually the result of calling `frame.insert` many times, which has poor performance.  Consider joining all columns at once using pd.concat(axis=1) instead. To get a de-fragmented frame, use `newframe = frame.copy()`
  dataframe["rvol"] = dataframe["close"].pct_change().rolling(90).std() * np.sqrt(6 * 365)
/freqtrade/user_data/strategies/TrendVolTarget.py:50: PerformanceWarning: DataFrame is highly fragmented.  This is usually the result of calling `frame.insert` many times, which has poor performance.  Consider joining all columns at once using pd.concat(axis=1) instead. To get a de-fragmented frame, use `newframe = frame.copy()`
  dataframe[f"dc_hi_{n}"] = dataframe["high"].rolling(n).max().shift(1)
/freqtrade/user_data/strategies/TrendVolTarget.py:50: PerformanceWarning: DataFrame is highly fragmented.  This is usually the result of calling `frame.insert` many times, which has poor performance.  Consider joining all columns at once using pd.concat(axis=1) instead. To get a de-fragmented frame, use `newframe = frame.copy()`
  dataframe[f"dc_hi_{n}"] = dataframe["high"].rolling(n).max().shift(1)
/freqtrade/user_data/strategies/TrendVolTarget.py:50: PerformanceWarning: DataFrame is highly fragmented.  This is usually the result of calling `frame.insert` many times, which has poor performance.  Consider joining all columns at once using pd.concat(axis=1) instead. To get a de-fragmented frame, use `newframe = frame.copy()`
  dataframe[f"dc_hi_{n}"] = dataframe["high"].rolling(n).max().shift(1)
/freqtrade/user_data/strategies/TrendVolTarget.py:50: PerformanceWarning: DataFrame is highly fragmented.  This is usually the result of calling `frame.insert` many times, which has poor performance.  Consider joining all columns at once using pd.concat(axis=1) instead. To get a de-fragmented frame, use `newframe = frame.copy()`
  dataframe[f"dc_hi_{n}"] = dataframe["high"].rolling(n).max().shift(1)
/freqtrade/user_data/strategies/TrendVolTarget.py:50: PerformanceWarning: DataFrame is highly fragmented.  This is usually the result of calling `frame.insert` many times, which has poor performance.  Consider joining all columns at once using pd.concat(axis=1) instead. To get a de-fragmented frame, use `newframe = frame.copy()`
  dataframe[f"dc_hi_{n}"] = dataframe["high"].rolling(n).max().shift(1)
/freqtrade/user_data/strategies/TrendVolTarget.py:50: PerformanceWarning: DataFrame is highly fragmented.  This is usually the result of calling `frame.insert` many times, which has poor performance.  Consider joining all columns at once using pd.concat(axis=1) instead. To get a de-fragmented frame, use `newframe = frame.copy()`
  dataframe[f"dc_hi_{n}"] = dataframe["high"].rolling(n).max().shift(1)
/freqtrade/user_data/strategies/TrendVolTarget.py:50: PerformanceWarning: DataFrame is highly fragmented.  This is usually the result of calling `frame.insert` many times, which has poor performance.  Consider joining all columns at once using pd.concat(axis=1) instead. To get a de-fragmented frame, use `newframe = frame.copy()`
  dataframe[f"dc_hi_{n}"] = dataframe["high"].rolling(n).max().shift(1)
/freqtrade/user_data/strategies/TrendVolTarget.py:50: PerformanceWarning: DataFrame is highly fragmented.  This is usually the result of calling `frame.insert` many times, which has poor performance.  Consider joining all columns at once using pd.concat(axis=1) instead. To get a de-fragmented frame, use `newframe = frame.copy()`
  dataframe[f"dc_hi_{n}"] = dataframe["high"].rolling(n).max().shift(1)
/freqtrade/user_data/strategies/TrendVolTarget.py:50: PerformanceWarning: DataFrame is highly fragmented.  This is usually the result of calling `frame.insert` many times, which has poor performance.  Consider joining all columns at once using pd.concat(axis=1) instead. To get a de-fragmented frame, use `newframe = frame.copy()`
  dataframe[f"dc_hi_{n}"] = dataframe["high"].rolling(n).max().shift(1)
/freqtrade/user_data/strategies/TrendVolTarget.py:50: PerformanceWarning: DataFrame is highly fragmented.  This is usually the result of calling `frame.insert` many times, which has poor performance.  Consider joining all columns at once using pd.concat(axis=1) instead. To get a de-fragmented frame, use `newframe = frame.copy()`
  dataframe[f"dc_hi_{n}"] = dataframe["high"].rolling(n).max().shift(1)
/freqtrade/user_data/strategies/TrendVolTarget.py:50: PerformanceWarning: DataFrame is highly fragmented.  This is usually the result of calling `frame.insert` many times, which has poor performance.  Consider joining all columns at once using pd.concat(axis=1) instead. To get a de-fragmented frame, use `newframe = frame.copy()`
  dataframe[f"dc_hi_{n}"] = dataframe["high"].rolling(n).max().shift(1)
/freqtrade/user_data/strategies/TrendVolTarget.py:50: PerformanceWarning: DataFrame is highly fragmented.  This is usually the result of calling `frame.insert` many times, which has poor performance.  Consider joining all columns at once using pd.concat(axis=1) instead. To get a de-fragmented frame, use `newframe = frame.copy()`
  dataframe[f"dc_hi_{n}"] = dataframe["high"].rolling(n).max().shift(1)
/freqtrade/user_data/strategies/TrendVolTarget.py:50: PerformanceWarning: DataFrame is highly fragmented.  This is usually the result of calling `frame.insert` many times, which has poor performance.  Consider joining all columns at once using pd.concat(axis=1) instead. To get a de-fragmented frame, use `newframe = frame.copy()`
  dataframe[f"dc_hi_{n}"] = dataframe["high"].rolling(n).max().shift(1)
/freqtrade/user_data/strategies/TrendVolTarget.py:50: PerformanceWarning: DataFrame is highly fragmented.  This is usually the result of calling `frame.insert` many times, which has poor performance.  Consider joining all columns at once using pd.concat(axis=1) instead. To get a de-fragmented frame, use `newframe = frame.copy()`
  dataframe[f"dc_hi_{n}"] = dataframe["high"].rolling(n).max().shift(1)
/freqtrade/user_data/strategies/TrendVolTarget.py:50: PerformanceWarning: DataFrame is highly fragmented.  This is usually the result of calling `frame.insert` many times, which has poor performance.  Consider joining all columns at once using pd.concat(axis=1) instead. To get a de-fragmented frame, use `newframe = frame.copy()`
  dataframe[f"dc_hi_{n}"] = dataframe["high"].rolling(n).max().shift(1)
/freqtrade/user_data/strategies/TrendVolTarget.py:50: PerformanceWarning: DataFrame is highly fragmented.  This is usually the result of calling `frame.insert` many times, which has poor performance.  Consider joining all columns at once using pd.concat(axis=1) instead. To get a de-fragmented frame, use `newframe = frame.copy()`
  dataframe[f"dc_hi_{n}"] = dataframe["high"].rolling(n).max().shift(1)
/freqtrade/user_data/strategies/TrendVolTarget.py:50: PerformanceWarning: DataFrame is highly fragmented.  This is usually the result of calling `frame.insert` many times, which has poor performance.  Consider joining all columns at once using pd.concat(axis=1) instead. To get a de-fragmented frame, use `newframe = frame.copy()`
  dataframe[f"dc_hi_{n}"] = dataframe["high"].rolling(n).max().shift(1)
/freqtrade/user_data/strategies/TrendVolTarget.py:50: PerformanceWarning: DataFrame is highly fragmented.  This is usually the result of calling `frame.insert` many times, which has poor performance.  Consider joining all columns at once using pd.concat(axis=1) instead. To get a de-fragmented frame, use `newframe = frame.copy()`
  dataframe[f"dc_hi_{n}"] = dataframe["high"].rolling(n).max().shift(1)
/freqtrade/user_data/strategies/TrendVolTarget.py:50: PerformanceWarning: DataFrame is highly fragmented.  This is usually the result of calling `frame.insert` many times, which has poor performance.  Consider joining all columns at once using pd.concat(axis=1) instead. To get a de-fragmented frame, use `newframe = frame.copy()`
  dataframe[f"dc_hi_{n}"] = dataframe["high"].rolling(n).max().shift(1)
/freqtrade/user_data/strategies/TrendVolTarget.py:50: PerformanceWarning: DataFrame is highly fragmented.  This is usually the result of calling `frame.insert` many times, which has poor performance.  Consider joining all columns at once using pd.concat(axis=1) instead. To get a de-fragmented frame, use `newframe = frame.copy()`
  dataframe[f"dc_hi_{n}"] = dataframe["high"].rolling(n).max().shift(1)
/freqtrade/user_data/strategies/TrendVolTarget.py:50: PerformanceWarning: DataFrame is highly fragmented.  This is usually the result of calling `frame.insert` many times, which has poor performance.  Consider joining all columns at once using pd.concat(axis=1) instead. To get a de-fragmented frame, use `newframe = frame.copy()`
  dataframe[f"dc_hi_{n}"] = dataframe["high"].rolling(n).max().shift(1)
/freqtrade/user_data/strategies/TrendVolTarget.py:50: PerformanceWarning: DataFrame is highly fragmented.  This is usually the result of calling `frame.insert` many times, which has poor performance.  Consider joining all columns at once using pd.concat(axis=1) instead. To get a de-fragmented frame, use `newframe = frame.copy()`
  dataframe[f"dc_hi_{n}"] = dataframe["high"].rolling(n).max().shift(1)
/freqtrade/user_data/strategies/TrendVolTarget.py:50: PerformanceWarning: DataFrame is highly fragmented.  This is usually the result of calling `frame.insert` many times, which has poor performance.  Consider joining all columns at once using pd.concat(axis=1) instead. To get a de-fragmented frame, use `newframe = frame.copy()`
  dataframe[f"dc_hi_{n}"] = dataframe["high"].rolling(n).max().shift(1)
/freqtrade/user_data/strategies/TrendVolTarget.py:50: PerformanceWarning: DataFrame is highly fragmented.  This is usually the result of calling `frame.insert` many times, which has poor performance.  Consider joining all columns at once using pd.concat(axis=1) instead. To get a de-fragmented frame, use `newframe = frame.copy()`
  dataframe[f"dc_hi_{n}"] = dataframe["high"].rolling(n).max().shift(1)
/freqtrade/user_data/strategies/TrendVolTarget.py:50: PerformanceWarning: DataFrame is highly fragmented.  This is usually the result of calling `frame.insert` many times, which has poor performance.  Consider joining all columns at once using pd.concat(axis=1) instead. To get a de-fragmented frame, use `newframe = frame.copy()`
  dataframe[f"dc_hi_{n}"] = dataframe["high"].rolling(n).max().shift(1)
/freqtrade/user_data/strategies/TrendVolTarget.py:50: PerformanceWarning: DataFrame is highly fragmented.  This is usually the result of calling `frame.insert` many times, which has poor performance.  Consider joining all columns at once using pd.concat(axis=1) instead. To get a de-fragmented frame, use `newframe = frame.copy()`
  dataframe[f"dc_hi_{n}"] = dataframe["high"].rolling(n).max().shift(1)
/freqtrade/user_data/strategies/TrendVolTarget.py:50: PerformanceWarning: DataFrame is highly fragmented.  This is usually the result of calling `frame.insert` many times, which has poor performance.  Consider joining all columns at once using pd.concat(axis=1) instead. To get a de-fragmented frame, use `newframe = frame.copy()`
  dataframe[f"dc_hi_{n}"] = dataframe["high"].rolling(n).max().shift(1)
/freqtrade/user_data/strategies/TrendVolTarget.py:50: PerformanceWarning: DataFrame is highly fragmented.  This is usually the result of calling `frame.insert` many times, which has poor performance.  Consider joining all columns at once using pd.concat(axis=1) instead. To get a de-fragmented frame, use `newframe = frame.copy()`
  dataframe[f"dc_hi_{n}"] = dataframe["high"].rolling(n).max().shift(1)
/freqtrade/user_data/strategies/TrendVolTarget.py:50: PerformanceWarning: DataFrame is highly fragmented.  This is usually the result of calling `frame.insert` many times, which has poor performance.  Consider joining all columns at once using pd.concat(axis=1) instead. To get a de-fragmented frame, use `newframe = frame.copy()`
  dataframe[f"dc_hi_{n}"] = dataframe["high"].rolling(n).max().shift(1)
/freqtrade/user_data/strategies/TrendVolTarget.py:50: PerformanceWarning: DataFrame is highly fragmented.  This is usually the result of calling `frame.insert` many times, which has poor performance.  Consider joining all columns at once using pd.concat(axis=1) instead. To get a de-fragmented frame, use `newframe = frame.copy()`
  dataframe[f"dc_hi_{n}"] = dataframe["high"].rolling(n).max().shift(1)
/freqtrade/user_data/strategies/TrendVolTarget.py:50: PerformanceWarning: DataFrame is highly fragmented.  This is usually the result of calling `frame.insert` many times, which has poor performance.  Consider joining all columns at once using pd.concat(axis=1) instead. To get a de-fragmented frame, use `newframe = frame.copy()`
  dataframe[f"dc_hi_{n}"] = dataframe["high"].rolling(n).max().shift(1)
/freqtrade/user_data/strategies/TrendVolTarget.py:50: PerformanceWarning: DataFrame is highly fragmented.  This is usually the result of calling `frame.insert` many times, which has poor performance.  Consider joining all columns at once using pd.concat(axis=1) instead. To get a de-fragmented frame, use `newframe = frame.copy()`
  dataframe[f"dc_hi_{n}"] = dataframe["high"].rolling(n).max().shift(1)
/freqtrade/user_data/strategies/TrendVolTarget.py:50: PerformanceWarning: DataFrame is highly fragmented.  This is usually the result of calling `frame.insert` many times, which has poor performance.  Consider joining all columns at once using pd.concat(axis=1) instead. To get a de-fragmented frame, use `newframe = frame.copy()`
  dataframe[f"dc_hi_{n}"] = dataframe["high"].rolling(n).max().shift(1)
/freqtrade/user_data/strategies/TrendVolTarget.py:50: PerformanceWarning: DataFrame is highly fragmented.  This is usually the result of calling `frame.insert` many times, which has poor performance.  Consider joining all columns at once using pd.concat(axis=1) instead. To get a de-fragmented frame, use `newframe = frame.copy()`
  dataframe[f"dc_hi_{n}"] = dataframe["high"].rolling(n).max().shift(1)
/freqtrade/user_data/strategies/TrendVolTarget.py:50: PerformanceWarning: DataFrame is highly fragmented.  This is usually the result of calling `frame.insert` many times, which has poor performance.  Consider joining all columns at once using pd.concat(axis=1) instead. To get a de-fragmented frame, use `newframe = frame.copy()`
  dataframe[f"dc_hi_{n}"] = dataframe["high"].rolling(n).max().shift(1)
/freqtrade/user_data/strategies/TrendVolTarget.py:50: PerformanceWarning: DataFrame is highly fragmented.  This is usually the result of calling `frame.insert` many times, which has poor performance.  Consider joining all columns at once using pd.concat(axis=1) instead. To get a de-fragmented frame, use `newframe = frame.copy()`
  dataframe[f"dc_hi_{n}"] = dataframe["high"].rolling(n).max().shift(1)
/freqtrade/user_data/strategies/TrendVolTarget.py:50: PerformanceWarning: DataFrame is highly fragmented.  This is usually the result of calling `frame.insert` many times, which has poor performance.  Consider joining all columns at once using pd.concat(axis=1) instead. To get a de-fragmented frame, use `newframe = frame.copy()`
  dataframe[f"dc_hi_{n}"] = dataframe["high"].rolling(n).max().shift(1)
/freqtrade/user_data/strategies/TrendVolTarget.py:50: PerformanceWarning: DataFrame is highly fragmented.  This is usually the result of calling `frame.insert` many times, which has poor performance.  Consider joining all columns at once using pd.concat(axis=1) instead. To get a de-fragmented frame, use `newframe = frame.copy()`
  dataframe[f"dc_hi_{n}"] = dataframe["high"].rolling(n).max().shift(1)
/freqtrade/user_data/strategies/TrendVolTarget.py:50: PerformanceWarning: DataFrame is highly fragmented.  This is usually the result of calling `frame.insert` many times, which has poor performance.  Consider joining all columns at once using pd.concat(axis=1) instead. To get a de-fragmented frame, use `newframe = frame.copy()`
  dataframe[f"dc_hi_{n}"] = dataframe["high"].rolling(n).max().shift(1)
/freqtrade/user_data/strategies/TrendVolTarget.py:50: PerformanceWarning: DataFrame is highly fragmented.  This is usually the result of calling `frame.insert` many times, which has poor performance.  Consider joining all columns at once using pd.concat(axis=1) instead. To get a de-fragmented frame, use `newframe = frame.copy()`
  dataframe[f"dc_hi_{n}"] = dataframe["high"].rolling(n).max().shift(1)
/freqtrade/user_data/strategies/TrendVolTarget.py:50: PerformanceWarning: DataFrame is highly fragmented.  This is usually the result of calling `frame.insert` many times, which has poor performance.  Consider joining all columns at once using pd.concat(axis=1) instead. To get a de-fragmented frame, use `newframe = frame.copy()`
  dataframe[f"dc_hi_{n}"] = dataframe["high"].rolling(n).max().shift(1)
/freqtrade/user_data/strategies/TrendVolTarget.py:50: PerformanceWarning: DataFrame is highly fragmented.  This is usually the result of calling `frame.insert` many times, which has poor performance.  Consider joining all columns at once using pd.concat(axis=1) instead. To get a de-fragmented frame, use `newframe = frame.copy()`
  dataframe[f"dc_hi_{n}"] = dataframe["high"].rolling(n).max().shift(1)
/freqtrade/user_data/strategies/TrendVolTarget.py:50: PerformanceWarning: DataFrame is highly fragmented.  This is usually the result of calling `frame.insert` many times, which has poor performance.  Consider joining all columns at once using pd.concat(axis=1) instead. To get a de-fragmented frame, use `newframe = frame.copy()`
  dataframe[f"dc_hi_{n}"] = dataframe["high"].rolling(n).max().shift(1)
/freqtrade/user_data/strategies/TrendVolTarget.py:50: PerformanceWarning: DataFrame is highly fragmented.  This is usually the result of calling `frame.insert` many times, which has poor performance.  Consider joining all columns at once using pd.concat(axis=1) instead. To get a de-fragmented frame, use `newframe = frame.copy()`
  dataframe[f"dc_hi_{n}"] = dataframe["high"].rolling(n).max().shift(1)
/freqtrade/user_data/strategies/TrendVolTarget.py:50: PerformanceWarning: DataFrame is highly fragmented.  This is usually the result of calling `frame.insert` many times, which has poor performance.  Consider joining all columns at once using pd.concat(axis=1) instead. To get a de-fragmented frame, use `newframe = frame.copy()`
  dataframe[f"dc_hi_{n}"] = dataframe["high"].rolling(n).max().shift(1)
/freqtrade/user_data/strategies/TrendVolTarget.py:50: PerformanceWarning: DataFrame is highly fragmented.  This is usually the result of calling `frame.insert` many times, which has poor performance.  Consider joining all columns at once using pd.concat(axis=1) instead. To get a de-fragmented frame, use `newframe = frame.copy()`
  dataframe[f"dc_hi_{n}"] = dataframe["high"].rolling(n).max().shift(1)
/freqtrade/user_data/strategies/TrendVolTarget.py:50: PerformanceWarning: DataFrame is highly fragmented.  This is usually the result of calling `frame.insert` many times, which has poor performance.  Consider joining all columns at once using pd.concat(axis=1) instead. To get a de-fragmented frame, use `newframe = frame.copy()`
  dataframe[f"dc_hi_{n}"] = dataframe["high"].rolling(n).max().shift(1)
/freqtrade/user_data/strategies/TrendVolTarget.py:50: PerformanceWarning: DataFrame is highly fragmented.  This is usually the result of calling `frame.insert` many times, which has poor performance.  Consider joining all columns at once using pd.concat(axis=1) instead. To get a de-fragmented frame, use `newframe = frame.copy()`
  dataframe[f"dc_hi_{n}"] = dataframe["high"].rolling(n).max().shift(1)
/freqtrade/user_data/strategies/TrendVolTarget.py:50: PerformanceWarning: DataFrame is highly fragmented.  This is usually the result of calling `frame.insert` many times, which has poor performance.  Consider joining all columns at once using pd.concat(axis=1) instead. To get a de-fragmented frame, use `newframe = frame.copy()`
  dataframe[f"dc_hi_{n}"] = dataframe["high"].rolling(n).max().shift(1)
/freqtrade/user_data/strategies/TrendVolTarget.py:50: PerformanceWarning: DataFrame is highly fragmented.  This is usually the result of calling `frame.insert` many times, which has poor performance.  Consider joining all columns at once using pd.concat(axis=1) instead. To get a de-fragmented frame, use `newframe = frame.copy()`
  dataframe[f"dc_hi_{n}"] = dataframe["high"].rolling(n).max().shift(1)
/freqtrade/user_data/strategies/TrendVolTarget.py:50: PerformanceWarning: DataFrame is highly fragmented.  This is usually the result of calling `frame.insert` many times, which has poor performance.  Consider joining all columns at once using pd.concat(axis=1) instead. To get a de-fragmented frame, use `newframe = frame.copy()`
  dataframe[f"dc_hi_{n}"] = dataframe["high"].rolling(n).max().shift(1)
/freqtrade/user_data/strategies/TrendVolTarget.py:50: PerformanceWarning: DataFrame is highly fragmented.  This is usually the result of calling `frame.insert` many times, which has poor performance.  Consider joining all columns at once using pd.concat(axis=1) instead. To get a de-fragmented frame, use `newframe = frame.copy()`
  dataframe[f"dc_hi_{n}"] = dataframe["high"].rolling(n).max().shift(1)
/freqtrade/user_data/strategies/TrendVolTarget.py:50: PerformanceWarning: DataFrame is highly fragmented.  This is usually the result of calling `frame.insert` many times, which has poor performance.  Consider joining all columns at once using pd.concat(axis=1) instead. To get a de-fragmented frame, use `newframe = frame.copy()`
  dataframe[f"dc_hi_{n}"] = dataframe["high"].rolling(n).max().shift(1)
/freqtrade/user_data/strategies/TrendVolTarget.py:50: PerformanceWarning: DataFrame is highly fragmented.  This is usually the result of calling `frame.insert` many times, which has poor performance.  Consider joining all columns at once using pd.concat(axis=1) instead. To get a de-fragmented frame, use `newframe = frame.copy()`
  dataframe[f"dc_hi_{n}"] = dataframe["high"].rolling(n).max().shift(1)
/freqtrade/user_data/strategies/TrendVolTarget.py:50: PerformanceWarning: DataFrame is highly fragmented.  This is usually the result of calling `frame.insert` many times, which has poor performance.  Consider joining all columns at once using pd.concat(axis=1) instead. To get a de-fragmented frame, use `newframe = frame.copy()`
  dataframe[f"dc_hi_{n}"] = dataframe["high"].rolling(n).max().shift(1)
/freqtrade/user_data/strategies/TrendVolTarget.py:50: PerformanceWarning: DataFrame is highly fragmented.  This is usually the result of calling `frame.insert` many times, which has poor performance.  Consider joining all columns at once using pd.concat(axis=1) instead. To get a de-fragmented frame, use `newframe = frame.copy()`
  dataframe[f"dc_hi_{n}"] = dataframe["high"].rolling(n).max().shift(1)
/freqtrade/user_data/strategies/TrendVolTarget.py:50: PerformanceWarning: DataFrame is highly fragmented.  This is usually the result of calling `frame.insert` many times, which has poor performance.  Consider joining all columns at once using pd.concat(axis=1) instead. To get a de-fragmented frame, use `newframe = frame.copy()`
  dataframe[f"dc_hi_{n}"] = dataframe["high"].rolling(n).max().shift(1)
/freqtrade/user_data/strategies/TrendVolTarget.py:50: PerformanceWarning: DataFrame is highly fragmented.  This is usually the result of calling `frame.insert` many times, which has poor performance.  Consider joining all columns at once using pd.concat(axis=1) instead. To get a de-fragmented frame, use `newframe = frame.copy()`
  dataframe[f"dc_hi_{n}"] = dataframe["high"].rolling(n).max().shift(1)
/freqtrade/user_data/strategies/TrendVolTarget.py:50: PerformanceWarning: DataFrame is highly fragmented.  This is usually the result of calling `frame.insert` many times, which has poor performance.  Consider joining all columns at once using pd.concat(axis=1) instead. To get a de-fragmented frame, use `newframe = frame.copy()`
  dataframe[f"dc_hi_{n}"] = dataframe["high"].rolling(n).max().shift(1)
/freqtrade/user_data/strategies/TrendVolTarget.py:50: PerformanceWarning: DataFrame is highly fragmented.  This is usually the result of calling `frame.insert` many times, which has poor performance.  Consider joining all columns at once using pd.concat(axis=1) instead. To get a de-fragmented frame, use `newframe = frame.copy()`
  dataframe[f"dc_hi_{n}"] = dataframe["high"].rolling(n).max().shift(1)
/freqtrade/user_data/strategies/TrendVolTarget.py:50: PerformanceWarning: DataFrame is highly fragmented.  This is usually the result of calling `frame.insert` many times, which has poor performance.  Consider joining all columns at once using pd.concat(axis=1) instead. To get a de-fragmented frame, use `newframe = frame.copy()`
  dataframe[f"dc_hi_{n}"] = dataframe["high"].rolling(n).max().shift(1)
/freqtrade/user_data/strategies/TrendVolTarget.py:50: PerformanceWarning: DataFrame is highly fragmented.  This is usually the result of calling `frame.insert` many times, which has poor performance.  Consider joining all columns at once using pd.concat(axis=1) instead. To get a de-fragmented frame, use `newframe = frame.copy()`
  dataframe[f"dc_hi_{n}"] = dataframe["high"].rolling(n).max().shift(1)
/freqtrade/user_data/strategies/TrendVolTarget.py:50: PerformanceWarning: DataFrame is highly fragmented.  This is usually the result of calling `frame.insert` many times, which has poor performance.  Consider joining all columns at once using pd.concat(axis=1) instead. To get a de-fragmented frame, use `newframe = frame.copy()`
  dataframe[f"dc_hi_{n}"] = dataframe["high"].rolling(n).max().shift(1)
/freqtrade/user_data/strategies/TrendVolTarget.py:50: PerformanceWarning: DataFrame is highly fragmented.  This is usually the result of calling `frame.insert` many times, which has poor performance.  Consider joining all columns at once using pd.concat(axis=1) instead. To get a de-fragmented frame, use `newframe = frame.copy()`
  dataframe[f"dc_hi_{n}"] = dataframe["high"].rolling(n).max().shift(1)
/freqtrade/user_data/strategies/TrendVolTarget.py:50: PerformanceWarning: DataFrame is highly fragmented.  This is usually the result of calling `frame.insert` many times, which has poor performance.  Consider joining all columns at once using pd.concat(axis=1) instead. To get a de-fragmented frame, use `newframe = frame.copy()`
  dataframe[f"dc_hi_{n}"] = dataframe["high"].rolling(n).max().shift(1)
/freqtrade/user_data/strategies/TrendVolTarget.py:50: PerformanceWarning: DataFrame is highly fragmented.  This is usually the result of calling `frame.insert` many times, which has poor performance.  Consider joining all columns at once using pd.concat(axis=1) instead. To get a de-fragmented frame, use `newframe = frame.copy()`
  dataframe[f"dc_hi_{n}"] = dataframe["high"].rolling(n).max().shift(1)
/freqtrade/user_data/strategies/TrendVolTarget.py:50: PerformanceWarning: DataFrame is highly fragmented.  This is usually the result of calling `frame.insert` many times, which has poor performance.  Consider joining all columns at once using pd.concat(axis=1) instead. To get a de-fragmented frame, use `newframe = frame.copy()`
  dataframe[f"dc_hi_{n}"] = dataframe["high"].rolling(n).max().shift(1)
/freqtrade/user_data/strategies/TrendVolTarget.py:50: PerformanceWarning: DataFrame is highly fragmented.  This is usually the result of calling `frame.insert` many times, which has poor performance.  Consider joining all columns at once using pd.concat(axis=1) instead. To get a de-fragmented frame, use `newframe = frame.copy()`
  dataframe[f"dc_hi_{n}"] = dataframe["high"].rolling(n).max().shift(1)
/freqtrade/user_data/strategies/TrendVolTarget.py:50: PerformanceWarning: DataFrame is highly fragmented.  This is usually the result of calling `frame.insert` many times, which has poor performance.  Consider joining all columns at once using pd.concat(axis=1) instead. To get a de-fragmented frame, use `newframe = frame.copy()`
  dataframe[f"dc_hi_{n}"] = dataframe["high"].rolling(n).max().shift(1)
/freqtrade/user_data/strategies/TrendVolTarget.py:50: PerformanceWarning: DataFrame is highly fragmented.  This is usually the result of calling `frame.insert` many times, which has poor performance.  Consider joining all columns at once using pd.concat(axis=1) instead. To get a de-fragmented frame, use `newframe = frame.copy()`
  dataframe[f"dc_hi_{n}"] = dataframe["high"].rolling(n).max().shift(1)
/freqtrade/user_data/strategies/TrendVolTarget.py:50: PerformanceWarning: DataFrame is highly fragmented.  This is usually the result of calling `frame.insert` many times, which has poor performance.  Consider joining all columns at once using pd.concat(axis=1) instead. To get a de-fragmented frame, use `newframe = frame.copy()`
  dataframe[f"dc_hi_{n}"] = dataframe["high"].rolling(n).max().shift(1)
/freqtrade/user_data/strategies/TrendVolTarget.py:50: PerformanceWarning: DataFrame is highly fragmented.  This is usually the result of calling `frame.insert` many times, which has poor performance.  Consider joining all columns at once using pd.concat(axis=1) instead. To get a de-fragmented frame, use `newframe = frame.copy()`
  dataframe[f"dc_hi_{n}"] = dataframe["high"].rolling(n).max().shift(1)
/freqtrade/user_data/strategies/TrendVolTarget.py:50: PerformanceWarning: DataFrame is highly fragmented.  This is usually the result of calling `frame.insert` many times, which has poor performance.  Consider joining all columns at once using pd.concat(axis=1) instead. To get a de-fragmented frame, use `newframe = frame.copy()`
  dataframe[f"dc_hi_{n}"] = dataframe["high"].rolling(n).max().shift(1)
/freqtrade/user_data/strategies/TrendVolTarget.py:50: PerformanceWarning: DataFrame is highly fragmented.  This is usually the result of calling `frame.insert` many times, which has poor performance.  Consider joining all columns at once using pd.concat(axis=1) instead. To get a de-fragmented frame, use `newframe = frame.copy()`
  dataframe[f"dc_hi_{n}"] = dataframe["high"].rolling(n).max().shift(1)
/freqtrade/user_data/strategies/TrendVolTarget.py:50: PerformanceWarning: DataFrame is highly fragmented.  This is usually the result of calling `frame.insert` many times, which has poor performance.  Consider joining all columns at once using pd.concat(axis=1) instead. To get a de-fragmented frame, use `newframe = frame.copy()`
  dataframe[f"dc_hi_{n}"] = dataframe["high"].rolling(n).max().shift(1)
/freqtrade/user_data/strategies/TrendVolTarget.py:50: PerformanceWarning: DataFrame is highly fragmented.  This is usually the result of calling `frame.insert` many times, which has poor performance.  Consider joining all columns at once using pd.concat(axis=1) instead. To get a de-fragmented frame, use `newframe = frame.copy()`
  dataframe[f"dc_hi_{n}"] = dataframe["high"].rolling(n).max().shift(1)
/freqtrade/user_data/strategies/TrendVolTarget.py:50: PerformanceWarning: DataFrame is highly fragmented.  This is usually the result of calling `frame.insert` many times, which has poor performance.  Consider joining all columns at once using pd.concat(axis=1) instead. To get a de-fragmented frame, use `newframe = frame.copy()`
  dataframe[f"dc_hi_{n}"] = dataframe["high"].rolling(n).max().shift(1)
/freqtrade/user_data/strategies/TrendVolTarget.py:50: PerformanceWarning: DataFrame is highly fragmented.  This is usually the result of calling `frame.insert` many times, which has poor performance.  Consider joining all columns at once using pd.concat(axis=1) instead. To get a de-fragmented frame, use `newframe = frame.copy()`
  dataframe[f"dc_hi_{n}"] = dataframe["high"].rolling(n).max().shift(1)
/freqtrade/user_data/strategies/TrendVolTarget.py:50: PerformanceWarning: DataFrame is highly fragmented.  This is usually the result of calling `frame.insert` many times, which has poor performance.  Consider joining all columns at once using pd.concat(axis=1) instead. To get a de-fragmented frame, use `newframe = frame.copy()`
  dataframe[f"dc_hi_{n}"] = dataframe["high"].rolling(n).max().shift(1)
/freqtrade/user_data/strategies/TrendVolTarget.py:50: PerformanceWarning: DataFrame is highly fragmented.  This is usually the result of calling `frame.insert` many times, which has poor performance.  Consider joining all columns at once using pd.concat(axis=1) instead. To get a de-fragmented frame, use `newframe = frame.copy()`
  dataframe[f"dc_hi_{n}"] = dataframe["high"].rolling(n).max().shift(1)
/freqtrade/user_data/strategies/TrendVolTarget.py:50: PerformanceWarning: DataFrame is highly fragmented.  This is usually the result of calling `frame.insert` many times, which has poor performance.  Consider joining all columns at once using pd.concat(axis=1) instead. To get a de-fragmented frame, use `newframe = frame.copy()`
  dataframe[f"dc_hi_{n}"] = dataframe["high"].rolling(n).max().shift(1)
/freqtrade/user_data/strategies/TrendVolTarget.py:50: PerformanceWarning: DataFrame is highly fragmented.  This is usually the result of calling `frame.insert` many times, which has poor performance.  Consider joining all columns at once using pd.concat(axis=1) instead. To get a de-fragmented frame, use `newframe = frame.copy()`
  dataframe[f"dc_hi_{n}"] = dataframe["high"].rolling(n).max().shift(1)
/freqtrade/user_data/strategies/TrendVolTarget.py:50: PerformanceWarning: DataFrame is highly fragmented.  This is usually the result of calling `frame.insert` many times, which has poor performance.  Consider joining all columns at once using pd.concat(axis=1) instead. To get a de-fragmented frame, use `newframe = frame.copy()`
  dataframe[f"dc_hi_{n}"] = dataframe["high"].rolling(n).max().shift(1)
/freqtrade/user_data/strategies/TrendVolTarget.py:50: PerformanceWarning: DataFrame is highly fragmented.  This is usually the result of calling `frame.insert` many times, which has poor performance.  Consider joining all columns at once using pd.concat(axis=1) instead. To get a de-fragmented frame, use `newframe = frame.copy()`
  dataframe[f"dc_hi_{n}"] = dataframe["high"].rolling(n).max().shift(1)
/freqtrade/user_data/strategies/TrendVolTarget.py:50: PerformanceWarning: DataFrame is highly fragmented.  This is usually the result of calling `frame.insert` many times, which has poor performance.  Consider joining all columns at once using pd.concat(axis=1) instead. To get a de-fragmented frame, use `newframe = frame.copy()`
  dataframe[f"dc_hi_{n}"] = dataframe["high"].rolling(n).max().shift(1)
/freqtrade/user_data/strategies/TrendVolTarget.py:53: PerformanceWarning: DataFrame is highly fragmented.  This is usually the result of calling `frame.insert` many times, which has poor performance.  Consider joining all columns at once using pd.concat(axis=1) instead. To get a de-fragmented frame, use `newframe = frame.copy()`
  dataframe["sma_f"] = ta.SMA(dataframe, timeperiod=60)
/freqtrade/user_data/strategies/TrendVolTarget.py:54: PerformanceWarning: DataFrame is highly fragmented.  This is usually the result of calling `frame.insert` many times, which has poor performance.  Consider joining all columns at once using pd.concat(axis=1) instead. To get a de-fragmented frame, use `newframe = frame.copy()`
  dataframe["sma_s"] = ta.SMA(dataframe, timeperiod=240)
/freqtrade/user_data/strategies/TrendVolTarget.py:56: PerformanceWarning: DataFrame is highly fragmented.  This is usually the result of calling `frame.insert` many times, which has poor performance.  Consider joining all columns at once using pd.concat(axis=1) instead. To get a de-fragmented frame, use `newframe = frame.copy()`
  dataframe["rvol"] = dataframe["close"].pct_change().rolling(90).std() * np.sqrt(6 * 365)
/freqtrade/user_data/strategies/TrendVolTarget.py:50: PerformanceWarning: DataFrame is highly fragmented.  This is usually the result of calling `frame.insert` many times, which has poor performance.  Consider joining all columns at once using pd.concat(axis=1) instead. To get a de-fragmented frame, use `newframe = frame.copy()`
  dataframe[f"dc_hi_{n}"] = dataframe["high"].rolling(n).max().shift(1)
/freqtrade/user_data/strategies/TrendVolTarget.py:50: PerformanceWarning: DataFrame is highly fragmented.  This is usually the result of calling `frame.insert` many times, which has poor performance.  Consider joining all columns at once using pd.concat(axis=1) instead. To get a de-fragmented frame, use `newframe = frame.copy()`
  dataframe[f"dc_hi_{n}"] = dataframe["high"].rolling(n).max().shift(1)
/freqtrade/user_data/strategies/TrendVolTarget.py:50: PerformanceWarning: DataFrame is highly fragmented.  This is usually the result of calling `frame.insert` many times, which has poor performance.  Consider joining all columns at once using pd.concat(axis=1) instead. To get a de-fragmented frame, use `newframe = frame.copy()`
  dataframe[f"dc_hi_{n}"] = dataframe["high"].rolling(n).max().shift(1)
/freqtrade/user_data/strategies/TrendVolTarget.py:50: PerformanceWarning: DataFrame is highly fragmented.  This is usually the result of calling `frame.insert` many times, which has poor performance.  Consider joining all columns at once using pd.concat(axis=1) instead. To get a de-fragmented frame, use `newframe = frame.copy()`
  dataframe[f"dc_hi_{n}"] = dataframe["high"].rolling(n).max().shift(1)
/freqtrade/user_data/strategies/TrendVolTarget.py:50: PerformanceWarning: DataFrame is highly fragmented.  This is usually the result of calling `frame.insert` many times, which has poor performance.  Consider joining all columns at once using pd.concat(axis=1) instead. To get a de-fragmented frame, use `newframe = frame.copy()`
  dataframe[f"dc_hi_{n}"] = dataframe["high"].rolling(n).max().shift(1)
/freqtrade/user_data/strategies/TrendVolTarget.py:50: PerformanceWarning: DataFrame is highly fragmented.  This is usually the result of calling `frame.insert` many times, which has poor performance.  Consider joining all columns at once using pd.concat(axis=1) instead. To get a de-fragmented frame, use `newframe = frame.copy()`
  dataframe[f"dc_hi_{n}"] = dataframe["high"].rolling(n).max().shift(1)
/freqtrade/user_data/strategies/TrendVolTarget.py:50: PerformanceWarning: DataFrame is highly fragmented.  This is usually the result of calling `frame.insert` many times, which has poor performance.  Consider joining all columns at once using pd.concat(axis=1) instead. To get a de-fragmented frame, use `newframe = frame.copy()`
  dataframe[f"dc_hi_{n}"] = dataframe["high"].rolling(n).max().shift(1)
/freqtrade/user_data/strategies/TrendVolTarget.py:50: PerformanceWarning: DataFrame is highly fragmented.  This is usually the result of calling `frame.insert` many times, which has poor performance.  Consider joining all columns at once using pd.concat(axis=1) instead. To get a de-fragmented frame, use `newframe = frame.copy()`
  dataframe[f"dc_hi_{n}"] = dataframe["high"].rolling(n).max().shift(1)
/freqtrade/user_data/strategies/TrendVolTarget.py:50: PerformanceWarning: DataFrame is highly fragmented.  This is usually the result of calling `frame.insert` many times, which has poor performance.  Consider joining all columns at once using pd.concat(axis=1) instead. To get a de-fragmented frame, use `newframe = frame.copy()`
  dataframe[f"dc_hi_{n}"] = dataframe["high"].rolling(n).max().shift(1)
/freqtrade/user_data/strategies/TrendVolTarget.py:50: PerformanceWarning: DataFrame is highly fragmented.  This is usually the result of calling `frame.insert` many times, which has poor performance.  Consider joining all columns at once using pd.concat(axis=1) instead. To get a de-fragmented frame, use `newframe = frame.copy()`
  dataframe[f"dc_hi_{n}"] = dataframe["high"].rolling(n).max().shift(1)
/freqtrade/user_data/strategies/TrendVolTarget.py:50: PerformanceWarning: DataFrame is highly fragmented.  This is usually the result of calling `frame.insert` many times, which has poor performance.  Consider joining all columns at once using pd.concat(axis=1) instead. To get a de-fragmented frame, use `newframe = frame.copy()`
  dataframe[f"dc_hi_{n}"] = dataframe["high"].rolling(n).max().shift(1)
/freqtrade/user_data/strategies/TrendVolTarget.py:50: PerformanceWarning: DataFrame is highly fragmented.  This is usually the result of calling `frame.insert` many times, which has poor performance.  Consider joining all columns at once using pd.concat(axis=1) instead. To get a de-fragmented frame, use `newframe = frame.copy()`
  dataframe[f"dc_hi_{n}"] = dataframe["high"].rolling(n).max().shift(1)
/freqtrade/user_data/strategies/TrendVolTarget.py:50: PerformanceWarning: DataFrame is highly fragmented.  This is usually the result of calling `frame.insert` many times, which has poor performance.  Consider joining all columns at once using pd.concat(axis=1) instead. To get a de-fragmented frame, use `newframe = frame.copy()`
  dataframe[f"dc_hi_{n}"] = dataframe["high"].rolling(n).max().shift(1)
/freqtrade/user_data/strategies/TrendVolTarget.py:50: PerformanceWarning: DataFrame is highly fragmented.  This is usually the result of calling `frame.insert` many times, which has poor performance.  Consider joining all columns at once using pd.concat(axis=1) instead. To get a de-fragmented frame, use `newframe = frame.copy()`
  dataframe[f"dc_hi_{n}"] = dataframe["high"].rolling(n).max().shift(1)
/freqtrade/user_data/strategies/TrendVolTarget.py:50: PerformanceWarning: DataFrame is highly fragmented.  This is usually the result of calling `frame.insert` many times, which has poor performance.  Consider joining all columns at once using pd.concat(axis=1) instead. To get a de-fragmented frame, use `newframe = frame.copy()`
  dataframe[f"dc_hi_{n}"] = dataframe["high"].rolling(n).max().shift(1)
/freqtrade/user_data/strategies/TrendVolTarget.py:50: PerformanceWarning: DataFrame is highly fragmented.  This is usually the result of calling `frame.insert` many times, which has poor performance.  Consider joining all columns at once using pd.concat(axis=1) instead. To get a de-fragmented frame, use `newframe = frame.copy()`
  dataframe[f"dc_hi_{n}"] = dataframe["high"].rolling(n).max().shift(1)
/freqtrade/user_data/strategies/TrendVolTarget.py:50: PerformanceWarning: DataFrame is highly fragmented.  This is usually the result of calling `frame.insert` many times, which has poor performance.  Consider joining all columns at once using pd.concat(axis=1) instead. To get a de-fragmented frame, use `newframe = frame.copy()`
  dataframe[f"dc_hi_{n}"] = dataframe["high"].rolling(n).max().shift(1)
/freqtrade/user_data/strategies/TrendVolTarget.py:50: PerformanceWarning: DataFrame is highly fragmented.  This is usually the result of calling `frame.insert` many times, which has poor performance.  Consider joining all columns at once using pd.concat(axis=1) instead. To get a de-fragmented frame, use `newframe = frame.copy()`
  dataframe[f"dc_hi_{n}"] = dataframe["high"].rolling(n).max().shift(1)
/freqtrade/user_data/strategies/TrendVolTarget.py:50: PerformanceWarning: DataFrame is highly fragmented.  This is usually the result of calling `frame.insert` many times, which has poor performance.  Consider joining all columns at once using pd.concat(axis=1) instead. To get a de-fragmented frame, use `newframe = frame.copy()`
  dataframe[f"dc_hi_{n}"] = dataframe["high"].rolling(n).max().shift(1)
/freqtrade/user_data/strategies/TrendVolTarget.py:50: PerformanceWarning: DataFrame is highly fragmented.  This is usually the result of calling `frame.insert` many times, which has poor performance.  Consider joining all columns at once using pd.concat(axis=1) instead. To get a de-fragmented frame, use `newframe = frame.copy()`
  dataframe[f"dc_hi_{n}"] = dataframe["high"].rolling(n).max().shift(1)
/freqtrade/user_data/strategies/TrendVolTarget.py:50: PerformanceWarning: DataFrame is highly fragmented.  This is usually the result of calling `frame.insert` many times, which has poor performance.  Consider joining all columns at once using pd.concat(axis=1) instead. To get a de-fragmented frame, use `newframe = frame.copy()`
  dataframe[f"dc_hi_{n}"] = dataframe["high"].rolling(n).max().shift(1)
/freqtrade/user_data/strategies/TrendVolTarget.py:50: PerformanceWarning: DataFrame is highly fragmented.  This is usually the result of calling `frame.insert` many times, which has poor performance.  Consider joining all columns at once using pd.concat(axis=1) instead. To get a de-fragmented frame, use `newframe = frame.copy()`
  dataframe[f"dc_hi_{n}"] = dataframe["high"].rolling(n).max().shift(1)
/freqtrade/user_data/strategies/TrendVolTarget.py:50: PerformanceWarning: DataFrame is highly fragmented.  This is usually the result of calling `frame.insert` many times, which has poor performance.  Consider joining all columns at once using pd.concat(axis=1) instead. To get a de-fragmented frame, use `newframe = frame.copy()`
  dataframe[f"dc_hi_{n}"] = dataframe["high"].rolling(n).max().shift(1)
/freqtrade/user_data/strategies/TrendVolTarget.py:50: PerformanceWarning: DataFrame is highly fragmented.  This is usually the result of calling `frame.insert` many times, which has poor performance.  Consider joining all columns at once using pd.concat(axis=1) instead. To get a de-fragmented frame, use `newframe = frame.copy()`
  dataframe[f"dc_hi_{n}"] = dataframe["high"].rolling(n).max().shift(1)
/freqtrade/user_data/strategies/TrendVolTarget.py:50: PerformanceWarning: DataFrame is highly fragmented.  This is usually the result of calling `frame.insert` many times, which has poor performance.  Consider joining all columns at once using pd.concat(axis=1) instead. To get a de-fragmented frame, use `newframe = frame.copy()`
  dataframe[f"dc_hi_{n}"] = dataframe["high"].rolling(n).max().shift(1)
/freqtrade/user_data/strategies/TrendVolTarget.py:50: PerformanceWarning: DataFrame is highly fragmented.  This is usually the result of calling `frame.insert` many times, which has poor performance.  Consider joining all columns at once using pd.concat(axis=1) instead. To get a de-fragmented frame, use `newframe = frame.copy()`
  dataframe[f"dc_hi_{n}"] = dataframe["high"].rolling(n).max().shift(1)
/freqtrade/user_data/strategies/TrendVolTarget.py:50: PerformanceWarning: DataFrame is highly fragmented.  This is usually the result of calling `frame.insert` many times, which has poor performance.  Consider joining all columns at once using pd.concat(axis=1) instead. To get a de-fragmented frame, use `newframe = frame.copy()`
  dataframe[f"dc_hi_{n}"] = dataframe["high"].rolling(n).max().shift(1)
/freqtrade/user_data/strategies/TrendVolTarget.py:50: PerformanceWarning: DataFrame is highly fragmented.  This is usually the result of calling `frame.insert` many times, which has poor performance.  Consider joining all columns at once using pd.concat(axis=1) instead. To get a de-fragmented frame, use `newframe = frame.copy()`
  dataframe[f"dc_hi_{n}"] = dataframe["high"].rolling(n).max().shift(1)
/freqtrade/user_data/strategies/TrendVolTarget.py:50: PerformanceWarning: DataFrame is highly fragmented.  This is usually the result of calling `frame.insert` many times, which has poor performance.  Consider joining all columns at once using pd.concat(axis=1) instead. To get a de-fragmented frame, use `newframe = frame.copy()`
  dataframe[f"dc_hi_{n}"] = dataframe["high"].rolling(n).max().shift(1)
/freqtrade/user_data/strategies/TrendVolTarget.py:50: PerformanceWarning: DataFrame is highly fragmented.  This is usually the result of calling `frame.insert` many times, which has poor performance.  Consider joining all columns at once using pd.concat(axis=1) instead. To get a de-fragmented frame, use `newframe = frame.copy()`
  dataframe[f"dc_hi_{n}"] = dataframe["high"].rolling(n).max().shift(1)
/freqtrade/user_data/strategies/TrendVolTarget.py:50: PerformanceWarning: DataFrame is highly fragmented.  This is usually the result of calling `frame.insert` many times, which has poor performance.  Consider joining all columns at once using pd.concat(axis=1) instead. To get a de-fragmented frame, use `newframe = frame.copy()`
  dataframe[f"dc_hi_{n}"] = dataframe["high"].rolling(n).max().shift(1)
/freqtrade/user_data/strategies/TrendVolTarget.py:50: PerformanceWarning: DataFrame is highly fragmented.  This is usually the result of calling `frame.insert` many times, which has poor performance.  Consider joining all columns at once using pd.concat(axis=1) instead. To get a de-fragmented frame, use `newframe = frame.copy()`
  dataframe[f"dc_hi_{n}"] = dataframe["high"].rolling(n).max().shift(1)
/freqtrade/user_data/strategies/TrendVolTarget.py:50: PerformanceWarning: DataFrame is highly fragmented.  This is usually the result of calling `frame.insert` many times, which has poor performance.  Consider joining all columns at once using pd.concat(axis=1) instead. To get a de-fragmented frame, use `newframe = frame.copy()`
  dataframe[f"dc_hi_{n}"] = dataframe["high"].rolling(n).max().shift(1)
/freqtrade/user_data/strategies/TrendVolTarget.py:50: PerformanceWarning: DataFrame is highly fragmented.  This is usually the result of calling `frame.insert` many times, which has poor performance.  Consider joining all columns at once using pd.concat(axis=1) instead. To get a de-fragmented frame, use `newframe = frame.copy()`
  dataframe[f"dc_hi_{n}"] = dataframe["high"].rolling(n).max().shift(1)
/freqtrade/user_data/strategies/TrendVolTarget.py:50: PerformanceWarning: DataFrame is highly fragmented.  This is usually the result of calling `frame.insert` many times, which has poor performance.  Consider joining all columns at once using pd.concat(axis=1) instead. To get a de-fragmented frame, use `newframe = frame.copy()`
  dataframe[f"dc_hi_{n}"] = dataframe["high"].rolling(n).max().shift(1)
/freqtrade/user_data/strategies/TrendVolTarget.py:50: PerformanceWarning: DataFrame is highly fragmented.  This is usually the result of calling `frame.insert` many times, which has poor performance.  Consider joining all columns at once using pd.concat(axis=1) instead. To get a de-fragmented frame, use `newframe = frame.copy()`
  dataframe[f"dc_hi_{n}"] = dataframe["high"].rolling(n).max().shift(1)
/freqtrade/user_data/strategies/TrendVolTarget.py:50: PerformanceWarning: DataFrame is highly fragmented.  This is usually the result of calling `frame.insert` many times, which has poor performance.  Consider joining all columns at once using pd.concat(axis=1) instead. To get a de-fragmented frame, use `newframe = frame.copy()`
  dataframe[f"dc_hi_{n}"] = dataframe["high"].rolling(n).max().shift(1)
/freqtrade/user_data/strategies/TrendVolTarget.py:50: PerformanceWarning: DataFrame is highly fragmented.  This is usually the result of calling `frame.insert` many times, which has poor performance.  Consider joining all columns at once using pd.concat(axis=1) instead. To get a de-fragmented frame, use `newframe = frame.copy()`
  dataframe[f"dc_hi_{n}"] = dataframe["high"].rolling(n).max().shift(1)
/freqtrade/user_data/strategies/TrendVolTarget.py:50: PerformanceWarning: DataFrame is highly fragmented.  This is usually the result of calling `frame.insert` many times, which has poor performance.  Consider joining all columns at once using pd.concat(axis=1) instead. To get a de-fragmented frame, use `newframe = frame.copy()`
  dataframe[f"dc_hi_{n}"] = dataframe["high"].rolling(n).max().shift(1)
/freqtrade/user_data/strategies/TrendVolTarget.py:50: PerformanceWarning: DataFrame is highly fragmented.  This is usually the result of calling `frame.insert` many times, which has poor performance.  Consider joining all columns at once using pd.concat(axis=1) instead. To get a de-fragmented frame, use `newframe = frame.copy()`
  dataframe[f"dc_hi_{n}"] = dataframe["high"].rolling(n).max().shift(1)
/freqtrade/user_data/strategies/TrendVolTarget.py:50: PerformanceWarning: DataFrame is highly fragmented.  This is usually the result of calling `frame.insert` many times, which has poor performance.  Consider joining all columns at once using pd.concat(axis=1) instead. To get a de-fragmented frame, use `newframe = frame.copy()`
  dataframe[f"dc_hi_{n}"] = dataframe["high"].rolling(n).max().shift(1)
/freqtrade/user_data/strategies/TrendVolTarget.py:50: PerformanceWarning: DataFrame is highly fragmented.  This is usually the result of calling `frame.insert` many times, which has poor performance.  Consider joining all columns at once using pd.concat(axis=1) instead. To get a de-fragmented frame, use `newframe = frame.copy()`
  dataframe[f"dc_hi_{n}"] = dataframe["high"].rolling(n).max().shift(1)
/freqtrade/user_data/strategies/TrendVolTarget.py:50: PerformanceWarning: DataFrame is highly fragmented.  This is usually the result of calling `frame.insert` many times, which has poor performance.  Consider joining all columns at once using pd.concat(axis=1) instead. To get a de-fragmented frame, use `newframe = frame.copy()`
  dataframe[f"dc_hi_{n}"] = dataframe["high"].rolling(n).max().shift(1)
/freqtrade/user_data/strategies/TrendVolTarget.py:50: PerformanceWarning: DataFrame is highly fragmented.  This is usually the result of calling `frame.insert` many times, which has poor performance.  Consider joining all columns at once using pd.concat(axis=1) instead. To get a de-fragmented frame, use `newframe = frame.copy()`
  dataframe[f"dc_hi_{n}"] = dataframe["high"].rolling(n).max().shift(1)
/freqtrade/user_data/strategies/TrendVolTarget.py:50: PerformanceWarning: DataFrame is highly fragmented.  This is usually the result of calling `frame.insert` many times, which has poor performance.  Consider joining all columns at once using pd.concat(axis=1) instead. To get a de-fragmented frame, use `newframe = frame.copy()`
  dataframe[f"dc_hi_{n}"] = dataframe["high"].rolling(n).max().shift(1)
/freqtrade/user_data/strategies/TrendVolTarget.py:50: PerformanceWarning: DataFrame is highly fragmented.  This is usually the result of calling `frame.insert` many times, which has poor performance.  Consider joining all columns at once using pd.concat(axis=1) instead. To get a de-fragmented frame, use `newframe = frame.copy()`
  dataframe[f"dc_hi_{n}"] = dataframe["high"].rolling(n).max().shift(1)
/freqtrade/user_data/strategies/TrendVolTarget.py:50: PerformanceWarning: DataFrame is highly fragmented.  This is usually the result of calling `frame.insert` many times, which has poor performance.  Consider joining all columns at once using pd.concat(axis=1) instead. To get a de-fragmented frame, use `newframe = frame.copy()`
  dataframe[f"dc_hi_{n}"] = dataframe["high"].rolling(n).max().shift(1)
/freqtrade/user_data/strategies/TrendVolTarget.py:50: PerformanceWarning: DataFrame is highly fragmented.  This is usually the result of calling `frame.insert` many times, which has poor performance.  Consider joining all columns at once using pd.concat(axis=1) instead. To get a de-fragmented frame, use `newframe = frame.copy()`
  dataframe[f"dc_hi_{n}"] = dataframe["high"].rolling(n).max().shift(1)
/freqtrade/user_data/strategies/TrendVolTarget.py:50: PerformanceWarning: DataFrame is highly fragmented.  This is usually the result of calling `frame.insert` many times, which has poor performance.  Consider joining all columns at once using pd.concat(axis=1) instead. To get a de-fragmented frame, use `newframe = frame.copy()`
  dataframe[f"dc_hi_{n}"] = dataframe["high"].rolling(n).max().shift(1)
/freqtrade/user_data/strategies/TrendVolTarget.py:50: PerformanceWarning: DataFrame is highly fragmented.  This is usually the result of calling `frame.insert` many times, which has poor performance.  Consider joining all columns at once using pd.concat(axis=1) instead. To get a de-fragmented frame, use `newframe = frame.copy()`
  dataframe[f"dc_hi_{n}"] = dataframe["high"].rolling(n).max().shift(1)
/freqtrade/user_data/strategies/TrendVolTarget.py:50: PerformanceWarning: DataFrame is highly fragmented.  This is usually the result of calling `frame.insert` many times, which has poor performance.  Consider joining all columns at once using pd.concat(axis=1) instead. To get a de-fragmented frame, use `newframe = frame.copy()`
  dataframe[f"dc_hi_{n}"] = dataframe["high"].rolling(n).max().shift(1)
/freqtrade/user_data/strategies/TrendVolTarget.py:50: PerformanceWarning: DataFrame is highly fragmented.  This is usually the result of calling `frame.insert` many times, which has poor performance.  Consider joining all columns at once using pd.concat(axis=1) instead. To get a de-fragmented frame, use `newframe = frame.copy()`
  dataframe[f"dc_hi_{n}"] = dataframe["high"].rolling(n).max().shift(1)
/freqtrade/user_data/strategies/TrendVolTarget.py:50: PerformanceWarning: DataFrame is highly fragmented.  This is usually the result of calling `frame.insert` many times, which has poor performance.  Consider joining all columns at once using pd.concat(axis=1) instead. To get a de-fragmented frame, use `newframe = frame.copy()`
  dataframe[f"dc_hi_{n}"] = dataframe["high"].rolling(n).max().shift(1)
/freqtrade/user_data/strategies/TrendVolTarget.py:50: PerformanceWarning: DataFrame is highly fragmented.  This is usually the result of calling `frame.insert` many times, which has poor performance.  Consider joining all columns at once using pd.concat(axis=1) instead. To get a de-fragmented frame, use `newframe = frame.copy()`
  dataframe[f"dc_hi_{n}"] = dataframe["high"].rolling(n).max().shift(1)
/freqtrade/user_data/strategies/TrendVolTarget.py:50: PerformanceWarning: DataFrame is highly fragmented.  This is usually the result of calling `frame.insert` many times, which has poor performance.  Consider joining all columns at once using pd.concat(axis=1) instead. To get a de-fragmented frame, use `newframe = frame.copy()`
  dataframe[f"dc_hi_{n}"] = dataframe["high"].rolling(n).max().shift(1)
/freqtrade/user_data/strategies/TrendVolTarget.py:50: PerformanceWarning: DataFrame is highly fragmented.  This is usually the result of calling `frame.insert` many times, which has poor performance.  Consider joining all columns at once using pd.concat(axis=1) instead. To get a de-fragmented frame, use `newframe = frame.copy()`
  dataframe[f"dc_hi_{n}"] = dataframe["high"].rolling(n).max().shift(1)
/freqtrade/user_data/strategies/TrendVolTarget.py:50: PerformanceWarning: DataFrame is highly fragmented.  This is usually the result of calling `frame.insert` many times, which has poor performance.  Consider joining all columns at once using pd.concat(axis=1) instead. To get a de-fragmented frame, use `newframe = frame.copy()`
  dataframe[f"dc_hi_{n}"] = dataframe["high"].rolling(n).max().shift(1)
/freqtrade/user_data/strategies/TrendVolTarget.py:50: PerformanceWarning: DataFrame is highly fragmented.  This is usually the result of calling `frame.insert` many times, which has poor performance.  Consider joining all columns at once using pd.concat(axis=1) instead. To get a de-fragmented frame, use `newframe = frame.copy()`
  dataframe[f"dc_hi_{n}"] = dataframe["high"].rolling(n).max().shift(1)
/freqtrade/user_data/strategies/TrendVolTarget.py:50: PerformanceWarning: DataFrame is highly fragmented.  This is usually the result of calling `frame.insert` many times, which has poor performance.  Consider joining all columns at once using pd.concat(axis=1) instead. To get a de-fragmented frame, use `newframe = frame.copy()`
  dataframe[f"dc_hi_{n}"] = dataframe["high"].rolling(n).max().shift(1)
/freqtrade/user_data/strategies/TrendVolTarget.py:50: PerformanceWarning: DataFrame is highly fragmented.  This is usually the result of calling `frame.insert` many times, which has poor performance.  Consider joining all columns at once using pd.concat(axis=1) instead. To get a de-fragmented frame, use `newframe = frame.copy()`
  dataframe[f"dc_hi_{n}"] = dataframe["high"].rolling(n).max().shift(1)
/freqtrade/user_data/strategies/TrendVolTarget.py:50: PerformanceWarning: DataFrame is highly fragmented.  This is usually the result of calling `frame.insert` many times, which has poor performance.  Consider joining all columns at once using pd.concat(axis=1) instead. To get a de-fragmented frame, use `newframe = frame.copy()`
  dataframe[f"dc_hi_{n}"] = dataframe["high"].rolling(n).max().shift(1)
/freqtrade/user_data/strategies/TrendVolTarget.py:50: PerformanceWarning: DataFrame is highly fragmented.  This is usually the result of calling `frame.insert` many times, which has poor performance.  Consider joining all columns at once using pd.concat(axis=1) instead. To get a de-fragmented frame, use `newframe = frame.copy()`
  dataframe[f"dc_hi_{n}"] = dataframe["high"].rolling(n).max().shift(1)
/freqtrade/user_data/strategies/TrendVolTarget.py:50: PerformanceWarning: DataFrame is highly fragmented.  This is usually the result of calling `frame.insert` many times, which has poor performance.  Consider joining all columns at once using pd.concat(axis=1) instead. To get a de-fragmented frame, use `newframe = frame.copy()`
  dataframe[f"dc_hi_{n}"] = dataframe["high"].rolling(n).max().shift(1)
/freqtrade/user_data/strategies/TrendVolTarget.py:50: PerformanceWarning: DataFrame is highly fragmented.  This is usually the result of calling `frame.insert` many times, which has poor performance.  Consider joining all columns at once using pd.concat(axis=1) instead. To get a de-fragmented frame, use `newframe = frame.copy()`
  dataframe[f"dc_hi_{n}"] = dataframe["high"].rolling(n).max().shift(1)
/freqtrade/user_data/strategies/TrendVolTarget.py:50: PerformanceWarning: DataFrame is highly fragmented.  This is usually the result of calling `frame.insert` many times, which has poor performance.  Consider joining all columns at once using pd.concat(axis=1) instead. To get a de-fragmented frame, use `newframe = frame.copy()`
  dataframe[f"dc_hi_{n}"] = dataframe["high"].rolling(n).max().shift(1)
/freqtrade/user_data/strategies/TrendVolTarget.py:50: PerformanceWarning: DataFrame is highly fragmented.  This is usually the result of calling `frame.insert` many times, which has poor performance.  Consider joining all columns at once using pd.concat(axis=1) instead. To get a de-fragmented frame, use `newframe = frame.copy()`
  dataframe[f"dc_hi_{n}"] = dataframe["high"].rolling(n).max().shift(1)
/freqtrade/user_data/strategies/TrendVolTarget.py:50: PerformanceWarning: DataFrame is highly fragmented.  This is usually the result of calling `frame.insert` many times, which has poor performance.  Consider joining all columns at once using pd.concat(axis=1) instead. To get a de-fragmented frame, use `newframe = frame.copy()`
  dataframe[f"dc_hi_{n}"] = dataframe["high"].rolling(n).max().shift(1)
/freqtrade/user_data/strategies/TrendVolTarget.py:50: PerformanceWarning: DataFrame is highly fragmented.  This is usually the result of calling `frame.insert` many times, which has poor performance.  Consider joining all columns at once using pd.concat(axis=1) instead. To get a de-fragmented frame, use `newframe = frame.copy()`
  dataframe[f"dc_hi_{n}"] = dataframe["high"].rolling(n).max().shift(1)
/freqtrade/user_data/strategies/TrendVolTarget.py:50: PerformanceWarning: DataFrame is highly fragmented.  This is usually the result of calling `frame.insert` many times, which has poor performance.  Consider joining all columns at once using pd.concat(axis=1) instead. To get a de-fragmented frame, use `newframe = frame.copy()`
  dataframe[f"dc_hi_{n}"] = dataframe["high"].rolling(n).max().shift(1)
/freqtrade/user_data/strategies/TrendVolTarget.py:50: PerformanceWarning: DataFrame is highly fragmented.  This is usually the result of calling `frame.insert` many times, which has poor performance.  Consider joining all columns at once using pd.concat(axis=1) instead. To get a de-fragmented frame, use `newframe = frame.copy()`
  dataframe[f"dc_hi_{n}"] = dataframe["high"].rolling(n).max().shift(1)
/freqtrade/user_data/strategies/TrendVolTarget.py:50: PerformanceWarning: DataFrame is highly fragmented.  This is usually the result of calling `frame.insert` many times, which has poor performance.  Consider joining all columns at once using pd.concat(axis=1) instead. To get a de-fragmented frame, use `newframe = frame.copy()`
  dataframe[f"dc_hi_{n}"] = dataframe["high"].rolling(n).max().shift(1)
/freqtrade/user_data/strategies/TrendVolTarget.py:50: PerformanceWarning: DataFrame is highly fragmented.  This is usually the result of calling `frame.insert` many times, which has poor performance.  Consider joining all columns at once using pd.concat(axis=1) instead. To get a de-fragmented frame, use `newframe = frame.copy()`
  dataframe[f"dc_hi_{n}"] = dataframe["high"].rolling(n).max().shift(1)
/freqtrade/user_data/strategies/TrendVolTarget.py:50: PerformanceWarning: DataFrame is highly fragmented.  This is usually the result of calling `frame.insert` many times, which has poor performance.  Consider joining all columns at once using pd.concat(axis=1) instead. To get a de-fragmented frame, use `newframe = frame.copy()`
  dataframe[f"dc_hi_{n}"] = dataframe["high"].rolling(n).max().shift(1)
/freqtrade/user_data/strategies/TrendVolTarget.py:50: PerformanceWarning: DataFrame is highly fragmented.  This is usually the result of calling `frame.insert` many times, which has poor performance.  Consider joining all columns at once using pd.concat(axis=1) instead. To get a de-fragmented frame, use `newframe = frame.copy()`
  dataframe[f"dc_hi_{n}"] = dataframe["high"].rolling(n).max().shift(1)
/freqtrade/user_data/strategies/TrendVolTarget.py:50: PerformanceWarning: DataFrame is highly fragmented.  This is usually the result of calling `frame.insert` many times, which has poor performance.  Consider joining all columns at once using pd.concat(axis=1) instead. To get a de-fragmented frame, use `newframe = frame.copy()`
  dataframe[f"dc_hi_{n}"] = dataframe["high"].rolling(n).max().shift(1)
/freqtrade/user_data/strategies/TrendVolTarget.py:50: PerformanceWarning: DataFrame is highly fragmented.  This is usually the result of calling `frame.insert` many times, which has poor performance.  Consider joining all columns at once using pd.concat(axis=1) instead. To get a de-fragmented frame, use `newframe = frame.copy()`
  dataframe[f"dc_hi_{n}"] = dataframe["high"].rolling(n).max().shift(1)
/freqtrade/user_data/strategies/TrendVolTarget.py:50: PerformanceWarning: DataFrame is highly fragmented.  This is usually the result of calling `frame.insert` many times, which has poor performance.  Consider joining all columns at once using pd.concat(axis=1) instead. To get a de-fragmented frame, use `newframe = frame.copy()`
  dataframe[f"dc_hi_{n}"] = dataframe["high"].rolling(n).max().shift(1)
/freqtrade/user_data/strategies/TrendVolTarget.py:50: PerformanceWarning: DataFrame is highly fragmented.  This is usually the result of calling `frame.insert` many times, which has poor performance.  Consider joining all columns at once using pd.concat(axis=1) instead. To get a de-fragmented frame, use `newframe = frame.copy()`
  dataframe[f"dc_hi_{n}"] = dataframe["high"].rolling(n).max().shift(1)
/freqtrade/user_data/strategies/TrendVolTarget.py:50: PerformanceWarning: DataFrame is highly fragmented.  This is usually the result of calling `frame.insert` many times, which has poor performance.  Consider joining all columns at once using pd.concat(axis=1) instead. To get a de-fragmented frame, use `newframe = frame.copy()`
  dataframe[f"dc_hi_{n}"] = dataframe["high"].rolling(n).max().shift(1)
/freqtrade/user_data/strategies/TrendVolTarget.py:50: PerformanceWarning: DataFrame is highly fragmented.  This is usually the result of calling `frame.insert` many times, which has poor performance.  Consider joining all columns at once using pd.concat(axis=1) instead. To get a de-fragmented frame, use `newframe = frame.copy()`
  dataframe[f"dc_hi_{n}"] = dataframe["high"].rolling(n).max().shift(1)
/freqtrade/user_data/strategies/TrendVolTarget.py:50: PerformanceWarning: DataFrame is highly fragmented.  This is usually the result of calling `frame.insert` many times, which has poor performance.  Consider joining all columns at once using pd.concat(axis=1) instead. To get a de-fragmented frame, use `newframe = frame.copy()`
  dataframe[f"dc_hi_{n}"] = dataframe["high"].rolling(n).max().shift(1)
/freqtrade/user_data/strategies/TrendVolTarget.py:50: PerformanceWarning: DataFrame is highly fragmented.  This is usually the result of calling `frame.insert` many times, which has poor performance.  Consider joining all columns at once using pd.concat(axis=1) instead. To get a de-fragmented frame, use `newframe = frame.copy()`
  dataframe[f"dc_hi_{n}"] = dataframe["high"].rolling(n).max().shift(1)
/freqtrade/user_data/strategies/TrendVolTarget.py:50: PerformanceWarning: DataFrame is highly fragmented.  This is usually the result of calling `frame.insert` many times, which has poor performance.  Consider joining all columns at once using pd.concat(axis=1) instead. To get a de-fragmented frame, use `newframe = frame.copy()`
  dataframe[f"dc_hi_{n}"] = dataframe["high"].rolling(n).max().shift(1)
/freqtrade/user_data/strategies/TrendVolTarget.py:50: PerformanceWarning: DataFrame is highly fragmented.  This is usually the result of calling `frame.insert` many times, which has poor performance.  Consider joining all columns at once using pd.concat(axis=1) instead. To get a de-fragmented frame, use `newframe = frame.copy()`
  dataframe[f"dc_hi_{n}"] = dataframe["high"].rolling(n).max().shift(1)
/freqtrade/user_data/strategies/TrendVolTarget.py:53: PerformanceWarning: DataFrame is highly fragmented.  This is usually the result of calling `frame.insert` many times, which has poor performance.  Consider joining all columns at once using pd.concat(axis=1) instead. To get a de-fragmented frame, use `newframe = frame.copy()`
  dataframe["sma_f"] = ta.SMA(dataframe, timeperiod=60)
/freqtrade/user_data/strategies/TrendVolTarget.py:54: PerformanceWarning: DataFrame is highly fragmented.  This is usually the result of calling `frame.insert` many times, which has poor performance.  Consider joining all columns at once using pd.concat(axis=1) instead. To get a de-fragmented frame, use `newframe = frame.copy()`
  dataframe["sma_s"] = ta.SMA(dataframe, timeperiod=240)
/freqtrade/user_data/strategies/TrendVolTarget.py:56: PerformanceWarning: DataFrame is highly fragmented.  This is usually the result of calling `frame.insert` many times, which has poor performance.  Consider joining all columns at once using pd.concat(axis=1) instead. To get a de-fragmented frame, use `newframe = frame.copy()`
  dataframe["rvol"] = dataframe["close"].pct_change().rolling(90).std() * np.sqrt(6 * 365)
2026-09-28 20:09:05,562 - freqtrade.optimize.hyperopt.hyperopt_optimizer - INFO - Hyperopting with data from 2021-07-02 00:00:00 up to 2022-12-31 00:00:00 (547 days)..
2026-09-28 20:09:05,858 - freqtrade.optimize.hyperopt.hyperopt - INFO - Found 12 CPU cores. Let's make them scream!
2026-09-28 20:09:05,858 - freqtrade.optimize.hyperopt.hyperopt - INFO - Number of parallel jobs set as: -1
2026-09-28 20:09:05,858 - freqtrade.optimize.hyperopt.hyperopt_optimizer - INFO - Using optuna sampler NSGAIIISampler.
[I 2026-09-28 20:09:05,859] A new study created in memory with name: no-name-e839bdc8-1f29-4117-b7c7-e1322ce8f6f6
2026-09-28 20:09:05,860 - freqtrade.optimize.hyperopt.hyperopt - INFO - Effective number of parallel workers used: 12
                                                                                           Hyperopt results                                                                                             
                         ┏━━━━━━━━┳━━━━━━━━┳━━━━━━━━┳━━━━━━━━━━━━━━━━━━━━━━━━┳━━━━━━━━━━━━┳━━━━━━━━━━━━━━━━━━━━━━━━━┳━━━━━━━━━━━━━━━━━━┳━━━━━━━━━━━┳━━━━━━━━━━━━━━━━━━━━━━━━━┓                          
                         ┃ Best   ┃  Epoch ┃ Trades ┃  Win  Draw  Loss  Win% ┃ Avg profit ┃                  Profit ┃     Avg duration ┃ Objective ┃     Max Drawdown (Acct) ┃                          
                         ┡━━━━━━━━╇━━━━━━━━╇━━━━━━━━╇━━━━━━━━━━━━━━━━━━━━━━━━╇━━━━━━━━━━━━╇━━━━━━━━━━━━━━━━━━━━━━━━━╇━━━━━━━━━━━━━━━━━━╇━━━━━━━━━━━╇━━━━━━━━━━━━━━━━━━━━━━━━━┩                          
                         │ * Best │  1/100 │    110 │   45     0    65  40.9 │     -0.26% │ -27.451 USDT   (-1.37%) │  5 days, 0:13:00 │   0.15790 │  98.821 USDT    (4.78%) │                          
                         │ * Best │ 11/100 │     72 │   28     0    44  38.9 │      1.42% │  50.725 USDT    (2.54%) │ 10 days, 2:43:00 │  -0.16928 │  64.225 USDT    (3.06%) │                          
                         │ * Best │ 25/100 │     84 │   31     0    53  36.9 │      1.19% │  71.263 USDT    (3.56%) │  8 days, 7:49:00 │  -0.24325 │ 120.480 USDT    (5.63%) │                          
                         │ Best   │ 40/100 │     79 │   31     0    48  39.2 │      1.52% │  89.076 USDT    (4.45%) │ 8 days, 15:39:00 │  -0.28956 │ 108.277 USDT    (5.05%) │                          
                         └────────┴────────┴────────┴────────────────────────┴────────────┴─────────────────────────┴──────────────────┴───────────┴─────────────────────────┘                          
Epochs ━━━━━━━━━━━━━━━━━━━━━━━━━━━━━━━━━━━━━━━━━━━━━━━━━━━━━━━━━━━━━━━━━━━━━━━━━━━━━━━━━━━━━━━━━━━━━━━━━━━━━━━━━━━━━━━━━━━━━━━━━━━━━━━━━━━━━━━━━━━━━━━━━━━━━━━━━━━━━━━━ 100/100 100% • 0:00:46 • 0:00:00
2026-09-28 20:09:52,147 - freqtrade.optimize.hyperopt.hyperopt - INFO - 100 epochs saved to '/freqtrade/user_data/hyperopt_results/strategy_TrendVolTarget_2026-09-28_23-09-02.fthypt'.
/freqtrade/user_data/strategies/Strategy002.py:8: FutureWarning: 'freqtrade.vendor.qtpylib.indicators' is deprecated and will be removed in a future release. Import from technical instead - either the module (`from technical import qtpylib`) or a single function (`from technical.qtpylib import crossed_above`).
  import freqtrade.vendor.qtpylib.indicators as qtpylib
2026-09-28 20:09:52,342 - freqtrade.optimize.hyperopt_tools - INFO - Dumping parameters to /freqtrade/user_data/strategies/TrendVolTarget.json

Best result:

    40/100:     79 trades. 31/0/48 Wins/Draws/Losses. Avg profit   1.52%. Median profit  -4.16%. Total profit 89.07616898 USDT (   4.45%). Avg duration 8 days, 15:39:00 min. Objective: -0.28956


    # Buy parameters:
    buy_params = {
        "entry_len": 179,
        "vol_floor": 0.011,
    }

    # Sell parameters:
    sell_params = {
        "atr_stop": 5.1,
    }

    # ROI parameters:  # value loaded from strategy
    minimal_roi = {
        "0": 100
    }

    # Stoploss parameters:
    stoploss = -0.1  # value loaded from strategy

    # Trailing stop parameters:
    trailing_stop = False  # value loaded from strategy
    trailing_stop_positive = None  # value loaded from strategy
    trailing_stop_positive_offset = 0.0  # value loaded from strategy
    trailing_only_offset_is_reached = False  # value loaded from strategy
    

    # max_open_trades parameters:
    max_open_trades = 5  # value loaded from strategy
