pair,fold,q,k,n,mean_pct,med_pct,absmean_pct,winrate,hold,adf_p,eg_p
ETH/BTC,1,0.0001,1.0,14,-6.064312809636694,0.8648992858123872,17.12368086826275,50.0,26.928571428571427,0.15450750886104314,0.3727638124223098
ETH/BTC,1,0.0001,1.5,12,-6.719103480527956,-0.10279855155674866,15.441578568172543,50.0,26.916666666666668,0.15450750886104314,0.3727638124223098
ETH/BTC,1,0.0001,2.0,11,-5.6422054705779345,3.216217184198278,17.180384005402132,63.63636363636363,27.636363636363637,0.15450750886104314,0.3727638124223098
ETH/BTC,1,0.0001,2.5,8,-4.248434825332659,-1.8490630836615676,11.371291860139168,50.0,30.0,0.15450750886104314,0.3727638124223098
ETH/BTC,1,0.001,1.0,15,-4.824500845610136,0.9646487985212504,12.578386074462879,66.66666666666666,21.866666666666667,0.15450750886104314,0.3727638124223098
ETH/BTC,1,0.001,1.5,10,-9.988777672834084,0.3646386597681128,17.664258282821407,50.0,25.5,0.15450750886104314,0.3727638124223098
ETH/BTC,1,0.001,2.0,8,-11.59158115946109,1.5198148457867044,19.21729241065996,62.5,25.375,0.15450750886104314,0.3727638124223098
ETH/BTC,1,0.001,2.5,4,-9.17953049286437,-7.105258513590463,16.762739939470265,50.0,27.5,0.15450750886104314,0.3727638124223098
ETH/BTC,1,0.01,1.0,20,-3.7640062740989544,-0.0953211459813974,8.76098017081047,50.0,14.85,0.15450750886104314,0.3727638124223098
ETH/BTC,1,0.01,1.5,11,-7.295550494263176,-0.6356140984791203,10.846439044087335,36.36363636363637,18.363636363636363,0.15450750886104314,0.3727638124223098
ETH/BTC,1,0.01,2.0,9,-8.697224333585881,-0.6356140984791203,13.198434484714706,44.44444444444444,18.444444444444443,0.15450750886104314,0.3727638124223098
ETH/BTC,1,0.01,2.5,4,-10.061023501331142,-7.701815517047067,16.732930868827324,50.0,20.0,0.15450750886104314,0.3727638124223098
ETH/BTC,2,0.0001,1.0,18,3.7419276039721012,4.494736742480115,7.055120290288395,77.77777777777779,19.38888888888889,0.07128128305093151,0.19878425102301106
ETH/BTC,2,0.0001,1.5,10,3.7347705343363145,8.643536478328308,10.748414427016812,80.0,23.3,0.07128128305093151,0.19878425102301106
ETH/BTC,2,0.0001,2.0,7,6.513775977599392,12.307240979069157,14.414137425615985,71.42857142857143,24.285714285714285,0.07128128305093151,0.19878425102301106
ETH/BTC,2,0.0001,2.5,6,7.787340940727063,6.640221048883732,9.662458342744719,83.33333333333334,19.666666666666668,0.07128128305093151,0.19878425102301106
ETH/BTC,2,0.001,1.0,17,0.3712003974267212,2.2922902946850288,6.912781914888109,76.47058823529412,21.352941176470587,0.07128128305093151,0.19878425102301106
ETH/BTC,2,0.001,1.5,12,-0.21948382223935328,2.3656346720018595,9.127694988221371,58.333333333333336,22.666666666666668,0.07128128305093151,0.19878425102301106
ETH/BTC,2,0.001,2.0,8,-0.7593181582881985,2.3656346720018595,9.754269162954648,75.0,23.5,0.07128128305093151,0.19878425102301106
ETH/BTC,2,0.001,2.5,5,-4.173237216502956,2.4389790493186903,12.648502497485598,60.0,27.8,0.07128128305093151,0.19878425102301106
ETH/BTC,2,0.01,1.0,23,-0.6412480861995035,2.3591790533496138,6.101458888387318,65.21739130434783,13.217391304347826,0.07128128305093151,0.19878425102301106
ETH/BTC,2,0.01,1.5,12,-1.891314125608525,0.028295016254664684,7.642269516226797,50.0,17.833333333333332,0.07128128305093151,0.19878425102301106
ETH/BTC,2,0.01,2.0,10,-2.688755784787759,-0.34448640633429894,8.175596639765223,50.0,19.1,0.07128128305093151,0.19878425102301106
ETH/BTC,2,0.01,2.5,4,-7.5520906667351095,-7.701815517047067,14.223998034231291,50.0,20.25,0.07128128305093151,0.19878425102301106
ETH/BTC,3,0.0001,1.0,16,1.966970803043102,3.2296140442770014,6.465166035127098,87.5,20.5,0.03010113580739267,0.105227107251048
ETH/BTC,3,0.0001,1.5,10,3.2242556881671276,3.3452893544258675,7.485447108078529,90.0,22.0,0.03010113580739267,0.105227107251048
ETH/BTC,3,0.0001,2.0,8,4.914446294848564,5.481800414860377,10.22965813762549,87.5,22.125,0.03010113580739267,0.105227107251048
ETH/BTC,3,0.0001,2.5,6,7.10789848052772,6.375808985668618,8.983015882545377,83.33333333333334,16.5,0.03010113580739267,0.105227107251048
ETH/BTC,3,0.001,1.0,19,0.34791977033800386,2.4389790493186903,6.302574917499,68.42105263157895,16.789473684210527,0.03010113580739267,0.105227107251048
ETH/BTC,3,0.001,1.5,13,-0.12715948421219225,2.4389790493186903,7.313480448537904,69.23076923076923,18.846153846153847,0.03010113580739267,0.105227107251048
ETH/BTC,3,0.001,2.0,10,-0.6070763366143118,2.3656346720018595,7.960606889578156,70.0,19.6,0.03010113580739267,0.105227107251048
ETH/BTC,3,0.001,2.5,6,-5.79669087292818,0.7230403540203878,8.48278117072593,50.0,24.0,0.03010113580739267,0.105227107251048
ETH/BTC,3,0.01,1.0,24,0.5112940939775346,2.52792137692206,5.475182703854448,70.83333333333334,11.5,0.03010113580739267,0.105227107251048
ETH/BTC,3,0.01,1.5,13,-0.3613086989148744,3.3891442900428337,7.364361081986053,61.53846153846154,14.846153846153847,0.03010113580739267,0.105227107251048
ETH/BTC,3,0.01,2.0,10,-1.9872367055353428,2.076523599472835,7.638691732597694,70.0,17.6,0.03010113580739267,0.105227107251048
ETH/BTC,3,0.01,2.5,5,-6.4600174893422615,1.598617081491227,10.960853471430859,60.0,19.8,0.03010113580739267,0.105227107251048
ETH/BTC,4,0.0001,1.0,17,1.102724925557635,0.058511182949860796,3.622452241631348,52.94117647058824,22.823529411764707,0.46511622620878673,0.0023751612229165275
ETH/BTC,4,0.0001,1.5,11,0.1806577273708495,-0.04777830864787225,4.570358146356541,45.45454545454545,27.727272727272727,0.46511622620878673,0.0023751612229165275
ETH/BTC,4,0.0001,2.0,10,0.09284617626208931,-0.031109457644173943,5.193716317553244,50.0,26.9,0.46511622620878673,0.0023751612229165275
ETH/BTC,4,0.0001,2.5,8,1.9312493698060789,-0.9178367035965473,5.303588827310001,50.0,25.625,0.46511622620878673,0.0023751612229165275
ETH/BTC,4,0.001,1.0,18,0.9701539838950389,2.1437024401378126,4.511613669874541,61.111111111111114,16.833333333333332,0.46511622620878673,0.0023751612229165275
ETH/BTC,4,0.001,1.5,11,1.2354022156078934,0.29382672950484245,4.422506178186908,54.54545454545454,20.09090909090909,0.46511622620878673,0.0023751612229165275
ETH/BTC,4,0.001,2.0,9,1.8282697405586643,1.1572373254959523,4.273141543943982,66.66666666666666,19.555555555555557,0.46511622620878673,0.0023751612229165275
ETH/BTC,4,0.001,2.5,7,1.3524510870442659,0.3968253968253954,4.495857691396815,57.14285714285714,21.428571428571427,0.46511622620878673,0.0023751612229165275
ETH/BTC,4,0.01,1.0,24,1.7183509853913457,2.492821062856676,3.8035532754371535,75.0,10.25,0.46511622620878673,0.0023751612229165275
ETH/BTC,4,0.01,1.5,15,1.4423677410950524,2.6386645126548314,4.316602019067215,60.0,12.4,0.46511622620878673,0.0023751612229165275
ETH/BTC,4,0.01,2.0,10,0.5557227438583622,1.934070226143736,3.8572728282207613,70.0,16.6,0.46511622620878673,0.0023751612229165275
ETH/BTC,4,0.01,2.5,6,0.03739527890011529,1.5374037788408512,2.788286771513462,83.33333333333334,17.166666666666668,0.46511622620878673,0.0023751612229165275
ETH/BTC,5,0.0001,1.0,19,1.6274933562907736,0.11461234911791518,5.60274524499949,52.63157894736842,20.63157894736842,0.23553750663040152,0.09459821300655658
ETH/BTC,5,0.0001,1.5,14,1.4487035327810538,-1.075484358917489,7.129774492746525,42.857142857142854,23.142857142857142,0.23553750663040152,0.09459821300655658
ETH/BTC,5,0.0001,2.0,10,0.06479055030248135,0.4611503600399969,4.382846863098874,60.0,27.2,0.23553750663040152,0.09459821300655658
ETH/BTC,5,0.0001,2.5,9,1.2488068366784262,0.3968253968253954,6.5108116681301205,66.66666666666666,26.22222222222222,0.23553750663040152,0.09459821300655658
ETH/BTC,5,0.001,1.0,18,2.1867496212039046,2.907034891674182,5.393681372328902,61.111111111111114,16.666666666666668,0.23553750663040152,0.09459821300655658
ETH/BTC,5,0.001,1.5,14,2.970670710169118,4.785801603941698,5.796774569915425,57.14285714285714,17.714285714285715,0.23553750663040152,0.09459821300655658
ETH/BTC,5,0.001,2.0,11,2.3616958766879055,1.1572373254959523,5.870768176017938,63.63636363636363,20.181818181818183,0.23553750663040152,0.09459821300655658
ETH/BTC,5,0.001,2.5,8,3.821835201474831,1.2845544475598492,6.755647899429542,62.5,20.125,0.23553750663040152,0.09459821300655658
ETH/BTC,5,0.01,1.0,26,3.2029710367172517,3.9020451733555674,4.689631328699052,84.61538461538461,10.076923076923077,0.23553750663040152,0.09459821300655658
ETH/BTC,5,0.01,1.5,19,3.666611578054865,4.438680133899453,5.25263815418472,73.68421052631578,10.947368421052632,0.23553750663040152,0.09459821300655658
ETH/BTC,5,0.01,2.0,11,3.0168366743644097,1.7024426350851218,5.571930886869885,72.72727272727273,15.0,0.23553750663040152,0.09459821300655658
ETH/BTC,5,0.01,2.5,8,2.2731847121233413,1.5374037788408512,4.33635333158335,87.5,15.875,0.23553750663040152,0.09459821300655658
ETH/BTC,6,0.0001,1.0,17,-0.40218840758402297,-4.211822660098519,7.771344167194151,47.05882352941176,22.235294117647058,0.7986264592336347,0.5171973899822647
ETH/BTC,6,0.0001,1.5,14,-2.5559138009291202,-4.9240832366175935,6.8291170840470405,35.714285714285715,25.714285714285715,0.7986264592336347,0.5171973899822647
ETH/BTC,6,0.0001,2.0,12,-2.421096793124571,-4.388645714210599,6.734912228918097,25.0,27.833333333333332,0.7986264592336347,0.5171973899822647
ETH/BTC,6,0.0001,2.5,11,-1.743884503479508,-4.342750408592111,7.029157602390341,27.27272727272727,26.454545454545453,0.7986264592336347,0.5171973899822647
ETH/BTC,6,0.001,1.0,18,0.7756750511305459,3.9316926756544746,6.6467628991913354,55.55555555555556,19.555555555555557,0.7986264592336347,0.5171973899822647
ETH/BTC,6,0.001,1.5,15,1.5369258440407578,6.095832151970515,7.007123451077906,53.333333333333336,20.333333333333332,0.7986264592336347,0.5171973899822647
ETH/BTC,6,0.001,2.0,13,0.32751517315234496,-1.5173945225758656,7.316131013269523,46.15384615384615,21.846153846153847,0.7986264592336347,0.5171973899822647
ETH/BTC,6,0.001,2.5,10,2.478045867121922,0.6620686057985881,7.346432713633368,50.0,21.1,0.7986264592336347,0.5171973899822647
ETH/BTC,6,0.01,1.0,25,2.418199026877446,3.1963470319634535,5.494966157034738,80.0,11.76,0.7986264592336347,0.5171973899822647
ETH/BTC,6,0.01,1.5,20,2.853839580945665,3.3216361090095403,5.87993651137789,70.0,12.1,0.7986264592336347,0.5171973899822647
ETH/BTC,6,0.01,2.0,14,2.906754377414669,2.8029741533601324,6.435229018862919,71.42857142857143,13.214285714285714,0.7986264592336347,0.5171973899822647
ETH/BTC,6,0.01,2.5,10,2.390899051361821,2.1705535738699764,6.3097316869256845,80.0,14.3,0.7986264592336347,0.5171973899822647
ETH/BTC,7,0.0001,1.0,15,-3.6800897368207894,-3.7057522123893794,8.945908083849963,20.0,25.533333333333335,0.9154515986615201,0.5603853222096851
ETH/BTC,7,0.0001,1.5,14,-4.244669667719663,-6.277959570078357,9.431712505094463,21.428571428571427,27.214285714285715,0.9154515986615201,0.5603853222096851
ETH/BTC,7,0.0001,2.0,13,-3.981150803532354,-7.5646468544963374,10.589300700866424,23.076923076923077,28.0,0.9154515986615201,0.5603853222096851
ETH/BTC,7,0.0001,2.5,11,-2.817687720693584,-6.06214977075904,11.91843257263897,27.27272727272727,27.90909090909091,0.9154515986615201,0.5603853222096851
ETH/BTC,7,0.001,1.0,17,-1.502615777260742,1.4997973246858587,9.411704591366895,52.94117647058824,22.705882352941178,0.9154515986615201,0.5603853222096851
ETH/BTC,7,0.001,1.5,15,-1.4800133953124026,-1.5173945225758656,9.753663972013028,46.666666666666664,23.733333333333334,0.9154515986615201,0.5603853222096851
ETH/BTC,7,0.001,2.0,13,-3.262800598247223,-5.755693581780541,11.098905730817892,30.76923076923077,24.615384615384617,0.9154515986615201,0.5603853222096851
ETH/BTC,7,0.001,2.5,11,-1.4894879365959754,-1.5173945225758656,9.605359141658862,36.36363636363637,23.90909090909091,0.9154515986615201,0.5603853222096851
ETH/BTC,7,0.01,1.0,20,-0.732011577822663,0.5251208778092931,6.44671436195169,55.00000000000001,16.05,0.9154515986615201,0.5603853222096851
ETH/BTC,7,0.01,1.5,17,-0.4158367714576779,-0.5490196078431264,6.741317744647863,47.05882352941176,17.235294117647058,0.9154515986615201,0.5603853222096851
ETH/BTC,7,0.01,2.0,14,0.136091726662965,-1.5207210486134048,6.384940509423975,42.857142857142854,16.642857142857142,0.9154515986615201,0.5603853222096851
ETH/BTC,7,0.01,2.5,10,0.681938592506538,0.8333258272061272,7.111614719236746,50.0,17.8,0.9154515986615201,0.5603853222096851
BNB/BTC,1,0.0001,1.0,17,-6.003593663110724,4.569362261669951,15.347647404768475,52.94117647058824,21.647058823529413,0.00039844623738534543,0.0057586666815497645
BNB/BTC,1,0.0001,1.5,14,-8.133996439814828,2.0448458985041107,17.861699047156346,50.0,25.214285714285715,0.00039844623738534543,0.0057586666815497645
BNB/BTC,1,0.0001,2.0,13,-5.223114551045271,4.644665618997745,18.17679414625547,61.53846153846154,26.615384615384617,0.00039844623738534543,0.0057586666815497645
BNB/BTC,1,0.0001,2.5,10,-2.4222311918493133,8.37876734225112,18.334539820279122,80.0,28.5,0.00039844623738534543,0.0057586666815497645
BNB/BTC,1,0.001,1.0,19,-2.0124124515866604,4.900626191124413,15.863522417396473,63.1578947368421,17.894736842105264,0.00039844623738534543,0.0057586666815497645
BNB/BTC,1,0.001,1.5,14,-3.733451730467145,4.207054377247765,16.55540539090554,78.57142857142857,19.642857142857142,0.00039844623738534543,0.0057586666815497645
BNB/BTC,1,0.001,2.0,10,1.2143831094258366,7.077152754165256,16.003782026823238,80.0,13.8,0.00039844623738534543,0.0057586666815497645
BNB/BTC,1,0.001,2.5,5,-6.103930290025882,4.2381212452211825,23.774298018003723,60.0,17.0,0.00039844623738534543,0.0057586666815497645
BNB/BTC,1,0.01,1.0,22,0.654446319455036,3.242932607349447,9.048439163467576,72.72727272727273,13.181818181818182,0.00039844623738534543,0.0057586666815497645
BNB/BTC,1,0.01,1.5,15,0.11790643186666389,6.031109838725057,9.315904293782985,73.33333333333333,11.866666666666667,0.00039844623738534543,0.0057586666815497645
BNB/BTC,1,0.01,2.0,11,2.631918904557742,8.116567728008617,11.123122756728705,81.81818181818183,11.727272727272727,0.00039844623738534543,0.0057586666815497645
BNB/BTC,1,0.01,2.5,5,6.49979291253473,8.002903547772423,6.49979291253473,100.0,8.0,0.00039844623738534543,0.0057586666815497645
BNB/BTC,2,0.0001,1.0,18,0.8365678175144399,4.5862259546941235,7.940586431590388,55.55555555555556,20.77777777777778,0.6612475715774835,0.20425409512614917
BNB/BTC,2,0.0001,1.5,15,0.06612002450200478,4.108750764927005,7.819979299165121,53.333333333333336,23.6,0.6612475715774835,0.20425409512614917
BNB/BTC,2,0.0001,2.0,13,2.4541145315419297,6.629410475564312,13.148145557308554,61.53846153846154,25.846153846153847,0.6612475715774835,0.20425409512614917
BNB/BTC,2,0.0001,2.5,10,0.14007536093058165,-2.4902137678507907,9.349969314062061,40.0,27.5,0.6612475715774835,0.20425409512614917
BNB/BTC,2,0.001,1.0,20,-0.7317750572313019,-0.02021078772196372,8.632242698401862,50.0,19.05,0.6612475715774835,0.20425409512614917
BNB/BTC,2,0.001,1.5,15,-0.4867998743926795,2.1187800963081926,7.1360220389915145,66.66666666666666,21.866666666666667,0.6612475715774835,0.20425409512614917
BNB/BTC,2,0.001,2.0,11,-0.5599797174017811,-2.011817670230731,8.009658259786512,45.45454545454545,20.363636363636363,0.6612475715774835,0.20425409512614917
BNB/BTC,2,0.001,2.5,7,-1.7698839521282357,-1.603308183401042,5.950630963151639,42.857142857142854,22.857142857142858,0.6612475715774835,0.20425409512614917
BNB/BTC,2,0.01,1.0,23,-0.24842696710791082,2.1022905553812254,5.533337262017306,65.21739130434783,12.217391304347826,0.6612475715774835,0.20425409512614917
BNB/BTC,2,0.01,1.5,16,-0.24501083949190738,1.6809289829972984,6.29168723607264,62.5,12.5,0.6612475715774835,0.20425409512614917
BNB/BTC,2,0.01,2.0,12,2.866602487872768,3.7894938241103073,6.243143045280196,75.0,11.916666666666666,0.6612475715774835,0.20425409512614917
BNB/BTC,2,0.01,2.5,8,4.639576082991746,4.925432588483291,5.449681160698908,87.5,10.125,0.6612475715774835,0.20425409512614917
BNB/BTC,3,0.0001,1.0,17,-1.1112933674267345,0.009719117504125574,7.8283988345297155,52.94117647058824,23.235294117647058,0.8914077209233096,0.4006891735069895
BNB/BTC,3,0.0001,1.5,15,-2.5231688326530364,0.6433241932081613,10.022698486112217,53.333333333333336,23.666666666666668,0.8914077209233096,0.4006891735069895
BNB/BTC,3,0.0001,2.0,12,-2.458708717409149,-1.007814147226349,12.030108802212252,50.0,24.916666666666668,0.8914077209233096,0.4006891735069895
BNB/BTC,3,0.0001,2.5,11,-3.486799977642137,-2.9686098654708504,11.20913839364347,36.36363636363637,25.545454545454547,0.8914077209233096,0.4006891735069895
BNB/BTC,3,0.001,1.0,19,-0.9023503526462848,1.1125238397965642,8.32506934355284,52.63157894736842,20.68421052631579,0.8914077209233096,0.4006891735069895
BNB/BTC,3,0.001,1.5,18,0.37817909531991933,2.090271065411131,7.477161537120572,66.66666666666666,20.166666666666668,0.8914077209233096,0.4006891735069895
BNB/BTC,3,0.001,2.0,13,0.024916519305154185,0.23171468869633838,7.60620764759559,53.84615384615385,19.846153846153847,0.8914077209233096,0.4006891735069895
BNB/BTC,3,0.001,2.5,7,-0.8584555392003009,-1.603308183401042,5.2612051926434145,42.857142857142854,25.428571428571427,0.8914077209233096,0.4006891735069895
BNB/BTC,3,0.01,1.0,24,0.6951963150085603,2.2517572637744343,5.05070953425104,70.83333333333334,11.583333333333334,0.8914077209233096,0.4006891735069895
BNB/BTC,3,0.01,1.5,15,1.0878344374523539,2.2331621004566315,5.501044375050432,66.66666666666666,14.866666666666667,0.8914077209233096,0.4006891735069895
BNB/BTC,3,0.01,2.0,11,2.6300287888642946,2.2331621004566315,4.0218169608169925,72.72727272727273,14.545454545454545,0.8914077209233096,0.4006891735069895
BNB/BTC,3,0.01,2.5,8,4.59094839166345,5.352412042404053,5.401053469370613,87.5,12.0,0.8914077209233096,0.4006891735069895
BNB/BTC,4,0.0001,1.0,15,-3.253600536259454,-4.496402877697836,9.77685439026165,33.33333333333333,28.933333333333334,0.9042154928123226,0.3132666798150512
BNB/BTC,4,0.0001,1.5,15,-2.710238750548287,-5.641670157799183,8.203747203259843,26.666666666666668,27.4,0.9042154928123226,0.3132666798150512
BNB/BTC,4,0.0001,2.0,15,-3.2776204069988157,-2.3288973384030354,8.635667511060037,40.0,26.8,0.9042154928123226,0.3132666798150512
BNB/BTC,4,0.0001,2.5,13,-4.068460523878691,-8.752145133611178,12.15454616470282,30.76923076923077,27.53846153846154,0.9042154928123226,0.3132666798150512
BNB/BTC,4,0.001,1.0,16,-1.5000754728990797,-0.5396341669989368,11.44229091829507,50.0,24.625,0.9042154928123226,0.3132666798150512
BNB/BTC,4,0.001,1.5,15,-1.6007620002587233,0.7751937984496027,8.996533945761554,53.333333333333336,24.466666666666665,0.9042154928123226,0.3132666798150512
BNB/BTC,4,0.001,2.0,11,-3.429919828887702,-2.3288973384030354,9.452525032694707,45.45454545454545,24.454545454545453,0.9042154928123226,0.3132666798150512
BNB/BTC,4,0.001,2.5,8,-4.514885042332099,-7.675676723466334,13.457754199266533,25.0,28.125,0.9042154928123226,0.3132666798150512
BNB/BTC,4,0.01,1.0,21,-0.9991297241934224,0.2833864682961429,6.008749124498233,61.904761904761905,12.619047619047619,0.9042154928123226,0.3132666798150512
BNB/BTC,4,0.01,1.5,13,-0.8913881023998937,1.389812475063179,7.11012546877282,61.53846153846154,16.615384615384617,0.9042154928123226,0.3132666798150512
BNB/BTC,4,0.01,2.0,9,-3.33334212493651,-1.526522258229579,6.931348929282624,33.33333333333333,18.666666666666668,0.9042154928123226,0.3132666798150512
BNB/BTC,4,0.01,2.5,8,-1.6269815283702609,1.1240578492487385,7.464468251293135,50.0,17.875,0.9042154928123226,0.3132666798150512
BNB/BTC,5,0.0001,1.0,17,-1.0131955651966176,-2.4263226417327477,9.981088738210499,35.294117647058826,24.058823529411764,0.2595528302774366,0.7899954293769218
BNB/BTC,5,0.0001,1.5,16,-0.8799680052899395,-1.4051117852626582,9.143605595909545,43.75,24.8125,0.2595528302774366,0.7899954293769218
BNB/BTC,5,0.0001,2.0,13,-1.840415656587683,-2.4263226417327477,11.266359459729342,38.46153846153847,28.384615384615383,0.2595528302774366,0.7899954293769218
BNB/BTC,5,0.0001,2.5,12,-1.459365124383164,-3.984077441583811,12.777382636845468,41.66666666666667,27.166666666666668,0.2595528302774366,0.7899954293769218
BNB/BTC,5,0.001,1.0,17,0.32653147611014693,4.079601990049753,12.044812850204718,58.82352941176471,20.352941176470587,0.2595528302774366,0.7899954293769218
BNB/BTC,5,0.001,1.5,12,-1.6404354751798635,1.0880490601354487,10.996049061441298,50.0,23.75,0.2595528302774366,0.7899954293769218
BNB/BTC,5,0.001,2.0,10,-1.7375909580012603,-2.3776099900678913,10.884763220105697,40.0,22.6,0.2595528302774366,0.7899954293769218
BNB/BTC,5,0.001,2.5,8,-0.8936248922796661,-4.55260933220632,14.159667866341447,37.5,24.25,0.2595528302774366,0.7899954293769218
BNB/BTC,5,0.01,1.0,21,-0.380898783623647,1.6669501615921067,7.380267268436343,61.904761904761905,13.095238095238095,0.2595528302774366,0.7899954293769218
BNB/BTC,5,0.01,1.5,13,-0.37635365734128523,1.9713467048710687,9.546518762323483,61.53846153846154,15.538461538461538,0.2595528302774366,0.7899954293769218
BNB/BTC,5,0.01,2.0,11,-0.8619494931381996,-0.037294878170079926,9.807130917622612,45.45454545454545,17.0,0.2595528302774366,0.7899954293769218
BNB/BTC,5,0.01,2.5,8,0.23904515136101434,1.4622697338302904,8.520389853317248,62.5,17.625,0.2595528302774366,0.7899954293769218
BNB/BTC,6,0.0001,1.0,18,0.6785523712825694,1.6146700461263264,9.87953448768447,55.55555555555556,22.5,0.28906696378827434,0.49071660804639605
BNB/BTC,6,0.0001,1.5,15,-0.702206694335248,-1.6089927264712367,10.663520071224621,46.666666666666664,25.733333333333334,0.28906696378827434,0.49071660804639605
BNB/BTC,6,0.0001,2.0,12,1.7055189483102222,0.49605309789115815,10.302214385925852,50.0,25.833333333333332,0.28906696378827434,0.49071660804639605
BNB/BTC,6,0.0001,2.5,11,3.9705632692018495,6.398903647480491,8.858372909434458,63.63636363636363,24.90909090909091,0.28906696378827434,0.49071660804639605
BNB/BTC,6,0.001,1.0,21,1.9751551346008127,4.0149598504015005,9.954599169299401,71.42857142857143,17.61904761904762,0.28906696378827434,0.49071660804639605
BNB/BTC,6,0.001,1.5,15,2.9991252734836644,5.1262842465753415,12.114339489794908,66.66666666666666,17.4,0.28906696378827434,0.49071660804639605
BNB/BTC,6,0.001,2.0,11,2.522760170776333,7.867989955757482,9.247761496602779,54.54545454545454,20.90909090909091,0.28906696378827434,0.49071660804639605
BNB/BTC,6,0.001,2.5,7,-0.9305695977642368,-2.3288973384030354,9.104740664857948,42.857142857142854,20.714285714285715,0.28906696378827434,0.49071660804639605
BNB/BTC,6,0.01,1.0,26,0.8904926945626938,2.0953049641503463,6.139642493066997,76.92307692307693,11.5,0.28906696378827434,0.49071660804639605
BNB/BTC,6,0.01,1.5,15,0.6798988301250356,3.150625809236074,8.32817731559964,73.33333333333333,12.8,0.28906696378827434,0.49071660804639605
BNB/BTC,6,0.01,2.0,13,0.45301601504684835,2.6419012459621527,8.827431708945603,61.53846153846154,14.076923076923077,0.28906696378827434,0.49071660804639605
BNB/BTC,6,0.01,2.5,8,1.4890533418102772,4.938771422476535,9.090468546113264,62.5,16.125,0.28906696378827434,0.49071660804639605
BNB/BTC,7,0.0001,1.0,15,-1.461380815331492,-1.6089927264712367,8.594760502775777,46.666666666666664,26.066666666666666,0.5133317858664829,0.3074982547290803
BNB/BTC,7,0.0001,1.5,15,-0.9707726114104146,1.9157088122605526,8.497982855393897,60.0,25.133333333333333,0.5133317858664829,0.3074982547290803
BNB/BTC,7,0.0001,2.0,13,3.1577660667438967,5.422923193259144,7.472436069342393,69.23076923076923,25.846153846153847,0.5133317858664829,0.3074982547290803
BNB/BTC,7,0.0001,2.5,10,3.088224789917421,2.9019611172282964,5.974766468635694,60.0,26.7,0.5133317858664829,0.3074982547290803
BNB/BTC,7,0.001,1.0,19,0.6978763641468073,3.865456486919372,7.270260635063283,73.68421052631578,17.42105263157895,0.5133317858664829,0.3074982547290803
BNB/BTC,7,0.001,1.5,13,1.8988289228898494,5.1262842465753415,9.007711806188713,76.92307692307693,17.23076923076923,0.5133317858664829,0.3074982547290803
BNB/BTC,7,0.001,2.0,9,3.4154724413293325,6.312148724600075,8.743462743975428,66.66666666666666,18.22222222222222,0.5133317858664829,0.3074982547290803
BNB/BTC,7,0.001,2.5,7,4.7396511274799495,8.372093023255811,10.688279541458543,71.42857142857143,16.285714285714285,0.5133317858664829,0.3074982547290803
BNB/BTC,7,0.01,1.0,24,1.190573673715581,2.0953049641503463,5.055628485196768,79.16666666666666,11.541666666666666,0.5133317858664829,0.3074982547290803
BNB/BTC,7,0.01,1.5,13,0.2975291365194034,2.9065542799011745,7.134166291636324,69.23076923076923,13.23076923076923,0.5133317858664829,0.3074982547290803
BNB/BTC,7,0.01,2.0,11,0.0441292350941026,2.6419012459621527,7.406442209432925,63.63636363636363,14.272727272727273,0.5133317858664829,0.3074982547290803
BNB/BTC,7,0.01,2.5,6,1.943121164194337,5.304651418878309,8.074413433258448,83.33333333333334,14.833333333333334,0.5133317858664829,0.3074982547290803
SOL/BTC,1,0.0001,1.0,14,-26.502538484973456,-6.210724186468974,37.59849617560459,50.0,28.357142857142858,0.011756806723781998,0.20286548756851658
SOL/BTC,1,0.0001,1.5,13,-29.529749963777952,-16.61683197199535,39.502133516844566,46.15384615384615,30.0,0.011756806723781998,0.20286548756851658
SOL/BTC,1,0.0001,2.0,13,-25.612003962495393,4.195383599057401,38.399207646108216,53.84615384615385,29.923076923076923,0.011756806723781998,0.20286548756851658
SOL/BTC,1,0.0001,2.5,13,-31.922884164016544,2.441108915122059,46.94697139948415,53.84615384615385,29.692307692307693,0.011756806723781998,0.20286548756851658
SOL/BTC,1,0.001,1.0,18,-10.993063042895914,7.438181654007075,30.519127207458023,55.55555555555556,22.22222222222222,0.011756806723781998,0.20286548756851658
SOL/BTC,1,0.001,1.5,12,-22.708686034308815,-9.932670387283876,35.998614367998705,41.66666666666667,27.166666666666668,0.011756806723781998,0.20286548756851658
SOL/BTC,1,0.001,2.0,11,-20.5692013920838,-17.878556633598595,40.192217814384804,45.45454545454545,25.09090909090909,0.011756806723781998,0.20286548756851658
SOL/BTC,1,0.001,2.5,10,-21.058872964238784,-18.866314333824224,41.32203266793694,40.0,26.0,0.011756806723781998,0.20286548756851658
SOL/BTC,1,0.01,1.0,17,-16.159175003785375,6.705532306054829,27.571456659059965,64.70588235294117,16.058823529411764,0.011756806723781998,0.20286548756851658
SOL/BTC,1,0.01,1.5,12,-17.112922357423844,6.533250122311446,34.180075526332786,58.333333333333336,16.666666666666668,0.011756806723781998,0.20286548756851658
SOL/BTC,1,0.01,2.0,8,-26.660796815485817,-14.528108703407277,46.31090842767859,37.5,20.75,0.011756806723781998,0.20286548756851658
SOL/BTC,1,0.01,2.5,6,-33.81918338879628,-11.067696087326755,44.063388521599244,50.0,19.333333333333332,0.011756806723781998,0.20286548756851658
SOL/BTC,2,0.0001,1.0,15,-5.048106353724202,-3.850641773628938,19.042718919011783,46.666666666666664,27.066666666666666,0.8089644665343899,0.4920227357780734
SOL/BTC,2,0.0001,1.5,13,-4.374785945117869,-4.663243372342962,21.81414470839731,46.15384615384615,27.076923076923077,0.8089644665343899,0.4920227357780734
SOL/BTC,2,0.0001,2.0,12,-3.7742619433421942,-1.8921862523000599,20.522814580030804,41.66666666666667,27.416666666666668,0.8089644665343899,0.4920227357780734
SOL/BTC,2,0.0001,2.5,11,-2.706655559752333,-1.69053768490256,20.768487088854243,36.36363636363637,26.90909090909091,0.8089644665343899,0.4920227357780734
SOL/BTC,2,0.001,1.0,19,-0.5547378460128719,2.619314494720082,17.077682841368695,63.1578947368421,18.157894736842106,0.8089644665343899,0.4920227357780734
SOL/BTC,2,0.001,1.5,11,-5.25086191087057,-0.2557217747091056,21.320426578363,45.45454545454545,23.636363636363637,0.8089644665343899,0.4920227357780734
SOL/BTC,2,0.001,2.0,10,-0.74433589952732,8.327901209468202,24.821737728034226,60.0,21.5,0.8089644665343899,0.4920227357780734
SOL/BTC,2,0.001,2.5,9,-2.7436376534508042,6.4329081110580555,25.66311082161758,55.55555555555556,22.0,0.8089644665343899,0.4920227357780734
SOL/BTC,2,0.01,1.0,18,-6.071223089419962,1.0968745988560125,12.896230521005675,55.55555555555556,15.222222222222221,0.8089644665343899,0.4920227357780734
SOL/BTC,2,0.01,1.5,12,-10.07274867580273,-0.380775537547029,16.027201819390452,50.0,19.083333333333332,0.8089644665343899,0.4920227357780734
SOL/BTC,2,0.01,2.0,11,-7.703721895913469,-1.7205077302532512,17.883284766136885,45.45454545454545,18.545454545454547,0.8089644665343899,0.4920227357780734
SOL/BTC,2,0.01,2.5,6,-7.025309921700868,-5.03035626642831,11.222000212832496,50.0,18.833333333333332,0.8089644665343899,0.4920227357780734
SOL/BTC,3,0.0001,1.0,13,-0.7391239929344382,1.853785900783289,18.555245031691754,53.84615384615385,28.384615384615383,0.5228974498315652,0.9646638761781461
SOL/BTC,3,0.0001,1.5,12,-0.11957782227474138,0.3264004571801038,19.26268544477271,50.0,28.166666666666668,0.5228974498315652,0.9646638761781461
SOL/BTC,3,0.0001,2.0,12,1.4423850943536334,-2.1533357755182116,18.781269403767606,41.66666666666667,28.083333333333332,0.5228974498315652,0.9646638761781461
SOL/BTC,3,0.0001,2.5,11,1.3372144131014385,-6.834971787563271,23.048249532418055,36.36363636363637,29.363636363636363,0.5228974498315652,0.9646638761781461
SOL/BTC,3,0.001,1.0,16,1.8969657350777536,6.03066268219703,13.651080165814323,75.0,19.4375,0.5228974498315652,0.9646638761781461
SOL/BTC,3,0.001,1.5,10,2.493320620341094,8.058421734688304,18.149057844857953,70.0,24.0,0.5228974498315652,0.9646638761781461
SOL/BTC,3,0.001,2.0,8,12.416962980180427,13.417681507263378,27.90540090782456,75.0,19.625,0.5228974498315652,0.9646638761781461
SOL/BTC,3,0.001,2.5,8,12.537817553374133,13.217888895996943,28.026255481018268,75.0,18.5,0.5228974498315652,0.9646638761781461
SOL/BTC,3,0.01,1.0,20,-3.103132288979885,0.8988121764617163,12.825994336491533,60.0,14.0,0.5228974498315652,0.9646638761781461
SOL/BTC,3,0.01,1.5,15,-0.8580995936836188,4.5510136011562725,12.888412480295147,66.66666666666666,15.466666666666667,0.5228974498315652,0.9646638761781461
SOL/BTC,3,0.01,2.0,10,-1.4321049396411698,5.552028856721042,13.940232919344089,60.0,16.4,0.5228974498315652,0.9646638761781461
SOL/BTC,3,0.01,2.5,6,-1.9074120463815127,3.4667708641122172,8.996625230239156,66.66666666666666,19.333333333333332,0.5228974498315652,0.9646638761781461
SOL/BTC,4,0.0001,1.0,15,-3.17197875239671,3.40127388535032,20.106321445747845,53.333333333333336,22.8,0.816867906037223,0.9226566338740992
SOL/BTC,4,0.0001,1.5,13,-6.275891850629071,0.1837975399406222,14.873306533518969,53.84615384615385,23.23076923076923,0.816867906037223,0.9226566338740992
SOL/BTC,4,0.0001,2.0,12,-8.507759962317463,1.5727760553206072,18.239207428994106,50.0,24.75,0.816867906037223,0.9226566338740992
SOL/BTC,4,0.0001,2.5,8,-4.405068748884047,-4.4764726326969715,25.020114330320673,50.0,27.5,0.816867906037223,0.9226566338740992
SOL/BTC,4,0.001,1.0,15,-4.4649991092927825,2.1290209993601428,13.693434259545676,66.66666666666666,23.0,0.816867906037223,0.9226566338740992
SOL/BTC,4,0.001,1.5,10,-6.289493739950764,0.9720888995547017,17.03556665256945,60.0,26.0,0.816867906037223,0.9226566338740992
SOL/BTC,4,0.001,2.0,8,-4.5581634190470615,2.2407603994652803,24.534231627925926,62.5,23.25,0.816867906037223,0.9226566338740992
SOL/BTC,4,0.001,2.5,5,-0.9486088305227426,6.4329081110580555,36.52196832424399,60.0,23.0,0.816867906037223,0.9226566338740992
SOL/BTC,4,0.01,1.0,19,-5.866059636008904,2.561870414127587,16.402756725293205,63.1578947368421,14.105263157894736,0.816867906037223,0.9226566338740992
SOL/BTC,4,0.01,1.5,13,-4.214818197260252,1.0020294266869678,15.377155848965852,61.53846153846154,16.076923076923077,0.816867906037223,0.9226566338740992
SOL/BTC,4,0.01,2.0,8,-11.280068936306986,-2.719908376442575,17.96539265630236,50.0,18.875,0.816867906037223,0.9226566338740992
SOL/BTC,4,0.01,2.5,7,-4.067240241007455,4.330430689574005,12.895300217586668,71.42857142857143,19.142857142857142,0.816867906037223,0.9226566338740992
SOL/BTC,5,0.0001,1.0,15,-7.593245692904934,-0.8512748460680175,18.432115590746925,46.666666666666664,28.533333333333335,0.7918121971979751,0.2995252704683471
SOL/BTC,5,0.0001,1.5,14,-5.888001433328323,-1.185027473012057,22.53480561275773,42.857142857142854,27.428571428571427,0.7918121971979751,0.2995252704683471
SOL/BTC,5,0.0001,2.0,11,-6.755789271980513,1.5946455844039198,23.567644899589098,63.63636363636363,28.636363636363637,0.7918121971979751,0.2995252704683471
SOL/BTC,5,0.0001,2.5,9,-10.245296896416352,-1.204033730331222,19.198352234513052,44.44444444444444,29.22222222222222,0.7918121971979751,0.2995252704683471
SOL/BTC,5,0.001,1.0,14,-5.235353827633462,1.492190299358287,15.398954952940466,64.28571428571429,24.0,0.7918121971979751,0.2995252704683471
SOL/BTC,5,0.001,1.5,9,-10.780634346508062,0.8639308855291628,17.816239462538434,55.55555555555556,28.0,0.7918121971979751,0.2995252704683471
SOL/BTC,5,0.001,2.0,9,-8.891173903602272,1.0802469135802406,19.705699905444227,55.55555555555556,26.77777777777778,0.7918121971979751,0.2995252704683471
SOL/BTC,5,0.001,2.5,4,-4.16279883683074,7.564942195622826,24.93486893587486,50.0,29.0,0.7918121971979751,0.2995252704683471
SOL/BTC,5,0.01,1.0,18,-5.687483367842187,3.2468684930822445,13.016593149453783,61.111111111111114,15.222222222222221,0.7918121971979751,0.2995252704683471
SOL/BTC,5,0.01,1.5,12,-3.582251736796337,1.7449918299593636,10.128292234296934,66.66666666666666,16.25,0.7918121971979751,0.2995252704683471
SOL/BTC,5,0.01,2.0,7,-7.8662180717704855,1.9799735499716697,14.254207755569599,57.14285714285714,18.857142857142858,0.7918121971979751,0.2995252704683471
SOL/BTC,5,0.01,2.5,6,-3.6566538840903617,3.3564794083210834,12.693404619591929,83.33333333333334,19.666666666666668,0.7918121971979751,0.2995252704683471
SOL/BTC,6,0.0001,1.0,17,-5.380420220255198,1.7744804546835025,15.67211955064954,52.94117647058824,23.0,0.15024016379186217,0.2783699471392036
SOL/BTC,6,0.0001,1.5,15,-7.066159232121948,-1.1660212156928917,17.544630234494814,46.666666666666664,25.333333333333332,0.15024016379186217,0.2783699471392036
SOL/BTC,6,0.0001,2.0,11,-9.492742443316256,1.5946455844039198,19.640287177238694,54.54545454545454,28.454545454545453,0.15024016379186217,0.2783699471392036
SOL/BTC,6,0.0001,2.5,9,-3.9913102792645674,6.14849187935036,14.20127253895514,55.55555555555556,26.77777777777778,0.15024016379186217,0.2783699471392036
SOL/BTC,6,0.001,1.0,17,-1.8006101793697733,3.53487639741773,13.61478027678568,64.70588235294117,18.176470588235293,0.15024016379186217,0.2783699471392036
SOL/BTC,6,0.001,1.5,13,-2.567382417056995,6.337008127464394,17.230453296898276,69.23076923076923,19.384615384615383,0.15024016379186217,0.2783699471392036
SOL/BTC,6,0.001,2.0,10,-5.909482695048895,9.44203648208985,19.827703733092953,60.0,20.0,0.15024016379186217,0.2783699471392036
SOL/BTC,6,0.001,2.5,5,-9.630021900625849,-4.07924863324145,22.725367237928673,40.0,25.8,0.15024016379186217,0.2783699471392036
SOL/BTC,6,0.01,1.0,25,-0.483871440680106,4.001189944965033,9.022634699052979,76.0,10.76,0.15024016379186217,0.2783699471392036
SOL/BTC,6,0.01,1.5,14,-0.06348945577888328,4.291313319952167,8.693811206502003,78.57142857142857,11.714285714285714,0.15024016379186217,0.2783699471392036
SOL/BTC,6,0.01,2.0,9,-0.8745944866045269,5.3564692568842,11.151202604988752,88.88888888888889,13.11111111111111,0.15024016379186217,0.2783699471392036
SOL/BTC,6,0.01,2.5,5,-5.302891213655964,4.330430689574005,14.317178990762784,80.0,17.2,0.15024016379186217,0.2783699471392036
SOL/BTC,7,0.0001,1.0,19,4.550727791672191,6.337008127464394,9.99330402177381,68.42105263157895,17.68421052631579,0.6223052450636177,0.4474097891801089
SOL/BTC,7,0.0001,1.5,14,6.619314559252445,8.529016676881557,13.541885628551322,71.42857142857143,18.571428571428573,0.6223052450636177,0.4474097891801089
SOL/BTC,7,0.0001,2.0,12,6.811566092264003,8.03932714043088,9.77188098178386,83.33333333333334,20.166666666666668,0.6223052450636177,0.4474097891801089
SOL/BTC,7,0.0001,2.5,6,3.5551992404603756,2.4621512485497488,7.75595053233918,83.33333333333334,26.666666666666668,0.6223052450636177,0.4474097891801089
SOL/BTC,7,0.001,1.0,20,4.6231730084105855,5.4020201798215375,8.606636184686682,75.0,15.0,0.6223052450636177,0.4474097891801089
SOL/BTC,7,0.001,1.5,14,6.835649336987964,7.171452266853223,10.270376053369324,85.71428571428571,15.857142857142858,0.6223052450636177,0.4474097891801089
SOL/BTC,7,0.001,2.0,10,6.965872009952955,10.306647122737644,11.412617155417113,80.0,16.9,0.6223052450636177,0.4474097891801089
SOL/BTC,7,0.001,2.5,5,8.292062507765271,10.40335616965592,9.285179518581401,80.0,23.4,0.6223052450636177,0.4474097891801089
SOL/BTC,7,0.01,1.0,29,2.365577329994714,4.468556244464139,6.306035026092701,72.41379310344827,11.068965517241379,0.6223052450636177,0.4474097891801089
SOL/BTC,7,0.01,1.5,16,2.5232160497891103,3.3105999777819917,5.799721174955145,68.75,12.1875,0.6223052450636177,0.4474097891801089
SOL/BTC,7,0.01,2.0,12,5.134453135788413,5.5265028110594585,6.085962393458647,91.66666666666666,10.083333333333334,0.6223052450636177,0.4474097891801089
SOL/BTC,7,0.01,2.5,5,5.640962179555451,5.5978312565395205,5.640962179555451,100.0,12.4,0.6223052450636177,0.4474097891801089
ADA/BTC,1,0.0001,1.0,16,-4.154291187865224,10.194844840354435,25.894484497730343,62.5,25.75,0.00450257265797276,0.054253632540722366
ADA/BTC,1,0.0001,1.5,15,-4.069691238083462,9.391534391534396,22.885623335113344,66.66666666666666,25.733333333333334,0.00450257265797276,0.054253632540722366
ADA/BTC,1,0.0001,2.0,13,-0.7460378396189159,10.049375544583206,28.5040053189075,69.23076923076923,25.923076923076923,0.00450257265797276,0.054253632540722366
ADA/BTC,1,0.0001,2.5,13,2.6950478227068095,14.798426745329408,23.80036864852594,69.23076923076923,24.846153846153847,0.00450257265797276,0.054253632540722366
ADA/BTC,1,0.001,1.0,16,-3.611966250568785,4.689099788503615,24.739452587428026,62.5,21.75,0.00450257265797276,0.054253632540722366
ADA/BTC,1,0.001,1.5,11,-7.5415048995130425,-3.256936067551275,20.587617808052286,45.45454545454545,25.0,0.00450257265797276,0.054253632540722366
ADA/BTC,1,0.001,2.0,8,1.572837468305833,11.157717256906974,20.15746305198024,75.0,26.875,0.00450257265797276,0.054253632540722366
ADA/BTC,1,0.001,2.5,7,0.6563356223937821,10.637381567614113,20.559566098718598,71.42857142857143,26.428571428571427,0.00450257265797276,0.054253632540722366
ADA/BTC,1,0.01,1.0,20,-4.635885787141684,-3.672305734679482,12.77331836118585,45.0,13.8,0.00450257265797276,0.054253632540722366
ADA/BTC,1,0.01,1.5,14,-6.119350594955269,-2.0568691367093606,17.112969464182346,50.0,16.0,0.00450257265797276,0.054253632540722366
ADA/BTC,1,0.01,2.0,7,-4.6921941759621575,5.344694035631292,21.710917759150906,71.42857142857143,16.571428571428573,0.00450257265797276,0.054253632540722366
ADA/BTC,1,0.01,2.5,5,-8.167887021569356,4.865706500583888,28.79646968758893,60.0,19.8,0.00450257265797276,0.054253632540722366
ADA/BTC,2,0.0001,1.0,15,2.1280476206934438,3.9653600729261607,15.430732476229258,53.333333333333336,24.333333333333332,0.7634594975258141,0.47959736903789335
ADA/BTC,2,0.0001,1.5,13,1.5731084781405433,-3.256936067551275,15.052757908589086,46.15384615384615,26.076923076923077,0.7634594975258141,0.47959736903789335
ADA/BTC,2,0.0001,2.0,10,5.511805385222827,6.729169268060515,18.798074236148647,70.0,24.7,0.7634594975258141,0.47959736903789335
ADA/BTC,2,0.0001,2.5,10,3.3077755449462685,6.296567031001471,13.464745364808133,70.0,24.2,0.7634594975258141,0.47959736903789335
ADA/BTC,2,0.001,1.0,17,0.4554004368075688,4.210147535084574,15.038573349773788,58.82352941176471,20.470588235294116,0.7634594975258141,0.47959736903789335
ADA/BTC,2,0.001,1.5,13,2.2715091590365666,0.4857737682165242,11.345102552474271,53.84615384615385,22.53846153846154,0.7634594975258141,0.47959736903789335
ADA/BTC,2,0.001,2.0,6,12.49790697606999,9.66910794709669,12.49790697606999,100.0,22.166666666666668,0.7634594975258141,0.47959736903789335
ADA/BTC,2,0.001,2.5,6,12.641687075908406,9.84274936121291,12.641687075908406,100.0,22.0,0.7634594975258141,0.47959736903789335
ADA/BTC,2,0.01,1.0,21,-2.5061113183017008,-0.5842696629213551,6.700678258973572,47.61904761904761,13.095238095238095,0.7634594975258141,0.47959736903789335
ADA/BTC,2,0.01,1.5,13,-0.026701632459041873,2.147131291798665,11.714964576403746,53.84615384615385,15.692307692307692,0.7634594975258141,0.47959736903789335
ADA/BTC,2,0.01,2.0,8,9.265074264024351,5.572748331204924,9.32934161620944,87.5,12.625,0.7634594975258141,0.47959736903789335
ADA/BTC,2,0.01,2.5,6,11.308003798544503,7.975165526811612,11.308003798544503,100.0,13.833333333333334,0.7634594975258141,0.47959736903789335
ADA/BTC,3,0.0001,1.0,15,-1.7368589794917795,-3.2808988764045033,10.611524335762757,40.0,23.533333333333335,0.916218990705669,0.980538199738332
ADA/BTC,3,0.0001,1.5,13,-1.0362108064646853,2.1452949780594865,13.981132293758936,53.84615384615385,25.307692307692307,0.916218990705669,0.980538199738332
ADA/BTC,3,0.0001,2.0,12,-1.5058462192004896,1.6745454214761923,10.81308019411778,58.333333333333336,25.25,0.916218990705669,0.980538199738332
ADA/BTC,3,0.0001,2.5,9,-1.9740324405282275,2.529761904761907,12.261991892517317,55.55555555555556,27.666666666666668,0.916218990705669,0.980538199738332
ADA/BTC,3,0.001,1.0,16,2.8935355674207983,6.013364101921754,12.948075442211838,68.75,19.5625,0.916218990705669,0.980538199738332
ADA/BTC,3,0.001,1.5,9,3.157088377633334,7.197943444730082,11.725804293279323,55.55555555555556,21.88888888888889,0.916218990705669,0.980538199738332
ADA/BTC,3,0.001,2.0,6,10.114045310422382,7.949388885654674,14.022840098695996,83.33333333333334,23.833333333333332,0.916218990705669,0.980538199738332
ADA/BTC,3,0.001,2.5,5,9.035614745156995,8.700834326579265,12.288302917200005,80.0,24.0,0.916218990705669,0.980538199738332
ADA/BTC,3,0.01,1.0,16,-2.1369235486899187,-1.6494892243530734,4.748678620568418,37.5,13.6875,0.916218990705669,0.980538199738332
ADA/BTC,3,0.01,1.5,13,1.3425119147036186,0.23540489642184248,7.636645615329834,53.84615384615385,13.692307692307692,0.916218990705669,0.980538199738332
ADA/BTC,3,0.01,2.0,9,5.6723849606828445,3.7275064267352165,6.4803701907424065,77.77777777777779,13.666666666666666,0.916218990705669,0.980538199738332
ADA/BTC,3,0.01,2.5,8,6.85650568384577,4.296606463659552,6.85650568384577,100.0,14.375,0.916218990705669,0.980538199738332
ADA/BTC,4,0.0001,1.0,16,-3.389453024063233,-4.979623025980639,8.843589741773876,31.25,27.3125,0.49048871692253737,0.8143690283375693
ADA/BTC,4,0.0001,1.5,15,-2.0804230016372522,-2.941176470588247,10.737098373066548,46.666666666666664,27.4,0.49048871692253737,0.8143690283375693
ADA/BTC,4,0.0001,2.0,14,-3.2019557144929736,-2.0013188262446358,8.892923537232601,42.857142857142854,28.5,0.49048871692253737,0.8143690283375693
ADA/BTC,4,0.0001,2.5,13,-2.7447758837238165,-1.1258955987717423,8.708359159951383,38.46153846153847,28.384615384615383,0.49048871692253737,0.8143690283375693
ADA/BTC,4,0.001,1.0,16,0.405039123119459,5.281292081594657,11.140433471458586,62.5,20.3125,0.49048871692253737,0.8143690283375693
ADA/BTC,4,0.001,1.5,10,-0.8054802251629176,-0.5029151224803408,11.609161728729054,50.0,22.4,0.49048871692253737,0.8143690283375693
ADA/BTC,4,0.001,2.0,8,-1.1624276974353571,3.936709759133483,8.63450753629624,62.5,25.75,0.49048871692253737,0.8143690283375693
ADA/BTC,4,0.001,2.5,8,0.21753214123859976,4.634183292933058,8.435890346097217,62.5,24.75,0.49048871692253737,0.8143690283375693
ADA/BTC,4,0.01,1.0,15,-2.405309715426193,-0.0611995104039309,6.423411819251101,46.666666666666664,15.466666666666667,0.49048871692253737,0.8143690283375693
ADA/BTC,4,0.01,1.5,12,-1.8890337965832231,-3.155230108866447,7.797047038409796,41.66666666666667,16.583333333333332,0.49048871692253737,0.8143690283375693
ADA/BTC,4,0.01,2.0,9,-0.4130815488841397,-0.25706940874035134,7.166986804522738,44.44444444444444,17.22222222222222,0.49048871692253737,0.8143690283375693
ADA/BTC,4,0.01,2.5,8,-0.3963790067159967,0.5946618399343184,6.712468358047374,62.5,16.5,0.49048871692253737,0.8143690283375693
ADA/BTC,5,0.0001,1.0,14,-4.508368450115308,-2.1464891221687044,10.137994626297358,35.714285714285715,27.142857142857142,0.8218899946259647,0.8053718050922783
ADA/BTC,5,0.0001,1.5,13,-6.375703348828041,-10.377358490566035,11.213966696959858,30.76923076923077,27.846153846153847,0.8218899946259647,0.8053718050922783
ADA/BTC,5,0.0001,2.0,11,-5.937831637855634,-2.182539682539675,11.506719976074029,27.27272727272727,29.0,0.8218899946259647,0.8053718050922783
ADA/BTC,5,0.0001,2.5,9,-4.211790531726195,-4.087193460490457,12.433284833829918,33.33333333333333,30.0,0.8218899946259647,0.8053718050922783
ADA/BTC,5,0.001,1.0,13,-2.695188676703879,-3.5256410256410353,11.559990261220095,46.15384615384615,23.53846153846154,0.8218899946259647,0.8053718050922783
ADA/BTC,5,0.001,1.5,11,-3.7709192044218454,-4.158004158004158,12.024634907177733,45.45454545454545,24.454545454545453,0.8218899946259647,0.8053718050922783
ADA/BTC,5,0.001,2.0,10,-5.520766827102963,-7.942194261412499,12.034682045911293,40.0,26.3,0.8218899946259647,0.8053718050922783
ADA/BTC,5,0.001,2.5,10,-3.5046477415937978,-1.4151640191839898,10.227666076237831,50.0,25.8,0.8218899946259647,0.8053718050922783
ADA/BTC,5,0.01,1.0,17,-2.2548806700939417,-2.931596091205213,8.289427189549953,41.17647058823529,17.0,0.8218899946259647,0.8053718050922783
ADA/BTC,5,0.01,1.5,14,-1.8889433667603066,-0.93444841754734,8.359267599245323,50.0,16.642857142857142,0.8218899946259647,0.8053718050922783
ADA/BTC,5,0.01,2.0,10,-3.545134314768039,-2.956713169254621,9.266906444950544,40.0,19.2,0.8218899946259647,0.8053718050922783
ADA/BTC,5,0.01,2.5,8,-4.044535628859479,-0.8924685122876252,9.512622892505732,50.0,18.75,0.8218899946259647,0.8053718050922783
ADA/BTC,6,0.0001,1.0,16,-2.212978833146809,0.7699059955795562,15.241266652893673,50.0,25.875,0.5451582548578664,0.7677016581936066
ADA/BTC,6,0.0001,1.5,13,-3.589534033096337,-2.0161290322580516,16.09792518058646,30.76923076923077,28.53846153846154,0.5451582548578664,0.7677016581936066
ADA/BTC,6,0.0001,2.0,13,-4.273314592006185,-5.3097345132743445,15.973348542891816,30.76923076923077,27.923076923076923,0.5451582548578664,0.7677016581936066
ADA/BTC,6,0.0001,2.5,11,-3.7146901993249513,-4.278922345483361,17.99986760239801,36.36363636363637,28.636363636363637,0.5451582548578664,0.7677016581936066
ADA/BTC,6,0.001,1.0,17,-0.9105312822215057,2.037351443123936,12.27329294354738,52.94117647058824,21.176470588235293,0.5451582548578664,0.7677016581936066
ADA/BTC,6,0.001,1.5,16,0.30789470706381206,7.1615312791783285,12.664060870542027,62.5,20.6875,0.5451582548578664,0.7677016581936066
ADA/BTC,6,0.001,2.0,14,-0.13567963085073131,6.742424242424233,13.762392845872764,64.28571428571429,20.857142857142858,0.5451582548578664,0.7677016581936066
ADA/BTC,6,0.001,2.5,10,-1.7912727965597228,5.13868181681274,15.82103641806592,60.0,23.9,0.5451582548578664,0.7677016581936066
ADA/BTC,6,0.01,1.0,23,-1.18373501178697,3.6006546644844484,10.471206096467677,56.52173913043478,14.73913043478261,0.5451582548578664,0.7677016581936066
ADA/BTC,6,0.01,1.5,16,-1.8470971347576817,3.2245009570686323,11.080114315376482,62.5,15.9375,0.5451582548578664,0.7677016581936066
ADA/BTC,6,0.01,2.0,11,-4.025124373577277,1.8113207547169718,13.590038688723299,54.54545454545454,17.09090909090909,0.5451582548578664,0.7677016581936066
ADA/BTC,6,0.01,2.5,10,-3.734633218519838,4.725694333215868,14.759301951891805,60.0,16.5,0.5451582548578664,0.7677016581936066
ADA/BTC,7,0.0001,1.0,16,-3.9114756159636306,-3.963258413881449,14.064536299711328,31.25,25.9375,0.23217061297674918,0.4766594739764253
ADA/BTC,7,0.0001,1.5,13,-6.208207459295251,-8.74471086036671,16.247357923745472,38.46153846153847,27.846153846153847,0.23217061297674918,0.4766594739764253
ADA/BTC,7,0.0001,2.0,13,-6.535649875367805,-8.74471086036671,15.916303923178976,38.46153846153847,27.615384615384617,0.23217061297674918,0.4766594739764253
ADA/BTC,7,0.0001,2.5,12,-4.767878209320025,-11.086208567551846,20.36821589665406,41.66666666666667,28.75,0.23217061297674918,0.4766594739764253
ADA/BTC,7,0.001,1.0,18,0.11792972328070522,2.8978703524344507,14.542020508515883,55.55555555555556,20.72222222222222,0.23217061297674918,0.4766594739764253
ADA/BTC,7,0.001,1.5,15,0.970202497320494,7.899461400359065,15.747168029561509,60.0,19.333333333333332,0.23217061297674918,0.4766594739764253
ADA/BTC,7,0.001,2.0,12,-2.79669436174569,6.721393748207616,15.595467189544289,58.333333333333336,19.416666666666668,0.23217061297674918,0.4766594739764253
ADA/BTC,7,0.001,2.5,9,-5.972444944074354,-7.492795389048979,17.389499412377063,44.44444444444444,22.555555555555557,0.23217061297674918,0.4766594739764253
ADA/BTC,7,0.01,1.0,23,0.3672018817773815,4.637681159420293,12.120395846090743,65.21739130434783,13.652173913043478,0.23217061297674918,0.4766594739764253
ADA/BTC,7,0.01,1.5,15,-2.3180154620250892,5.174644243208282,12.631135938974472,66.66666666666666,14.466666666666667,0.23217061297674918,0.4766594739764253
ADA/BTC,7,0.01,2.0,11,-1.994670720004503,7.640067911714765,14.31667022539398,72.72727272727273,12.818181818181818,0.23217061297674918,0.4766594739764253
ADA/BTC,7,0.01,2.5,9,-1.802155076352559,8.179419525065956,17.153101414557817,77.77777777777779,13.0,0.23217061297674918,0.4766594739764253
XRP/BTC,1,0.0001,1.0,19,3.2096825505949282,8.408071748878942,16.151550876912886,73.68421052631578,17.789473684210527,0.05911553548355515,0.20286621809107508
XRP/BTC,1,0.0001,1.5,12,3.1160565165658682,6.753798412122681,16.514847091270138,75.0,22.25,0.05911553548355515,0.20286621809107508
XRP/BTC,1,0.0001,2.0,7,1.554814028435447,12.492736780941316,24.391274283562886,57.14285714285714,25.571428571428573,0.05911553548355515,0.20286621809107508
XRP/BTC,1,0.0001,2.5,7,4.8819140716624645,18.2651191203421,26.825684857907884,57.14285714285714,24.571428571428573,0.05911553548355515,0.20286621809107508
XRP/BTC,1,0.001,1.0,16,0.24831307962738114,7.037313761375574,16.061304695018777,62.5,19.9375,0.05911553548355515,0.20286621809107508
XRP/BTC,1,0.001,1.5,12,3.708396031976472,8.751448727639204,16.563706483524435,75.0,21.166666666666668,0.05911553548355515,0.20286621809107508
XRP/BTC,1,0.001,2.0,9,3.375871375391969,9.897959183673466,20.655893205736014,66.66666666666666,23.666666666666668,0.05911553548355515,0.20286621809107508
XRP/BTC,1,0.001,2.5,5,-9.728023889568684,-9.793103448275865,20.99325521117491,40.0,25.0,0.05911553548355515,0.20286621809107508
XRP/BTC,1,0.01,1.0,19,-2.872867285073571,5.822784810126569,14.813286409935069,73.68421052631578,13.68421052631579,0.05911553548355515,0.20286621809107508
XRP/BTC,1,0.01,1.5,15,1.9520896024919276,7.346938775510203,12.922463058423926,80.0,13.6,0.05911553548355515,0.20286621809107508
XRP/BTC,1,0.01,2.0,7,-7.291541295974496,-4.430379746835456,16.73004026249637,42.857142857142854,20.714285714285715,0.05911553548355515,0.20286621809107508
XRP/BTC,1,0.01,2.5,6,-10.394535377698363,-8.054270333187846,16.75790033085686,33.33333333333333,21.333333333333332,0.05911553548355515,0.20286621809107508
XRP/BTC,2,0.0001,1.0,18,2.88703183455167,5.523111431546901,10.491216717047191,66.66666666666666,19.11111111111111,0.21049235659704468,0.4151377563095316
XRP/BTC,2,0.0001,1.5,15,3.7909355287995083,7.604938271604944,11.904068786453278,80.0,21.4,0.21049235659704468,0.4151377563095316
XRP/BTC,2,0.0001,2.0,8,4.850784041787051,11.12731080286134,17.672660619455776,75.0,22.0,0.21049235659704468,0.4151377563095316
XRP/BTC,2,0.0001,2.5,7,4.819682925369894,10.14131338320865,18.58056668810928,71.42857142857143,22.428571428571427,0.21049235659704468,0.4151377563095316
XRP/BTC,2,0.001,1.0,15,1.0895234931372386,6.469689251146205,12.741758697240364,66.66666666666666,19.466666666666665,0.21049235659704468,0.4151377563095316
XRP/BTC,2,0.001,1.5,13,2.8364231758302543,7.604938271604944,14.066824768267285,84.61538461538461,20.076923076923077,0.21049235659704468,0.4151377563095316
XRP/BTC,2,0.001,2.0,7,2.5109180471623054,9.897959183673466,16.545201948384324,71.42857142857143,19.285714285714285,0.21049235659704468,0.4151377563095316
XRP/BTC,2,0.001,2.5,5,-2.8780796760337473,5.609616485403556,16.387157591801394,60.0,20.2,0.21049235659704468,0.4151377563095316
XRP/BTC,2,0.01,1.0,18,0.8919740848206368,3.32222751563323,7.206378320640231,77.77777777777779,13.444444444444445,0.21049235659704468,0.4151377563095316
XRP/BTC,2,0.01,1.5,15,1.3587609956613105,3.5430665852168364,8.741251788132647,80.0,13.733333333333333,0.21049235659704468,0.4151377563095316
XRP/BTC,2,0.01,2.0,8,-0.9771620380720452,5.469480369430563,11.970588818493967,62.5,17.0,0.21049235659704468,0.4151377563095316
XRP/BTC,2,0.01,2.5,6,-3.221583973339887,4.0410833128899535,12.279004468425015,66.66666666666666,17.5,0.21049235659704468,0.4151377563095316
XRP/BTC,3,0.0001,1.0,15,1.7854112259879324,6.216696269982236,14.770357198708558,73.33333333333333,21.466666666666665,0.11013979115300704,0.2318444546419458
XRP/BTC,3,0.0001,1.5,12,4.465349159963822,6.939862296492866,13.989678324658675,75.0,23.5,0.11013979115300704,0.2318444546419458
XRP/BTC,3,0.0001,2.0,8,4.91419381869358,8.747609658886136,20.703437123330442,62.5,22.125,0.11013979115300704,0.2318444546419458
XRP/BTC,3,0.0001,2.5,7,-0.01925198735708276,8.589306029579069,17.799847911955283,57.14285714285714,22.428571428571427,0.11013979115300704,0.2318444546419458
XRP/BTC,3,0.001,1.0,15,1.4820073078441502,7.604938271604944,14.559200234172842,66.66666666666666,20.133333333333333,0.11013979115300704,0.2318444546419458
XRP/BTC,3,0.001,1.5,13,0.900555835157102,7.604938271604944,16.039681795853088,69.23076923076923,22.153846153846153,0.11013979115300704,0.2318444546419458
XRP/BTC,3,0.001,2.0,9,2.6100619944772925,10.36992116434201,14.996647670589027,66.66666666666666,20.666666666666668,0.11013979115300704,0.2318444546419458
XRP/BTC,3,0.001,2.5,7,-0.5409754022638581,5.609616485403556,15.904366759219643,57.14285714285714,21.571428571428573,0.11013979115300704,0.2318444546419458
XRP/BTC,3,0.01,1.0,19,-0.46182752411594213,2.574850299401199,7.576734430367015,63.1578947368421,14.31578947368421,0.11013979115300704,0.2318444546419458
XRP/BTC,3,0.01,1.5,15,-0.5159432405543166,2.384105960264904,8.174430195960852,73.33333333333333,15.333333333333334,0.11013979115300704,0.2318444546419458
XRP/BTC,3,0.01,2.0,11,-1.2113497890174911,2.384105960264904,9.408767540889741,63.63636363636363,16.727272727272727,0.11013979115300704,0.2318444546419458
XRP/BTC,3,0.01,2.5,10,-0.9024970999974913,4.244624213510334,10.27697684418233,70.0,16.6,0.11013979115300704,0.2318444546419458
XRP/BTC,4,0.0001,1.0,15,3.731139927340153,6.216696269982236,15.879961710575014,73.33333333333333,22.333333333333332,0.13950041955903575,0.14100562684444
XRP/BTC,4,0.0001,1.5,14,5.6008737742273365,7.821067687495331,18.56711306190363,71.42857142857143,22.357142857142858,0.13950041955903575,0.14100562684444
XRP/BTC,4,0.0001,2.0,8,2.551262000672094,6.722418470546699,16.68799015003991,62.5,23.0,0.13950041955903575,0.14100562684444
XRP/BTC,4,0.0001,2.5,6,4.288733284015864,7.743600982254328,19.767976722795613,66.66666666666666,21.0,0.13950041955903575,0.14100562684444
XRP/BTC,4,0.001,1.0,16,4.582292899353666,9.032774279360726,16.21326170063059,68.75,19.4375,0.13950041955903575,0.14100562684444
XRP/BTC,4,0.001,1.5,13,5.973350249388307,8.682170542635658,16.876570271079224,69.23076923076923,20.846153846153847,0.13950041955903575,0.14100562684444
XRP/BTC,4,0.001,2.0,11,4.316873193507438,9.8775854791051,13.597915635204663,72.72727272727273,20.545454545454547,0.13950041955903575,0.14100562684444
XRP/BTC,4,0.001,2.5,9,5.205900343357602,9.8775854791051,14.281334712909613,77.77777777777779,19.666666666666668,0.13950041955903575,0.14100562684444
XRP/BTC,4,0.01,1.0,19,0.338232650724482,1.8789144050104345,7.853465259280159,57.89473684210527,15.368421052631579,0.13950041955903575,0.14100562684444
XRP/BTC,4,0.01,1.5,15,3.0794618338007536,2.384105960264904,11.009866764267654,73.33333333333333,15.666666666666666,0.13950041955903575,0.14100562684444
XRP/BTC,4,0.01,2.0,14,5.2523763098745535,4.483678484728188,10.789167017719029,78.57142857142857,15.357142857142858,0.13950041955903575,0.14100562684444
XRP/BTC,4,0.01,2.5,12,2.1212192424092158,4.487266170836151,8.98583332485471,66.66666666666666,14.75,0.13950041955903575,0.14100562684444
XRP/BTC,5,0.0001,1.0,17,4.930670222823119,7.883817427385886,13.196916677541719,64.70588235294117,21.529411764705884,0.889203177822481,0.30303255900125514
XRP/BTC,5,0.0001,1.5,14,1.4549319647913161,3.1586188964605686,11.893066808027072,50.0,22.714285714285715,0.889203177822481,0.30303255900125514
XRP/BTC,5,0.0001,2.0,12,0.6114127235406014,-2.061318695028386,11.631520163311402,50.0,25.083333333333332,0.889203177822481,0.30303255900125514
XRP/BTC,5,0.0001,2.5,11,1.7208859972857065,-4.272517321016167,13.242010518323088,45.45454545454545,23.545454545454547,0.889203177822481,0.30303255900125514
XRP/BTC,5,0.001,1.0,19,3.8429008686545276,2.384105960264904,11.506725064446277,63.1578947368421,18.894736842105264,0.889203177822481,0.30303255900125514
XRP/BTC,5,0.001,1.5,16,3.387390967735245,5.133961693825395,13.142262703809562,62.5,21.125,0.889203177822481,0.30303255900125514
XRP/BTC,5,0.001,2.0,14,0.20313709096171367,1.3878754344405442,9.193167947719612,57.14285714285714,22.5,0.889203177822481,0.30303255900125514
XRP/BTC,5,0.001,2.5,11,-0.2671484787638256,-1.5665796344647487,8.56654927135776,45.45454545454545,24.09090909090909,0.889203177822481,0.30303255900125514
XRP/BTC,5,0.01,1.0,19,0.7309390236900293,-0.4411764705882337,7.579861101308285,47.368421052631575,16.157894736842106,0.889203177822481,0.30303255900125514
XRP/BTC,5,0.01,1.5,17,3.244404209341052,3.83435582822087,9.72719520365754,70.58823529411765,15.294117647058824,0.889203177822481,0.30303255900125514
XRP/BTC,5,0.01,2.0,14,6.607184719091444,5.242271783204627,10.388920155606826,78.57142857142857,13.357142857142858,0.889203177822481,0.30303255900125514
XRP/BTC,5,0.01,2.5,12,4.6130923167371485,5.789848126159624,7.73350713909456,75.0,12.666666666666666,0.889203177822481,0.30303255900125514
XRP/BTC,6,0.0001,1.0,18,-5.352537539317644,-4.235123966942155,16.972525049073525,50.0,21.77777777777778,0.09921670494643087,0.21657568732783072
XRP/BTC,6,0.0001,1.5,15,-9.820671852040665,-8.301404853128991,18.8905190901958,33.33333333333333,23.466666666666665,0.09921670494643087,0.21657568732783072
XRP/BTC,6,0.0001,2.0,13,-10.937759711760695,-10.338345864661648,20.33239976091953,30.76923076923077,26.384615384615383,0.09921670494643087,0.21657568732783072
XRP/BTC,6,0.0001,2.5,12,-11.785515485011208,-10.329542832906053,21.419702051573648,33.33333333333333,27.75,0.09921670494643087,0.21657568732783072
XRP/BTC,6,0.001,1.0,18,-7.138341856984919,-2.003558093330715,13.29594773964072,44.44444444444444,21.72222222222222,0.09921670494643087,0.21657568732783072
XRP/BTC,6,0.001,1.5,16,-8.997226892096371,-5.918366993932106,15.633103252191683,31.25,23.6875,0.09921670494643087,0.21657568732783072
XRP/BTC,6,0.001,2.0,13,-8.6210821251163,-5.998588567395913,16.559203147033784,38.46153846153847,24.615384615384617,0.09921670494643087,0.21657568732783072
XRP/BTC,6,0.001,2.5,10,-12.806202389774967,-6.956761303986014,17.059192789692833,20.0,27.0,0.09921670494643087,0.21657568732783072
XRP/BTC,6,0.01,1.0,21,-8.818354681009312,-0.5305039787798504,12.415756407376556,42.857142857142854,14.952380952380953,0.09921670494643087,0.21657568732783072
XRP/BTC,6,0.01,1.5,15,-12.329546435317424,-4.177545691906004,16.557096865046088,46.666666666666664,18.066666666666666,0.09921670494643087,0.21657568732783072
XRP/BTC,6,0.01,2.0,11,-20.53507747911021,-0.6940427993059495,27.140168005421113,45.45454545454545,17.545454545454547,0.09921670494643087,0.21657568732783072
XRP/BTC,6,0.01,2.5,10,-13.79427468567836,-0.17411491584445327,20.09082559040763,40.0,17.0,0.09921670494643087,0.21657568732783072
XRP/BTC,7,0.0001,1.0,17,-4.653021709641362,0.7856341189674487,16.1457028237824,52.94117647058824,24.11764705882353,0.5601850367670836,0.4690511422279924
XRP/BTC,7,0.0001,1.5,16,-6.528278435769116,2.129904823178108,15.92361214614594,62.5,24.375,0.5601850367670836,0.4690511422279924
XRP/BTC,7,0.0001,2.0,14,-4.969487806652941,2.3784803535497554,15.324354257109023,57.14285714285714,24.714285714285715,0.5601850367670836,0.4690511422279924
XRP/BTC,7,0.0001,2.5,10,-11.024910716676887,0.3851418846424204,18.066601487089674,50.0,26.3,0.5601850367670836,0.4690511422279924
XRP/BTC,7,0.001,1.0,19,-5.971413973419405,-1.4690451206715638,14.35027039485773,47.368421052631575,21.31578947368421,0.5601850367670836,0.4690511422279924
XRP/BTC,7,0.001,1.5,14,-7.266147204181986,-3.109283999743578,14.790942797904306,35.714285714285715,23.928571428571427,0.5601850367670836,0.4690511422279924
XRP/BTC,7,0.001,2.0,10,-8.704789770620648,-4.10685241496358,17.644015325441746,40.0,24.2,0.5601850367670836,0.4690511422279924
XRP/BTC,7,0.001,2.5,7,-16.05212382818666,-5.226641998149861,19.697292219117767,14.285714285714285,30.0,0.5601850367670836,0.4690511422279924
XRP/BTC,7,0.01,1.0,23,-4.79349622294544,2.8301886792452713,12.19485808631395,56.52173913043478,13.73913043478261,0.5601850367670836,0.4690511422279924
XRP/BTC,7,0.01,1.5,17,-8.638455598492264,1.1822660098522286,13.899908129881403,52.94117647058824,15.235294117647058,0.5601850367670836,0.4690511422279924
XRP/BTC,7,0.01,2.0,7,-32.95935158076156,-7.40384615384616,37.26407584687867,28.57142857142857,18.428571428571427,0.5601850367670836,0.4690511422279924
XRP/BTC,7,0.01,2.5,5,-27.931544749124345,-0.3916449086161844,32.34966022938985,40.0,18.6,0.5601850367670836,0.4690511422279924
LTC/BTC,1,0.0001,1.0,18,0.2462983489111793,1.831019976043724,12.982295624106248,61.111111111111114,22.27777777777778,0.40791478605522524,0.38303663810578376
LTC/BTC,1,0.0001,1.5,16,0.735616321946471,3.7476821458663045,13.34009789384433,62.5,21.9375,0.40791478605522524,0.38303663810578376
LTC/BTC,1,0.0001,2.0,12,1.773662655425191,1.900559945712521,12.747834855234409,58.333333333333336,24.333333333333332,0.40791478605522524,0.38303663810578376
LTC/BTC,1,0.0001,2.5,9,0.47536733818688387,-2.1030805687203724,13.85188045102792,33.33333333333333,27.333333333333332,0.40791478605522524,0.38303663810578376
LTC/BTC,1,0.001,1.0,21,2.072516736842789,4.46107784431139,12.419893344587448,61.904761904761905,17.428571428571427,0.40791478605522524,0.38303663810578376
LTC/BTC,1,0.001,1.5,14,1.015182651918757,5.230196104192037,14.64430296631669,64.28571428571429,18.142857142857142,0.40791478605522524,0.38303663810578376
LTC/BTC,1,0.001,2.0,11,1.0566579716928937,6.4371772805507765,16.383296563448496,72.72727272727273,20.636363636363637,0.40791478605522524,0.38303663810578376
LTC/BTC,1,0.001,2.5,9,2.5074735929673047,6.361017762842069,13.509338273921685,66.66666666666666,20.11111111111111,0.40791478605522524,0.38303663810578376
LTC/BTC,1,0.01,1.0,23,-1.0899844357330088,1.4937533948940818,8.367913564238155,60.86956521739131,13.565217391304348,0.40791478605522524,0.38303663810578376
LTC/BTC,1,0.01,1.5,18,-1.1277077482292077,2.4958427664135527,10.173146207776135,61.111111111111114,14.444444444444445,0.40791478605522524,0.38303663810578376
LTC/BTC,1,0.01,2.0,11,-0.31164211084388166,6.477329347284511,14.508250525509823,72.72727272727273,14.363636363636363,0.40791478605522524,0.38303663810578376
LTC/BTC,1,0.01,2.5,10,-1.5276805261817743,6.187766470049445,16.63383429460415,70.0,14.2,0.40791478605522524,0.38303663810578376
LTC/BTC,2,0.0001,1.0,13,-1.2018536449705068,0.14550745725718794,12.50157610966497,53.84615384615385,25.153846153846153,0.425286419377843,0.7184766900260877
LTC/BTC,2,0.0001,1.5,12,1.8266875070330897,6.353366729390231,15.591109358161434,58.333333333333336,23.916666666666668,0.425286419377843,0.7184766900260877
LTC/BTC,2,0.0001,2.0,10,-1.656708850738477,-1.9341203386101347,14.417741264959048,40.0,26.6,0.425286419377843,0.7184766900260877
LTC/BTC,2,0.0001,2.5,9,0.12037776221862452,-0.6463195691202905,17.26489542230477,44.44444444444444,28.0,0.425286419377843,0.7184766900260877
LTC/BTC,2,0.001,1.0,17,-0.713369372316487,0.036483035388545915,11.472563491543287,52.94117647058824,18.88235294117647,0.425286419377843,0.7184766900260877
LTC/BTC,2,0.001,1.5,13,-1.371859268992535,4.377617053673388,12.540774197347682,53.84615384615385,18.23076923076923,0.425286419377843,0.7184766900260877
LTC/BTC,2,0.001,2.0,9,-1.7778440652633887,1.6375934496261957,14.795714805445856,55.55555555555556,21.88888888888889,0.425286419377843,0.7184766900260877
LTC/BTC,2,0.001,2.5,8,1.0004514687550907,4.5670773230978785,16.49167855725915,62.5,19.875,0.425286419377843,0.7184766900260877
LTC/BTC,2,0.01,1.0,23,-0.6270853839394231,2.8111181301326615,8.461084664620047,65.21739130434783,11.478260869565217,0.425286419377843,0.7184766900260877
LTC/BTC,2,0.01,1.5,15,-2.343561638596525,1.8460575719649652,10.617140634425157,53.333333333333336,13.4,0.425286419377843,0.7184766900260877
LTC/BTC,2,0.01,2.0,10,0.02516813825528743,6.187766470049445,13.094282335758905,80.0,13.1,0.425286419377843,0.7184766900260877
LTC/BTC,2,0.01,2.5,9,-0.11041218735820103,6.477329347284511,14.41082580986804,77.77777777777779,13.0,0.425286419377843,0.7184766900260877
LTC/BTC,3,0.0001,1.0,15,-1.7779262971281034,3.4941131788833957,13.424510336909206,53.333333333333336,24.8,0.5041942467184154,0.5965815348230304
LTC/BTC,3,0.0001,1.5,12,-0.2972273401710135,2.3334274293783097,11.644204013770748,66.66666666666666,26.75,0.5041942467184154,0.5965815348230304
LTC/BTC,3,0.0001,2.0,12,1.9620462117591078,4.137049888525901,13.810617205806606,75.0,25.666666666666668,0.5041942467184154,0.5965815348230304
LTC/BTC,3,0.0001,2.5,10,4.210208627120132,8.464874544587776,17.1351786804796,80.0,24.2,0.5041942467184154,0.5965815348230304
LTC/BTC,3,0.001,1.0,17,0.34032929884282753,2.26709174636911,12.311461387304073,58.82352941176471,19.352941176470587,0.5041942467184154,0.5965815348230304
LTC/BTC,3,0.001,1.5,13,-0.46809545428926924,-0.5326231691078709,12.358383870675336,46.15384615384615,20.153846153846153,0.5041942467184154,0.5965815348230304
LTC/BTC,3,0.001,2.0,8,-2.2257419741002735,2.423383904307458,17.22550397990105,50.0,22.375,0.5041942467184154,0.5965815348230304
LTC/BTC,3,0.001,2.5,7,-0.801786845840956,-3.5887850467289706,19.754669534920748,42.857142857142854,20.571428571428573,0.5041942467184154,0.5965815348230304
LTC/BTC,3,0.01,1.0,22,0.5643394569538713,3.3535949342670013,9.538517528411246,63.63636363636363,11.136363636363637,0.5041942467184154,0.5965815348230304
LTC/BTC,3,0.01,1.5,13,-1.8359056198286947,1.5182481751824795,11.522703066148294,53.84615384615385,14.0,0.5041942467184154,0.5965815348230304
LTC/BTC,3,0.01,2.0,9,-1.8502295299081593,1.528559935639573,13.012729515043539,55.55555555555556,17.22222222222222,0.5041942467184154,0.5965815348230304
LTC/BTC,3,0.01,2.5,8,-1.3692575792673662,3.707684144314111,15.33673895235491,62.5,16.75,0.5041942467184154,0.5965815348230304
LTC/BTC,4,0.0001,1.0,15,-4.5611883390850965,-2.4429967426709998,11.49537071815803,40.0,25.933333333333334,0.891148707782708,0.4200561587622091
LTC/BTC,4,0.0001,1.5,13,-3.246161962813311,1.1727416798732238,12.138505154804394,53.84615384615385,26.46153846153846,0.891148707782708,0.4200561587622091
LTC/BTC,4,0.0001,2.0,12,-3.844604254614049,0.32005925538267643,12.822118456138464,50.0,27.75,0.891148707782708,0.4200561587622091
LTC/BTC,4,0.0001,2.5,11,-0.7226653694170408,5.647058823529417,15.429242555581606,54.54545454545454,26.545454545454547,0.891148707782708,0.4200561587622091
LTC/BTC,4,0.001,1.0,16,-2.884621250028794,0.8672342886306195,12.63616666418557,50.0,21.625,0.891148707782708,0.4200561587622091
LTC/BTC,4,0.001,1.5,12,-4.670875859916508,-4.70307947582278,13.618548948595809,33.33333333333333,24.333333333333332,0.891148707782708,0.4200561587622091
LTC/BTC,4,0.001,2.0,9,-4.7709755552893025,1.1092851273623694,14.564569411034524,55.55555555555556,24.0,0.891148707782708,0.4200561587622091
LTC/BTC,4,0.001,2.5,7,-6.31732999824609,-9.982688978649733,14.833226191243146,28.57142857142857,25.0,0.891148707782708,0.4200561587622091
LTC/BTC,4,0.01,1.0,20,-0.3102885185402878,3.682340820363245,9.909060873403572,65.0,13.55,0.891148707782708,0.4200561587622091
LTC/BTC,4,0.01,1.5,12,-1.9811072668056233,2.322545916499802,11.41484079649612,58.333333333333336,17.333333333333332,0.891148707782708,0.4200561587622091
LTC/BTC,4,0.01,2.0,10,-2.456960526206288,0.07212674304786226,10.442280593766368,50.0,18.7,0.891148707782708,0.4200561587622091
LTC/BTC,4,0.01,2.5,8,-2.5659080761295985,1.9404629425697761,10.698954567308158,62.5,19.0,0.891148707782708,0.4200561587622091
LTC/BTC,5,0.0001,1.0,16,-3.985811091817144,-7.76667128534127,10.268786246278967,25.0,27.375,0.7836797760544694,0.12158083789224822
LTC/BTC,5,0.0001,1.5,14,-4.778340478896216,-9.58927423284105,12.651368328745443,28.57142857142857,28.785714285714285,0.7836797760544694,0.12158083789224822
LTC/BTC,5,0.0001,2.0,14,-3.7380940787219266,-6.280863188457026,11.240987360265603,28.57142857142857,28.571428571428573,0.7836797760544694,0.12158083789224822
LTC/BTC,5,0.0001,2.5,13,-4.125220088761441,-6.4458900059136575,8.468940835164108,23.076923076923077,28.923076923076923,0.7836797760544694,0.12158083789224822
LTC/BTC,5,0.001,1.0,19,0.6147123186025266,1.3513513513513375,12.284721948046512,52.63157894736842,21.63157894736842,0.7836797760544694,0.12158083789224822
LTC/BTC,5,0.001,1.5,15,-0.22729308452654942,-2.499999999999991,10.616025210573335,46.666666666666664,23.133333333333333,0.7836797760544694,0.12158083789224822
LTC/BTC,5,0.001,2.0,12,1.0084104833580572,0.4714478881404194,9.642107635611156,50.0,21.916666666666668,0.7836797760544694,0.12158083789224822
LTC/BTC,5,0.001,2.5,8,-0.3512611599201467,-2.3646993340310507,7.595692264071724,37.5,24.75,0.7836797760544694,0.12158083789224822
LTC/BTC,5,0.01,1.0,21,2.234679409295067,3.9750584567419978,7.7880279415252085,66.66666666666666,13.857142857142858,0.7836797760544694,0.12158083789224822
LTC/BTC,5,0.01,1.5,17,4.036141922691809,6.161971830985902,7.8499660144188415,76.47058823529412,14.117647058823529,0.7836797760544694,0.12158083789224822
LTC/BTC,5,0.01,2.0,14,4.747519335213844,6.382172859113123,7.110093906604214,71.42857142857143,15.0,0.7836797760544694,0.12158083789224822
LTC/BTC,5,0.01,2.5,10,5.518595411090058,6.501060264935321,6.538848805814126,80.0,15.7,0.7836797760544694,0.12158083789224822
LTC/BTC,6,0.0001,1.0,16,-0.9520158943006578,-6.163317343927205,12.112673220190551,31.25,28.625,0.1274481156738324,0.1776834096240571
LTC/BTC,6,0.0001,1.5,16,-0.3557079679078301,-5.743553593633588,11.516365293797724,31.25,28.5,0.1274481156738324,0.1776834096240571
LTC/BTC,6,0.0001,2.0,16,-1.4982446085781018,-4.543947403010429,11.865143646570985,37.5,28.25,0.1274481156738324,0.1776834096240571
LTC/BTC,6,0.0001,2.5,16,0.25953307373136525,-2.182898721880411,10.217571449210324,37.5,27.9375,0.1274481156738324,0.1776834096240571
LTC/BTC,6,0.001,1.0,21,1.3834619938367745,3.384912959381059,7.897341714828009,57.14285714285714,18.666666666666668,0.1274481156738324,0.1776834096240571
LTC/BTC,6,0.001,1.5,18,2.009800497375643,2.7947220385422247,7.652902509577918,61.111111111111114,18.333333333333332,0.1274481156738324,0.1776834096240571
LTC/BTC,6,0.001,2.0,15,2.779290428628558,-0.16638935108153063,9.296778534518557,46.666666666666664,19.733333333333334,0.1274481156738324,0.1776834096240571
LTC/BTC,6,0.001,2.5,11,1.6651183224943134,-1.4655172413793216,8.22455821291101,45.45454545454545,21.454545454545453,0.1274481156738324,0.1776834096240571
LTC/BTC,6,0.01,1.0,29,2.2460044540755435,3.9750584567419978,6.219299600419962,72.41379310344827,10.413793103448276,0.1274481156738324,0.1776834096240571
LTC/BTC,6,0.01,1.5,21,3.9901175845516175,6.548672566371671,6.872412523875599,76.19047619047619,10.428571428571429,0.1274481156738324,0.1776834096240571
LTC/BTC,6,0.01,2.0,18,4.449689934853403,6.575523226806007,7.077449949670924,77.77777777777779,9.944444444444445,0.1274481156738324,0.1776834096240571
LTC/BTC,6,0.01,2.5,12,6.324072578752843,6.3553221986787864,7.259406232930385,83.33333333333334,10.833333333333334,0.1274481156738324,0.1776834096240571
LTC/BTC,7,0.0001,1.0,18,4.684387528088962,1.003261619519541,10.04780081732978,50.0,20.833333333333332,0.4919801027800078,0.11510010945442312
LTC/BTC,7,0.0001,1.5,15,4.906516269070551,2.7870680044593144,9.406880743978173,66.66666666666666,24.133333333333333,0.4919801027800078,0.11510010945442312
LTC/BTC,7,0.0001,2.0,12,2.1566545950028235,1.7095524842825616,7.1395591810261445,58.333333333333336,24.25,0.4919801027800078,0.11510010945442312
LTC/BTC,7,0.0001,2.5,9,7.0650900391631914,4.061895551257244,13.72959251778263,55.55555555555556,25.22222222222222,0.4919801027800078,0.11510010945442312
LTC/BTC,7,0.001,1.0,22,4.437535523689228,4.775618788000719,7.92950246882632,72.72727272727273,15.954545454545455,0.4919801027800078,0.11510010945442312
LTC/BTC,7,0.001,1.5,18,4.142502732365991,5.683666120429609,6.337114725319846,77.77777777777779,14.444444444444445,0.4919801027800078,0.11510010945442312
LTC/BTC,7,0.001,2.0,11,5.902802340032083,6.541019955654104,7.184861653253998,63.63636363636363,16.09090909090909,0.4919801027800078,0.11510010945442312
LTC/BTC,7,0.001,2.5,9,5.870167614020001,5.3020134228187965,8.472939882582153,77.77777777777779,14.444444444444445,0.4919801027800078,0.11510010945442312
LTC/BTC,7,0.01,1.0,32,4.075109354134377,5.171416082775543,7.50275847479323,71.875,9.21875,0.4919801027800078,0.11510010945442312
LTC/BTC,7,0.01,1.5,23,4.766266951583634,6.548672566371671,7.567955749285408,73.91304347826086,10.304347826086957,0.4919801027800078,0.11510010945442312
LTC/BTC,7,0.01,2.0,16,6.087307280647667,6.930395863416033,7.266082652309176,81.25,7.375,0.4919801027800078,0.11510010945442312
LTC/BTC,7,0.01,2.5,9,6.510055754060284,6.161971830985902,6.952089107486045,88.88888888888889,8.0,0.4919801027800078,0.11510010945442312
LINK/BTC,1,0.0001,1.0,19,4.004653088967322,5.989927344782031,17.34089393555216,52.63157894736842,21.36842105263158,0.6197931448110354,0.45556209024638555
LINK/BTC,1,0.0001,1.5,13,7.814357513185371,12.983927842322117,21.37122096802055,61.53846153846154,21.76923076923077,0.6197931448110354,0.45556209024638555
LINK/BTC,1,0.0001,2.0,10,3.6007413501895895,4.628840918009369,15.428969496181844,70.0,21.4,0.6197931448110354,0.45556209024638555
LINK/BTC,1,0.0001,2.5,6,5.539063959376603,1.828473101186573,16.897879471032784,50.0,28.166666666666668,0.6197931448110354,0.45556209024638555
LINK/BTC,1,0.001,1.0,21,5.7769393069779005,7.5832127351664225,15.991517900171052,66.66666666666666,16.714285714285715,0.6197931448110354,0.45556209024638555
LINK/BTC,1,0.001,1.5,13,6.522316214694085,6.537199124726478,18.51693669845632,69.23076923076923,17.692307692307693,0.6197931448110354,0.45556209024638555
LINK/BTC,1,0.001,2.0,7,1.5789835326391124,12.989757080488085,18.427866036745005,57.14285714285714,18.285714285714285,0.6197931448110354,0.45556209024638555
LINK/BTC,1,0.001,2.5,5,-2.0281153352387995,-0.8223024468511753,17.18991881755482,40.0,21.6,0.6197931448110354,0.45556209024638555
LINK/BTC,1,0.01,1.0,25,2.180582892326441,5.972625466611348,11.230250239337707,72.0,13.32,0.6197931448110354,0.45556209024638555
LINK/BTC,1,0.01,1.5,16,0.6532697191702912,4.308832752677361,14.260581457321795,68.75,13.625,0.6197931448110354,0.45556209024638555
LINK/BTC,1,0.01,2.0,9,1.2701162994307582,2.6674689129562834,18.782087771614243,55.55555555555556,15.555555555555555,0.6197931448110354,0.45556209024638555
LINK/BTC,1,0.01,2.5,7,3.3816100001502565,2.6674689129562834,18.12464597061979,57.14285714285714,14.571428571428571,0.6197931448110354,0.45556209024638555
LINK/BTC,2,0.0001,1.0,15,4.161862414803417,2.8951486697965545,14.205829787921296,53.333333333333336,23.466666666666665,0.32177675926456384,0.3334968915134757
LINK/BTC,2,0.0001,1.5,14,4.884305959550451,5.895249858654244,12.114217473733955,57.14285714285714,22.142857142857142,0.32177675926456384,0.3334968915134757
LINK/BTC,2,0.0001,2.0,10,5.595946754039179,6.679122656770392,11.80632565218182,70.0,23.9,0.32177675926456384,0.3334968915134757
LINK/BTC,2,0.0001,2.5,8,10.588861284898087,14.157521059200644,19.536352133747645,75.0,25.25,0.32177675926456384,0.3334968915134757
LINK/BTC,2,0.001,1.0,19,4.259489349747726,6.4762277440813865,11.80068283560135,78.94736842105263,17.63157894736842,0.32177675926456384,0.3334968915134757
LINK/BTC,2,0.001,1.5,13,5.637622892025244,6.4762277440813865,11.37678494978465,84.61538461538461,18.46153846153846,0.32177675926456384,0.3334968915134757
LINK/BTC,2,0.001,2.0,10,7.727637217893009,9.399671099707273,14.614472675719512,80.0,17.9,0.32177675926456384,0.3334968915134757
LINK/BTC,2,0.001,2.5,8,7.876917898878965,11.390540309004855,14.777671950277572,75.0,17.5,0.32177675926456384,0.3334968915134757
LINK/BTC,2,0.01,1.0,25,1.83825747413636,5.392912172573183,6.847172975085575,80.0,12.24,0.32177675926456384,0.3334968915134757
LINK/BTC,2,0.01,1.5,18,2.338958248313077,4.341463488819897,8.411383576939029,77.77777777777779,11.777777777777779,0.32177675926456384,0.3334968915134757
LINK/BTC,2,0.01,2.0,10,4.609921239657769,5.999681892738201,8.70622665121364,80.0,12.2,0.32177675926456384,0.3334968915134757
LINK/BTC,2,0.01,2.5,6,1.5613159203633264,2.08766451743419,8.222352496168442,66.66666666666666,14.833333333333334,0.32177675926456384,0.3334968915134757
LINK/BTC,3,0.0001,1.0,14,-1.576240730493883,-3.590781521474601,13.774298466853526,42.857142857142854,26.714285714285715,0.04230594672472889,0.1468497646790376
LINK/BTC,3,0.0001,1.5,14,-1.3281948144819573,-4.007464895956686,11.986596781364058,42.857142857142854,26.357142857142858,0.04230594672472889,0.1468497646790376
LINK/BTC,3,0.0001,2.0,13,-1.3229626940004473,-3.401639344262286,12.487802609836887,38.46153846153847,24.846153846153847,0.04230594672472889,0.1468497646790376
LINK/BTC,3,0.0001,2.5,10,-1.087910727090411,-1.6802064722104326,13.695677103721456,50.0,28.1,0.04230594672472889,0.1468497646790376
LINK/BTC,3,0.001,1.0,20,0.479190988234078,3.6109550275294335,11.261217842573112,65.0,19.05,0.04230594672472889,0.1468497646790376
LINK/BTC,3,0.001,1.5,16,1.1213271167287884,3.6109550275294335,11.97594075713598,56.25,20.4375,0.04230594672472889,0.1468497646790376
LINK/BTC,3,0.001,2.0,11,3.0469439572559107,7.535845281760567,11.967450370083412,63.63636363636363,18.818181818181817,0.04230594672472889,0.1468497646790376
LINK/BTC,3,0.001,2.5,7,-0.2588169713921124,7.331587717210198,11.201057284545948,57.14285714285714,18.857142857142858,0.04230594672472889,0.1468497646790376
LINK/BTC,3,0.01,1.0,27,2.6327068080168647,5.392912172573183,6.639584180300794,77.77777777777779,11.222222222222221,0.04230594672472889,0.1468497646790376
LINK/BTC,3,0.01,1.5,17,1.8871317986260658,2.713639609616758,8.2859313626447,70.58823529411765,12.764705882352942,0.04230594672472889,0.1468497646790376
LINK/BTC,3,0.01,2.0,11,3.309019998916445,6.459689534301449,9.486063651211229,72.72727272727273,15.0,0.04230594672472889,0.1468497646790376
LINK/BTC,3,0.01,2.5,6,0.2182546740204665,3.983774828106773,10.829487282959692,66.66666666666666,18.0,0.04230594672472889,0.1468497646790376
LINK/BTC,4,0.0001,1.0,15,1.7818414316948343,2.8951486697965545,9.438742869672968,53.333333333333336,26.466666666666665,0.5043369096477716,0.8358172317501231
LINK/BTC,4,0.0001,1.5,14,2.0008825205510923,2.3254665784673834,9.951817447842197,57.14285714285714,26.428571428571427,0.5043369096477716,0.8358172317501231
LINK/BTC,4,0.0001,2.0,13,1.1116673153336842,1.4021031547320817,10.998190973723204,53.84615384615385,24.76923076923077,0.5043369096477716,0.8358172317501231
LINK/BTC,4,0.0001,2.5,10,1.6526755044788874,3.464935447088685,13.621429905191263,60.0,26.8,0.5043369096477716,0.8358172317501231
LINK/BTC,4,0.001,1.0,19,-0.6428466486725317,0.9088060169226031,7.977846280378519,52.63157894736842,19.842105263157894,0.5043369096477716,0.8358172317501231
LINK/BTC,4,0.001,1.5,15,0.7160813973292421,3.5645472061657024,9.708234557842298,53.333333333333336,22.333333333333332,0.5043369096477716,0.8358172317501231
LINK/BTC,4,0.001,2.0,11,0.9291528491438871,3.8780120481927582,8.685702616331575,54.54545454545454,22.181818181818183,0.5043369096477716,0.8358172317501231
LINK/BTC,4,0.001,2.5,9,1.724463563253277,7.331587717210198,10.921887850242964,66.66666666666666,21.22222222222222,0.5043369096477716,0.8358172317501231
LINK/BTC,4,0.01,1.0,25,1.7240967799781162,3.4472049689440953,5.700584818065813,68.0,11.36,0.5043369096477716,0.8358172317501231
LINK/BTC,4,0.01,1.5,15,0.04887745124682207,1.0542635658914667,5.4532466862247135,53.333333333333336,13.933333333333334,0.5043369096477716,0.8358172317501231
LINK/BTC,4,0.01,2.0,10,-0.11356631280730767,0.5360073395885623,6.912172575674734,50.0,16.6,0.5043369096477716,0.8358172317501231
LINK/BTC,4,0.01,2.5,6,-0.5084238112022538,4.262976224222326,10.103280951878475,66.66666666666666,18.5,0.5043369096477716,0.8358172317501231
LINK/BTC,5,0.0001,1.0,17,0.38805574283187716,0.24691358024691024,12.94806212184022,52.94117647058824,23.235294117647058,0.3896002105416171,0.6395042873068014
LINK/BTC,5,0.0001,1.5,13,-1.1216122706293186,-1.2627291242362504,11.924115231516945,46.15384615384615,25.23076923076923,0.3896002105416171,0.6395042873068014
LINK/BTC,5,0.0001,2.0,12,-0.43518607986196883,0.5599493710457981,10.904206495571536,50.0,26.666666666666668,0.3896002105416171,0.6395042873068014
LINK/BTC,5,0.0001,2.5,10,2.1630029345495068,-1.6301118543565585,14.880968493029965,40.0,29.0,0.3896002105416171,0.6395042873068014
LINK/BTC,5,0.001,1.0,17,1.335334562467766,6.001579362990261,11.215842013880502,52.94117647058824,21.11764705882353,0.3896002105416171,0.6395042873068014
LINK/BTC,5,0.001,1.5,13,1.0816710073703153,5.688954562246029,10.732163911027966,53.84615384615385,23.692307692307693,0.3896002105416171,0.6395042873068014
LINK/BTC,5,0.001,2.0,10,0.3001044818431394,1.127182543663402,11.647858597211314,50.0,24.5,0.3896002105416171,0.6395042873068014
LINK/BTC,5,0.001,2.5,8,1.4717251233947723,5.67880443192163,11.818827446258169,62.5,24.375,0.3896002105416171,0.6395042873068014
LINK/BTC,5,0.01,1.0,20,-0.21521959126746318,0.9248809765727117,7.666673574329036,50.0,14.4,0.3896002105416171,0.6395042873068014
LINK/BTC,5,0.01,1.5,13,-2.4523846357308274,-3.0127940569541822,7.376169114990028,30.76923076923077,18.0,0.3896002105416171,0.6395042873068014
LINK/BTC,5,0.01,2.0,10,-0.4960808610947332,1.479091755102535,8.95426675522263,50.0,19.1,0.3896002105416171,0.6395042873068014
LINK/BTC,5,0.01,2.5,7,0.9413867913625512,6.459689534301449,10.037133731146032,71.42857142857143,19.142857142857142,0.3896002105416171,0.6395042873068014
LINK/BTC,6,0.0001,1.0,15,-2.55116797025281,-4.707233065442029,10.371989292279236,40.0,27.266666666666666,0.43777604503275896,0.5094220802193042
LINK/BTC,6,0.0001,1.5,14,-1.3929255751797143,-3.190182892812449,11.950945221012777,42.857142857142854,26.428571428571427,0.43777604503275896,0.5094220802193042
LINK/BTC,6,0.0001,2.0,13,0.06813778558814193,-0.89126559714795,10.288604731263685,46.15384615384615,27.0,0.43777604503275896,0.5094220802193042
LINK/BTC,6,0.0001,2.5,12,-1.7333590053165644,-3.004067187340759,11.169147566152505,33.33333333333333,27.833333333333332,0.43777604503275896,0.5094220802193042
LINK/BTC,6,0.001,1.0,18,1.0670577655304803,4.549591551746445,12.486491928682247,55.55555555555556,20.944444444444443,0.43777604503275896,0.5094220802193042
LINK/BTC,6,0.001,1.5,13,0.08048711960342886,5.2107728337236425,10.488930107182778,61.53846153846154,24.46153846153846,0.43777604503275896,0.5094220802193042
LINK/BTC,6,0.001,2.0,9,0.8589128265323586,3.8780120481927582,12.243159997492922,55.55555555555556,23.0,0.43777604503275896,0.5094220802193042
LINK/BTC,6,0.001,2.5,8,5.353552449139011,8.070291239379829,11.749235096208267,75.0,21.25,0.43777604503275896,0.5094220802193042
LINK/BTC,6,0.01,1.0,22,0.5952345201099302,2.7356637420365537,9.241085098132437,54.54545454545454,13.227272727272727,0.43777604503275896,0.5094220802193042
LINK/BTC,6,0.01,1.5,16,1.0713059153568067,2.417303265124171,10.060873658905447,56.25,13.625,0.43777604503275896,0.5094220802193042
LINK/BTC,6,0.01,2.0,14,2.2189553887833564,6.630622106029859,10.514776460013865,71.42857142857143,12.928571428571429,0.43777604503275896,0.5094220802193042
LINK/BTC,6,0.01,2.5,9,2.3179165623771008,8.068181818181808,12.785179997383901,77.77777777777779,13.777777777777779,0.43777604503275896,0.5094220802193042
LINK/BTC,7,0.0001,1.0,15,-3.787009688496066,-4.169298799747311,11.540930448920298,46.666666666666664,28.333333333333332,0.8179403756209778,0.4758895515589773
LINK/BTC,7,0.0001,1.5,15,-1.3797796092714276,-3.4777303233679113,8.511435304593087,46.666666666666664,27.933333333333334,0.8179403756209778,0.4758895515589773
LINK/BTC,7,0.0001,2.0,14,-2.5014137370030816,-5.487201903728045,8.981499089255234,35.714285714285715,28.428571428571427,0.8179403756209778,0.4758895515589773
LINK/BTC,7,0.0001,2.5,11,-0.76243534433212,-4.129032258064513,9.075790247557405,45.45454545454545,27.90909090909091,0.8179403756209778,0.4758895515589773
LINK/BTC,7,0.001,1.0,17,-2.467466641605266,-1.0707635009311045,12.904155214703875,47.05882352941176,22.705882352941178,0.8179403756209778,0.4758895515589773
LINK/BTC,7,0.001,1.5,13,-2.0639222206851455,-2.085452695829104,10.5409827719798,46.15384615384615,24.53846153846154,0.8179403756209778,0.4758895515589773
LINK/BTC,7,0.001,2.0,11,-0.1478386262950938,-4.129032258064513,11.608277615812826,45.45454545454545,23.363636363636363,0.8179403756209778,0.4758895515589773
LINK/BTC,7,0.001,2.5,9,6.46401562284241,7.091775923718702,10.33034084733939,66.66666666666666,21.22222222222222,0.8179403756209778,0.4758895515589773
LINK/BTC,7,0.01,1.0,23,-0.11601255310526959,0.0,9.216197716143435,47.82608695652174,13.869565217391305,0.8179403756209778,0.4758895515589773
LINK/BTC,7,0.01,1.5,17,0.9385104388937276,0.4953560371516952,8.747306273964623,52.94117647058824,13.705882352941176,0.8179403756209778,0.4758895515589773
LINK/BTC,7,0.01,2.0,14,4.9309616810394346,6.838414877118354,9.330774122427368,92.85714285714286,9.714285714285714,0.8179403756209778,0.4758895515589773
LINK/BTC,7,0.01,2.5,7,4.525383128553584,8.068181818181808,12.6032494682225,85.71428571428571,12.428571428571429,0.8179403756209778,0.4758895515589773
TRX/BTC,1,0.0001,1.0,16,-3.029792375159426,8.399070291590371,20.777935003930633,68.75,24.375,0.5063162382388154,0.37404042218439254
TRX/BTC,1,0.0001,1.5,12,-11.472738244776671,3.9017004425809523,24.093719236627262,58.333333333333336,26.25,0.5063162382388154,0.37404042218439254
TRX/BTC,1,0.0001,2.0,11,-9.960568312914301,0.6666666666666599,26.262675224527403,54.54545454545454,25.545454545454547,0.5063162382388154,0.37404042218439254
TRX/BTC,1,0.0001,2.5,8,-6.606062902053138,3.205211304122363,21.36994536304214,75.0,26.25,0.5063162382388154,0.37404042218439254
TRX/BTC,1,0.001,1.0,19,-5.070873996638481,2.487562189054726,15.412094571111467,68.42105263157895,17.526315789473685,0.5063162382388154,0.37404042218439254
TRX/BTC,1,0.001,1.5,14,-8.98735389290124,2.8511014034761644,18.392769653833646,57.14285714285714,20.714285714285715,0.5063162382388154,0.37404042218439254
TRX/BTC,1,0.001,2.0,9,-11.261171866239314,5.921052631578938,25.778744519623565,66.66666666666666,19.555555555555557,0.5063162382388154,0.37404042218439254
TRX/BTC,1,0.001,2.5,6,-9.302615970624283,6.1776782381485535,27.047677571450077,66.66666666666666,22.5,0.5063162382388154,0.37404042218439254
TRX/BTC,1,0.01,1.0,25,-3.432835503930383,2.4844720496894457,11.664941593915248,68.0,10.4,0.5063162382388154,0.37404042218439254
TRX/BTC,1,0.01,1.5,17,-3.1880939555194807,6.748466257668717,16.664602215469515,82.35294117647058,11.117647058823529,0.5063162382388154,0.37404042218439254
TRX/BTC,1,0.01,2.0,13,-2.670085613933618,6.172839506172833,12.78175996328925,76.92307692307693,12.0,0.5063162382388154,0.37404042218439254
TRX/BTC,1,0.01,2.5,6,-10.545917351003064,6.519896147936205,21.2381661454092,66.66666666666666,12.833333333333334,0.5063162382388154,0.37404042218439254
TRX/BTC,2,0.0001,1.0,16,-2.473543981676122,2.5823271982370666,10.312425932990177,62.5,24.875,0.8853876745467695,0.42796534007858666
TRX/BTC,2,0.0001,1.5,14,-1.5101108868652091,2.328705776981632,11.181342384251042,64.28571428571429,27.214285714285715,0.8853876745467695,0.42796534007858666
TRX/BTC,2,0.0001,2.0,13,-1.0144176648367877,2.194357366771149,12.855730392316747,61.53846153846154,26.23076923076923,0.8853876745467695,0.42796534007858666
TRX/BTC,2,0.0001,2.5,12,-1.648088790281159,-0.1368861024033441,10.046930802755458,50.0,27.083333333333332,0.8853876745467695,0.42796534007858666
TRX/BTC,2,0.001,1.0,20,-0.8835843200150866,2.0996075842593664,7.7608277355218025,65.0,16.35,0.8853876745467695,0.42796534007858666
TRX/BTC,2,0.001,1.5,13,-3.8185377760620423,-0.6172839506172756,9.373169032094555,46.15384615384615,21.692307692307693,0.8853876745467695,0.42796534007858666
TRX/BTC,2,0.001,2.0,10,-1.947499638653412,5.592105263157893,12.981345462605479,80.0,17.9,0.8853876745467695,0.42796534007858666
TRX/BTC,2,0.001,2.5,7,-1.5495925051009958,5.555555555555558,13.756529943878592,85.71428571428571,19.142857142857142,0.8853876745467695,0.42796534007858666
TRX/BTC,2,0.01,1.0,30,0.3000715062087934,1.9835198461269354,6.0464392786124845,70.0,9.166666666666666,0.8853876745467695,0.42796534007858666
TRX/BTC,2,0.01,1.5,21,1.4581949917873043,5.678233438485803,7.747597341283582,85.71428571428571,10.523809523809524,0.8853876745467695,0.42796534007858666
TRX/BTC,2,0.01,2.0,12,-0.5578052903749954,4.415323407571464,9.218223765315074,83.33333333333334,10.75,0.8853876745467695,0.42796534007858666
TRX/BTC,2,0.01,2.5,5,-4.818833741878226,6.866952789699576,16.609737686693197,80.0,10.2,0.8853876745467695,0.42796534007858666
TRX/BTC,3,0.0001,1.0,17,-2.4721359388719013,1.650165016501648,10.052616548645773,52.94117647058824,24.058823529411764,0.4157209469807338,0.24231893437238433
TRX/BTC,3,0.0001,1.5,15,-2.776358787622234,0.0,11.240580481767257,46.666666666666664,24.666666666666668,0.4157209469807338,0.24231893437238433
TRX/BTC,3,0.0001,2.0,12,-5.612784976758992,-1.9042181286373916,11.378887632521005,33.33333333333333,27.583333333333332,0.4157209469807338,0.24231893437238433
TRX/BTC,3,0.0001,2.5,11,-5.752087335339085,-0.6514657980456029,8.745484326201986,36.36363636363637,27.0,0.4157209469807338,0.24231893437238433
TRX/BTC,3,0.001,1.0,22,-0.7467029558913176,2.717467596275336,9.305360854758947,72.72727272727273,15.0,0.4157209469807338,0.24231893437238433
TRX/BTC,3,0.001,1.5,15,-3.6285153724857744,1.650165016501648,10.506958450047925,60.0,18.466666666666665,0.4157209469807338,0.24231893437238433
TRX/BTC,3,0.001,2.0,9,-7.2391083143688935,1.650165016501648,12.378145590378242,55.55555555555556,19.88888888888889,0.4157209469807338,0.24231893437238433
TRX/BTC,3,0.001,2.5,8,-5.260991897535442,1.3907861887041406,11.86544273631111,62.5,21.375,0.4157209469807338,0.24231893437238433
TRX/BTC,3,0.01,1.0,27,-1.3347462071427256,1.9169329073482455,6.985096291366182,66.66666666666666,11.185185185185185,0.4157209469807338,0.24231893437238433
TRX/BTC,3,0.01,1.5,16,-1.4144416586449298,4.3908408571739335,9.842660953388874,75.0,13.8125,0.4157209469807338,0.24231893437238433
TRX/BTC,3,0.01,2.0,10,-3.684288219626327,4.415323407571464,11.748778751872587,70.0,14.2,0.4157209469807338,0.24231893437238433
TRX/BTC,3,0.01,2.5,6,-7.87997696116193,-0.5925100127998686,15.16202617706358,50.0,15.5,0.4157209469807338,0.24231893437238433
TRX/BTC,4,0.0001,1.0,19,5.255471942433913,6.713780918727908,8.252523379614908,78.94736842105263,16.473684210526315,0.1587520524334785,0.20872589754879867
TRX/BTC,4,0.0001,1.5,12,3.8320336198598,4.960771493952277,8.51342197612955,75.0,20.75,0.1587520524334785,0.20872589754879867
TRX/BTC,4,0.0001,2.0,7,2.497833168120203,5.555555555555558,11.291737872805584,71.42857142857143,22.285714285714285,0.1587520524334785,0.20872589754879867
TRX/BTC,4,0.0001,2.5,7,4.206132263379295,5.555555555555558,8.571916697004145,71.42857142857143,21.142857142857142,0.1587520524334785,0.20872589754879867
TRX/BTC,4,0.001,1.0,21,3.255444241793625,6.115107913669071,7.320261365377994,76.19047619047619,14.523809523809524,0.1587520524334785,0.20872589754879867
TRX/BTC,4,0.001,1.5,15,2.6378001299135985,4.320987654320985,7.3285956937375545,73.33333333333333,15.933333333333334,0.1587520524334785,0.20872589754879867
TRX/BTC,4,0.001,2.0,7,1.9164372625638937,5.555555555555558,7.95699425921414,57.14285714285714,21.857142857142858,0.1587520524334785,0.20872589754879867
TRX/BTC,4,0.001,2.5,5,0.7629913503184451,0.6688963210702337,5.76353417954437,60.0,22.8,0.1587520524334785,0.20872589754879867
TRX/BTC,4,0.01,1.0,26,-0.1976425062005348,1.7397164536741228,5.7321053199458,65.38461538461539,12.115384615384615,0.1587520524334785,0.20872589754879867
TRX/BTC,4,0.01,1.5,14,0.3806892811713017,2.409150568065288,6.039121872379544,71.42857142857143,15.714285714285714,0.1587520524334785,0.20872589754879867
TRX/BTC,4,0.01,2.0,9,1.3184841015319593,2.9787234042553346,6.561574387324407,77.77777777777779,16.22222222222222,0.1587520524334785,0.20872589754879867
TRX/BTC,4,0.01,2.5,6,1.4346038395835332,4.798185231539442,6.61946412066619,66.66666666666666,18.0,0.1587520524334785,0.20872589754879867
TRX/BTC,5,0.0001,1.0,15,1.297103401493422,6.224066390041516,12.07592422376838,60.0,24.466666666666665,0.4003360869596001,0.5023443047577708
TRX/BTC,5,0.0001,1.5,11,1.6141955533386032,2.9787234042553346,13.873283084165267,63.63636363636363,26.181818181818183,0.4003360869596001,0.5023443047577708
TRX/BTC,5,0.0001,2.0,10,2.3052664616658336,8.240416554448338,14.659099728444858,60.0,28.5,0.4003360869596001,0.5023443047577708
TRX/BTC,5,0.0001,2.5,8,1.3557488870611922,0.9210526315789502,11.352290667094325,50.0,25.75,0.4003360869596001,0.5023443047577708
TRX/BTC,5,0.001,1.0,18,2.1246263259508904,6.917153478491766,8.965394329809095,72.22222222222221,19.055555555555557,0.4003360869596001,0.5023443047577708
TRX/BTC,5,0.001,1.5,13,1.312859841571355,6.827309236947787,9.652454521778155,69.23076923076923,23.846153846153847,0.4003360869596001,0.5023443047577708
TRX/BTC,5,0.001,2.0,7,-0.8103953174870797,2.9787234042553346,11.178862696476054,57.14285714285714,25.142857142857142,0.4003360869596001,0.5023443047577708
TRX/BTC,5,0.001,2.5,6,-0.138232229613766,-0.6629561786670402,10.132173179717697,50.0,24.166666666666668,0.4003360869596001,0.5023443047577708
TRX/BTC,5,0.01,1.0,22,-1.342911705591838,1.1498472744360944,7.105091613060904,54.54545454545454,14.272727272727273,0.4003360869596001,0.5023443047577708
TRX/BTC,5,0.01,1.5,12,-0.5292234552730741,2.473631996658315,8.639146093322955,58.333333333333336,18.416666666666668,0.4003360869596001,0.5023443047577708
TRX/BTC,5,0.01,2.0,8,1.14000292783446,4.58853525584667,9.753470584250152,75.0,19.0,0.4003360869596001,0.5023443047577708
TRX/BTC,5,0.01,2.5,7,0.7741648120462773,2.9787234042553346,9.824159720915022,71.42857142857143,19.0,0.4003360869596001,0.5023443047577708
TRX/BTC,6,0.0001,1.0,15,9.293426719623191,7.812500000000011,18.790612176493603,60.0,22.8,0.21668206739727014,0.6787048573209227
TRX/BTC,6,0.0001,1.5,12,12.759703998212352,6.771969768839142,22.797680078861152,58.333333333333336,26.666666666666668,0.21668206739727014,0.6787048573209227
TRX/BTC,6,0.0001,2.0,12,12.810055053561024,10.263420152449704,21.611527333294173,75.0,26.416666666666668,0.21668206739727014,0.6787048573209227
TRX/BTC,6,0.0001,2.5,9,14.300445879585583,4.382470119521919,21.364767170398277,66.66666666666666,25.333333333333332,0.21668206739727014,0.6787048573209227
TRX/BTC,6,0.001,1.0,17,7.8538834552251195,5.952380952380942,14.228253693075382,76.47058823529412,19.941176470588236,0.21668206739727014,0.6787048573209227
TRX/BTC,6,0.001,1.5,13,7.185999560145404,4.089219330855032,18.8034684489583,69.23076923076923,23.615384615384617,0.21668206739727014,0.6787048573209227
TRX/BTC,6,0.001,2.0,9,14.844081157561728,7.720588235294112,22.177874578311673,77.77777777777779,23.0,0.21668206739727014,0.6787048573209227
TRX/BTC,6,0.001,2.5,7,22.77980382006001,7.720588235294112,29.24108808192258,71.42857142857143,23.857142857142858,0.21668206739727014,0.6787048573209227
TRX/BTC,6,0.01,1.0,24,2.0880730965519376,2.0633012820512775,7.854888553621126,62.5,13.041666666666666,0.21668206739727014,0.6787048573209227
TRX/BTC,6,0.01,1.5,12,4.154100655099093,2.535235939310648,10.689886623156147,58.333333333333336,18.166666666666668,0.21668206739727014,0.6787048573209227
TRX/BTC,6,0.01,2.0,9,5.042479158048418,4.7169811320754595,10.259870462396243,88.88888888888889,16.333333333333332,0.21668206739727014,0.6787048573209227
TRX/BTC,6,0.01,2.5,8,4.612521195661611,3.847852268165397,10.482086413052915,87.5,17.0,0.21668206739727014,0.6787048573209227
TRX/BTC,7,0.0001,1.0,15,10.810390842802583,8.333333333333348,17.533830463223357,73.33333333333333,22.4,0.26028176072338555,0.35912758556396607
TRX/BTC,7,0.0001,1.5,11,15.894277055185444,7.216494845360821,22.855113489706092,72.72727272727273,24.727272727272727,0.26028176072338555,0.35912758556396607
TRX/BTC,7,0.0001,2.0,9,15.662605865323217,4.365079365079372,22.765662009082597,66.66666666666666,28.444444444444443,0.26028176072338555,0.35912758556396607
TRX/BTC,7,0.0001,2.5,9,21.04455653384552,18.154761904761905,26.435181988348663,77.77777777777779,26.0,0.26028176072338555,0.35912758556396607
TRX/BTC,7,0.001,1.0,15,9.092790692591741,5.0561797752809,14.875602523139124,73.33333333333333,20.933333333333334,0.26028176072338555,0.35912758556396607
TRX/BTC,7,0.001,1.5,12,8.89995816892989,4.009571369121934,19.96865455445207,75.0,23.5,0.26028176072338555,0.35912758556396607
TRX/BTC,7,0.001,2.0,7,20.850032877426766,12.408759124087599,27.74226345386787,85.71428571428571,23.428571428571427,0.26028176072338555,0.35912758556396607
TRX/BTC,7,0.001,2.5,5,32.123351422403026,12.408759124087599,39.44729508437486,80.0,25.2,0.26028176072338555,0.35912758556396607
TRX/BTC,7,0.01,1.0,22,1.6867869248327283,2.8756767800592495,7.525733681489998,59.09090909090909,11.909090909090908,0.26028176072338555,0.35912758556396607
TRX/BTC,7,0.01,1.5,12,1.9689744044258235,-1.2276857640007688,9.30324169619554,41.66666666666667,15.583333333333334,0.26028176072338555,0.35912758556396607
TRX/BTC,7,0.01,2.0,8,2.1550233779727557,2.681409194681944,8.375839200799785,75.0,15.5,0.26028176072338555,0.35912758556396607
TRX/BTC,7,0.01,2.5,4,2.9033598909853913,3.354506502292709,12.05828946845018,75.0,19.25,0.26028176072338555,0.35912758556396607
DOGE/BTC,1,0.0001,1.0,18,-40.28455907826927,5.658320742499451,58.40285010703207,61.111111111111114,22.22222222222222,0.05559038416322134,0.17322002451101987
DOGE/BTC,1,0.0001,1.5,11,-40.722813453751996,9.602649006622531,66.63814373322012,72.72727272727273,27.272727272727273,0.05559038416322134,0.17322002451101987
DOGE/BTC,1,0.0001,2.0,10,-36.33989801937033,16.61867327055797,67.54255966765521,60.0,26.3,0.05559038416322134,0.17322002451101987
DOGE/BTC,1,0.0001,2.5,9,-41.947892509757224,15.053763440860202,68.76748456029142,77.77777777777779,26.77777777777778,0.05559038416322134,0.17322002451101987
DOGE/BTC,1,0.001,1.0,15,-35.36272127542516,1.8707482993197466,49.11853923763005,60.0,21.933333333333334,0.05559038416322134,0.17322002451101987
DOGE/BTC,1,0.001,1.5,14,-29.31470917789205,4.410302171602942,49.38917113865392,50.0,21.071428571428573,0.05559038416322134,0.17322002451101987
DOGE/BTC,1,0.001,2.0,10,-45.26130297927769,0.7896528250510517,60.58311069028804,50.0,24.1,0.05559038416322134,0.17322002451101987
DOGE/BTC,1,0.001,2.5,5,-53.82147188990086,-4.61538461538461,61.253965139225805,40.0,27.4,0.05559038416322134,0.17322002451101987
DOGE/BTC,1,0.01,1.0,20,-27.211135912605776,1.1481756033275725,35.294373601445116,65.0,14.35,0.05559038416322134,0.17322002451101987
DOGE/BTC,1,0.01,1.5,15,-28.158658273009724,4.466501240694787,39.000911237717865,73.33333333333333,13.733333333333333,0.05559038416322134,0.17322002451101987
DOGE/BTC,1,0.01,2.0,9,-50.41945546581162,4.432132963988922,60.555895428136054,66.66666666666666,15.0,0.05559038416322134,0.17322002451101987
DOGE/BTC,1,0.01,2.5,6,-78.1893470925571,1.8590174417466465,88.27367924836442,50.0,16.333333333333332,0.05559038416322134,0.17322002451101987
DOGE/BTC,2,0.0001,1.0,17,1.3740347785831166,6.705539358600587,17.328483096502698,58.82352941176471,22.294117647058822,0.0868571523922928,0.2312811057870094
DOGE/BTC,2,0.0001,1.5,14,1.0236155430235045,5.158439264948433,16.52408921905903,57.14285714285714,23.928571428571427,0.0868571523922928,0.2312811057870094
DOGE/BTC,2,0.0001,2.0,12,1.4380763815245257,1.9807198225696598,17.55252659266545,50.0,24.5,0.0868571523922928,0.2312811057870094
DOGE/BTC,2,0.0001,2.5,8,-8.133246202263553,-7.939832444782952,15.213237198063831,37.5,28.875,0.0868571523922928,0.2312811057870094
DOGE/BTC,2,0.001,1.0,18,0.7946534940955223,2.9121003276465993,13.708972683916517,66.66666666666666,19.72222222222222,0.0868571523922928,0.2312811057870094
DOGE/BTC,2,0.001,1.5,17,1.1918543741146819,0.3389830508474523,14.383677367757635,58.82352941176471,18.941176470588236,0.0868571523922928,0.2312811057870094
DOGE/BTC,2,0.001,2.0,10,-2.8728110306114396,0.7896528250510517,15.043731366038097,50.0,22.6,0.0868571523922928,0.2312811057870094
DOGE/BTC,2,0.001,2.5,6,-3.6167217558227325,-0.3190559440559402,14.485974385279443,50.0,24.666666666666668,0.0868571523922928,0.2312811057870094
DOGE/BTC,2,0.01,1.0,21,-1.2449529471151988,1.1695906432748648,8.856330012123788,61.904761904761905,12.571428571428571,0.0868571523922928,0.2312811057870094
DOGE/BTC,2,0.01,1.5,16,0.8157564212327353,4.449317102341855,8.285942744537868,68.75,11.375,0.0868571523922928,0.2312811057870094
DOGE/BTC,2,0.01,2.0,10,-1.6483781452209534,3.706132707160026,9.442381510528799,60.0,13.7,0.0868571523922928,0.2312811057870094
DOGE/BTC,2,0.01,2.5,7,-2.9240677543667863,7.343412526997839,11.810304569381126,57.14285714285714,13.571428571428571,0.0868571523922928,0.2312811057870094
DOGE/BTC,3,0.0001,1.0,15,0.3729666490133692,3.3240997229916913,14.627435485501968,60.0,20.666666666666668,0.2314524828437613,0.5740595270179463
DOGE/BTC,3,0.0001,1.5,13,-0.8823229322558513,3.3240997229916913,14.87562267092674,53.84615384615385,22.153846153846153,0.2314524828437613,0.5740595270179463
DOGE/BTC,3,0.0001,2.0,9,-1.2709149246892788,-0.6557377049180357,11.16117781937938,44.44444444444444,24.11111111111111,0.2314524828437613,0.5740595270179463
DOGE/BTC,3,0.0001,2.5,7,-7.368220894659479,-3.2258064516129004,11.940000197143094,28.57142857142857,26.571428571428573,0.2314524828437613,0.5740595270179463
DOGE/BTC,3,0.001,1.0,17,-0.10786184495469152,1.5576323987539054,11.922462861334303,52.94117647058824,20.11764705882353,0.2314524828437613,0.5740595270179463
DOGE/BTC,3,0.001,1.5,14,-2.3819963915306723,-0.17402269861286346,12.233086445170414,50.0,21.928571428571427,0.2314524828437613,0.5740595270179463
DOGE/BTC,3,0.001,2.0,8,-6.093344087377888,-3.80218909415086,16.563480717919116,37.5,24.125,0.2314524828437613,0.5740595270179463
DOGE/BTC,3,0.001,2.5,6,-6.445820611470111,-3.80218909415086,18.647242533622435,33.33333333333333,25.166666666666668,0.2314524828437613,0.5740595270179463
DOGE/BTC,3,0.01,1.0,17,-2.872952177812374,0.3144654088050314,9.100168169862975,52.94117647058824,14.647058823529411,0.2314524828437613,0.5740595270179463
DOGE/BTC,3,0.01,1.5,13,-2.440274202421361,1.967213114754096,10.492788780634005,61.53846153846154,13.461538461538462,0.2314524828437613,0.5740595270179463
DOGE/BTC,3,0.01,2.0,9,-4.654633769811816,-3.625377643504546,10.794494356012747,44.44444444444444,15.555555555555555,0.2314524828437613,0.5740595270179463
DOGE/BTC,3,0.01,2.5,7,-4.301172465359255,-3.625377643504546,12.507693021990727,42.857142857142854,15.0,0.2314524828437613,0.5740595270179463
DOGE/BTC,4,0.0001,1.0,15,-2.8511937658010296,2.9940119760479167,12.766328396797924,53.333333333333336,24.0,0.7197113960179043,0.1102852930236986
DOGE/BTC,4,0.0001,1.5,14,-2.6141843616733533,0.32333767926988055,12.806016270488332,57.14285714285714,24.785714285714285,0.7197113960179043,0.1102852930236986
DOGE/BTC,4,0.0001,2.0,10,-4.624840791074804,-4.360254382496381,15.631423190148672,40.0,29.4,0.7197113960179043,0.1102852930236986
DOGE/BTC,4,0.0001,2.5,9,-6.473958298667526,-6.866952789699576,13.045493432912453,22.22222222222222,28.0,0.7197113960179043,0.1102852930236986
DOGE/BTC,4,0.001,1.0,18,0.07864883494567382,3.426830549427473,12.140208588778325,55.55555555555556,19.055555555555557,0.7197113960179043,0.1102852930236986
DOGE/BTC,4,0.001,1.5,15,-0.00923030842258168,5.445544554455428,12.72146462675919,66.66666666666666,18.066666666666666,0.7197113960179043,0.1102852930236986
DOGE/BTC,4,0.001,2.0,10,-2.8372770247838517,5.5694266369750665,15.143201348385247,60.0,18.9,0.7197113960179043,0.1102852930236986
DOGE/BTC,4,0.001,2.5,8,-3.7420499310044937,2.709992566634811,18.044660423165638,50.0,21.625,0.7197113960179043,0.1102852930236986
DOGE/BTC,4,0.01,1.0,21,-0.7724872215131665,2.8846153846153744,8.202387315833274,61.904761904761905,12.761904761904763,0.7197113960179043,0.1102852930236986
DOGE/BTC,4,0.01,1.5,14,-2.3829643251921686,2.9075091575091583,10.934012692160195,57.14285714285714,12.0,0.7197113960179043,0.1102852930236986
DOGE/BTC,4,0.01,2.0,10,-3.0288323666805503,-1.2332289803220045,11.414340078308829,50.0,12.5,0.7197113960179043,0.1102852930236986
DOGE/BTC,4,0.01,2.5,10,-0.5194238085753851,2.3725402504472193,10.736351236921346,60.0,10.6,0.7197113960179043,0.1102852930236986
DOGE/BTC,5,0.0001,1.0,15,0.642683129928818,1.7391304347826209,12.792279887601,53.333333333333336,25.8,0.1312766095445687,0.3302327087147441
DOGE/BTC,5,0.0001,1.5,13,0.8852280147082059,-2.314814814814814,14.204467453383849,38.46153846153847,26.46153846153846,0.1312766095445687,0.3302327087147441
DOGE/BTC,5,0.0001,2.0,12,1.9436883213283513,-2.6368388683886743,14.439148356904523,41.66666666666667,27.666666666666668,0.1312766095445687,0.3302327087147441
DOGE/BTC,5,0.0001,2.5,10,3.2962937408797117,-1.2415046625572967,11.565908616118158,50.0,27.5,0.1312766095445687,0.3302327087147441
DOGE/BTC,5,0.001,1.0,17,0.07245941584855252,4.888888888888898,11.175003004106099,52.94117647058824,19.41176470588235,0.1312766095445687,0.3302327087147441
DOGE/BTC,5,0.001,1.5,15,1.928369197739115,7.291666666666696,13.108470713589668,66.66666666666666,16.866666666666667,0.1312766095445687,0.3302327087147441
DOGE/BTC,5,0.001,2.0,11,0.2352279456266179,8.421052631578952,13.678420437032276,63.63636363636363,18.363636363636363,0.1312766095445687,0.3302327087147441
DOGE/BTC,5,0.001,2.5,9,1.584679376333556,8.421052631578952,12.21941485315292,66.66666666666666,21.0,0.1312766095445687,0.3302327087147441
DOGE/BTC,5,0.01,1.0,22,-0.05449849568811988,1.4751087119508288,7.576054018736235,54.54545454545454,13.272727272727273,0.1312766095445687,0.3302327087147441
DOGE/BTC,5,0.01,1.5,15,-0.527516172263032,-1.3513513513513375,9.02392135006083,46.666666666666664,13.466666666666667,0.1312766095445687,0.3302327087147441
DOGE/BTC,5,0.01,2.0,14,0.675160400711295,1.236981024397199,8.244482164760312,57.14285714285714,12.5,0.1312766095445687,0.3302327087147441
DOGE/BTC,5,0.01,2.5,12,3.8823444191218712,4.083817126269951,7.501382990457095,75.0,11.0,0.1312766095445687,0.3302327087147441
DOGE/BTC,6,0.0001,1.0,17,-1.1610956856679746,6.145251396648055,17.68826644487445,58.82352941176471,23.941176470588236,0.5303143932612915,0.6744949983068315
DOGE/BTC,6,0.0001,1.5,13,-5.158037066462229,-2.209944751381221,19.07282183666571,46.15384615384615,25.846153846153847,0.5303143932612915,0.6744949983068315
DOGE/BTC,6,0.0001,2.0,12,0.7102471199967901,4.207920792079212,15.322726160027315,50.0,25.583333333333332,0.5303143932612915,0.6744949983068315
DOGE/BTC,6,0.0001,2.5,11,-2.2104306882807765,0.0,17.567755913562088,45.45454545454545,24.363636363636363,0.5303143932612915,0.6744949983068315
DOGE/BTC,6,0.001,1.0,18,-4.029255760717423,6.315586648485194,16.386017928114782,66.66666666666666,18.38888888888889,0.5303143932612915,0.6744949983068315
DOGE/BTC,6,0.001,1.5,17,-2.274127644221379,7.831325301204828,16.789240570190135,70.58823529411765,17.470588235294116,0.5303143932612915,0.6744949983068315
DOGE/BTC,6,0.001,2.0,13,-3.5373899345095055,8.421052631578952,18.58967880601117,61.53846153846154,19.076923076923077,0.5303143932612915,0.6744949983068315
DOGE/BTC,6,0.001,2.5,9,-9.095878662759205,-3.2558139534883845,22.194737892729567,44.44444444444444,23.77777777777778,0.5303143932612915,0.6744949983068315
DOGE/BTC,6,0.01,1.0,26,-2.8038323188311987,1.8842387722436738,9.021965248154157,57.692307692307686,11.423076923076923,0.5303143932612915,0.6744949983068315
DOGE/BTC,6,0.01,1.5,19,-3.707224520914262,3.0120481927710774,11.310706469565622,57.89473684210527,11.368421052631579,0.5303143932612915,0.6744949983068315
DOGE/BTC,6,0.01,2.0,13,-5.363448029062685,2.8846153846153744,14.599577744785488,69.23076923076923,11.076923076923077,0.5303143932612915,0.6744949983068315
DOGE/BTC,6,0.01,2.5,10,-4.614763195141517,5.18562320032907,16.847636345616234,80.0,10.0,0.5303143932612915,0.6744949983068315
DOGE/BTC,7,0.0001,1.0,16,-4.615968373911311,-1.4597399349837445,19.126985674608402,50.0,26.375,0.5494818396794144,0.9009508772895534
DOGE/BTC,7,0.0001,1.5,13,-4.1350083241158,1.1428571428571344,21.981836657740782,53.84615384615385,27.923076923076923,0.5494818396794144,0.9009508772895534
DOGE/BTC,7,0.0001,2.0,12,-0.6968003209109389,6.961535983506217,21.670112644371503,50.0,27.083333333333332,0.5494818396794144,0.9009508772895534
DOGE/BTC,7,0.0001,2.5,8,-9.939134747446207,-3.076923076923077,23.091474719882132,37.5,24.875,0.5494818396794144,0.9009508772895534
DOGE/BTC,7,0.001,1.0,16,-7.191928207896623,0.4349196344153703,19.387115193026105,50.0,22.0625,0.5494818396794144,0.9009508772895534
DOGE/BTC,7,0.001,1.5,15,-5.581451668610567,7.831325301204828,18.93517657946693,53.333333333333336,20.866666666666667,0.5494818396794144,0.9009508772895534
DOGE/BTC,7,0.001,2.0,12,-6.766172031345804,3.082610289624832,20.348371979913995,50.0,23.166666666666668,0.5494818396794144,0.9009508772895534
DOGE/BTC,7,0.001,2.5,8,-10.881183809014253,-3.3035001710181255,24.81692822087895,37.5,28.125,0.5494818396794144,0.9009508772895534
DOGE/BTC,7,0.01,1.0,22,-4.130613961796388,1.5271148573169524,11.696532313299816,54.54545454545454,14.545454545454545,0.5494818396794144,0.9009508772895534
DOGE/BTC,7,0.01,1.5,17,-4.746878252088954,1.3100436681222738,13.33208818351261,58.82352941176471,15.647058823529411,0.5494818396794144,0.9009508772895534
DOGE/BTC,7,0.01,2.0,9,-9.117443925007965,3.2258064516129004,19.234237663464366,66.66666666666666,16.444444444444443,0.5494818396794144,0.9009508772895534
DOGE/BTC,7,0.01,2.5,7,-11.701880548239615,7.2072072072072,23.39618535325595,71.42857142857143,16.714285714285715,0.5494818396794144,0.9009508772895534
AVAX/BTC,1,0.0001,1.0,15,-10.997406858711967,4.150769761690221,29.03406660960272,60.0,26.866666666666667,0.056272698532221624,0.17848586508173508
AVAX/BTC,1,0.0001,1.5,14,-8.746205143725076,2.0523631960586597,31.58917954280577,50.0,27.642857142857142,0.056272698532221624,0.17848586508173508
AVAX/BTC,1,0.0001,2.0,11,-10.784962602996165,1.8130681532820936,37.99437676552606,54.54545454545454,29.181818181818183,0.056272698532221624,0.17848586508173508
AVAX/BTC,1,0.0001,2.5,9,-8.216903174575728,1.772575250836117,31.600856845781678,55.55555555555556,28.0,0.056272698532221624,0.17848586508173508
AVAX/BTC,1,0.001,1.0,15,-12.776882724703906,3.670601730153422,29.377579523241526,53.333333333333336,20.733333333333334,0.056272698532221624,0.17848586508173508
AVAX/BTC,1,0.001,1.5,14,-8.510707444154926,4.914244393458439,26.394265892421906,64.28571428571429,20.642857142857142,0.056272698532221624,0.17848586508173508
AVAX/BTC,1,0.001,2.0,9,-10.363039342751318,1.317598533455544,30.82118257166023,55.55555555555556,27.22222222222222,0.056272698532221624,0.17848586508173508
AVAX/BTC,1,0.001,2.5,6,-18.189922155336557,2.267948778552842,37.55204403769458,50.0,25.166666666666668,0.056272698532221624,0.17848586508173508
AVAX/BTC,1,0.01,1.0,21,-7.806152203714733,6.00299633207626,19.271675368714853,66.66666666666666,14.380952380952381,0.056272698532221624,0.17848586508173508
AVAX/BTC,1,0.01,1.5,13,-10.825999953520407,2.318885689829586,17.87818437410477,53.84615384615385,15.846153846153847,0.056272698532221624,0.17848586508173508
AVAX/BTC,1,0.01,2.0,7,-7.236473833605166,-8.690459463256994,22.017500217029983,42.857142857142854,17.0,0.056272698532221624,0.17848586508173508
AVAX/BTC,1,0.01,2.5,5,-15.932296159897348,-19.83070801603506,21.71952073965509,40.0,19.4,0.056272698532221624,0.17848586508173508
AVAX/BTC,2,0.0001,1.0,16,-7.750748554664113,-7.138313494175225,24.060320935286715,37.5,27.875,0.18211284079201412,0.1902857168013088
AVAX/BTC,2,0.0001,1.5,15,-6.892807887278327,-6.626759084226008,23.233801414919125,33.33333333333333,29.333333333333332,0.18211284079201412,0.1902857168013088
AVAX/BTC,2,0.0001,2.0,14,-0.7419804126166663,5.087703231614016,18.108313094518717,57.14285714285714,28.357142857142858,0.18211284079201412,0.1902857168013088
AVAX/BTC,2,0.0001,2.5,10,-0.4225125111886815,-3.70627756158024,18.754859520299185,40.0,30.0,0.18211284079201412,0.1902857168013088
AVAX/BTC,2,0.001,1.0,15,-6.803570339434036,-0.7566346696781467,18.712469967084807,46.666666666666664,20.866666666666667,0.18211284079201412,0.1902857168013088
AVAX/BTC,2,0.001,1.5,13,-6.746173577215629,3.4425868895732403,19.786024245953715,61.53846153846154,19.23076923076923,0.18211284079201412,0.1902857168013088
AVAX/BTC,2,0.001,2.0,7,-1.1034003039520015,1.317598533455544,17.101030812796374,57.14285714285714,27.857142857142858,0.18211284079201412,0.1902857168013088
AVAX/BTC,2,0.001,2.5,5,-7.380322725679638,-0.2713194473431546,12.297338685971887,40.0,26.6,0.18211284079201412,0.1902857168013088
AVAX/BTC,2,0.01,1.0,23,-1.8055701947428786,4.352570320077598,11.668540103701314,73.91304347826086,13.130434782608695,0.18211284079201412,0.1902857168013088
AVAX/BTC,2,0.01,1.5,15,0.0692521641989905,2.318885689829586,8.193787226036926,60.0,13.8,0.18211284079201412,0.1902857168013088
AVAX/BTC,2,0.01,2.0,7,-0.695879534383297,0.10241238051889034,13.21734427291477,57.14285714285714,16.857142857142858,0.18211284079201412,0.1902857168013088
AVAX/BTC,2,0.01,2.5,4,-5.5720045094435875,4.077723985095449,15.607496217012631,75.0,12.5,0.18211284079201412,0.1902857168013088
AVAX/BTC,3,0.0001,1.0,17,-4.287264443938441,-8.194551670894457,14.341726984768789,41.17647058823529,24.470588235294116,0.6629895445372194,0.985096949564038
AVAX/BTC,3,0.0001,1.5,14,-2.0913012746158084,-2.1562782294489544,14.281997057451624,42.857142857142854,24.0,0.6629895445372194,0.985096949564038
AVAX/BTC,3,0.0001,2.0,12,-3.58463894934197,-7.06134905671088,13.582140856086811,41.66666666666667,26.083333333333332,0.6629895445372194,0.985096949564038
AVAX/BTC,3,0.0001,2.5,10,-6.979184628391063,-5.074786165069978,12.766767981571176,30.0,30.0,0.6629895445372194,0.985096949564038
AVAX/BTC,3,0.001,1.0,18,-2.4212395060653455,3.556594309863331,12.178727397235363,55.55555555555556,21.61111111111111,0.6629895445372194,0.985096949564038
AVAX/BTC,3,0.001,1.5,15,-0.9375918050810288,3.670601730153422,14.680495104979494,60.0,20.066666666666666,0.6629895445372194,0.985096949564038
AVAX/BTC,3,0.001,2.0,9,-5.114764632584586,-0.5368703615979964,12.913803349337844,44.44444444444444,26.77777777777778,0.6629895445372194,0.985096949564038
AVAX/BTC,3,0.001,2.5,7,-2.2296964891117037,4.807217004448838,13.242793314507125,57.14285714285714,25.571428571428573,0.6629895445372194,0.985096949564038
AVAX/BTC,3,0.01,1.0,23,-1.109702393256702,4.913391072618256,11.319253493354688,69.56521739130434,13.608695652173912,0.6629895445372194,0.985096949564038
AVAX/BTC,3,0.01,1.5,17,1.0635862157206262,1.2632243802305432,8.305155922209831,58.82352941176471,13.941176470588236,0.6629895445372194,0.985096949564038
AVAX/BTC,3,0.01,2.0,11,0.3991571725064006,1.2632243802305432,9.62069739441582,63.63636363636363,15.454545454545455,0.6629895445372194,0.985096949564038
AVAX/BTC,3,0.01,2.5,6,-1.2880200875616126,7.279948756202337,12.8316470634092,83.33333333333334,12.166666666666666,0.6629895445372194,0.985096949564038
AVAX/BTC,4,0.0001,1.0,16,-8.389465519213797,-9.073153728178884,18.80440349610271,31.25,25.9375,0.7314421909791081,0.9564029952593667
AVAX/BTC,4,0.0001,1.5,16,-6.892602289080565,-7.06134905671088,18.254169374565514,37.5,24.125,0.7314421909791081,0.9564029952593667
AVAX/BTC,4,0.0001,2.0,13,-10.461530345861709,-7.288365776369399,17.25637871475506,15.384615384615385,26.846153846153847,0.7314421909791081,0.9564029952593667
AVAX/BTC,4,0.0001,2.5,12,-4.5669373532924284,-10.432431145312552,20.48790483365775,33.33333333333333,27.833333333333332,0.7314421909791081,0.9564029952593667
AVAX/BTC,4,0.001,1.0,17,-5.297571641447549,0.6938421509106618,13.161497664508483,52.94117647058824,23.58823529411765,0.7314421909791081,0.9564029952593667
AVAX/BTC,4,0.001,1.5,16,-5.409038283123229,1.764396893062481,16.57725009507218,56.25,22.1875,0.7314421909791081,0.9564029952593667
AVAX/BTC,4,0.001,2.0,12,-5.633004258261227,-0.22533173252313743,15.417517087754092,50.0,24.416666666666668,0.7314421909791081,0.9564029952593667
AVAX/BTC,4,0.001,2.5,10,-6.020865054092579,1.6292372175825798,15.749431076359462,50.0,23.3,0.7314421909791081,0.9564029952593667
AVAX/BTC,4,0.01,1.0,22,-1.7424327109708153,1.020273062291277,9.191839876626194,54.54545454545454,14.454545454545455,0.7314421909791081,0.9564029952593667
AVAX/BTC,4,0.01,1.5,19,-1.35950612609531,0.9182530795072807,8.216053483845704,57.89473684210527,14.210526315789474,0.7314421909791081,0.9564029952593667
AVAX/BTC,4,0.01,2.0,15,-0.8547137990574508,1.8771874005726996,9.10566368297841,73.33333333333333,14.0,0.7314421909791081,0.9564029952593667
AVAX/BTC,4,0.01,2.5,9,-7.694787651280952,1.4575411913815062,15.45025110788217,77.77777777777779,13.222222222222221,0.7314421909791081,0.9564029952593667
AVAX/BTC,5,0.0001,1.0,16,-5.98012202908991,-3.735436246718166,18.067863880294468,37.5,27.9375,0.5558138676394446,0.7150725570234573
AVAX/BTC,5,0.0001,1.5,15,-6.14899428547164,-5.614608885254824,18.119966283664798,33.33333333333333,29.4,0.5558138676394446,0.7150725570234573
AVAX/BTC,5,0.0001,2.0,13,-5.666110885941578,-6.257242178447275,22.265462758166827,38.46153846153847,28.692307692307693,0.5558138676394446,0.7150725570234573
AVAX/BTC,5,0.0001,2.5,9,-7.270258835393495,-9.84369803791154,28.670992927447756,33.33333333333333,27.444444444444443,0.5558138676394446,0.7150725570234573
AVAX/BTC,5,0.001,1.0,16,-6.95212030186446,-7.551770311279454,14.075652882437847,43.75,24.75,0.5558138676394446,0.7150725570234573
AVAX/BTC,5,0.001,1.5,14,-7.239813899930842,-1.3151308471401002,17.01876930601171,50.0,24.214285714285715,0.5558138676394446,0.7150725570234573
AVAX/BTC,5,0.001,2.0,12,-4.79447178833765,-0.22533173252313743,16.21349651717369,50.0,23.583333333333332,0.5558138676394446,0.7150725570234573
AVAX/BTC,5,0.001,2.5,8,-11.628348707342344,-7.4402332128164215,17.25397129594691,37.5,25.5,0.5558138676394446,0.7150725570234573
AVAX/BTC,5,0.01,1.0,20,-4.4408108263259845,-0.08006867180875288,11.373525464667045,45.0,16.65,0.5558138676394446,0.7150725570234573
AVAX/BTC,5,0.01,1.5,16,-3.2238107767788997,0.412324667678754,11.555621739967512,50.0,16.9375,0.5558138676394446,0.7150725570234573
AVAX/BTC,5,0.01,2.0,14,-0.6754018592703489,3.8479306420996062,11.748397093415557,71.42857142857143,14.714285714285714,0.5558138676394446,0.7150725570234573
AVAX/BTC,5,0.01,2.5,10,-7.17520606370582,1.1878971354443935,15.22153084357125,60.0,15.7,0.5558138676394446,0.7150725570234573
AVAX/BTC,6,0.0001,1.0,17,0.8414631379289569,3.6162968181284616,16.4588443727289,58.82352941176471,26.352941176470587,0.5067448986505539,0.7421564256533661
AVAX/BTC,6,0.0001,1.5,16,0.06227121194575247,2.7231425058765026,16.12847920492175,56.25,26.0625,0.5067448986505539,0.7421564256533661
AVAX/BTC,6,0.0001,2.0,12,1.933343633063373,5.607289472823728,19.991350749130184,66.66666666666666,28.583333333333332,0.5067448986505539,0.7421564256533661
AVAX/BTC,6,0.0001,2.5,11,1.5797704184326948,7.598282127518996,22.348881092563715,63.63636363636363,28.0,0.5067448986505539,0.7421564256533661
AVAX/BTC,6,0.001,1.0,20,-0.2732413254310253,3.430768865725892,10.982725346793071,65.0,18.5,0.5067448986505539,0.7421564256533661
AVAX/BTC,6,0.001,1.5,13,-5.531434661692317,4.782034346103048,14.515412767852773,61.53846153846154,22.76923076923077,0.5067448986505539,0.7421564256533661
AVAX/BTC,6,0.001,2.0,12,-4.261176180941391,3.553232801142514,16.185134921147693,75.0,22.333333333333332,0.5067448986505539,0.7421564256533661
AVAX/BTC,6,0.001,2.5,9,-1.7500762312872022,7.598282127518996,18.39374278531685,66.66666666666666,22.444444444444443,0.5067448986505539,0.7421564256533661
AVAX/BTC,6,0.01,1.0,23,-1.6794340497168903,4.259392199090694,10.684263768079576,56.52173913043478,13.304347826086957,0.5067448986505539,0.7421564256533661
AVAX/BTC,6,0.01,1.5,17,-2.728838510468177,4.259392199090694,11.913969500244113,52.94117647058824,13.823529411764707,0.5067448986505539,0.7421564256533661
AVAX/BTC,6,0.01,2.0,14,-1.7191150569282587,4.7283833248309755,11.966290029708471,64.28571428571429,14.142857142857142,0.5067448986505539,0.7421564256533661
AVAX/BTC,6,0.01,2.5,11,-6.993820233254328,1.4575411913815062,14.98234472241096,54.54545454545454,14.545454545454545,0.5067448986505539,0.7421564256533661
AVAX/BTC,7,0.0001,1.0,16,-3.910669674802641,-6.2235256502365,12.356886659306436,37.5,25.625,0.8658548760429505,0.5637694710109784
AVAX/BTC,7,0.0001,1.5,16,-1.9147088942520847,-5.661663606874678,12.212739372755879,43.75,25.3125,0.8658548760429505,0.5637694710109784
AVAX/BTC,7,0.0001,2.0,13,-1.051341713372751,-3.360620422231797,10.41994809195113,38.46153846153847,27.46153846153846,0.8658548760429505,0.5637694710109784
AVAX/BTC,7,0.0001,2.5,11,-2.1885160628027607,-2.917505030181089,8.622842411666623,36.36363636363637,28.272727272727273,0.8658548760429505,0.5637694710109784
AVAX/BTC,7,0.001,1.0,19,0.1068465423534738,4.706046641530515,9.623303751411132,63.1578947368421,18.263157894736842,0.8658548760429505,0.5637694710109784
AVAX/BTC,7,0.001,1.5,13,-1.3619071192188545,-1.8340210912425436,8.771067120855292,46.15384615384615,22.846153846153847,0.8658548760429505,0.5637694710109784
AVAX/BTC,7,0.001,2.0,13,-0.19629566274362725,2.32443125618198,8.62889380094508,61.53846153846154,21.846153846153847,0.8658548760429505,0.5637694710109784
AVAX/BTC,7,0.001,2.5,8,4.564766902685401,3.1039422131221075,14.280880235629585,50.0,21.25,0.8658548760429505,0.5637694710109784
AVAX/BTC,7,0.01,1.0,26,2.1103120263208233,4.457761029062645,7.496624095733456,65.38461538461539,11.461538461538462,0.8658548760429505,0.5637694710109784
AVAX/BTC,7,0.01,1.5,19,4.394644859330512,5.709736123748865,7.40275464497432,63.1578947368421,11.789473684210526,0.8658548760429505,0.5637694710109784
AVAX/BTC,7,0.01,2.0,12,5.705800142398032,5.886257848864451,8.572170583252232,75.0,12.916666666666666,0.8658548760429505,0.5637694710109784
AVAX/BTC,7,0.01,2.5,8,4.776564185180277,3.676433815003155,9.076119846461577,62.5,15.125,0.8658548760429505,0.5637694710109784
NEAR/BTC,1,0.0001,1.0,17,-5.0717934349769385,3.81526104417671,26.256108371205077,58.82352941176471,24.0,0.3016965236983401,0.553422095287205
NEAR/BTC,1,0.0001,1.5,13,-5.989211028094483,-9.11949685534591,31.03581849464524,46.15384615384615,26.846153846153847,0.3016965236983401,0.553422095287205
NEAR/BTC,1,0.0001,2.0,13,-8.12095439919679,11.94605009633911,34.01609289900062,53.84615384615385,26.692307692307693,0.3016965236983401,0.553422095287205
NEAR/BTC,1,0.0001,2.5,11,-10.629384392758402,10.144268260982592,37.303920169101296,54.54545454545454,24.363636363636363,0.3016965236983401,0.553422095287205
NEAR/BTC,1,0.001,1.0,16,-12.155950200704353,3.0027550723876253,31.3286366863491,50.0,21.8125,0.3016965236983401,0.553422095287205
NEAR/BTC,1,0.001,1.5,13,-12.765452840300581,9.540887308703038,35.913867231011054,53.84615384615385,25.0,0.3016965236983401,0.553422095287205
NEAR/BTC,1,0.001,2.0,11,-5.187590346392742,-0.31948881789137795,32.05637694704546,45.45454545454545,24.363636363636363,0.3016965236983401,0.553422095287205
NEAR/BTC,1,0.001,2.5,8,-12.452928420096745,3.1487750286060043,34.42551837962474,50.0,25.0,0.3016965236983401,0.553422095287205
NEAR/BTC,1,0.01,1.0,22,-4.949681909637335,6.4689459345116385,18.957348608861913,59.09090909090909,12.681818181818182,0.3016965236983401,0.553422095287205
NEAR/BTC,1,0.01,1.5,14,-8.792481407666596,6.423109815528472,24.178890151319564,71.42857142857143,15.714285714285714,0.3016965236983401,0.553422095287205
NEAR/BTC,1,0.01,2.0,10,-15.357257691002138,5.65958230640558,28.257231417367592,70.0,17.1,0.3016965236983401,0.553422095287205
NEAR/BTC,1,0.01,2.5,9,-17.55714865973421,2.25653206650831,30.903394794009937,66.66666666666666,16.88888888888889,0.3016965236983401,0.553422095287205
NEAR/BTC,2,0.0001,1.0,17,-9.631865402713217,1.136261966538421,21.592574342580587,52.94117647058824,25.0,0.4311066690593137,0.5592029971188781
NEAR/BTC,2,0.0001,1.5,13,-12.135986489032717,-1.6536490114718028,30.129808892225316,46.15384615384615,28.53846153846154,0.4311066690593137,0.5592029971188781
NEAR/BTC,2,0.0001,2.0,10,-13.12265099867329,-13.29492833747053,33.972620052092104,40.0,28.6,0.4311066690593137,0.5592029971188781
NEAR/BTC,2,0.0001,2.5,8,-7.8926804420618835,8.927310981019726,32.915031158806585,62.5,29.5,0.4311066690593137,0.5592029971188781
NEAR/BTC,2,0.001,1.0,16,-7.712499417548326,3.8529968104039964,23.649143629549414,50.0,21.5,0.4311066690593137,0.5592029971188781
NEAR/BTC,2,0.001,1.5,11,-9.402600421267119,7.875693673695894,24.272315775972242,54.54545454545454,25.363636363636363,0.4311066690593137,0.5592029971188781
NEAR/BTC,2,0.001,2.0,7,-15.337446992768632,-23.722651017414044,30.149728581818326,28.57142857142857,27.857142857142858,0.4311066690593137,0.5592029971188781
NEAR/BTC,2,0.001,2.5,7,-7.946861591882852,-21.374367622259694,31.112562318784285,42.857142857142854,27.714285714285715,0.4311066690593137,0.5592029971188781
NEAR/BTC,2,0.01,1.0,19,-4.853796455707858,-1.453726453726456,15.25143206511675,47.368421052631575,15.210526315789474,0.4311066690593137,0.5592029971188781
NEAR/BTC,2,0.01,1.5,12,-0.6013777317885133,3.879835915183627,14.134768212051464,58.333333333333336,17.916666666666668,0.4311066690593137,0.5592029971188781
NEAR/BTC,2,0.01,2.0,9,-1.70589158390357,2.0415808203783525,13.823330251359732,55.55555555555556,19.666666666666668,0.4311066690593137,0.5592029971188781
NEAR/BTC,2,0.01,2.5,9,-1.8675522404780085,1.6024182539166487,13.661669594785293,55.55555555555556,18.77777777777778,0.4311066690593137,0.5592029971188781
NEAR/BTC,3,0.0001,1.0,14,-3.0036093154347,-4.523642760046432,21.70552918730424,35.714285714285715,28.857142857142858,0.8080309819285043,0.9863754875311731
NEAR/BTC,3,0.0001,1.5,12,-3.1250842378610675,-6.551366866216485,22.6545452161473,33.33333333333333,29.333333333333332,0.8080309819285043,0.9863754875311731
NEAR/BTC,3,0.0001,2.0,11,-3.630977600610578,-6.664763807620943,24.11463750973154,36.36363636363637,29.272727272727273,0.8080309819285043,0.9863754875311731
NEAR/BTC,3,0.0001,2.5,8,-4.826970943375179,-7.821445601839594,15.218023792939631,25.0,30.0,0.8080309819285043,0.9863754875311731
NEAR/BTC,3,0.001,1.0,14,-4.982559822009442,-2.998174413056459,16.679437792350836,42.857142857142854,22.5,0.8080309819285043,0.9863754875311731
NEAR/BTC,3,0.001,1.5,11,-4.645249765092739,-4.945323975844628,16.811788323642006,45.45454545454545,25.818181818181817,0.8080309819285043,0.9863754875311731
NEAR/BTC,3,0.001,2.0,9,-11.216395539831815,-19.006734006734007,17.077196484111163,33.33333333333333,29.11111111111111,0.8080309819285043,0.9863754875311731
NEAR/BTC,3,0.001,2.5,6,-17.15474654731874,-20.522035747348525,19.14696670945929,16.666666666666664,29.666666666666668,0.8080309819285043,0.9863754875311731
NEAR/BTC,3,0.01,1.0,22,-4.564241768506729,-3.5638863257492712,11.321420594217889,40.909090909090914,15.681818181818182,0.8080309819285043,0.9863754875311731
NEAR/BTC,3,0.01,1.5,14,-4.960317814349255,-4.4734609577183555,11.677473589921274,42.857142857142854,19.5,0.8080309819285043,0.9863754875311731
NEAR/BTC,3,0.01,2.0,9,-6.080975141981167,-0.22325700070167098,13.654903305643984,44.44444444444444,21.444444444444443,0.8080309819285043,0.9863754875311731
NEAR/BTC,3,0.01,2.5,9,-4.1736135599669915,-0.22325700070167098,11.508377844644805,44.44444444444444,20.0,0.8080309819285043,0.9863754875311731
NEAR/BTC,4,0.0001,1.0,15,-7.168619231720913,-12.565684258624643,12.793031859972961,33.33333333333333,27.8,0.5201448427008384,0.8273799446262683
NEAR/BTC,4,0.0001,1.5,14,-4.905061506251255,-6.625550303550082,12.68455261808535,42.857142857142854,27.714285714285715,0.5201448427008384,0.8273799446262683
NEAR/BTC,4,0.0001,2.0,14,-4.296153334353371,-6.2808672142324,14.22110194400852,35.714285714285715,27.357142857142858,0.5201448427008384,0.8273799446262683
NEAR/BTC,4,0.0001,2.5,13,-4.007858724777113,-4.910908300738814,12.07640875842458,38.46153846153847,27.0,0.5201448427008384,0.8273799446262683
NEAR/BTC,4,0.001,1.0,15,-8.789207077310019,-8.866175421915855,15.367998681872502,26.666666666666668,25.533333333333335,0.5201448427008384,0.8273799446262683
NEAR/BTC,4,0.001,1.5,14,-5.9366606166339535,-8.549050876811197,14.657648705977905,42.857142857142854,24.785714285714285,0.5201448427008384,0.8273799446262683
NEAR/BTC,4,0.001,2.0,12,-6.010165104990134,-8.276983036407637,12.834290621566922,41.66666666666667,24.75,0.5201448427008384,0.8273799446262683
NEAR/BTC,4,0.001,2.5,9,-5.660307058874405,-9.418960244648321,13.481140755484565,33.33333333333333,24.333333333333332,0.5201448427008384,0.8273799446262683
NEAR/BTC,4,0.01,1.0,20,-4.8029797477789105,-3.5638863257492712,10.704549386158684,40.0,16.75,0.5201448427008384,0.8273799446262683
NEAR/BTC,4,0.01,1.5,15,-5.829067411430662,-8.348504551365398,10.53645671615332,33.33333333333333,19.066666666666666,0.5201448427008384,0.8273799446262683
NEAR/BTC,4,0.01,2.0,9,-6.7054982401454915,-8.659003831417621,9.685572694326886,22.22222222222222,22.11111111111111,0.5201448427008384,0.8273799446262683
NEAR/BTC,4,0.01,2.5,8,-4.927661216995705,-3.7844722311709047,8.280244977949774,25.0,21.125,0.5201448427008384,0.8273799446262683
NEAR/BTC,5,0.0001,1.0,17,-3.1027396899777533,-4.021832806664749,15.486706660220303,41.17647058823529,26.647058823529413,0.4796306945897943,0.4573943694246407
NEAR/BTC,5,0.0001,1.5,14,-4.527294095035926,-4.159694762843724,14.532785266737823,35.714285714285715,27.642857142857142,0.4796306945897943,0.4573943694246407
NEAR/BTC,5,0.0001,2.0,13,-6.290162859342259,-8.45814977973568,13.144275241368444,38.46153846153847,28.23076923076923,0.4796306945897943,0.4573943694246407
NEAR/BTC,5,0.0001,2.5,12,-3.281784367860005,-8.07401142802141,16.080630108365167,25.0,28.333333333333332,0.4796306945897943,0.4573943694246407
NEAR/BTC,5,0.001,1.0,16,-7.644790577323352,-7.294747790009314,15.250182236945498,31.25,24.25,0.4796306945897943,0.4573943694246407
NEAR/BTC,5,0.001,1.5,13,-6.54796472434278,-10.783862555606682,14.044345953675663,38.46153846153847,25.76923076923077,0.4796306945897943,0.4573943694246407
NEAR/BTC,5,0.001,2.0,11,-3.47192503052833,-6.929326996780616,12.791298628675618,45.45454545454545,25.181818181818183,0.4796306945897943,0.4573943694246407
NEAR/BTC,5,0.001,2.5,9,-2.1928736976224807,-2.623535404992361,12.638617877348377,44.44444444444444,24.333333333333332,0.4796306945897943,0.4573943694246407
NEAR/BTC,5,0.01,1.0,20,-4.319028194678616,-4.502846179019637,12.564857803770032,40.0,15.6,0.4796306945897943,0.4573943694246407
NEAR/BTC,5,0.01,1.5,14,-4.521434939212896,-7.789474262997708,10.82864631810884,35.714285714285715,17.642857142857142,0.4796306945897943,0.4573943694246407
NEAR/BTC,5,0.01,2.0,9,-5.194240289208054,-8.659003831417621,9.091870548388801,33.33333333333333,20.11111111111111,0.4796306945897943,0.4573943694246407
NEAR/BTC,5,0.01,2.5,8,-1.0820103170844781,-3.7844722311709047,9.757815768876036,37.5,18.5,0.4796306945897943,0.4573943694246407
NEAR/BTC,6,0.0001,1.0,16,-2.672491837025665,4.169685155212416,17.495063247729217,56.25,23.3125,0.47387772876718776,0.7957735077619348
NEAR/BTC,6,0.0001,1.5,13,0.09994020319696763,-0.07106057914372244,15.012233051620218,46.15384615384615,25.53846153846154,0.47387772876718776,0.7957735077619348
NEAR/BTC,6,0.0001,2.0,10,1.4019388057874742,5.178875313103504,13.09138712706258,60.0,26.9,0.47387772876718776,0.7957735077619348
NEAR/BTC,6,0.0001,2.5,8,4.859609159448798,5.178875313103504,17.11217338621779,62.5,27.25,0.47387772876718776,0.7957735077619348
NEAR/BTC,6,0.001,1.0,18,-1.770039459717191,2.0937981628283584,13.929415245241833,55.55555555555556,20.555555555555557,0.47387772876718776,0.7957735077619348
NEAR/BTC,6,0.001,1.5,13,-1.539248758917485,-0.8230452674897193,9.974765556369647,46.15384615384615,23.153846153846153,0.47387772876718776,0.7957735077619348
NEAR/BTC,6,0.001,2.0,10,3.700306547283643,4.71603983030649,12.633308650715536,60.0,23.7,0.47387772876718776,0.7957735077619348
NEAR/BTC,6,0.001,2.5,7,5.189409982918252,10.843799752343886,15.532253168291458,71.42857142857143,22.571428571428573,0.47387772876718776,0.7957735077619348
NEAR/BTC,6,0.01,1.0,19,-3.0960820071376527,-0.1684311838306196,10.980034837240757,47.368421052631575,15.31578947368421,0.47387772876718776,0.7957735077619348
NEAR/BTC,6,0.01,1.5,13,-1.7001505414320754,-0.1684311838306196,9.55857629263727,46.15384615384615,16.46153846153846,0.47387772876718776,0.7957735077619348
NEAR/BTC,6,0.01,2.0,9,-0.07567504374092376,3.7842951750236553,9.155187499677279,55.55555555555556,17.22222222222222,0.47387772876718776,0.7957735077619348
NEAR/BTC,6,0.01,2.5,8,1.033363983194123,-1.2622166358567277,11.394729449073333,50.0,17.75,0.47387772876718776,0.7957735077619348
NEAR/BTC,7,0.0001,1.0,16,-1.7612378318968014,-6.040895194073747,16.100936961208696,31.25,25.1875,0.9781996875531961,0.7452942410978909
NEAR/BTC,7,0.0001,1.5,16,-0.413909266961487,-2.7819587757649034,17.099180878160098,37.5,24.0625,0.9781996875531961,0.7452942410978909
NEAR/BTC,7,0.0001,2.0,12,-4.394633911884232,-1.7729779190445272,15.209493045022638,33.33333333333333,27.833333333333332,0.9781996875531961,0.7452942410978909
NEAR/BTC,7,0.0001,2.5,10,-11.091249129813713,-9.51958634330926,14.405320073872568,20.0,30.0,0.9781996875531961,0.7452942410978909
NEAR/BTC,7,0.001,1.0,19,-2.1641990025499864,-2.748998480453102,13.241995121322452,42.10526315789473,20.57894736842105,0.9781996875531961,0.7452942410978909
NEAR/BTC,7,0.001,1.5,14,-4.132726454105358,-2.796964784865452,11.604723323294499,35.714285714285715,24.714285714285715,0.9781996875531961,0.7452942410978909
NEAR/BTC,7,0.001,2.0,10,-0.11484804887589259,-3.7379259601481865,13.267601518421907,40.0,24.4,0.9781996875531961,0.7452942410978909
NEAR/BTC,7,0.001,2.5,7,4.652678823245397,10.843799752343886,18.181503753446513,57.14285714285714,26.285714285714285,0.9781996875531961,0.7452942410978909
NEAR/BTC,7,0.01,1.0,22,-0.5961352821678431,0.9947066327879894,9.609025563053205,54.54545454545454,14.181818181818182,0.9781996875531961,0.7452942410978909
NEAR/BTC,7,0.01,1.5,15,1.5159997447242095,5.298295454545466,9.359676201820674,66.66666666666666,14.666666666666666,0.9781996875531961,0.7452942410978909
NEAR/BTC,7,0.01,2.0,11,3.566838053027538,7.693713450292394,8.446512933174201,63.63636363636363,13.727272727272727,0.9781996875531961,0.7452942410978909
NEAR/BTC,7,0.01,2.5,7,4.195684029224561,6.40723270440251,11.750253279811114,57.14285714285714,15.142857142857142,0.9781996875531961,0.7452942410978909
UNI/BTC,1,0.0001,1.0,18,3.0326376461123994,4.465947098172219,19.078070289740978,55.55555555555556,22.555555555555557,0.2734455634924774,0.4243460839890631
UNI/BTC,1,0.0001,1.5,16,-0.05460095746776261,0.10046168312000114,19.086423708831234,50.0,24.125,0.2734455634924774,0.4243460839890631
UNI/BTC,1,0.0001,2.0,12,1.6876542498028506,-0.838431898762265,19.700372002878957,50.0,28.416666666666668,0.2734455634924774,0.4243460839890631
UNI/BTC,1,0.0001,2.5,12,3.8591493137661232,-2.3189718134547843,22.726892729281122,50.0,27.75,0.2734455634924774,0.4243460839890631
UNI/BTC,1,0.001,1.0,22,3.330011785151174,5.693043598631615,15.242839284326845,68.18181818181817,16.818181818181817,0.2734455634924774,0.4243460839890631
UNI/BTC,1,0.001,1.5,16,2.224959225079487,5.6838272401492365,16.24330709458242,68.75,19.0625,0.2734455634924774,0.4243460839890631
UNI/BTC,1,0.001,2.0,10,1.143699126311945,3.1451711624523537,11.727843388614428,60.0,24.4,0.2734455634924774,0.4243460839890631
UNI/BTC,1,0.001,2.5,7,5.386483174792582,-0.6134969325153339,14.828102988190569,42.857142857142854,23.0,0.2734455634924774,0.4243460839890631
UNI/BTC,1,0.01,1.0,31,4.7609253459495156,5.186089078706524,10.658435664915432,74.19354838709677,9.64516129032258,0.2734455634924774,0.4243460839890631
UNI/BTC,1,0.01,1.5,19,4.156801573451184,3.5669248784002905,11.719125338537694,63.1578947368421,10.736842105263158,0.2734455634924774,0.4243460839890631
UNI/BTC,1,0.01,2.0,9,5.210862268880327,7.763676024816579,13.687447669312663,55.55555555555556,12.666666666666666,0.2734455634924774,0.4243460839890631
UNI/BTC,1,0.01,2.5,6,15.014675950226392,13.916305490659802,21.578921760282267,83.33333333333334,12.666666666666666,0.2734455634924774,0.4243460839890631
UNI/BTC,2,0.0001,1.0,17,2.58498365452607,4.312114989733051,15.066275635574884,58.82352941176471,24.352941176470587,0.40917754028058406,0.6500938783495341
UNI/BTC,2,0.0001,1.5,15,-0.059614594908852445,-2.519596864501672,17.1529122872769,46.666666666666664,24.933333333333334,0.40917754028058406,0.6500938783495341
UNI/BTC,2,0.0001,2.0,13,-3.450925154636034,-9.688264058679707,16.993560643972828,38.46153846153847,25.076923076923077,0.40917754028058406,0.6500938783495341
UNI/BTC,2,0.0001,2.5,10,1.6478065421450236,-4.210611031430145,17.719921632600908,40.0,29.7,0.40917754028058406,0.6500938783495341
UNI/BTC,2,0.001,1.0,22,-1.8767454543567497,3.440489007645242,11.455872334747397,68.18181818181817,15.772727272727273,0.40917754028058406,0.6500938783495341
UNI/BTC,2,0.001,1.5,15,-1.6457207176714979,1.6163793103448176,11.565512301828317,66.66666666666666,19.533333333333335,0.40917754028058406,0.6500938783495341
UNI/BTC,2,0.001,2.0,12,-0.9616668461119663,3.187233965513081,12.651467709684555,58.333333333333336,22.0,0.40917754028058406,0.6500938783495341
UNI/BTC,2,0.001,2.5,8,0.7145684094403053,-3.542955774592993,13.09727752235581,37.5,22.125,0.40917754028058406,0.6500938783495341
UNI/BTC,2,0.01,1.0,33,0.7548811469779967,3.3238636363636442,10.285211318669418,78.78787878787878,9.848484848484848,0.40917754028058406,0.6500938783495341
UNI/BTC,2,0.01,1.5,19,-1.9879223603100022,1.0384850335980467,13.085021535373016,63.1578947368421,10.894736842105264,0.40917754028058406,0.6500938783495341
UNI/BTC,2,0.01,2.0,10,-8.224436863304428,-1.0460908806979918,17.371874377260497,40.0,16.4,0.40917754028058406,0.6500938783495341
UNI/BTC,2,0.01,2.5,5,-0.05695431253497887,11.02826964895931,16.513003530422203,60.0,18.2,0.40917754028058406,0.6500938783495341
UNI/BTC,3,0.0001,1.0,16,-0.9677581041632126,-0.7561764623373546,12.346975407105578,50.0,26.625,0.5046452722256101,0.29615330037302473
UNI/BTC,3,0.0001,1.5,15,-0.440548189469074,-4.395251844722492,14.334595568475539,33.33333333333333,27.0,0.5046452722256101,0.29615330037302473
UNI/BTC,3,0.0001,2.0,12,1.0729028711456163,-4.73372386267632,15.213037737757391,41.66666666666667,27.583333333333332,0.5046452722256101,0.29615330037302473
UNI/BTC,3,0.0001,2.5,8,0.49066368755774725,-2.1159177609553934,16.264184452787894,37.5,29.5,0.5046452722256101,0.29615330037302473
UNI/BTC,3,0.001,1.0,18,-3.271068397022565,-1.6007585485037057,10.367659317479927,44.44444444444444,20.666666666666668,0.5046452722256101,0.29615330037302473
UNI/BTC,3,0.001,1.5,16,-1.799316117189794,0.17320912743565842,10.950522686813915,50.0,21.6875,0.5046452722256101,0.29615330037302473
UNI/BTC,3,0.001,2.0,14,-1.9494783616609284,-0.06252390739167613,11.113833508717972,50.0,22.071428571428573,0.5046452722256101,0.29615330037302473
UNI/BTC,3,0.001,2.5,10,-1.4351184388332463,-0.7612939208031244,10.682044110682929,40.0,23.0,0.5046452722256101,0.29615330037302473
UNI/BTC,3,0.01,1.0,30,-0.25458354279638384,2.0574525745257533,8.61129877461388,76.66666666666667,10.866666666666667,0.5046452722256101,0.29615330037302473
UNI/BTC,3,0.01,1.5,15,-3.522512743314302,0.694444444444442,12.828652412889987,66.66666666666666,14.533333333333333,0.5046452722256101,0.29615330037302473
UNI/BTC,3,0.01,2.0,9,-8.488264140323945,1.7018594390166841,17.410263574563274,66.66666666666666,18.444444444444443,0.5046452722256101,0.29615330037302473
UNI/BTC,3,0.01,2.5,5,-0.14247940941302986,11.111111111111093,16.631665212160964,60.0,18.8,0.5046452722256101,0.29615330037302473
UNI/BTC,4,0.0001,1.0,18,0.4886244608953754,0.17976838279147866,9.793227737201468,50.0,21.166666666666668,0.7712845741424186,0.1481736919317685
UNI/BTC,4,0.0001,1.5,14,1.820118632934531,-2.5439702657444774,14.330703371244283,42.857142857142854,23.928571428571427,0.7712845741424186,0.1481736919317685
UNI/BTC,4,0.0001,2.0,11,-0.6706226794608537,-3.764705882352948,15.01036941764384,36.36363636363637,27.0,0.7712845741424186,0.1481736919317685
UNI/BTC,4,0.0001,2.5,10,-1.6103626447390824,-2.2733844903513543,12.13170827416229,30.0,28.4,0.7712845741424186,0.1481736919317685
UNI/BTC,4,0.001,1.0,19,1.909603112806139,1.0384850335980467,11.686586770010834,52.63157894736842,18.736842105263158,0.7712845741424186,0.1481736919317685
UNI/BTC,4,0.001,1.5,15,1.2438504489313666,-0.5603985056039873,11.199806455903854,46.666666666666664,21.066666666666666,0.7712845741424186,0.1481736919317685
UNI/BTC,4,0.001,2.0,9,-4.54654050622996,-4.566683964711982,9.209397385785955,33.33333333333333,22.22222222222222,0.7712845741424186,0.1481736919317685
UNI/BTC,4,0.001,2.5,7,-4.9518880060456505,-2.51382604323781,8.197787517132712,28.57142857142857,25.714285714285715,0.7712845741424186,0.1481736919317685
UNI/BTC,4,0.01,1.0,27,0.8839400287658471,1.6260162601626105,5.814908882574684,70.37037037037037,11.222222222222221,0.7712845741424186,0.1481736919317685
UNI/BTC,4,0.01,1.5,16,-0.819801459244597,0.8664647390212443,6.516574749564946,62.5,15.625,0.7712845741424186,0.1481736919317685
UNI/BTC,4,0.01,2.0,10,-0.6612296170069655,1.198151941730563,6.467115298683112,60.0,15.7,0.7712845741424186,0.1481736919317685
UNI/BTC,4,0.01,2.5,4,0.8499521270213304,4.641812865497075,11.865297005434627,50.0,18.0,0.7712845741424186,0.1481736919317685
UNI/BTC,5,0.0001,1.0,16,7.917990524901162,8.10369694417724,17.82140801072756,56.25,24.3125,0.141059332847967,0.24829006553614452
UNI/BTC,5,0.0001,1.5,14,8.35721903550985,2.428455891501807,19.752746657139546,50.0,25.857142857142858,0.141059332847967,0.24829006553614452
UNI/BTC,5,0.0001,2.0,12,5.835871860422199,1.6620378017227488,15.037804360337901,66.66666666666666,26.333333333333332,0.141059332847967,0.24829006553614452
UNI/BTC,5,0.0001,2.5,10,-1.3349538636746339,-3.2202638069592115,11.676848270973911,40.0,28.9,0.141059332847967,0.24829006553614452
UNI/BTC,5,0.001,1.0,17,3.7666204730662884,9.724770642201818,14.386996140462509,58.82352941176471,21.352941176470587,0.141059332847967,0.24829006553614452
UNI/BTC,5,0.001,1.5,15,3.8802512195626573,6.862257583291898,11.42555592801096,66.66666666666666,21.866666666666667,0.141059332847967,0.24829006553614452
UNI/BTC,5,0.001,2.0,8,0.11669920861451555,0.17694451769654784,12.433399206193915,50.0,25.0,0.141059332847967,0.24829006553614452
UNI/BTC,5,0.001,2.5,7,-3.655539611518587,-2.5367156208277786,10.356310386399688,28.57142857142857,27.571428571428573,0.141059332847967,0.24829006553614452
UNI/BTC,5,0.01,1.0,20,-0.11031543887272602,0.619109117273875,8.848181813537856,55.00000000000001,14.65,0.141059332847967,0.24829006553614452
UNI/BTC,5,0.01,1.5,15,0.2622511093839032,-0.6460875807609456,9.97625549073729,46.666666666666664,17.666666666666668,0.141059332847967,0.24829006553614452
UNI/BTC,5,0.01,2.0,11,2.0516735267145347,0.694444444444442,8.978450022311474,54.54545454545454,16.818181818181817,0.141059332847967,0.24829006553614452
UNI/BTC,5,0.01,2.5,8,6.7446136297314085,12.715249132455957,12.252286068938057,75.0,17.0,0.141059332847967,0.24829006553614452
UNI/BTC,6,0.0001,1.0,17,11.2202089867285,14.428312159709634,16.941289787810867,70.58823529411765,22.470588235294116,0.08668798014352919,0.15901423594885788
UNI/BTC,6,0.0001,1.5,15,13.067363697779117,12.088888888888905,17.493769969886458,73.33333333333333,21.533333333333335,0.08668798014352919,0.15901423594885788
UNI/BTC,6,0.0001,2.0,11,7.328675734149176,7.911683532658698,13.312179866053581,72.72727272727273,22.454545454545453,0.08668798014352919,0.15901423594885788
UNI/BTC,6,0.0001,2.5,7,7.334875982836819,14.439024390243915,14.102211646504001,57.14285714285714,23.857142857142858,0.08668798014352919,0.15901423594885788
UNI/BTC,6,0.001,1.0,19,8.15261034405278,12.511848341232223,14.029751237494958,78.94736842105263,15.894736842105264,0.08668798014352919,0.15901423594885788
UNI/BTC,6,0.001,1.5,16,8.582310369506388,12.13794320959049,12.769005542978524,75.0,16.875,0.08668798014352919,0.15901423594885788
UNI/BTC,6,0.001,2.0,9,9.65793555188981,13.560666137985722,12.302646130732123,77.77777777777779,18.0,0.08668798014352919,0.15901423594885788
UNI/BTC,6,0.001,2.5,7,8.195527696404703,13.560666137985722,12.717784603682142,57.14285714285714,19.0,0.08668798014352919,0.15901423594885788
UNI/BTC,6,0.01,1.0,24,4.00354502883036,6.282172271791358,10.101745765399052,75.0,12.041666666666666,0.08668798014352919,0.15901423594885788
UNI/BTC,6,0.01,1.5,18,5.6023936665994185,9.808817167898587,10.322805121383679,61.111111111111114,12.944444444444445,0.08668798014352919,0.15901423594885788
UNI/BTC,6,0.01,2.0,13,7.327944386573709,9.90990990990992,9.685854251326063,69.23076923076923,12.538461538461538,0.08668798014352919,0.15901423594885788
UNI/BTC,6,0.01,2.5,9,10.583555169608461,14.319387153800822,10.989663031856672,88.88888888888889,14.11111111111111,0.08668798014352919,0.15901423594885788
UNI/BTC,7,0.0001,1.0,16,3.9947502758321822,7.206266104281889,15.097688235542233,56.25,25.3125,0.5828989669242817,0.5414601088927521
UNI/BTC,7,0.0001,1.5,13,3.3064649707573226,2.131603336422616,13.666324959248051,53.84615384615385,25.923076923076923,0.5828989669242817,0.5414601088927521
UNI/BTC,7,0.0001,2.0,12,0.7902131111143534,2.377253765730547,11.825682655006972,58.333333333333336,25.833333333333332,0.5828989669242817,0.5414601088927521
UNI/BTC,7,0.0001,2.5,10,8.772639564754883,9.075079149706012,12.85120759303299,70.0,25.4,0.5828989669242817,0.5414601088927521
UNI/BTC,7,0.001,1.0,18,3.5393174855352942,11.840566404473007,14.86950367572691,66.66666666666666,17.444444444444443,0.5828989669242817,0.5414601088927521
UNI/BTC,7,0.001,1.5,16,4.468492208765767,10.624735505713073,14.088879625245387,62.5,17.75,0.5828989669242817,0.5414601088927521
UNI/BTC,7,0.001,2.0,12,6.933336796648504,10.608614218593903,14.022751191764002,75.0,17.166666666666668,0.5828989669242817,0.5414601088927521
UNI/BTC,7,0.001,2.5,8,7.21326384683087,9.810636099295888,12.998492701682357,62.5,18.875,0.5828989669242817,0.5414601088927521
UNI/BTC,7,0.01,1.0,25,3.370503812695994,7.7021005728835075,10.959036713063117,72.0,11.88,0.5828989669242817,0.5414601088927521
UNI/BTC,7,0.01,1.5,18,4.684541379913903,8.018980020479272,10.701299366022134,61.111111111111114,12.777777777777779,0.5828989669242817,0.5414601088927521
UNI/BTC,7,0.01,2.0,15,7.453427495759145,10.554561717352428,9.888740117209585,73.33333333333333,11.866666666666667,0.5828989669242817,0.5414601088927521
UNI/BTC,7,0.01,2.5,10,10.733337617698798,13.585249889429468,11.832574258920172,90.0,11.8,0.5828989669242817,0.5414601088927521
HBAR/BTC,1,0.0001,1.0,15,-7.2926836170389056,1.2307692307692242,23.44921301093708,60.0,26.6,0.001524222365088187,0.02861223825632635
HBAR/BTC,1,0.0001,1.5,13,-9.40345337335815,1.171875,26.06796581276799,53.84615384615385,28.0,0.001524222365088187,0.02861223825632635
HBAR/BTC,1,0.0001,2.0,11,-10.146442389672204,-2.238805970149249,30.644112695484615,45.45454545454545,27.09090909090909,0.001524222365088187,0.02861223825632635
HBAR/BTC,1,0.0001,2.5,7,-14.773308222242273,-13.277310924369745,24.776773959577895,28.57142857142857,30.0,0.001524222365088187,0.02861223825632635
HBAR/BTC,1,0.001,1.0,17,-3.5214848317134693,4.903677758318725,17.229805828021174,70.58823529411765,19.058823529411764,0.001524222365088187,0.02861223825632635
HBAR/BTC,1,0.001,1.5,12,-6.07718779262752,0.9705528846153832,19.631925457854454,58.333333333333336,22.583333333333332,0.001524222365088187,0.02861223825632635
HBAR/BTC,1,0.001,2.0,10,-4.709651848906778,2.746820109024839,19.04696225749848,60.0,22.9,0.001524222365088187,0.02861223825632635
HBAR/BTC,1,0.001,2.5,6,-11.157665243993328,-15.741310969939205,25.723193392659653,33.33333333333333,26.333333333333332,0.001524222365088187,0.02861223825632635
HBAR/BTC,1,0.01,1.0,23,-4.369294889063398,3.515625,12.604921489011192,60.86956521739131,11.91304347826087,0.001524222365088187,0.02861223825632635
HBAR/BTC,1,0.01,1.5,16,-5.885305397866265,0.6164234107549793,12.479588384415369,50.0,13.375,0.001524222365088187,0.02861223825632635
HBAR/BTC,1,0.01,2.0,8,-8.150926137749948,-5.671102228064761,17.90297908652424,50.0,13.75,0.001524222365088187,0.02861223825632635
HBAR/BTC,1,0.01,2.5,7,-10.837160740741096,-15.67291311754686,18.938730944143693,42.857142857142854,13.857142857142858,0.001524222365088187,0.02861223825632635
HBAR/BTC,2,0.0001,1.0,17,-2.640933554637313,1.724137931034475,13.25065897060057,52.94117647058824,23.705882352941178,0.9299368624550436,0.03173778080974127
HBAR/BTC,2,0.0001,1.5,14,-1.6720262989973913,0.4251657958199373,10.858290990672444,50.0,25.142857142857142,0.9299368624550436,0.03173778080974127
HBAR/BTC,2,0.0001,2.0,11,-4.46314279911565,-1.8927444794952786,12.177255236126394,36.36363636363637,28.454545454545453,0.9299368624550436,0.03173778080974127
HBAR/BTC,2,0.0001,2.5,11,-3.8096561243277587,-0.9230769230769154,12.15648007026072,45.45454545454545,28.272727272727273,0.9299368624550436,0.03173778080974127
HBAR/BTC,2,0.001,1.0,18,0.7128585989403975,4.64560862865947,10.885414100309509,77.77777777777779,17.055555555555557,0.9299368624550436,0.03173778080974127
HBAR/BTC,2,0.001,1.5,13,0.9852841181526848,2.987697715289994,11.518090572582725,76.92307692307693,18.0,0.9299368624550436,0.03173778080974127
HBAR/BTC,2,0.001,2.0,11,0.6448320920502019,4.7244094488189115,13.63415907025521,72.72727272727273,18.454545454545453,0.9299368624550436,0.03173778080974127
HBAR/BTC,2,0.001,2.5,7,-0.5259428949203127,7.291666666666674,17.560001035954034,57.14285714285714,19.857142857142858,0.9299368624550436,0.03173778080974127
HBAR/BTC,2,0.01,1.0,26,-1.3835535877252165,1.809471016788089,7.270322939380806,65.38461538461539,10.307692307692308,0.9299368624550436,0.03173778080974127
HBAR/BTC,2,0.01,1.5,16,-2.6904456769640372,3.0799884770501276,10.348309809455134,62.5,12.4375,0.9299368624550436,0.03173778080974127
HBAR/BTC,2,0.01,2.0,8,-1.6915310589340398,6.227640455728805,16.075724833321853,75.0,11.875,0.9299368624550436,0.03173778080974127
HBAR/BTC,2,0.01,2.5,6,-5.68042924602702,7.624828708461806,18.00924527698084,66.66666666666666,13.333333333333334,0.9299368624550436,0.03173778080974127
HBAR/BTC,3,0.0001,1.0,15,-3.3184622913451607,-5.521472392638039,12.90783222456231,40.0,28.133333333333333,0.7214799161496107,0.9512782776823212
HBAR/BTC,3,0.0001,1.5,15,-2.9855497466850798,-6.906906906906906,11.128209162089506,26.666666666666668,27.933333333333334,0.7214799161496107,0.9512782776823212
HBAR/BTC,3,0.0001,2.0,15,-1.9809231557511537,-3.44827586206895,10.897280718677655,33.33333333333333,27.733333333333334,0.7214799161496107,0.9512782776823212
HBAR/BTC,3,0.0001,2.5,12,-3.330564479162969,-4.379763038818762,10.29832319254814,41.66666666666667,30.0,0.7214799161496107,0.9512782776823212
HBAR/BTC,3,0.001,1.0,19,-0.7752000860887751,2.6871401151631336,10.94876579310742,57.89473684210527,19.842105263157894,0.7214799161496107,0.9512782776823212
HBAR/BTC,3,0.001,1.5,14,-2.477914087628879,-1.7629050308074214,10.260528486808543,50.0,22.071428571428573,0.7214799161496107,0.9512782776823212
HBAR/BTC,3,0.001,2.0,12,-2.4026969411997325,-0.18314749967034416,10.744335597997702,50.0,21.5,0.7214799161496107,0.9512782776823212
HBAR/BTC,3,0.001,2.5,9,-3.65390830141116,-3.053435114503822,12.203413381725008,44.44444444444444,22.77777777777778,0.7214799161496107,0.9512782776823212
HBAR/BTC,3,0.01,1.0,25,-3.0061580773991996,0.6472491909385147,7.578586345145168,56.00000000000001,13.48,0.7214799161496107,0.9512782776823212
HBAR/BTC,3,0.01,1.5,15,-1.5677007781919412,1.7274472168905985,9.875887201438063,60.0,13.666666666666666,0.7214799161496107,0.9512782776823212
HBAR/BTC,3,0.01,2.0,7,-0.17419017295275907,1.7274472168905985,12.310828099114733,57.14285714285714,15.142857142857142,0.7214799161496107,0.9512782776823212
HBAR/BTC,3,0.01,2.5,5,-5.461536662295087,-2.6415094339622747,12.46340566928355,40.0,18.8,0.7214799161496107,0.9512782776823212
HBAR/BTC,4,0.0001,1.0,18,3.643720681933301,7.297895902547069,10.898469782691642,61.111111111111114,21.055555555555557,0.5761142344949095,0.3048227350975611
HBAR/BTC,4,0.0001,1.5,17,5.9573175573550055,7.619047619047614,13.524385755372874,64.70588235294117,19.647058823529413,0.5761142344949095,0.3048227350975611
HBAR/BTC,4,0.0001,2.0,14,4.98454620142445,5.814684435504136,11.504437910213571,64.28571428571429,21.285714285714285,0.5761142344949095,0.3048227350975611
HBAR/BTC,4,0.0001,2.5,8,5.524590410781517,6.831199460916443,12.561582301313456,62.5,24.875,0.5761142344949095,0.3048227350975611
HBAR/BTC,4,0.001,1.0,20,0.8071004257221392,2.1730267449445506,9.03802937366865,55.00000000000001,17.45,0.5761142344949095,0.3048227350975611
HBAR/BTC,4,0.001,1.5,15,1.465267759143483,5.423728813559303,8.137405221019044,60.0,19.466666666666665,0.5761142344949095,0.3048227350975611
HBAR/BTC,4,0.001,2.0,12,3.4500086329720268,8.30853174603175,9.993188411845173,66.66666666666666,17.583333333333332,0.5761142344949095,0.3048227350975611
HBAR/BTC,4,0.001,2.5,8,2.3539672862396372,2.7887586332242806,11.196747932658667,50.0,22.0,0.5761142344949095,0.3048227350975611
HBAR/BTC,4,0.01,1.0,23,-2.1943092874681835,0.5952380952380931,6.543700470387008,56.52173913043478,14.173913043478262,0.5761142344949095,0.3048227350975611
HBAR/BTC,4,0.01,1.5,18,0.9697379465492053,2.553743650150919,7.410118249882406,61.111111111111114,12.777777777777779,0.5761142344949095,0.3048227350975611
HBAR/BTC,4,0.01,2.0,9,-0.1162015618538938,-0.4950495049504955,8.433810988432073,44.44444444444444,16.77777777777778,0.5761142344949095,0.3048227350975611
HBAR/BTC,4,0.01,2.5,7,-2.0848591210890843,-2.6415094339622747,7.370394387827356,28.57142857142857,20.142857142857142,0.5761142344949095,0.3048227350975611
HBAR/BTC,5,0.0001,1.0,16,2.604595142795732,2.0833333333333313,14.127209050091201,50.0,22.6875,0.5441101189724532,0.341310285761413
HBAR/BTC,5,0.0001,1.5,12,5.109042530526128,9.968793342579758,12.685520816982638,58.333333333333336,21.666666666666668,0.5441101189724532,0.341310285761413
HBAR/BTC,5,0.0001,2.0,8,7.49134253598044,8.16050825178909,13.230961597499817,75.0,21.5,0.5441101189724532,0.341310285761413
HBAR/BTC,5,0.0001,2.5,6,11.234554462011154,9.47774858689595,19.599398611219133,66.66666666666666,24.166666666666668,0.5441101189724532,0.341310285761413
HBAR/BTC,5,0.001,1.0,18,3.591076183617313,4.583333333333334,11.25938734259576,61.111111111111114,16.944444444444443,0.5441101189724532,0.341310285761413
HBAR/BTC,5,0.001,1.5,12,5.4690606229089225,5.694772012578609,10.67579578906386,66.66666666666666,19.416666666666668,0.5441101189724532,0.341310285761413
HBAR/BTC,5,0.001,2.0,9,11.412111277964904,10.526315789473673,16.988674044103554,77.77777777777779,18.555555555555557,0.5441101189724532,0.341310285761413
HBAR/BTC,5,0.001,2.5,7,13.5874521691865,13.023255813953494,19.64647398634684,71.42857142857143,18.0,0.5441101189724532,0.341310285761413
HBAR/BTC,5,0.01,1.0,19,0.7600650312144007,-0.5952380952380931,10.771696463272315,47.368421052631575,15.263157894736842,0.5441101189724532,0.341310285761413
HBAR/BTC,5,0.01,1.5,15,4.869934104110971,3.7234042553191404,9.533717016032778,60.0,12.8,0.5441101189724532,0.341310285761413
HBAR/BTC,5,0.01,2.0,10,6.839991031924393,6.657347002174596,12.992459233704215,60.0,14.1,0.5441101189724532,0.341310285761413
HBAR/BTC,5,0.01,2.5,8,7.577822040078772,3.7837837837837895,11.977625357689465,50.0,15.625,0.5441101189724532,0.341310285761413
HBAR/BTC,6,0.0001,1.0,15,-1.7014136509347262,1.7857142857142794,24.00511592780151,53.333333333333336,23.4,0.564697945825597,0.5406869903987006
HBAR/BTC,6,0.0001,1.5,12,-2.7171617925650544,1.9722450095706834,21.41949819992817,50.0,24.5,0.564697945825597,0.5406869903987006
HBAR/BTC,6,0.0001,2.0,11,-1.8245970178621926,9.210526315789469,21.314950357083617,54.54545454545454,24.636363636363637,0.564697945825597,0.5406869903987006
HBAR/BTC,6,0.0001,2.5,9,-1.855910276653554,-2.4096385542168752,26.919530405591203,44.44444444444444,25.22222222222222,0.564697945825597,0.5406869903987006
HBAR/BTC,6,0.001,1.0,18,-3.7102910223541476,4.583333333333334,23.96896444544239,55.55555555555556,18.11111111111111,0.564697945825597,0.5406869903987006
HBAR/BTC,6,0.001,1.5,13,-6.2118342144827245,5.660377358490565,27.754613234061917,61.53846153846154,19.153846153846153,0.564697945825597,0.5406869903987006
HBAR/BTC,6,0.001,2.0,10,-9.649189021925867,8.435871453387378,30.705676402504782,60.0,20.6,0.564697945825597,0.5406869903987006
HBAR/BTC,6,0.001,2.5,9,-6.237218665170442,10.9375,37.65891660053004,66.66666666666666,21.11111111111111,0.564697945825597,0.5406869903987006
HBAR/BTC,6,0.01,1.0,24,-9.693514849372834,1.3836596385542133,19.818110444022857,62.5,12.541666666666666,0.564697945825597,0.5406869903987006
HBAR/BTC,6,0.01,1.5,15,-6.821484531026319,4.494382022471899,21.41830512716825,66.66666666666666,13.733333333333333,0.564697945825597,0.5406869903987006
HBAR/BTC,6,0.01,2.0,11,-8.310279322335706,7.058823529411762,27.8948488827925,63.63636363636363,15.0,0.564697945825597,0.5406869903987006
HBAR/BTC,6,0.01,2.5,8,-14.409776301115885,3.7837837837837895,33.965223698884124,50.0,18.0,0.564697945825597,0.5406869903987006
HBAR/BTC,7,0.0001,1.0,15,-4.140070642564508,-12.371134020618557,25.969304631912404,46.666666666666664,23.933333333333334,0.3140360104619945,0.5094039954146659
HBAR/BTC,7,0.0001,1.5,12,-2.233441774892461,-4.476062530532488,24.776781435991566,41.66666666666667,27.166666666666668,0.3140360104619945,0.5094039954146659
HBAR/BTC,7,0.0001,2.0,10,-1.471763488235252,-4.539864726378351,27.218732843858316,40.0,27.9,0.3140360104619945,0.5094039954146659
HBAR/BTC,7,0.0001,2.5,9,-3.4613692561861376,-9.677419354838701,30.3528311159811,33.33333333333333,27.555555555555557,0.3140360104619945,0.5094039954146659
HBAR/BTC,7,0.001,1.0,16,-9.999834389303226,-5.505310321938273,28.896611885097577,37.5,21.6875,0.3140360104619945,0.5094039954146659
HBAR/BTC,7,0.001,1.5,13,-8.423711474088076,-2.941176470588225,29.469170071668653,46.15384615384615,20.46153846153846,0.3140360104619945,0.5094039954146659
HBAR/BTC,7,0.001,2.0,9,-17.437776839407494,-3.499999999999992,33.97584174812414,33.33333333333333,23.444444444444443,0.3140360104619945,0.5094039954146659
HBAR/BTC,7,0.001,2.5,9,-11.912831918056302,-5.699481865284984,36.84651511732216,44.44444444444444,22.22222222222222,0.3140360104619945,0.5094039954146659
HBAR/BTC,7,0.01,1.0,22,-10.440732808108608,2.934782608695641,23.037193429613907,63.63636363636363,13.5,0.3140360104619945,0.5094039954146659
HBAR/BTC,7,0.01,1.5,12,-9.85531346980858,4.571577847439912,27.00237673270921,66.66666666666666,16.5,0.3140360104619945,0.5094039954146659
HBAR/BTC,7,0.01,2.0,11,-8.567784306873433,7.058823529411762,28.68383364039669,63.63636363636363,14.545454545454545,0.3140360104619945,0.5094039954146659
HBAR/BTC,7,0.01,2.5,6,-20.07356016731017,-2.2162162162162105,44.426439832689844,50.0,18.333333333333332,0.3140360104619945,0.5094039954146659
ZEC/BTC,1,0.0001,1.0,15,1.2201105824554952,6.356487549148104,13.421820940748939,66.66666666666666,20.466666666666665,0.004117630883528981,0.01929853670740284
ZEC/BTC,1,0.0001,1.5,11,2.3953626979042486,8.957795004306647,18.9235007630556,72.72727272727273,22.727272727272727,0.004117630883528981,0.01929853670740284
ZEC/BTC,1,0.0001,2.0,6,-2.876911049753101,5.187770608331348,17.600438040734673,66.66666666666666,30.0,0.004117630883528981,0.01929853670740284
ZEC/BTC,1,0.0001,2.5,5,5.421590201534464,4.165059776320867,26.946738930577197,80.0,30.0,0.004117630883528981,0.01929853670740284
ZEC/BTC,1,0.001,1.0,16,2.9990067024823537,6.792313751883716,15.118302330750726,75.0,17.625,0.004117630883528981,0.01929853670740284
ZEC/BTC,1,0.001,1.5,10,3.318305386031656,10.95224800586211,17.058590817711746,80.0,20.7,0.004117630883528981,0.01929853670740284
ZEC/BTC,1,0.001,2.0,7,-1.292903945217198,12.983425414364635,22.183728954063213,71.42857142857143,23.285714285714285,0.004117630883528981,0.01929853670740284
ZEC/BTC,1,0.001,2.5,6,1.9296503893631918,14.834630306943014,25.307432589381495,66.66666666666666,22.166666666666668,0.004117630883528981,0.01929853670740284
ZEC/BTC,1,0.01,1.0,21,0.2220067794916655,3.415941058271943,10.440702659892729,66.66666666666666,12.857142857142858,0.004117630883528981,0.01929853670740284
ZEC/BTC,1,0.01,1.5,13,1.498409415991397,4.7275351858534815,11.97392571045248,61.53846153846154,14.846153846153847,0.004117630883528981,0.01929853670740284
ZEC/BTC,1,0.01,2.0,11,4.247724163681912,11.214374225526647,17.289202961837272,81.81818181818183,13.909090909090908,0.004117630883528981,0.01929853670740284
ZEC/BTC,1,0.01,2.5,8,2.4740259467214383,3.1722255768865946,12.302994511260604,62.5,13.375,0.004117630883528981,0.01929853670740284
ZEC/BTC,2,0.0001,1.0,20,5.740497973092287,6.888077868589437,13.521302067477626,65.0,16.75,0.0451458039279335,0.07458334605069944
ZEC/BTC,2,0.0001,1.5,10,5.872974808833592,7.4992287988677795,12.937127205402856,70.0,21.4,0.0451458039279335,0.07458334605069944
ZEC/BTC,2,0.0001,2.0,8,3.0939793374712905,5.572301110334804,10.755063721390774,62.5,24.0,0.0451458039279335,0.07458334605069944
ZEC/BTC,2,0.0001,2.5,6,8.68861948347123,9.438481001766824,13.57208230256113,83.33333333333334,27.5,0.0451458039279335,0.07458334605069944
ZEC/BTC,2,0.001,1.0,20,5.731168922552479,7.2814739088372775,11.948658126109517,80.0,15.5,0.0451458039279335,0.07458334605069944
ZEC/BTC,2,0.001,1.5,12,5.680999860999683,9.805543909080129,11.948876298361249,75.0,19.583333333333332,0.0451458039279335,0.07458334605069944
ZEC/BTC,2,0.001,2.0,8,5.886004306623736,10.890612793813727,11.190014356588613,62.5,22.875,0.0451458039279335,0.07458334605069944
ZEC/BTC,2,0.001,2.5,6,7.614922835770479,13.102458432754554,13.055081094919833,83.33333333333334,22.666666666666668,0.0451458039279335,0.07458334605069944
ZEC/BTC,2,0.01,1.0,25,1.9122172432335782,4.532163742690054,7.96176604760729,72.0,11.24,0.0451458039279335,0.07458334605069944
ZEC/BTC,2,0.01,1.5,17,1.5271864965696667,2.566202566202569,6.617172909838807,64.70588235294117,12.882352941176471,0.0451458039279335,0.07458334605069944
ZEC/BTC,2,0.01,2.0,11,3.851901190119078,3.7782485875706207,8.472987400841353,72.72727272727273,14.545454545454545,0.0451458039279335,0.07458334605069944
ZEC/BTC,2,0.01,2.5,7,5.6538086835690695,3.7782485875706207,11.811405776865458,71.42857142857143,12.142857142857142,0.0451458039279335,0.07458334605069944
ZEC/BTC,3,0.0001,1.0,16,-1.1709744940399047,-5.221780030559541,12.070116987189893,37.5,23.6875,0.9683480264181568,0.9904445906566249
ZEC/BTC,3,0.0001,1.5,14,-3.5897467163742154,-7.724471033037977,14.884099228027633,42.857142857142854,23.428571428571427,0.9683480264181568,0.9904445906566249
ZEC/BTC,3,0.0001,2.0,12,-5.868263395239659,-9.22490776220975,14.166126178095537,33.33333333333333,26.083333333333332,0.9683480264181568,0.9904445906566249
ZEC/BTC,3,0.0001,2.5,11,-5.618892201786662,-5.205905205905204,13.386935771362573,27.27272727272727,27.90909090909091,0.9683480264181568,0.9904445906566249
ZEC/BTC,3,0.001,1.0,19,0.5238518103813541,5.189620758483038,11.810420525539438,63.1578947368421,20.31578947368421,0.9683480264181568,0.9904445906566249
ZEC/BTC,3,0.001,1.5,15,-1.8303181212026958,3.9881831610044216,12.770868470173955,53.333333333333336,22.8,0.9683480264181568,0.9904445906566249
ZEC/BTC,3,0.001,2.0,10,-3.0283378138024766,-2.447782711205715,13.694448877060026,40.0,24.9,0.9683480264181568,0.9904445906566249
ZEC/BTC,3,0.001,2.5,9,-1.64591137792376,5.571142284569142,13.558402235284632,55.55555555555556,23.444444444444443,0.9683480264181568,0.9904445906566249
ZEC/BTC,3,0.01,1.0,24,0.13287467508178205,3.1854488785245327,7.584397743153886,70.83333333333334,12.375,0.9683480264181568,0.9904445906566249
ZEC/BTC,3,0.01,1.5,18,-0.9576175787545564,2.514579729271804,7.381257943110679,61.111111111111114,13.666666666666666,0.9683480264181568,0.9904445906566249
ZEC/BTC,3,0.01,2.0,9,-3.12492914342762,-1.4256619144602967,9.267501424508474,44.44444444444444,19.444444444444443,0.9683480264181568,0.9904445906566249
ZEC/BTC,3,0.01,2.5,6,-4.3227500544369075,-5.135201659046784,8.736222760592538,16.666666666666664,19.666666666666668,0.9683480264181568,0.9904445906566249
ZEC/BTC,4,0.0001,1.0,16,-5.996922580544003,-9.202094800800285,13.082133468330753,37.5,26.875,0.9687267851525179,0.2542767564991262
ZEC/BTC,4,0.0001,1.5,14,-7.429841022269253,-9.202094800800285,12.555005095141379,28.57142857142857,29.428571428571427,0.9687267851525179,0.2542767564991262
ZEC/BTC,4,0.0001,2.0,14,-7.402873658983914,-7.0692324836655,10.277491390935511,28.57142857142857,29.357142857142858,0.9687267851525179,0.2542767564991262
ZEC/BTC,4,0.0001,2.5,12,-7.747607944084478,-6.236750723828461,9.576970993754248,16.666666666666664,30.0,0.9687267851525179,0.2542767564991262
ZEC/BTC,4,0.001,1.0,19,0.00837562883984029,4.6805349182763685,10.836363227834951,63.1578947368421,18.94736842105263,0.9687267851525179,0.2542767564991262
ZEC/BTC,4,0.001,1.5,14,-2.470289542551153,-0.8349367097806928,11.950846161257548,50.0,23.071428571428573,0.9687267851525179,0.2542767564991262
ZEC/BTC,4,0.001,2.0,10,-3.83689395798599,-6.6066145232545335,13.209430782150786,40.0,23.4,0.9687267851525179,0.2542767564991262
ZEC/BTC,4,0.001,2.5,8,-5.012878206961824,-5.531546606555948,11.722028198088864,37.5,25.5,0.9687267851525179,0.2542767564991262
ZEC/BTC,4,0.01,1.0,25,0.14986705095338437,2.4315068493150793,6.79049384943735,72.0,11.6,0.9687267851525179,0.2542767564991262
ZEC/BTC,4,0.01,1.5,20,0.138480335514216,2.5817799222054463,6.293919480432864,75.0,12.15,0.9687267851525179,0.2542767564991262
ZEC/BTC,4,0.01,2.0,11,-1.0686746808236678,1.3140604467805517,7.346492085175459,63.63636363636363,17.0,0.9687267851525179,0.2542767564991262
ZEC/BTC,4,0.01,2.5,7,-1.8892268271955241,-2.2044088176352727,5.409065501510751,28.57142857142857,16.714285714285715,0.9687267851525179,0.2542767564991262
ZEC/BTC,5,0.0001,1.0,15,-9.890957759839697,-8.581138487680562,11.532776863623262,13.333333333333334,30.0,0.7205937060034439,0.27490229466933475
ZEC/BTC,5,0.0001,1.5,15,-9.890957759839697,-8.581138487680562,11.532776863623262,13.333333333333334,30.0,0.7205937060034439,0.27490229466933475
ZEC/BTC,5,0.0001,2.0,15,-8.371382997190002,-6.364359586316626,10.027078623541724,13.333333333333334,30.0,0.7205937060034439,0.27490229466933475
ZEC/BTC,5,0.0001,2.5,14,-9.407964133724565,-9.018787165303788,10.849453609672256,21.428571428571427,30.0,0.7205937060034439,0.27490229466933475
ZEC/BTC,5,0.001,1.0,16,-3.7659702917211417,-3.8694280321486474,12.383878095972959,43.75,23.0625,0.7205937060034439,0.27490229466933475
ZEC/BTC,5,0.001,1.5,16,-3.3710802058050984,-2.5874186608944196,12.452029031022137,43.75,22.75,0.7205937060034439,0.27490229466933475
ZEC/BTC,5,0.001,2.0,10,-6.708842034560608,-8.959179145868001,10.401367427444159,40.0,26.4,0.7205937060034439,0.27490229466933475
ZEC/BTC,5,0.001,2.5,9,-6.782012405712877,-9.0670170827858,12.611456214672707,33.33333333333333,26.0,0.7205937060034439,0.27490229466933475
ZEC/BTC,5,0.01,1.0,21,-1.7358609501643145,2.2966507177033413,7.0836327253453195,61.904761904761905,13.666666666666666,0.7205937060034439,0.27490229466933475
ZEC/BTC,5,0.01,1.5,16,-2.3058026235642406,0.5015582693606413,6.620895227675709,62.5,14.4375,0.7205937060034439,0.27490229466933475
ZEC/BTC,5,0.01,2.0,12,-2.7382577667084056,0.1268537977398787,8.29643381777123,50.0,15.916666666666666,0.7205937060034439,0.27490229466933475
ZEC/BTC,5,0.01,2.5,8,0.2074373312769815,-1.028732167972679,8.340920328815095,50.0,15.25,0.7205937060034439,0.27490229466933475
ZEC/BTC,6,0.0001,1.0,16,-1.216417789353616,4.99214897973131,17.517476341908353,56.25,25.625,0.4116677849595346,0.7382545363456257
ZEC/BTC,6,0.0001,1.5,14,3.126340921302957,4.767095378407793,15.52668625336768,57.14285714285714,26.071428571428573,0.4116677849595346,0.7382545363456257
ZEC/BTC,6,0.0001,2.0,12,3.1203206598755586,3.05317707411481,20.329306104012193,50.0,26.833333333333332,0.4116677849595346,0.7382545363456257
ZEC/BTC,6,0.0001,2.5,10,-0.4384037840043199,-11.536464379859796,19.71839266982603,30.0,27.5,0.4116677849595346,0.7382545363456257
ZEC/BTC,6,0.001,1.0,18,-0.33060570924026766,7.019716971527467,17.205587481160624,66.66666666666666,20.11111111111111,0.4116677849595346,0.7382545363456257
ZEC/BTC,6,0.001,1.5,15,-0.39699135109753114,9.826716385172185,20.185304984507844,60.0,21.133333333333333,0.4116677849595346,0.7382545363456257
ZEC/BTC,6,0.001,2.0,11,-0.12230651398968462,1.2975778546712613,20.519081272489107,54.54545454545454,24.636363636363637,0.4116677849595346,0.7382545363456257
ZEC/BTC,6,0.001,2.5,10,-1.1808599625264513,-2.4422003421140923,22.14414312649641,50.0,25.3,0.4116677849595346,0.7382545363456257
ZEC/BTC,6,0.01,1.0,21,-0.7080205234052876,0.4405286343612258,11.602207771111782,57.14285714285714,14.904761904761905,0.4116677849595346,0.7382545363456257
ZEC/BTC,6,0.01,1.5,17,-2.964828469842689,0.4405286343612258,9.551862851488655,58.82352941176471,16.176470588235293,0.4116677849595346,0.7382545363456257
ZEC/BTC,6,0.01,2.0,13,-1.5673002483883307,1.3140604467805517,14.075300794982242,61.53846153846154,15.23076923076923,0.4116677849595346,0.7382545363456257
ZEC/BTC,6,0.01,2.5,10,1.3037612195180608,9.676302131794978,17.63897934887563,70.0,13.7,0.4116677849595346,0.7382545363456257
ZEC/BTC,7,0.0001,1.0,15,5.09023237437634,12.950211864406768,20.369528344909828,73.33333333333333,24.0,0.09178926356570083,0.16043737884271586
ZEC/BTC,7,0.0001,1.5,14,11.115309873869817,17.852762051145397,21.975314003733786,78.57142857142857,23.714285714285715,0.09178926356570083,0.16043737884271586
ZEC/BTC,7,0.0001,2.0,12,9.121890214096373,19.10720449114085,24.352642794789848,75.0,23.666666666666668,0.09178926356570083,0.16043737884271586
ZEC/BTC,7,0.0001,2.5,8,15.017204200839714,22.260268593418687,21.536472974495407,75.0,20.0,0.09178926356570083,0.16043737884271586
ZEC/BTC,7,0.001,1.0,15,4.590245075599971,10.811738458898235,19.320480063572575,80.0,20.6,0.09178926356570083,0.16043737884271586
ZEC/BTC,7,0.001,1.5,12,6.550810823228386,15.085432522313797,20.13345334277933,83.33333333333334,21.0,0.09178926356570083,0.16043737884271586
ZEC/BTC,7,0.001,2.0,9,7.901303987456515,21.78757705073493,24.549618793338457,77.77777777777779,22.333333333333332,0.09178926356570083,0.16043737884271586
ZEC/BTC,7,0.001,2.5,6,9.222704286535583,25.073890854122116,32.04704596925877,83.33333333333334,23.166666666666668,0.09178926356570083,0.16043737884271586
ZEC/BTC,7,0.01,1.0,21,-0.5815085202834974,3.3718926901304513,14.511971685630426,61.904761904761905,14.666666666666666,0.09178926356570083,0.16043737884271586
ZEC/BTC,7,0.01,1.5,14,-0.4432874324735471,1.9831945688832842,11.573434628678152,64.28571428571429,16.785714285714285,0.09178926356570083,0.16043737884271586
ZEC/BTC,7,0.01,2.0,10,0.1619397748153654,4.700888175322704,16.210639762921815,70.0,15.6,0.09178926356570083,0.16043737884271586
ZEC/BTC,7,0.01,2.5,7,2.531247225269266,11.184004998437992,21.336595988632357,85.71428571428571,14.428571428571429,0.09178926356570083,0.16043737884271586
